date,nav,amfi_code,scheme_name,scheme_category,scheme_type,fund_house,daily_return_pct
2013-01-02,103.0059,119551,Aditya Birla Sun Life Banking & PSU Debt Fund  - DIRECT - IDCW,Debt Scheme - Banking and PSU Fund,Open Ended Schemes,Aditya Birla Sun Life Mutual Fund,
2013-01-03,103.0306,119551,Aditya Birla Sun Life Banking & PSU Debt Fund  - DIRECT - IDCW,Debt Scheme - Banking and PSU Fund,Open Ended Schemes,Aditya Birla Sun Life Mutual Fund,0.023979208957936038
2013-01-04,103.0619,119551,Aditya Birla Sun Life Banking & PSU Debt Fund  - DIRECT - IDCW,Debt Scheme - Banking and PSU Fund,Open Ended Schemes,Aditya Birla Sun Life Mutual Fund,0.03037932420075773
2013-01-07,103.1408,119551,Aditya Birla Sun Life Banking & PSU Debt Fund  - DIRECT - IDCW,Debt Scheme - Banking and PSU Fund,Open Ended Schemes,Aditya Birla Sun Life Mutual Fund,0.07655593386111104
2013-01-08,103.1663,119551,Aditya Birla Sun Life Banking & PSU Debt Fund  - DIRECT - IDCW,Debt Scheme - Banking and PSU Fund,Open Ended Schemes,Aditya Birla Sun Life Mutual Fund,0.02472348478972375
2013-01-09,103.1897,119551,Aditya Birla Sun Life Banking & PSU Debt Fund  - DIRECT - IDCW,Debt Scheme - Banking and PSU Fund,Open Ended Schemes,Aditya Birla Sun Life Mutual Fund,0.022681825363513042
2013-01-10,103.2132,119551,Aditya Birla Sun Life Banking & PSU Debt Fund  - DIRECT - IDCW,Debt Scheme - Banking and PSU Fund,Open Ended Schemes,Aditya Birla Sun Life Mutual Fund,0.022773590775049257
2013-01-11,103.2385,119551,Aditya Birla Sun Life Banking & PSU Debt Fund  - DIRECT - IDCW,Debt Scheme - Banking and PSU Fund,Open Ended Schemes,Aditya Birla Sun Life Mutual Fund,0.02451236857301531
2013-01-14,103.3225,119551,Aditya Birla Sun Life Banking & PSU Debt Fund  - DIRECT - IDCW,Debt Scheme - Banking and PSU Fund,Open Ended Schemes,Aditya Birla Sun Life Mutual Fund,0.08136499464832525
2013-01-15,102.9223,119551,Aditya Birla Sun Life Banking & PSU Debt Fund  - DIRECT - IDCW,Debt Scheme - Banking and PSU Fund,Open Ended Schemes,Aditya Birla Sun Life Mutual Fund,-0.38733092985554496
2013-01-16,102.9421,119551,Aditya Birla Sun Life Banking & PSU Debt Fund  - DIRECT - IDCW,Debt Scheme - Banking and PSU Fund,Open Ended Schemes,Aditya Birla Sun Life Mutual Fund,0.019237813379602287
2013-01-17,102.9691,119551,Aditya Birla Sun Life Banking & PSU Debt Fund  - DIRECT - IDCW,Debt Scheme - Banking and PSU Fund,Open Ended Schemes,Aditya Birla Sun Life Mutual Fund,0.026228336122935403
2013-01-18,102.9932,119551,Aditya Birla Sun Life Banking & PSU Debt Fund  - DIRECT - IDCW,Debt Scheme - Banking and PSU Fund,Open Ended Schemes,Aditya Birla Sun Life Mutual Fund,0.02340507977636186
2013-01-21,103.0662,119551,Aditya Birla Sun Life Banking & PSU Debt Fund  - DIRECT - IDCW,Debt Scheme - Banking and PSU Fund,Open Ended Schemes,Aditya Birla Sun Life Mutual Fund,0.07087846576279144
2013-01-22,103.0909,119551,Aditya Birla Sun Life Banking & PSU Debt Fund  - DIRECT - IDCW,Debt Scheme - Banking and PSU Fund,Open Ended Schemes,Aditya Birla Sun Life Mutual Fund,0.023965179661233904
2013-01-23,103.1145,119551,Aditya Birla Sun Life Banking & PSU Debt Fund  - DIRECT - IDCW,Debt Scheme - Banking and PSU Fund,Open Ended Schemes,Aditya Birla Sun Life Mutual Fund,0.022892418244491175
2013-01-24,103.1411,119551,Aditya Birla Sun Life Banking & PSU Debt Fund  - DIRECT - IDCW,Debt Scheme - Banking and PSU Fund,Open Ended Schemes,Aditya Birla Sun Life Mutual Fund,0.025796565953362105
2013-01-28,103.2351,119551,Aditya Birla Sun Life Banking & PSU Debt Fund  - DIRECT - IDCW,Debt Scheme - Banking and PSU Fund,Open Ended Schemes,Aditya Birla Sun Life Mutual Fund,0.09113728668785903
2013-01-29,102.9384,119551,Aditya Birla Sun Life Banking & PSU Debt Fund  - DIRECT - IDCW,Debt Scheme - Banking and PSU Fund,Open Ended Schemes,Aditya Birla Sun Life Mutual Fund,-0.2874022498161932
2013-01-30,102.959,119551,Aditya Birla Sun Life Banking & PSU Debt Fund  - DIRECT - IDCW,Debt Scheme - Banking and PSU Fund,Open Ended Schemes,Aditya Birla Sun Life Mutual Fund,0.02001196832279728
2013-01-31,102.9778,119551,Aditya Birla Sun Life Banking & PSU Debt Fund  - DIRECT - IDCW,Debt Scheme - Banking and PSU Fund,Open Ended Schemes,Aditya Birla Sun Life Mutual Fund,0.018259695606981374
2013-02-01,102.9976,119551,Aditya Birla Sun Life Banking & PSU Debt Fund  - DIRECT - IDCW,Debt Scheme - Banking and PSU Fund,Open Ended Schemes,Aditya Birla Sun Life Mutual Fund,0.019227445138669808
2013-02-04,103.0659,119551,Aditya Birla Sun Life Banking & PSU Debt Fund  - DIRECT - IDCW,Debt Scheme - Banking and PSU Fund,Open Ended Schemes,Aditya Birla Sun Life Mutual Fund,0.06631222475086407
2013-02-05,103.0886,119551,Aditya Birla Sun Life Banking & PSU Debt Fund  - DIRECT - IDCW,Debt Scheme - Banking and PSU Fund,Open Ended Schemes,Aditya Birla Sun Life Mutual Fund,0.022024743392323742
2013-02-06,103.1119,119551,Aditya Birla Sun Life Banking & PSU Debt Fund  - DIRECT - IDCW,Debt Scheme - Banking and PSU Fund,Open Ended Schemes,Aditya Birla Sun Life Mutual Fund,0.022601917185816056
2013-02-07,103.1356,119551,Aditya Birla Sun Life Banking & PSU Debt Fund  - DIRECT - IDCW,Debt Scheme - Banking and PSU Fund,Open Ended Schemes,Aditya Birla Sun Life Mutual Fund,0.022984737940046074
2013-02-08,103.1594,119551,Aditya Birla Sun Life Banking & PSU Debt Fund  - DIRECT - IDCW,Debt Scheme - Banking and PSU Fund,Open Ended Schemes,Aditya Birla Sun Life Mutual Fund,0.02307641590295617
2013-02-11,103.2303,119551,Aditya Birla Sun Life Banking & PSU Debt Fund  - DIRECT - IDCW,Debt Scheme - Banking and PSU Fund,Open Ended Schemes,Aditya Birla Sun Life Mutual Fund,0.06872858896038725
2013-02-12,103.2523,119551,Aditya Birla Sun Life Banking & PSU Debt Fund  - DIRECT - IDCW,Debt Scheme - Banking and PSU Fund,Open Ended Schemes,Aditya Birla Sun Life Mutual Fund,0.021311572280624524
2013-02-13,103.2745,119551,Aditya Birla Sun Life Banking & PSU Debt Fund  - DIRECT - IDCW,Debt Scheme - Banking and PSU Fund,Open Ended Schemes,Aditya Birla Sun Life Mutual Fund,0.021500731702817077
2013-02-14,103.2937,119551,Aditya Birla Sun Life Banking & PSU Debt Fund  - DIRECT - IDCW,Debt Scheme - Banking and PSU Fund,Open Ended Schemes,Aditya Birla Sun Life Mutual Fund,0.018591230168141237
2013-02-15,102.9522,119551,Aditya Birla Sun Life Banking & PSU Debt Fund  - DIRECT - IDCW,Debt Scheme - Banking and PSU Fund,Open Ended Schemes,Aditya Birla Sun Life Mutual Fund,-0.3306106761593375
2013-02-18,103.0229,119551,Aditya Birla Sun Life Banking & PSU Debt Fund  - DIRECT - IDCW,Debt Scheme - Banking and PSU Fund,Open Ended Schemes,Aditya Birla Sun Life Mutual Fund,0.06867264614063284
2013-02-20,103.0725,119551,Aditya Birla Sun Life Banking & PSU Debt Fund  - DIRECT - IDCW,Debt Scheme - Banking and PSU Fund,Open Ended Schemes,Aditya Birla Sun Life Mutual Fund,0.04814463580427031
2013-02-21,103.0965,119551,Aditya Birla Sun Life Banking & PSU Debt Fund  - DIRECT - IDCW,Debt Scheme - Banking and PSU Fund,Open Ended Schemes,Aditya Birla Sun Life Mutual Fund,0.02328458124136734
2013-02-22,103.1226,119551,Aditya Birla Sun Life Banking & PSU Debt Fund  - DIRECT - IDCW,Debt Scheme - Banking and PSU Fund,Open Ended Schemes,Aditya Birla Sun Life Mutual Fund,0.025316087355053973
2013-02-25,103.1919,119551,Aditya Birla Sun Life Banking & PSU Debt Fund  - DIRECT - IDCW,Debt Scheme - Banking and PSU Fund,Open Ended Schemes,Aditya Birla Sun Life Mutual Fund,0.06720156396367027
2013-02-26,103.2097,119551,Aditya Birla Sun Life Banking & PSU Debt Fund  - DIRECT - IDCW,Debt Scheme - Banking and PSU Fund,Open Ended Schemes,Aditya Birla Sun Life Mutual Fund,0.017249415894071696
2013-02-27,103.2322,119551,Aditya Birla Sun Life Banking & PSU Debt Fund  - DIRECT - IDCW,Debt Scheme - Banking and PSU Fund,Open Ended Schemes,Aditya Birla Sun Life Mutual Fund,0.021800276524408524
2013-02-28,103.254,119551,Aditya Birla Sun Life Banking & PSU Debt Fund  - DIRECT - IDCW,Debt Scheme - Banking and PSU Fund,Open Ended Schemes,Aditya Birla Sun Life Mutual Fund,0.02111744203843191
2013-03-01,102.9714,119551,Aditya Birla Sun Life Banking & PSU Debt Fund  - DIRECT - IDCW,Debt Scheme - Banking and PSU Fund,Open Ended Schemes,Aditya Birla Sun Life Mutual Fund,-0.27369399732698474
2013-03-04,103.0478,119551,Aditya Birla Sun Life Banking & PSU Debt Fund  - DIRECT - IDCW,Debt Scheme - Banking and PSU Fund,Open Ended Schemes,Aditya Birla Sun Life Mutual Fund,0.07419535909969355
2013-03-05,103.0786,119551,Aditya Birla Sun Life Banking & PSU Debt Fund  - DIRECT - IDCW,Debt Scheme - Banking and PSU Fund,Open Ended Schemes,Aditya Birla Sun Life Mutual Fund,0.029889041784492143
2013-03-06,103.1012,119551,Aditya Birla Sun Life Banking & PSU Debt Fund  - DIRECT - IDCW,Debt Scheme - Banking and PSU Fund,Open Ended Schemes,Aditya Birla Sun Life Mutual Fund,0.021925016443780088
2013-03-07,103.129,119551,Aditya Birla Sun Life Banking & PSU Debt Fund  - DIRECT - IDCW,Debt Scheme - Banking and PSU Fund,Open Ended Schemes,Aditya Birla Sun Life Mutual Fund,0.026963798675483375
2013-03-08,103.1462,119551,Aditya Birla Sun Life Banking & PSU Debt Fund  - DIRECT - IDCW,Debt Scheme - Banking and PSU Fund,Open Ended Schemes,Aditya Birla Sun Life Mutual Fund,0.01667814096906195
2013-03-11,103.2199,119551,Aditya Birla Sun Life Banking & PSU Debt Fund  - DIRECT - IDCW,Debt Scheme - Banking and PSU Fund,Open Ended Schemes,Aditya Birla Sun Life Mutual Fund,0.07145197787219448
2013-03-12,103.251,119551,Aditya Birla Sun Life Banking & PSU Debt Fund  - DIRECT - IDCW,Debt Scheme - Banking and PSU Fund,Open Ended Schemes,Aditya Birla Sun Life Mutual Fund,0.030129848992310748
2013-03-13,103.2884,119551,Aditya Birla Sun Life Banking & PSU Debt Fund  - DIRECT - IDCW,Debt Scheme - Banking and PSU Fund,Open Ended Schemes,Aditya Birla Sun Life Mutual Fund,0.036222409468189554
2013-03-14,103.34,119551,Aditya Birla Sun Life Banking & PSU Debt Fund  - DIRECT - IDCW,Debt Scheme - Banking and PSU Fund,Open Ended Schemes,Aditya Birla Sun Life Mutual Fund,0.04995720719849217
2013-03-15,102.9975,119551,Aditya Birla Sun Life Banking & PSU Debt Fund  - DIRECT - IDCW,Debt Scheme - Banking and PSU Fund,Open Ended Schemes,Aditya Birla Sun Life Mutual Fund,-0.33143023030772767
2013-03-18,103.0355,119551,Aditya Birla Sun Life Banking & PSU Debt Fund  - DIRECT - IDCW,Debt Scheme - Banking and PSU Fund,Open Ended Schemes,Aditya Birla Sun Life Mutual Fund,0.03689409937133181
2013-03-19,103.0632,119551,Aditya Birla Sun Life Banking & PSU Debt Fund  - DIRECT - IDCW,Debt Scheme - Banking and PSU Fund,Open Ended Schemes,Aditya Birla Sun Life Mutual Fund,0.026883938060184853
2013-03-20,103.1016,119551,Aditya Birla Sun Life Banking & PSU Debt Fund  - DIRECT - IDCW,Debt Scheme - Banking and PSU Fund,Open Ended Schemes,Aditya Birla Sun Life Mutual Fund,0.03725869175419394
2013-03-21,103.157,119551,Aditya Birla Sun Life Banking & PSU Debt Fund  - DIRECT - IDCW,Debt Scheme - Banking and PSU Fund,Open Ended Schemes,Aditya Birla Sun Life Mutual Fund,0.05373340471921395
2013-03-22,103.1891,119551,Aditya Birla Sun Life Banking & PSU Debt Fund  - DIRECT - IDCW,Debt Scheme - Banking and PSU Fund,Open Ended Schemes,Aditya Birla Sun Life Mutual Fund,0.031117616836473516
2013-03-25,103.2114,119551,Aditya Birla Sun Life Banking & PSU Debt Fund  - DIRECT - IDCW,Debt Scheme - Banking and PSU Fund,Open Ended Schemes,Aditya Birla Sun Life Mutual Fund,0.02161080966884832
2013-03-26,103.2285,119551,Aditya Birla Sun Life Banking & PSU Debt Fund  - DIRECT - IDCW,Debt Scheme - Banking and PSU Fund,Open Ended Schemes,Aditya Birla Sun Life Mutual Fund,0.016567937262745858
2013-03-28,103.2633,119551,Aditya Birla Sun Life Banking & PSU Debt Fund  - DIRECT - IDCW,Debt Scheme - Banking and PSU Fund,Open Ended Schemes,Aditya Birla Sun Life Mutual Fund,0.0337116203374066
2013-04-02,103.2626,119551,Aditya Birla Sun Life Banking & PSU Debt Fund  - DIRECT - IDCW,Debt Scheme - Banking and PSU Fund,Open Ended Schemes,Aditya Birla Sun Life Mutual Fund,-0.0006778787817074416
2013-04-03,103.3274,119551,Aditya Birla Sun Life Banking & PSU Debt Fund  - DIRECT - IDCW,Debt Scheme - Banking and PSU Fund,Open Ended Schemes,Aditya Birla Sun Life Mutual Fund,0.06275263260850927
2013-04-04,103.4096,119551,Aditya Birla Sun Life Banking & PSU Debt Fund  - DIRECT - IDCW,Debt Scheme - Banking and PSU Fund,Open Ended Schemes,Aditya Birla Sun Life Mutual Fund,0.07955295497612536
2013-04-05,103.4164,119551,Aditya Birla Sun Life Banking & PSU Debt Fund  - DIRECT - IDCW,Debt Scheme - Banking and PSU Fund,Open Ended Schemes,Aditya Birla Sun Life Mutual Fund,0.006575791802698738
2013-04-08,103.462,119551,Aditya Birla Sun Life Banking & PSU Debt Fund  - DIRECT - IDCW,Debt Scheme - Banking and PSU Fund,Open Ended Schemes,Aditya Birla Sun Life Mutual Fund,0.04409358670385277
2013-04-09,103.4716,119551,Aditya Birla Sun Life Banking & PSU Debt Fund  - DIRECT - IDCW,Debt Scheme - Banking and PSU Fund,Open Ended Schemes,Aditya Birla Sun Life Mutual Fund,0.009278769016640709
2013-04-10,103.4653,119551,Aditya Birla Sun Life Banking & PSU Debt Fund  - DIRECT - IDCW,Debt Scheme - Banking and PSU Fund,Open Ended Schemes,Aditya Birla Sun Life Mutual Fund,-0.006088627217515352
2013-04-12,103.5704,119551,Aditya Birla Sun Life Banking & PSU Debt Fund  - DIRECT - IDCW,Debt Scheme - Banking and PSU Fund,Open Ended Schemes,Aditya Birla Sun Life Mutual Fund,0.10157994999291375
2013-04-15,103.6711,119551,Aditya Birla Sun Life Banking & PSU Debt Fund  - DIRECT - IDCW,Debt Scheme - Banking and PSU Fund,Open Ended Schemes,Aditya Birla Sun Life Mutual Fund,0.09722855178697642
2013-04-16,103.0719,119551,Aditya Birla Sun Life Banking & PSU Debt Fund  - DIRECT - IDCW,Debt Scheme - Banking and PSU Fund,Open Ended Schemes,Aditya Birla Sun Life Mutual Fund,-0.5779817133222287
2013-04-17,103.0866,119551,Aditya Birla Sun Life Banking & PSU Debt Fund  - DIRECT - IDCW,Debt Scheme - Banking and PSU Fund,Open Ended Schemes,Aditya Birla Sun Life Mutual Fund,0.014261889030864339
2013-04-18,103.1589,119551,Aditya Birla Sun Life Banking & PSU Debt Fund  - DIRECT - IDCW,Debt Scheme - Banking and PSU Fund,Open Ended Schemes,Aditya Birla Sun Life Mutual Fund,0.0701352067096872
2013-04-22,103.216,119551,Aditya Birla Sun Life Banking & PSU Debt Fund  - DIRECT - IDCW,Debt Scheme - Banking and PSU Fund,Open Ended Schemes,Aditya Birla Sun Life Mutual Fund,0.05535150142157441
2013-04-23,103.2481,119551,Aditya Birla Sun Life Banking & PSU Debt Fund  - DIRECT - IDCW,Debt Scheme - Banking and PSU Fund,Open Ended Schemes,Aditya Birla Sun Life Mutual Fund,0.03109982948379386
2013-04-25,103.2947,119551,Aditya Birla Sun Life Banking & PSU Debt Fund  - DIRECT - IDCW,Debt Scheme - Banking and PSU Fund,Open Ended Schemes,Aditya Birla Sun Life Mutual Fund,0.045134002465907486
2013-04-26,103.3139,119551,Aditya Birla Sun Life Banking & PSU Debt Fund  - DIRECT - IDCW,Debt Scheme - Banking and PSU Fund,Open Ended Schemes,Aditya Birla Sun Life Mutual Fund,0.018587594523244988
2013-04-29,103.3845,119551,Aditya Birla Sun Life Banking & PSU Debt Fund  - DIRECT - IDCW,Debt Scheme - Banking and PSU Fund,Open Ended Schemes,Aditya Birla Sun Life Mutual Fund,0.06833543211512971
2013-04-30,103.0655,119551,Aditya Birla Sun Life Banking & PSU Debt Fund  - DIRECT - IDCW,Debt Scheme - Banking and PSU Fund,Open Ended Schemes,Aditya Birla Sun Life Mutual Fund,-0.30855689199058567
2013-05-02,103.2057,119551,Aditya Birla Sun Life Banking & PSU Debt Fund  - DIRECT - IDCW,Debt Scheme - Banking and PSU Fund,Open Ended Schemes,Aditya Birla Sun Life Mutual Fund,0.13603000033959312
2013-05-03,103.2082,119551,Aditya Birla Sun Life Banking & PSU Debt Fund  - DIRECT - IDCW,Debt Scheme - Banking and PSU Fund,Open Ended Schemes,Aditya Birla Sun Life Mutual Fund,0.0024223468277462246
2013-05-06,103.2821,119551,Aditya Birla Sun Life Banking & PSU Debt Fund  - DIRECT - IDCW,Debt Scheme - Banking and PSU Fund,Open Ended Schemes,Aditya Birla Sun Life Mutual Fund,0.07160283775899945
2013-05-07,103.3087,119551,Aditya Birla Sun Life Banking & PSU Debt Fund  - DIRECT - IDCW,Debt Scheme - Banking and PSU Fund,Open Ended Schemes,Aditya Birla Sun Life Mutual Fund,0.025754704832681163
2013-05-08,103.3404,119551,Aditya Birla Sun Life Banking & PSU Debt Fund  - DIRECT - IDCW,Debt Scheme - Banking and PSU Fund,Open Ended Schemes,Aditya Birla Sun Life Mutual Fund,0.030684734199537544
2013-05-09,103.3949,119551,Aditya Birla Sun Life Banking & PSU Debt Fund  - DIRECT - IDCW,Debt Scheme - Banking and PSU Fund,Open Ended Schemes,Aditya Birla Sun Life Mutual Fund,0.05273832886267815
2013-05-10,103.4157,119551,Aditya Birla Sun Life Banking & PSU Debt Fund  - DIRECT - IDCW,Debt Scheme - Banking and PSU Fund,Open Ended Schemes,Aditya Birla Sun Life Mutual Fund,0.020117046392020832
2013-05-13,103.4824,119551,Aditya Birla Sun Life Banking & PSU Debt Fund  - DIRECT - IDCW,Debt Scheme - Banking and PSU Fund,Open Ended Schemes,Aditya Birla Sun Life Mutual Fund,0.06449697676464972
2013-05-14,103.5159,119551,Aditya Birla Sun Life Banking & PSU Debt Fund  - DIRECT - IDCW,Debt Scheme - Banking and PSU Fund,Open Ended Schemes,Aditya Birla Sun Life Mutual Fund,0.032372654673640255
2013-05-15,103.113,119551,Aditya Birla Sun Life Banking & PSU Debt Fund  - DIRECT - IDCW,Debt Scheme - Banking and PSU Fund,Open Ended Schemes,Aditya Birla Sun Life Mutual Fund,-0.389215569782031
2013-05-16,103.141,119551,Aditya Birla Sun Life Banking & PSU Debt Fund  - DIRECT - IDCW,Debt Scheme - Banking and PSU Fund,Open Ended Schemes,Aditya Birla Sun Life Mutual Fund,0.027154674968254966
2013-05-17,103.1745,119551,Aditya Birla Sun Life Banking & PSU Debt Fund  - DIRECT - IDCW,Debt Scheme - Banking and PSU Fund,Open Ended Schemes,Aditya Birla Sun Life Mutual Fund,0.03247980919323101
2013-05-20,103.2356,119551,Aditya Birla Sun Life Banking & PSU Debt Fund  - DIRECT - IDCW,Debt Scheme - Banking and PSU Fund,Open Ended Schemes,Aditya Birla Sun Life Mutual Fund,0.05922005922007756
2013-05-21,103.2444,119551,Aditya Birla Sun Life Banking & PSU Debt Fund  - DIRECT - IDCW,Debt Scheme - Banking and PSU Fund,Open Ended Schemes,Aditya Birla Sun Life Mutual Fund,0.008524191267356152
2013-05-22,103.2698,119551,Aditya Birla Sun Life Banking & PSU Debt Fund  - DIRECT - IDCW,Debt Scheme - Banking and PSU Fund,Open Ended Schemes,Aditya Birla Sun Life Mutual Fund,0.02460181859742505
2013-05-23,103.2705,119551,Aditya Birla Sun Life Banking & PSU Debt Fund  - DIRECT - IDCW,Debt Scheme - Banking and PSU Fund,Open Ended Schemes,Aditya Birla Sun Life Mutual Fund,0.0006778361147263823
2013-05-24,103.2834,119551,Aditya Birla Sun Life Banking & PSU Debt Fund  - DIRECT - IDCW,Debt Scheme - Banking and PSU Fund,Open Ended Schemes,Aditya Birla Sun Life Mutual Fund,0.012491466585329292
2013-05-27,103.349,119551,Aditya Birla Sun Life Banking & PSU Debt Fund  - DIRECT - IDCW,Debt Scheme - Banking and PSU Fund,Open Ended Schemes,Aditya Birla Sun Life Mutual Fund,0.0635145628435918
2013-05-28,103.3617,119551,Aditya Birla Sun Life Banking & PSU Debt Fund  - DIRECT - IDCW,Debt Scheme - Banking and PSU Fund,Open Ended Schemes,Aditya Birla Sun Life Mutual Fund,0.012288459491616166
2013-05-29,103.0877,119551,Aditya Birla Sun Life Banking & PSU Debt Fund  - DIRECT - IDCW,Debt Scheme - Banking and PSU Fund,Open Ended Schemes,Aditya Birla Sun Life Mutual Fund,-0.26508851924842425
2013-05-30,103.1152,119551,Aditya Birla Sun Life Banking & PSU Debt Fund  - DIRECT - IDCW,Debt Scheme - Banking and PSU Fund,Open Ended Schemes,Aditya Birla Sun Life Mutual Fund,0.026676315409113194
2013-05-31,103.1296,119551,Aditya Birla Sun Life Banking & PSU Debt Fund  - DIRECT - IDCW,Debt Scheme - Banking and PSU Fund,Open Ended Schemes,Aditya Birla Sun Life Mutual Fund,0.013964963458334978
2013-06-03,103.1984,119551,Aditya Birla Sun Life Banking & PSU Debt Fund  - DIRECT - IDCW,Debt Scheme - Banking and PSU Fund,Open Ended Schemes,Aditya Birla Sun Life Mutual Fund,0.0667121757478073
2013-06-04,103.225,119551,Aditya Birla Sun Life Banking & PSU Debt Fund  - DIRECT - IDCW,Debt Scheme - Banking and PSU Fund,Open Ended Schemes,Aditya Birla Sun Life Mutual Fund,0.02577559342005209
2013-06-05,103.2598,119551,Aditya Birla Sun Life Banking & PSU Debt Fund  - DIRECT - IDCW,Debt Scheme - Banking and PSU Fund,Open Ended Schemes,Aditya Birla Sun Life Mutual Fund,0.033712763380977506
2013-06-06,103.2957,119551,Aditya Birla Sun Life Banking & PSU Debt Fund  - DIRECT - IDCW,Debt Scheme - Banking and PSU Fund,Open Ended Schemes,Aditya Birla Sun Life Mutual Fund,0.03476667589903393
2013-06-07,103.3194,119551,Aditya Birla Sun Life Banking & PSU Debt Fund  - DIRECT - IDCW,Debt Scheme - Banking and PSU Fund,Open Ended Schemes,Aditya Birla Sun Life Mutual Fund,0.022943839869427052
2013-06-10,103.3704,119551,Aditya Birla Sun Life Banking & PSU Debt Fund  - DIRECT - IDCW,Debt Scheme - Banking and PSU Fund,Open Ended Schemes,Aditya Birla Sun Life Mutual Fund,0.04936149454990435
2013-06-11,103.3832,119551,Aditya Birla Sun Life Banking & PSU Debt Fund  - DIRECT - IDCW,Debt Scheme - Banking and PSU Fund,Open Ended Schemes,Aditya Birla Sun Life Mutual Fund,0.012382654996012654
2013-06-12,103.3913,119551,Aditya Birla Sun Life Banking & PSU Debt Fund  - DIRECT - IDCW,Debt Scheme - Banking and PSU Fund,Open Ended Schemes,Aditya Birla Sun Life Mutual Fund,0.00783492869247393
2013-06-13,103.4056,119551,Aditya Birla Sun Life Banking & PSU Debt Fund  - DIRECT - IDCW,Debt Scheme - Banking and PSU Fund,Open Ended Schemes,Aditya Birla Sun Life Mutual Fund,0.013830950960103117
2013-06-14,103.4267,119551,Aditya Birla Sun Life Banking & PSU Debt Fund  - DIRECT - IDCW,Debt Scheme - Banking and PSU Fund,Open Ended Schemes,Aditya Birla Sun Life Mutual Fund,0.02040508444416389
2013-06-17,103.154,119551,Aditya Birla Sun Life Banking & PSU Debt Fund  - DIRECT - IDCW,Debt Scheme - Banking and PSU Fund,Open Ended Schemes,Aditya Birla Sun Life Mutual Fund,-0.2636649917284406
2013-06-18,103.221,119551,Aditya Birla Sun Life Banking & PSU Debt Fund  - DIRECT - IDCW,Debt Scheme - Banking and PSU Fund,Open Ended Schemes,Aditya Birla Sun Life Mutual Fund,0.06495143183977703
2013-06-19,103.2602,119551,Aditya Birla Sun Life Banking & PSU Debt Fund  - DIRECT - IDCW,Debt Scheme - Banking and PSU Fund,Open Ended Schemes,Aditya Birla Sun Life Mutual Fund,0.03797676829326857
2013-06-20,103.2642,119551,Aditya Birla Sun Life Banking & PSU Debt Fund  - DIRECT - IDCW,Debt Scheme - Banking and PSU Fund,Open Ended Schemes,Aditya Birla Sun Life Mutual Fund,0.003873709328483521
2013-06-21,103.2992,119551,Aditya Birla Sun Life Banking & PSU Debt Fund  - DIRECT - IDCW,Debt Scheme - Banking and PSU Fund,Open Ended Schemes,Aditya Birla Sun Life Mutual Fund,0.03389364368289183
2013-06-24,103.3469,119551,Aditya Birla Sun Life Banking & PSU Debt Fund  - DIRECT - IDCW,Debt Scheme - Banking and PSU Fund,Open Ended Schemes,Aditya Birla Sun Life Mutual Fund,0.04617654347758293
2013-06-25,103.3595,119551,Aditya Birla Sun Life Banking & PSU Debt Fund  - DIRECT - IDCW,Debt Scheme - Banking and PSU Fund,Open Ended Schemes,Aditya Birla Sun Life Mutual Fund,0.012191947702344663
2013-06-26,103.3772,119551,Aditya Birla Sun Life Banking & PSU Debt Fund  - DIRECT - IDCW,Debt Scheme - Banking and PSU Fund,Open Ended Schemes,Aditya Birla Sun Life Mutual Fund,0.017124695843162563
2013-06-27,103.3957,119551,Aditya Birla Sun Life Banking & PSU Debt Fund  - DIRECT - IDCW,Debt Scheme - Banking and PSU Fund,Open Ended Schemes,Aditya Birla Sun Life Mutual Fund,0.017895628823372256
2013-06-28,103.4072,119551,Aditya Birla Sun Life Banking & PSU Debt Fund  - DIRECT - IDCW,Debt Scheme - Banking and PSU Fund,Open Ended Schemes,Aditya Birla Sun Life Mutual Fund,0.011122319400125313
2013-07-02,103.2075,119551,Aditya Birla Sun Life Banking & PSU Debt Fund  - DIRECT - IDCW,Debt Scheme - Banking and PSU Fund,Open Ended Schemes,Aditya Birla Sun Life Mutual Fund,-0.19312001485390917
2013-07-03,103.2267,119551,Aditya Birla Sun Life Banking & PSU Debt Fund  - DIRECT - IDCW,Debt Scheme - Banking and PSU Fund,Open Ended Schemes,Aditya Birla Sun Life Mutual Fund,0.01860329917884318
2013-07-04,103.265,119551,Aditya Birla Sun Life Banking & PSU Debt Fund  - DIRECT - IDCW,Debt Scheme - Banking and PSU Fund,Open Ended Schemes,Aditya Birla Sun Life Mutual Fund,0.0371028038288701
2013-07-05,103.2854,119551,Aditya Birla Sun Life Banking & PSU Debt Fund  - DIRECT - IDCW,Debt Scheme - Banking and PSU Fund,Open Ended Schemes,Aditya Birla Sun Life Mutual Fund,0.01975499927371338
2013-07-08,103.3431,119551,Aditya Birla Sun Life Banking & PSU Debt Fund  - DIRECT - IDCW,Debt Scheme - Banking and PSU Fund,Open Ended Schemes,Aditya Birla Sun Life Mutual Fund,0.055864623654477974
2013-07-09,103.368,119551,Aditya Birla Sun Life Banking & PSU Debt Fund  - DIRECT - IDCW,Debt Scheme - Banking and PSU Fund,Open Ended Schemes,Aditya Birla Sun Life Mutual Fund,0.024094496874971227
2013-07-10,103.3886,119551,Aditya Birla Sun Life Banking & PSU Debt Fund  - DIRECT - IDCW,Debt Scheme - Banking and PSU Fund,Open Ended Schemes,Aditya Birla Sun Life Mutual Fund,0.0199287980806373
2013-07-11,103.4083,119551,Aditya Birla Sun Life Banking & PSU Debt Fund  - DIRECT - IDCW,Debt Scheme - Banking and PSU Fund,Open Ended Schemes,Aditya Birla Sun Life Mutual Fund,0.01905432513835681
2013-07-12,103.4314,119551,Aditya Birla Sun Life Banking & PSU Debt Fund  - DIRECT - IDCW,Debt Scheme - Banking and PSU Fund,Open Ended Schemes,Aditya Birla Sun Life Mutual Fund,0.02233863239218259
2013-07-15,103.4995,119551,Aditya Birla Sun Life Banking & PSU Debt Fund  - DIRECT - IDCW,Debt Scheme - Banking and PSU Fund,Open Ended Schemes,Aditya Birla Sun Life Mutual Fund,0.06584074081952274
2013-07-16,102.6046,119551,Aditya Birla Sun Life Banking & PSU Debt Fund  - DIRECT - IDCW,Debt Scheme - Banking and PSU Fund,Open Ended Schemes,Aditya Birla Sun Life Mutual Fund,-0.8646418581732207
2013-07-17,102.7023,119551,Aditya Birla Sun Life Banking & PSU Debt Fund  - DIRECT - IDCW,Debt Scheme - Banking and PSU Fund,Open Ended Schemes,Aditya Birla Sun Life Mutual Fund,0.09521990242151723
2013-07-18,102.8496,119551,Aditya Birla Sun Life Banking & PSU Debt Fund  - DIRECT - IDCW,Debt Scheme - Banking and PSU Fund,Open Ended Schemes,Aditya Birla Sun Life Mutual Fund,0.14342424658455588
2013-07-19,102.8672,119551,Aditya Birla Sun Life Banking & PSU Debt Fund  - DIRECT - IDCW,Debt Scheme - Banking and PSU Fund,Open Ended Schemes,Aditya Birla Sun Life Mutual Fund,0.017112366017957292
2013-07-22,102.9274,119551,Aditya Birla Sun Life Banking & PSU Debt Fund  - DIRECT - IDCW,Debt Scheme - Banking and PSU Fund,Open Ended Schemes,Aditya Birla Sun Life Mutual Fund,0.05852205562124624
2013-07-23,102.8344,119551,Aditya Birla Sun Life Banking & PSU Debt Fund  - DIRECT - IDCW,Debt Scheme - Banking and PSU Fund,Open Ended Schemes,Aditya Birla Sun Life Mutual Fund,-0.09035494921663112
2013-07-24,102.6244,119551,Aditya Birla Sun Life Banking & PSU Debt Fund  - DIRECT - IDCW,Debt Scheme - Banking and PSU Fund,Open Ended Schemes,Aditya Birla Sun Life Mutual Fund,-0.2042118201691312
2013-07-25,102.6991,119551,Aditya Birla Sun Life Banking & PSU Debt Fund  - DIRECT - IDCW,Debt Scheme - Banking and PSU Fund,Open Ended Schemes,Aditya Birla Sun Life Mutual Fund,0.07278970693129772
2013-07-26,102.7573,119551,Aditya Birla Sun Life Banking & PSU Debt Fund  - DIRECT - IDCW,Debt Scheme - Banking and PSU Fund,Open Ended Schemes,Aditya Birla Sun Life Mutual Fund,0.05667040899093312
2013-07-29,102.8554,119551,Aditya Birla Sun Life Banking & PSU Debt Fund  - DIRECT - IDCW,Debt Scheme - Banking and PSU Fund,Open Ended Schemes,Aditya Birla Sun Life Mutual Fund,0.09546766993684397
2013-07-30,102.8875,119551,Aditya Birla Sun Life Banking & PSU Debt Fund  - DIRECT - IDCW,Debt Scheme - Banking and PSU Fund,Open Ended Schemes,Aditya Birla Sun Life Mutual Fund,0.031208862150156058
2013-07-31,102.9055,119551,Aditya Birla Sun Life Banking & PSU Debt Fund  - DIRECT - IDCW,Debt Scheme - Banking and PSU Fund,Open Ended Schemes,Aditya Birla Sun Life Mutual Fund,0.017494836593368035
2013-08-01,102.9596,119551,Aditya Birla Sun Life Banking & PSU Debt Fund  - DIRECT - IDCW,Debt Scheme - Banking and PSU Fund,Open Ended Schemes,Aditya Birla Sun Life Mutual Fund,0.05257250584274065
2013-08-02,103.0101,119551,Aditya Birla Sun Life Banking & PSU Debt Fund  - DIRECT - IDCW,Debt Scheme - Banking and PSU Fund,Open Ended Schemes,Aditya Birla Sun Life Mutual Fund,0.04904836460126738
2013-08-05,103.1389,119551,Aditya Birla Sun Life Banking & PSU Debt Fund  - DIRECT - IDCW,Debt Scheme - Banking and PSU Fund,Open Ended Schemes,Aditya Birla Sun Life Mutual Fund,0.12503628284994406
2013-08-06,103.1471,119551,Aditya Birla Sun Life Banking & PSU Debt Fund  - DIRECT - IDCW,Debt Scheme - Banking and PSU Fund,Open Ended Schemes,Aditya Birla Sun Life Mutual Fund,0.00795044352808194
2013-08-07,103.1785,119551,Aditya Birla Sun Life Banking & PSU Debt Fund  - DIRECT - IDCW,Debt Scheme - Banking and PSU Fund,Open Ended Schemes,Aditya Birla Sun Life Mutual Fund,0.030441961043981003
2013-08-08,103.2116,119551,Aditya Birla Sun Life Banking & PSU Debt Fund  - DIRECT - IDCW,Debt Scheme - Banking and PSU Fund,Open Ended Schemes,Aditya Birla Sun Life Mutual Fund,0.03208032681227824
2013-08-12,103.2958,119551,Aditya Birla Sun Life Banking & PSU Debt Fund  - DIRECT - IDCW,Debt Scheme - Banking and PSU Fund,Open Ended Schemes,Aditya Birla Sun Life Mutual Fund,0.08157997744440149
2013-08-13,103.3152,119551,Aditya Birla Sun Life Banking & PSU Debt Fund  - DIRECT - IDCW,Debt Scheme - Banking and PSU Fund,Open Ended Schemes,Aditya Birla Sun Life Mutual Fund,0.018781015297819614
2013-08-14,103.364,119551,Aditya Birla Sun Life Banking & PSU Debt Fund  - DIRECT - IDCW,Debt Scheme - Banking and PSU Fund,Open Ended Schemes,Aditya Birla Sun Life Mutual Fund,0.0472340952734962
2013-08-16,103.1558,119551,Aditya Birla Sun Life Banking & PSU Debt Fund  - DIRECT - IDCW,Debt Scheme - Banking and PSU Fund,Open Ended Schemes,Aditya Birla Sun Life Mutual Fund,-0.2014240934948397
2013-08-19,103.207,119551,Aditya Birla Sun Life Banking & PSU Debt Fund  - DIRECT - IDCW,Debt Scheme - Banking and PSU Fund,Open Ended Schemes,Aditya Birla Sun Life Mutual Fund,0.049633660928405376
2013-08-20,103.2086,119551,Aditya Birla Sun Life Banking & PSU Debt Fund  - DIRECT - IDCW,Debt Scheme - Banking and PSU Fund,Open Ended Schemes,Aditya Birla Sun Life Mutual Fund,0.001550282442086548
2013-08-21,103.3135,119551,Aditya Birla Sun Life Banking & PSU Debt Fund  - DIRECT - IDCW,Debt Scheme - Banking and PSU Fund,Open Ended Schemes,Aditya Birla Sun Life Mutual Fund,0.10163881692029086
2013-08-22,103.3345,119551,Aditya Birla Sun Life Banking & PSU Debt Fund  - DIRECT - IDCW,Debt Scheme - Banking and PSU Fund,Open Ended Schemes,Aditya Birla Sun Life Mutual Fund,0.020326482018329095
2013-08-23,103.3768,119551,Aditya Birla Sun Life Banking & PSU Debt Fund  - DIRECT - IDCW,Debt Scheme - Banking and PSU Fund,Open Ended Schemes,Aditya Birla Sun Life Mutual Fund,0.04093502170137153
2013-08-26,103.4776,119551,Aditya Birla Sun Life Banking & PSU Debt Fund  - DIRECT - IDCW,Debt Scheme - Banking and PSU Fund,Open Ended Schemes,Aditya Birla Sun Life Mutual Fund,0.09750737109293084
2013-08-27,103.4881,119551,Aditya Birla Sun Life Banking & PSU Debt Fund  - DIRECT - IDCW,Debt Scheme - Banking and PSU Fund,Open Ended Schemes,Aditya Birla Sun Life Mutual Fund,0.01014712362870096
2013-08-28,103.4713,119551,Aditya Birla Sun Life Banking & PSU Debt Fund  - DIRECT - IDCW,Debt Scheme - Banking and PSU Fund,Open Ended Schemes,Aditya Birla Sun Life Mutual Fund,-0.01623375054716769
2013-08-29,103.1588,119551,Aditya Birla Sun Life Banking & PSU Debt Fund  - DIRECT - IDCW,Debt Scheme - Banking and PSU Fund,Open Ended Schemes,Aditya Birla Sun Life Mutual Fund,-0.3020161146134237
2013-08-30,103.214,119551,Aditya Birla Sun Life Banking & PSU Debt Fund  - DIRECT - IDCW,Debt Scheme - Banking and PSU Fund,Open Ended Schemes,Aditya Birla Sun Life Mutual Fund,0.05350973450641838
2013-09-02,103.3253,119551,Aditya Birla Sun Life Banking & PSU Debt Fund  - DIRECT - IDCW,Debt Scheme - Banking and PSU Fund,Open Ended Schemes,Aditya Birla Sun Life Mutual Fund,0.10783420853759385
2013-09-03,103.3815,119551,Aditya Birla Sun Life Banking & PSU Debt Fund  - DIRECT - IDCW,Debt Scheme - Banking and PSU Fund,Open Ended Schemes,Aditya Birla Sun Life Mutual Fund,0.05439132526110502
2013-09-04,103.4408,119551,Aditya Birla Sun Life Banking & PSU Debt Fund  - DIRECT - IDCW,Debt Scheme - Banking and PSU Fund,Open Ended Schemes,Aditya Birla Sun Life Mutual Fund,0.057360359445346454
2013-09-05,103.5445,119551,Aditya Birla Sun Life Banking & PSU Debt Fund  - DIRECT - IDCW,Debt Scheme - Banking and PSU Fund,Open Ended Schemes,Aditya Birla Sun Life Mutual Fund,0.10025057810845173
2013-09-06,103.5778,119551,Aditya Birla Sun Life Banking & PSU Debt Fund  - DIRECT - IDCW,Debt Scheme - Banking and PSU Fund,Open Ended Schemes,Aditya Birla Sun Life Mutual Fund,0.032160085760235546
2013-09-10,103.7133,119551,Aditya Birla Sun Life Banking & PSU Debt Fund  - DIRECT - IDCW,Debt Scheme - Banking and PSU Fund,Open Ended Schemes,Aditya Birla Sun Life Mutual Fund,0.13081953854976458
2013-09-11,103.7462,119551,Aditya Birla Sun Life Banking & PSU Debt Fund  - DIRECT - IDCW,Debt Scheme - Banking and PSU Fund,Open Ended Schemes,Aditya Birla Sun Life Mutual Fund,0.031722064576089615
2013-09-12,103.7831,119551,Aditya Birla Sun Life Banking & PSU Debt Fund  - DIRECT - IDCW,Debt Scheme - Banking and PSU Fund,Open Ended Schemes,Aditya Birla Sun Life Mutual Fund,0.0355675677759848
2013-09-13,103.8036,119551,Aditya Birla Sun Life Banking & PSU Debt Fund  - DIRECT - IDCW,Debt Scheme - Banking and PSU Fund,Open Ended Schemes,Aditya Birla Sun Life Mutual Fund,0.019752734308386977
2013-09-16,103.8949,119551,Aditya Birla Sun Life Banking & PSU Debt Fund  - DIRECT - IDCW,Debt Scheme - Banking and PSU Fund,Open Ended Schemes,Aditya Birla Sun Life Mutual Fund,0.08795456034280669
2013-09-17,103.2261,119551,Aditya Birla Sun Life Banking & PSU Debt Fund  - DIRECT - IDCW,Debt Scheme - Banking and PSU Fund,Open Ended Schemes,Aditya Birla Sun Life Mutual Fund,-0.643727459191934
2013-09-18,103.3108,119551,Aditya Birla Sun Life Banking & PSU Debt Fund  - DIRECT - IDCW,Debt Scheme - Banking and PSU Fund,Open Ended Schemes,Aditya Birla Sun Life Mutual Fund,0.08205289166207663
2013-09-19,103.4545,119551,Aditya Birla Sun Life Banking & PSU Debt Fund  - DIRECT - IDCW,Debt Scheme - Banking and PSU Fund,Open Ended Schemes,Aditya Birla Sun Life Mutual Fund,0.13909484777969716
2013-09-20,103.5346,119551,Aditya Birla Sun Life Banking & PSU Debt Fund  - DIRECT - IDCW,Debt Scheme - Banking and PSU Fund,Open Ended Schemes,Aditya Birla Sun Life Mutual Fund,0.07742534157528791
2013-09-23,103.594,119551,Aditya Birla Sun Life Banking & PSU Debt Fund  - DIRECT - IDCW,Debt Scheme - Banking and PSU Fund,Open Ended Schemes,Aditya Birla Sun Life Mutual Fund,0.05737212487419985
2013-09-24,103.6,119551,Aditya Birla Sun Life Banking & PSU Debt Fund  - DIRECT - IDCW,Debt Scheme - Banking and PSU Fund,Open Ended Schemes,Aditya Birla Sun Life Mutual Fund,0.0057918412263324726
2013-09-25,103.6534,119551,Aditya Birla Sun Life Banking & PSU Debt Fund  - DIRECT - IDCW,Debt Scheme - Banking and PSU Fund,Open Ended Schemes,Aditya Birla Sun Life Mutual Fund,0.0515444015444011
2013-09-26,103.6866,119551,Aditya Birla Sun Life Banking & PSU Debt Fund  - DIRECT - IDCW,Debt Scheme - Banking and PSU Fund,Open Ended Schemes,Aditya Birla Sun Life Mutual Fund,0.0320298224660176
2013-09-27,103.724,119551,Aditya Birla Sun Life Banking & PSU Debt Fund  - DIRECT - IDCW,Debt Scheme - Banking and PSU Fund,Open Ended Schemes,Aditya Birla Sun Life Mutual Fund,0.036070234726581774
2013-09-30,103.7595,119551,Aditya Birla Sun Life Banking & PSU Debt Fund  - DIRECT - IDCW,Debt Scheme - Banking and PSU Fund,Open Ended Schemes,Aditya Birla Sun Life Mutual Fund,0.03422544444873221
2013-10-01,103.2655,119551,Aditya Birla Sun Life Banking & PSU Debt Fund  - DIRECT - IDCW,Debt Scheme - Banking and PSU Fund,Open Ended Schemes,Aditya Birla Sun Life Mutual Fund,-0.4761009835243968
2013-10-03,103.3443,119551,Aditya Birla Sun Life Banking & PSU Debt Fund  - DIRECT - IDCW,Debt Scheme - Banking and PSU Fund,Open Ended Schemes,Aditya Birla Sun Life Mutual Fund,0.076308157128957
2013-10-04,103.4092,119551,Aditya Birla Sun Life Banking & PSU Debt Fund  - DIRECT - IDCW,Debt Scheme - Banking and PSU Fund,Open Ended Schemes,Aditya Birla Sun Life Mutual Fund,0.0627997867323149
2013-10-07,103.5211,119551,Aditya Birla Sun Life Banking & PSU Debt Fund  - DIRECT - IDCW,Debt Scheme - Banking and PSU Fund,Open Ended Schemes,Aditya Birla Sun Life Mutual Fund,0.10821087485446412
2013-10-08,103.7122,119551,Aditya Birla Sun Life Banking & PSU Debt Fund  - DIRECT - IDCW,Debt Scheme - Banking and PSU Fund,Open Ended Schemes,Aditya Birla Sun Life Mutual Fund,0.1846000477197407
2013-10-09,103.7191,119551,Aditya Birla Sun Life Banking & PSU Debt Fund  - DIRECT - IDCW,Debt Scheme - Banking and PSU Fund,Open Ended Schemes,Aditya Birla Sun Life Mutual Fund,0.006653026355629699
2013-10-10,103.7396,119551,Aditya Birla Sun Life Banking & PSU Debt Fund  - DIRECT - IDCW,Debt Scheme - Banking and PSU Fund,Open Ended Schemes,Aditya Birla Sun Life Mutual Fund,0.019764922757725678
2013-10-11,103.7572,119551,Aditya Birla Sun Life Banking & PSU Debt Fund  - DIRECT - IDCW,Debt Scheme - Banking and PSU Fund,Open Ended Schemes,Aditya Birla Sun Life Mutual Fund,0.016965556065384746
2013-10-14,103.8303,119551,Aditya Birla Sun Life Banking & PSU Debt Fund  - DIRECT - IDCW,Debt Scheme - Banking and PSU Fund,Open Ended Schemes,Aditya Birla Sun Life Mutual Fund,0.07045294206089459
2013-10-15,103.2589,119551,Aditya Birla Sun Life Banking & PSU Debt Fund  - DIRECT - IDCW,Debt Scheme - Banking and PSU Fund,Open Ended Schemes,Aditya Birla Sun Life Mutual Fund,-0.5503210527177504
2013-10-17,103.3326,119551,Aditya Birla Sun Life Banking & PSU Debt Fund  - DIRECT - IDCW,Debt Scheme - Banking and PSU Fund,Open Ended Schemes,Aditya Birla Sun Life Mutual Fund,0.07137399294394609
2013-10-18,103.3672,119551,Aditya Birla Sun Life Banking & PSU Debt Fund  - DIRECT - IDCW,Debt Scheme - Banking and PSU Fund,Open Ended Schemes,Aditya Birla Sun Life Mutual Fund,0.03348410859689288
2013-10-21,103.4516,119551,Aditya Birla Sun Life Banking & PSU Debt Fund  - DIRECT - IDCW,Debt Scheme - Banking and PSU Fund,Open Ended Schemes,Aditya Birla Sun Life Mutual Fund,0.08165065900982427
2013-10-22,103.4859,119551,Aditya Birla Sun Life Banking & PSU Debt Fund  - DIRECT - IDCW,Debt Scheme - Banking and PSU Fund,Open Ended Schemes,Aditya Birla Sun Life Mutual Fund,0.03315560126668782
2013-10-23,103.4986,119551,Aditya Birla Sun Life Banking & PSU Debt Fund  - DIRECT - IDCW,Debt Scheme - Banking and PSU Fund,Open Ended Schemes,Aditya Birla Sun Life Mutual Fund,0.012272203266339154
2013-10-24,103.5248,119551,Aditya Birla Sun Life Banking & PSU Debt Fund  - DIRECT - IDCW,Debt Scheme - Banking and PSU Fund,Open Ended Schemes,Aditya Birla Sun Life Mutual Fund,0.025314352078198432
2013-10-25,103.5569,119551,Aditya Birla Sun Life Banking & PSU Debt Fund  - DIRECT - IDCW,Debt Scheme - Banking and PSU Fund,Open Ended Schemes,Aditya Birla Sun Life Mutual Fund,0.03100706304188794
2013-10-28,103.6375,119551,Aditya Birla Sun Life Banking & PSU Debt Fund  - DIRECT - IDCW,Debt Scheme - Banking and PSU Fund,Open Ended Schemes,Aditya Birla Sun Life Mutual Fund,0.07783160755101548
2013-10-29,103.332,119551,Aditya Birla Sun Life Banking & PSU Debt Fund  - DIRECT - IDCW,Debt Scheme - Banking and PSU Fund,Open Ended Schemes,Aditya Birla Sun Life Mutual Fund,-0.29477746954530426
2013-10-30,103.3571,119551,Aditya Birla Sun Life Banking & PSU Debt Fund  - DIRECT - IDCW,Debt Scheme - Banking and PSU Fund,Open Ended Schemes,Aditya Birla Sun Life Mutual Fund,0.024290636008217348
2013-10-31,103.3858,119551,Aditya Birla Sun Life Banking & PSU Debt Fund  - DIRECT - IDCW,Debt Scheme - Banking and PSU Fund,Open Ended Schemes,Aditya Birla Sun Life Mutual Fund,0.02776780695279424
2013-11-01,103.3966,119551,Aditya Birla Sun Life Banking & PSU Debt Fund  - DIRECT - IDCW,Debt Scheme - Banking and PSU Fund,Open Ended Schemes,Aditya Birla Sun Life Mutual Fund,0.010446308874145771
2013-11-05,103.4962,119551,Aditya Birla Sun Life Banking & PSU Debt Fund  - DIRECT - IDCW,Debt Scheme - Banking and PSU Fund,Open Ended Schemes,Aditya Birla Sun Life Mutual Fund,0.0963281191064258
2013-11-06,103.5239,119551,Aditya Birla Sun Life Banking & PSU Debt Fund  - DIRECT - IDCW,Debt Scheme - Banking and PSU Fund,Open Ended Schemes,Aditya Birla Sun Life Mutual Fund,0.02676426767358464
2013-11-07,103.5073,119551,Aditya Birla Sun Life Banking & PSU Debt Fund  - DIRECT - IDCW,Debt Scheme - Banking and PSU Fund,Open Ended Schemes,Aditya Birla Sun Life Mutual Fund,-0.01603494458767285
2013-11-08,103.5326,119551,Aditya Birla Sun Life Banking & PSU Debt Fund  - DIRECT - IDCW,Debt Scheme - Banking and PSU Fund,Open Ended Schemes,Aditya Birla Sun Life Mutual Fund,0.024442720465134293
2013-11-11,103.5975,119551,Aditya Birla Sun Life Banking & PSU Debt Fund  - DIRECT - IDCW,Debt Scheme - Banking and PSU Fund,Open Ended Schemes,Aditya Birla Sun Life Mutual Fund,0.06268556956938731
2013-11-12,103.6068,119551,Aditya Birla Sun Life Banking & PSU Debt Fund  - DIRECT - IDCW,Debt Scheme - Banking and PSU Fund,Open Ended Schemes,Aditya Birla Sun Life Mutual Fund,0.008977050604519476
2013-11-13,103.6314,119551,Aditya Birla Sun Life Banking & PSU Debt Fund  - DIRECT - IDCW,Debt Scheme - Banking and PSU Fund,Open Ended Schemes,Aditya Birla Sun Life Mutual Fund,0.023743615283922104
2013-11-14,103.6701,119551,Aditya Birla Sun Life Banking & PSU Debt Fund  - DIRECT - IDCW,Debt Scheme - Banking and PSU Fund,Open Ended Schemes,Aditya Birla Sun Life Mutual Fund,0.03734389383913683
2013-11-18,103.396,119551,Aditya Birla Sun Life Banking & PSU Debt Fund  - DIRECT - IDCW,Debt Scheme - Banking and PSU Fund,Open Ended Schemes,Aditya Birla Sun Life Mutual Fund,-0.26439638815820565
2013-11-19,103.4355,119551,Aditya Birla Sun Life Banking & PSU Debt Fund  - DIRECT - IDCW,Debt Scheme - Banking and PSU Fund,Open Ended Schemes,Aditya Birla Sun Life Mutual Fund,0.03820263839993121
2013-11-20,103.4681,119551,Aditya Birla Sun Life Banking & PSU Debt Fund  - DIRECT - IDCW,Debt Scheme - Banking and PSU Fund,Open Ended Schemes,Aditya Birla Sun Life Mutual Fund,0.03151722571070881
2013-11-21,103.474,119551,Aditya Birla Sun Life Banking & PSU Debt Fund  - DIRECT - IDCW,Debt Scheme - Banking and PSU Fund,Open Ended Schemes,Aditya Birla Sun Life Mutual Fund,0.00570224059395219
2013-11-22,103.5041,119551,Aditya Birla Sun Life Banking & PSU Debt Fund  - DIRECT - IDCW,Debt Scheme - Banking and PSU Fund,Open Ended Schemes,Aditya Birla Sun Life Mutual Fund,0.029089433094298123
2013-11-25,103.6001,119551,Aditya Birla Sun Life Banking & PSU Debt Fund  - DIRECT - IDCW,Debt Scheme - Banking and PSU Fund,Open Ended Schemes,Aditya Birla Sun Life Mutual Fund,0.09274994903583078
2013-11-26,103.6402,119551,Aditya Birla Sun Life Banking & PSU Debt Fund  - DIRECT - IDCW,Debt Scheme - Banking and PSU Fund,Open Ended Schemes,Aditya Birla Sun Life Mutual Fund,0.03870652634505589
2013-11-27,103.7259,119551,Aditya Birla Sun Life Banking & PSU Debt Fund  - DIRECT - IDCW,Debt Scheme - Banking and PSU Fund,Open Ended Schemes,Aditya Birla Sun Life Mutual Fund,0.08268992147835164
2013-11-28,103.7346,119551,Aditya Birla Sun Life Banking & PSU Debt Fund  - DIRECT - IDCW,Debt Scheme - Banking and PSU Fund,Open Ended Schemes,Aditya Birla Sun Life Mutual Fund,0.008387490491768013
2013-11-29,103.3436,119551,Aditya Birla Sun Life Banking & PSU Debt Fund  - DIRECT - IDCW,Debt Scheme - Banking and PSU Fund,Open Ended Schemes,Aditya Birla Sun Life Mutual Fund,-0.37692341803025053
2013-12-02,103.4284,119551,Aditya Birla Sun Life Banking & PSU Debt Fund  - DIRECT - IDCW,Debt Scheme - Banking and PSU Fund,Open Ended Schemes,Aditya Birla Sun Life Mutual Fund,0.08205636343228129
2013-12-03,103.4693,119551,Aditya Birla Sun Life Banking & PSU Debt Fund  - DIRECT - IDCW,Debt Scheme - Banking and PSU Fund,Open Ended Schemes,Aditya Birla Sun Life Mutual Fund,0.039544264438018395
2013-12-04,103.4962,119551,Aditya Birla Sun Life Banking & PSU Debt Fund  - DIRECT - IDCW,Debt Scheme - Banking and PSU Fund,Open Ended Schemes,Aditya Birla Sun Life Mutual Fund,0.025998049663034095
2013-12-05,103.5545,119551,Aditya Birla Sun Life Banking & PSU Debt Fund  - DIRECT - IDCW,Debt Scheme - Banking and PSU Fund,Open Ended Schemes,Aditya Birla Sun Life Mutual Fund,0.056330570591001106
2013-12-06,103.5593,119551,Aditya Birla Sun Life Banking & PSU Debt Fund  - DIRECT - IDCW,Debt Scheme - Banking and PSU Fund,Open Ended Schemes,Aditya Birla Sun Life Mutual Fund,0.004635240380657102
2013-12-09,103.618,119551,Aditya Birla Sun Life Banking & PSU Debt Fund  - DIRECT - IDCW,Debt Scheme - Banking and PSU Fund,Open Ended Schemes,Aditya Birla Sun Life Mutual Fund,0.05668249978514339
2013-12-10,103.6308,119551,Aditya Birla Sun Life Banking & PSU Debt Fund  - DIRECT - IDCW,Debt Scheme - Banking and PSU Fund,Open Ended Schemes,Aditya Birla Sun Life Mutual Fund,0.012353066069592522
2013-12-11,103.6643,119551,Aditya Birla Sun Life Banking & PSU Debt Fund  - DIRECT - IDCW,Debt Scheme - Banking and PSU Fund,Open Ended Schemes,Aditya Birla Sun Life Mutual Fund,0.032326296815243794
2013-12-12,103.7351,119551,Aditya Birla Sun Life Banking & PSU Debt Fund  - DIRECT - IDCW,Debt Scheme - Banking and PSU Fund,Open Ended Schemes,Aditya Birla Sun Life Mutual Fund,0.06829737913631728
2013-12-13,103.7247,119551,Aditya Birla Sun Life Banking & PSU Debt Fund  - DIRECT - IDCW,Debt Scheme - Banking and PSU Fund,Open Ended Schemes,Aditya Birla Sun Life Mutual Fund,-0.010025536197488805
2013-12-16,103.8019,119551,Aditya Birla Sun Life Banking & PSU Debt Fund  - DIRECT - IDCW,Debt Scheme - Banking and PSU Fund,Open Ended Schemes,Aditya Birla Sun Life Mutual Fund,0.07442778817388085
2013-12-17,103.3699,119551,Aditya Birla Sun Life Banking & PSU Debt Fund  - DIRECT - IDCW,Debt Scheme - Banking and PSU Fund,Open Ended Schemes,Aditya Birla Sun Life Mutual Fund,-0.416177353208369
2013-12-18,103.4075,119551,Aditya Birla Sun Life Banking & PSU Debt Fund  - DIRECT - IDCW,Debt Scheme - Banking and PSU Fund,Open Ended Schemes,Aditya Birla Sun Life Mutual Fund,0.03637422499198628
2013-12-19,103.4336,119551,Aditya Birla Sun Life Banking & PSU Debt Fund  - DIRECT - IDCW,Debt Scheme - Banking and PSU Fund,Open Ended Schemes,Aditya Birla Sun Life Mutual Fund,0.025239948746458296
2013-12-20,103.4584,119551,Aditya Birla Sun Life Banking & PSU Debt Fund  - DIRECT - IDCW,Debt Scheme - Banking and PSU Fund,Open Ended Schemes,Aditya Birla Sun Life Mutual Fund,0.02397673483278684
2013-12-23,103.5236,119551,Aditya Birla Sun Life Banking & PSU Debt Fund  - DIRECT - IDCW,Debt Scheme - Banking and PSU Fund,Open Ended Schemes,Aditya Birla Sun Life Mutual Fund,0.06302049906050655
2013-12-24,103.534,119551,Aditya Birla Sun Life Banking & PSU Debt Fund  - DIRECT - IDCW,Debt Scheme - Banking and PSU Fund,Open Ended Schemes,Aditya Birla Sun Life Mutual Fund,0.010046018492415598
2013-12-26,103.5763,119551,Aditya Birla Sun Life Banking & PSU Debt Fund  - DIRECT - IDCW,Debt Scheme - Banking and PSU Fund,Open Ended Schemes,Aditya Birla Sun Life Mutual Fund,0.040856143875434014
2013-12-27,103.5893,119551,Aditya Birla Sun Life Banking & PSU Debt Fund  - DIRECT - IDCW,Debt Scheme - Banking and PSU Fund,Open Ended Schemes,Aditya Birla Sun Life Mutual Fund,0.012551133801830261
2013-12-30,103.6429,119551,Aditya Birla Sun Life Banking & PSU Debt Fund  - DIRECT - IDCW,Debt Scheme - Banking and PSU Fund,Open Ended Schemes,Aditya Birla Sun Life Mutual Fund,0.05174279582931263
2013-12-31,103.3941,119551,Aditya Birla Sun Life Banking & PSU Debt Fund  - DIRECT - IDCW,Debt Scheme - Banking and PSU Fund,Open Ended Schemes,Aditya Birla Sun Life Mutual Fund,-0.24005503512541937
2014-01-01,103.446,119551,Aditya Birla Sun Life Banking & PSU Debt Fund  - DIRECT - IDCW,Debt Scheme - Banking and PSU Fund,Open Ended Schemes,Aditya Birla Sun Life Mutual Fund,0.05019628779592278
2014-01-02,103.4808,119551,Aditya Birla Sun Life Banking & PSU Debt Fund  - DIRECT - IDCW,Debt Scheme - Banking and PSU Fund,Open Ended Schemes,Aditya Birla Sun Life Mutual Fund,0.033640740096285704
2014-01-03,103.506,119551,Aditya Birla Sun Life Banking & PSU Debt Fund  - DIRECT - IDCW,Debt Scheme - Banking and PSU Fund,Open Ended Schemes,Aditya Birla Sun Life Mutual Fund,0.024352343623168515
2014-01-06,103.5815,119551,Aditya Birla Sun Life Banking & PSU Debt Fund  - DIRECT - IDCW,Debt Scheme - Banking and PSU Fund,Open Ended Schemes,Aditya Birla Sun Life Mutual Fund,0.07294263134505208
2014-01-07,103.5881,119551,Aditya Birla Sun Life Banking & PSU Debt Fund  - DIRECT - IDCW,Debt Scheme - Banking and PSU Fund,Open Ended Schemes,Aditya Birla Sun Life Mutual Fund,0.006371794191029068
2014-01-08,103.5945,119551,Aditya Birla Sun Life Banking & PSU Debt Fund  - DIRECT - IDCW,Debt Scheme - Banking and PSU Fund,Open Ended Schemes,Aditya Birla Sun Life Mutual Fund,0.006178315849014737
2014-01-09,103.5989,119551,Aditya Birla Sun Life Banking & PSU Debt Fund  - DIRECT - IDCW,Debt Scheme - Banking and PSU Fund,Open Ended Schemes,Aditya Birla Sun Life Mutual Fund,0.004247329732764982
2014-01-10,103.6477,119551,Aditya Birla Sun Life Banking & PSU Debt Fund  - DIRECT - IDCW,Debt Scheme - Banking and PSU Fund,Open Ended Schemes,Aditya Birla Sun Life Mutual Fund,0.04710474725118097
2014-01-13,103.721,119551,Aditya Birla Sun Life Banking & PSU Debt Fund  - DIRECT - IDCW,Debt Scheme - Banking and PSU Fund,Open Ended Schemes,Aditya Birla Sun Life Mutual Fund,0.07072033436343883
2014-01-15,103.7752,119551,Aditya Birla Sun Life Banking & PSU Debt Fund  - DIRECT - IDCW,Debt Scheme - Banking and PSU Fund,Open Ended Schemes,Aditya Birla Sun Life Mutual Fund,0.05225557023167404
2014-01-16,103.3942,119551,Aditya Birla Sun Life Banking & PSU Debt Fund  - DIRECT - IDCW,Debt Scheme - Banking and PSU Fund,Open Ended Schemes,Aditya Birla Sun Life Mutual Fund,-0.3671397405160426
2014-01-17,103.4134,119551,Aditya Birla Sun Life Banking & PSU Debt Fund  - DIRECT - IDCW,Debt Scheme - Banking and PSU Fund,Open Ended Schemes,Aditya Birla Sun Life Mutual Fund,0.01856970700484517
2014-01-20,103.4895,119551,Aditya Birla Sun Life Banking & PSU Debt Fund  - DIRECT - IDCW,Debt Scheme - Banking and PSU Fund,Open Ended Schemes,Aditya Birla Sun Life Mutual Fund,0.07358814234905697
2014-01-21,103.5305,119551,Aditya Birla Sun Life Banking & PSU Debt Fund  - DIRECT - IDCW,Debt Scheme - Banking and PSU Fund,Open Ended Schemes,Aditya Birla Sun Life Mutual Fund,0.03961754574135501
2014-01-22,103.5532,119551,Aditya Birla Sun Life Banking & PSU Debt Fund  - DIRECT - IDCW,Debt Scheme - Banking and PSU Fund,Open Ended Schemes,Aditya Birla Sun Life Mutual Fund,0.021925905892472564
2014-01-23,103.5792,119551,Aditya Birla Sun Life Banking & PSU Debt Fund  - DIRECT - IDCW,Debt Scheme - Banking and PSU Fund,Open Ended Schemes,Aditya Birla Sun Life Mutual Fund,0.025107867260487637
2014-01-24,103.6008,119551,Aditya Birla Sun Life Banking & PSU Debt Fund  - DIRECT - IDCW,Debt Scheme - Banking and PSU Fund,Open Ended Schemes,Aditya Birla Sun Life Mutual Fund,0.020853607674142793
2014-01-27,103.6718,119551,Aditya Birla Sun Life Banking & PSU Debt Fund  - DIRECT - IDCW,Debt Scheme - Banking and PSU Fund,Open Ended Schemes,Aditya Birla Sun Life Mutual Fund,0.06853228932595101
2014-01-28,103.6757,119551,Aditya Birla Sun Life Banking & PSU Debt Fund  - DIRECT - IDCW,Debt Scheme - Banking and PSU Fund,Open Ended Schemes,Aditya Birla Sun Life Mutual Fund,0.0037618715986509343
2014-01-29,103.4118,119551,Aditya Birla Sun Life Banking & PSU Debt Fund  - DIRECT - IDCW,Debt Scheme - Banking and PSU Fund,Open Ended Schemes,Aditya Birla Sun Life Mutual Fund,-0.2545437358995484
2014-01-30,103.4259,119551,Aditya Birla Sun Life Banking & PSU Debt Fund  - DIRECT - IDCW,Debt Scheme - Banking and PSU Fund,Open Ended Schemes,Aditya Birla Sun Life Mutual Fund,0.013634807633167156
2014-01-31,103.4429,119551,Aditya Birla Sun Life Banking & PSU Debt Fund  - DIRECT - IDCW,Debt Scheme - Banking and PSU Fund,Open Ended Schemes,Aditya Birla Sun Life Mutual Fund,0.016436888632331836
2014-02-03,103.5223,119551,Aditya Birla Sun Life Banking & PSU Debt Fund  - DIRECT - IDCW,Debt Scheme - Banking and PSU Fund,Open Ended Schemes,Aditya Birla Sun Life Mutual Fund,0.07675732215550735
2014-02-04,103.5533,119551,Aditya Birla Sun Life Banking & PSU Debt Fund  - DIRECT - IDCW,Debt Scheme - Banking and PSU Fund,Open Ended Schemes,Aditya Birla Sun Life Mutual Fund,0.029945238851913913
2014-02-05,103.5806,119551,Aditya Birla Sun Life Banking & PSU Debt Fund  - DIRECT - IDCW,Debt Scheme - Banking and PSU Fund,Open Ended Schemes,Aditya Birla Sun Life Mutual Fund,0.026363235164894583
2014-02-06,103.6157,119551,Aditya Birla Sun Life Banking & PSU Debt Fund  - DIRECT - IDCW,Debt Scheme - Banking and PSU Fund,Open Ended Schemes,Aditya Birla Sun Life Mutual Fund,0.03388665445074324
2014-02-07,103.6364,119551,Aditya Birla Sun Life Banking & PSU Debt Fund  - DIRECT - IDCW,Debt Scheme - Banking and PSU Fund,Open Ended Schemes,Aditya Birla Sun Life Mutual Fund,0.019977667477033556
2014-02-10,103.7039,119551,Aditya Birla Sun Life Banking & PSU Debt Fund  - DIRECT - IDCW,Debt Scheme - Banking and PSU Fund,Open Ended Schemes,Aditya Birla Sun Life Mutual Fund,0.06513155609420007
2014-02-11,103.7273,119551,Aditya Birla Sun Life Banking & PSU Debt Fund  - DIRECT - IDCW,Debt Scheme - Banking and PSU Fund,Open Ended Schemes,Aditya Birla Sun Life Mutual Fund,0.022564243003397877
2014-02-12,103.7487,119551,Aditya Birla Sun Life Banking & PSU Debt Fund  - DIRECT - IDCW,Debt Scheme - Banking and PSU Fund,Open Ended Schemes,Aditya Birla Sun Life Mutual Fund,0.020631019991834698
2014-02-13,103.7594,119551,Aditya Birla Sun Life Banking & PSU Debt Fund  - DIRECT - IDCW,Debt Scheme - Banking and PSU Fund,Open Ended Schemes,Aditya Birla Sun Life Mutual Fund,0.01031338223997924
2014-02-14,103.785,119551,Aditya Birla Sun Life Banking & PSU Debt Fund  - DIRECT - IDCW,Debt Scheme - Banking and PSU Fund,Open Ended Schemes,Aditya Birla Sun Life Mutual Fund,0.024672463410535528
2014-02-17,103.4821,119551,Aditya Birla Sun Life Banking & PSU Debt Fund  - DIRECT - IDCW,Debt Scheme - Banking and PSU Fund,Open Ended Schemes,Aditya Birla Sun Life Mutual Fund,-0.2918533506768739
2014-02-18,103.5059,119551,Aditya Birla Sun Life Banking & PSU Debt Fund  - DIRECT - IDCW,Debt Scheme - Banking and PSU Fund,Open Ended Schemes,Aditya Birla Sun Life Mutual Fund,0.022999146712332497
2014-02-20,103.5667,119551,Aditya Birla Sun Life Banking & PSU Debt Fund  - DIRECT - IDCW,Debt Scheme - Banking and PSU Fund,Open Ended Schemes,Aditya Birla Sun Life Mutual Fund,0.05874061285395804
2014-02-21,103.5927,119551,Aditya Birla Sun Life Banking & PSU Debt Fund  - DIRECT - IDCW,Debt Scheme - Banking and PSU Fund,Open Ended Schemes,Aditya Birla Sun Life Mutual Fund,0.025104594430436222
2014-02-24,103.6626,119551,Aditya Birla Sun Life Banking & PSU Debt Fund  - DIRECT - IDCW,Debt Scheme - Banking and PSU Fund,Open Ended Schemes,Aditya Birla Sun Life Mutual Fund,0.06747579703976214
2014-02-25,103.687,119551,Aditya Birla Sun Life Banking & PSU Debt Fund  - DIRECT - IDCW,Debt Scheme - Banking and PSU Fund,Open Ended Schemes,Aditya Birla Sun Life Mutual Fund,0.02353790084370644
2014-02-26,103.7081,119551,Aditya Birla Sun Life Banking & PSU Debt Fund  - DIRECT - IDCW,Debt Scheme - Banking and PSU Fund,Open Ended Schemes,Aditya Birla Sun Life Mutual Fund,0.020349706327693617
2014-02-28,103.7646,119551,Aditya Birla Sun Life Banking & PSU Debt Fund  - DIRECT - IDCW,Debt Scheme - Banking and PSU Fund,Open Ended Schemes,Aditya Birla Sun Life Mutual Fund,0.05447983330135742
2014-03-03,103.4879,119551,Aditya Birla Sun Life Banking & PSU Debt Fund  - DIRECT - IDCW,Debt Scheme - Banking and PSU Fund,Open Ended Schemes,Aditya Birla Sun Life Mutual Fund,-0.2666612698357662
2014-03-04,103.4922,119551,Aditya Birla Sun Life Banking & PSU Debt Fund  - DIRECT - IDCW,Debt Scheme - Banking and PSU Fund,Open Ended Schemes,Aditya Birla Sun Life Mutual Fund,0.00415507513438218
2014-03-05,103.5515,119551,Aditya Birla Sun Life Banking & PSU Debt Fund  - DIRECT - IDCW,Debt Scheme - Banking and PSU Fund,Open Ended Schemes,Aditya Birla Sun Life Mutual Fund,0.057299004176170065
2014-03-06,103.5859,119551,Aditya Birla Sun Life Banking & PSU Debt Fund  - DIRECT - IDCW,Debt Scheme - Banking and PSU Fund,Open Ended Schemes,Aditya Birla Sun Life Mutual Fund,0.03322018512526004
2014-03-07,103.6353,119551,Aditya Birla Sun Life Banking & PSU Debt Fund  - DIRECT - IDCW,Debt Scheme - Banking and PSU Fund,Open Ended Schemes,Aditya Birla Sun Life Mutual Fund,0.04768988829562115
2014-03-10,103.746,119551,Aditya Birla Sun Life Banking & PSU Debt Fund  - DIRECT - IDCW,Debt Scheme - Banking and PSU Fund,Open Ended Schemes,Aditya Birla Sun Life Mutual Fund,0.10681688575224779
2014-03-11,103.8533,119551,Aditya Birla Sun Life Banking & PSU Debt Fund  - DIRECT - IDCW,Debt Scheme - Banking and PSU Fund,Open Ended Schemes,Aditya Birla Sun Life Mutual Fund,0.10342567424286297
2014-03-12,103.8563,119551,Aditya Birla Sun Life Banking & PSU Debt Fund  - DIRECT - IDCW,Debt Scheme - Banking and PSU Fund,Open Ended Schemes,Aditya Birla Sun Life Mutual Fund,0.0028886901042080027
2014-03-13,103.9202,119551,Aditya Birla Sun Life Banking & PSU Debt Fund  - DIRECT - IDCW,Debt Scheme - Banking and PSU Fund,Open Ended Schemes,Aditya Birla Sun Life Mutual Fund,0.061527321886090114
2014-03-14,103.9564,119551,Aditya Birla Sun Life Banking & PSU Debt Fund  - DIRECT - IDCW,Debt Scheme - Banking and PSU Fund,Open Ended Schemes,Aditya Birla Sun Life Mutual Fund,0.03483442102691914
2014-03-18,104.0619,119551,Aditya Birla Sun Life Banking & PSU Debt Fund  - DIRECT - IDCW,Debt Scheme - Banking and PSU Fund,Open Ended Schemes,Aditya Birla Sun Life Mutual Fund,0.10148485326539891
2014-03-19,104.0916,119551,Aditya Birla Sun Life Banking & PSU Debt Fund  - DIRECT - IDCW,Debt Scheme - Banking and PSU Fund,Open Ended Schemes,Aditya Birla Sun Life Mutual Fund,0.028540705099566743
2014-03-20,104.0972,119551,Aditya Birla Sun Life Banking & PSU Debt Fund  - DIRECT - IDCW,Debt Scheme - Banking and PSU Fund,Open Ended Schemes,Aditya Birla Sun Life Mutual Fund,0.005379876954525464
2014-03-21,104.2069,119551,Aditya Birla Sun Life Banking & PSU Debt Fund  - DIRECT - IDCW,Debt Scheme - Banking and PSU Fund,Open Ended Schemes,Aditya Birla Sun Life Mutual Fund,0.10538227733312144
2014-03-24,104.3035,119551,Aditya Birla Sun Life Banking & PSU Debt Fund  - DIRECT - IDCW,Debt Scheme - Banking and PSU Fund,Open Ended Schemes,Aditya Birla Sun Life Mutual Fund,0.09270019547649166
2014-03-25,104.4319,119551,Aditya Birla Sun Life Banking & PSU Debt Fund  - DIRECT - IDCW,Debt Scheme - Banking and PSU Fund,Open Ended Schemes,Aditya Birla Sun Life Mutual Fund,0.12310229282814777
2014-03-26,104.3934,119551,Aditya Birla Sun Life Banking & PSU Debt Fund  - DIRECT - IDCW,Debt Scheme - Banking and PSU Fund,Open Ended Schemes,Aditya Birla Sun Life Mutual Fund,-0.03686612998518024
2014-03-27,104.4245,119551,Aditya Birla Sun Life Banking & PSU Debt Fund  - DIRECT - IDCW,Debt Scheme - Banking and PSU Fund,Open Ended Schemes,Aditya Birla Sun Life Mutual Fund,0.0297911553795549
2014-03-28,104.6408,119551,Aditya Birla Sun Life Banking & PSU Debt Fund  - DIRECT - IDCW,Debt Scheme - Banking and PSU Fund,Open Ended Schemes,Aditya Birla Sun Life Mutual Fund,0.20713529870863834
2014-03-31,104.7403,119551,Aditya Birla Sun Life Banking & PSU Debt Fund  - DIRECT - IDCW,Debt Scheme - Banking and PSU Fund,Open Ended Schemes,Aditya Birla Sun Life Mutual Fund,0.09508719352298023
2014-04-02,104.6459,119551,Aditya Birla Sun Life Banking & PSU Debt Fund  - DIRECT - IDCW,Debt Scheme - Banking and PSU Fund,Open Ended Schemes,Aditya Birla Sun Life Mutual Fund,-0.09012767769426278
2014-04-03,104.6613,119551,Aditya Birla Sun Life Banking & PSU Debt Fund  - DIRECT - IDCW,Debt Scheme - Banking and PSU Fund,Open Ended Schemes,Aditya Birla Sun Life Mutual Fund,0.014716295621708397
2014-04-04,104.6173,119551,Aditya Birla Sun Life Banking & PSU Debt Fund  - DIRECT - IDCW,Debt Scheme - Banking and PSU Fund,Open Ended Schemes,Aditya Birla Sun Life Mutual Fund,-0.04204037213372258
2014-04-07,104.6708,119551,Aditya Birla Sun Life Banking & PSU Debt Fund  - DIRECT - IDCW,Debt Scheme - Banking and PSU Fund,Open Ended Schemes,Aditya Birla Sun Life Mutual Fund,0.05113876959164099
2014-04-09,104.6926,119551,Aditya Birla Sun Life Banking & PSU Debt Fund  - DIRECT - IDCW,Debt Scheme - Banking and PSU Fund,Open Ended Schemes,Aditya Birla Sun Life Mutual Fund,0.02082720300218277
2014-04-10,104.7079,119551,Aditya Birla Sun Life Banking & PSU Debt Fund  - DIRECT - IDCW,Debt Scheme - Banking and PSU Fund,Open Ended Schemes,Aditya Birla Sun Life Mutual Fund,0.014614213420993671
2014-04-11,104.7961,119551,Aditya Birla Sun Life Banking & PSU Debt Fund  - DIRECT - IDCW,Debt Scheme - Banking and PSU Fund,Open Ended Schemes,Aditya Birla Sun Life Mutual Fund,0.08423433188899931
2014-04-15,104.8973,119551,Aditya Birla Sun Life Banking & PSU Debt Fund  - DIRECT - IDCW,Debt Scheme - Banking and PSU Fund,Open Ended Schemes,Aditya Birla Sun Life Mutual Fund,0.09656847917050015
2014-04-16,104.979,119551,Aditya Birla Sun Life Banking & PSU Debt Fund  - DIRECT - IDCW,Debt Scheme - Banking and PSU Fund,Open Ended Schemes,Aditya Birla Sun Life Mutual Fund,0.07788570344517964
2014-04-17,104.9728,119551,Aditya Birla Sun Life Banking & PSU Debt Fund  - DIRECT - IDCW,Debt Scheme - Banking and PSU Fund,Open Ended Schemes,Aditya Birla Sun Life Mutual Fund,-0.005905943093376109
2014-04-21,105.1503,119551,Aditya Birla Sun Life Banking & PSU Debt Fund  - DIRECT - IDCW,Debt Scheme - Banking and PSU Fund,Open Ended Schemes,Aditya Birla Sun Life Mutual Fund,0.16909142177783387
2014-04-22,105.3231,119551,Aditya Birla Sun Life Banking & PSU Debt Fund  - DIRECT - IDCW,Debt Scheme - Banking and PSU Fund,Open Ended Schemes,Aditya Birla Sun Life Mutual Fund,0.16433619304936364
2014-04-23,105.3895,119551,Aditya Birla Sun Life Banking & PSU Debt Fund  - DIRECT - IDCW,Debt Scheme - Banking and PSU Fund,Open Ended Schemes,Aditya Birla Sun Life Mutual Fund,0.06304409953752366
2014-04-25,105.4519,119551,Aditya Birla Sun Life Banking & PSU Debt Fund  - DIRECT - IDCW,Debt Scheme - Banking and PSU Fund,Open Ended Schemes,Aditya Birla Sun Life Mutual Fund,0.05920893447639575
2014-04-28,105.5157,119551,Aditya Birla Sun Life Banking & PSU Debt Fund  - DIRECT - IDCW,Debt Scheme - Banking and PSU Fund,Open Ended Schemes,Aditya Birla Sun Life Mutual Fund,0.06050151775358614
2014-04-29,105.6008,119551,Aditya Birla Sun Life Banking & PSU Debt Fund  - DIRECT - IDCW,Debt Scheme - Banking and PSU Fund,Open Ended Schemes,Aditya Birla Sun Life Mutual Fund,0.08065150494191986
2014-04-30,105.6958,119551,Aditya Birla Sun Life Banking & PSU Debt Fund  - DIRECT - IDCW,Debt Scheme - Banking and PSU Fund,Open Ended Schemes,Aditya Birla Sun Life Mutual Fund,0.0899614396860704
2014-05-02,105.7909,119551,Aditya Birla Sun Life Banking & PSU Debt Fund  - DIRECT - IDCW,Debt Scheme - Banking and PSU Fund,Open Ended Schemes,Aditya Birla Sun Life Mutual Fund,0.08997519295941281
2014-05-05,105.9859,119551,Aditya Birla Sun Life Banking & PSU Debt Fund  - DIRECT - IDCW,Debt Scheme - Banking and PSU Fund,Open Ended Schemes,Aditya Birla Sun Life Mutual Fund,0.1843258730193309
2014-05-06,106.009,119551,Aditya Birla Sun Life Banking & PSU Debt Fund  - DIRECT - IDCW,Debt Scheme - Banking and PSU Fund,Open Ended Schemes,Aditya Birla Sun Life Mutual Fund,0.021795352023246117
2014-05-07,106.0297,119551,Aditya Birla Sun Life Banking & PSU Debt Fund  - DIRECT - IDCW,Debt Scheme - Banking and PSU Fund,Open Ended Schemes,Aditya Birla Sun Life Mutual Fund,0.019526643964207224
2014-05-08,106.0486,119551,Aditya Birla Sun Life Banking & PSU Debt Fund  - DIRECT - IDCW,Debt Scheme - Banking and PSU Fund,Open Ended Schemes,Aditya Birla Sun Life Mutual Fund,0.01782519426158924
2014-05-09,106.1508,119551,Aditya Birla Sun Life Banking & PSU Debt Fund  - DIRECT - IDCW,Debt Scheme - Banking and PSU Fund,Open Ended Schemes,Aditya Birla Sun Life Mutual Fund,0.09637090918692692
2014-05-12,106.283,119551,Aditya Birla Sun Life Banking & PSU Debt Fund  - DIRECT - IDCW,Debt Scheme - Banking and PSU Fund,Open Ended Schemes,Aditya Birla Sun Life Mutual Fund,0.12453980563500444
2014-05-13,106.2773,119551,Aditya Birla Sun Life Banking & PSU Debt Fund  - DIRECT - IDCW,Debt Scheme - Banking and PSU Fund,Open Ended Schemes,Aditya Birla Sun Life Mutual Fund,-0.005363040185168977
2014-05-15,106.371,119551,Aditya Birla Sun Life Banking & PSU Debt Fund  - DIRECT - IDCW,Debt Scheme - Banking and PSU Fund,Open Ended Schemes,Aditya Birla Sun Life Mutual Fund,0.08816558192576984
2014-05-16,106.578,119551,Aditya Birla Sun Life Banking & PSU Debt Fund  - DIRECT - IDCW,Debt Scheme - Banking and PSU Fund,Open Ended Schemes,Aditya Birla Sun Life Mutual Fund,0.1946019121753073
2014-05-19,106.5839,119551,Aditya Birla Sun Life Banking & PSU Debt Fund  - DIRECT - IDCW,Debt Scheme - Banking and PSU Fund,Open Ended Schemes,Aditya Birla Sun Life Mutual Fund,0.0055358516767078925
2014-05-20,106.5899,119551,Aditya Birla Sun Life Banking & PSU Debt Fund  - DIRECT - IDCW,Debt Scheme - Banking and PSU Fund,Open Ended Schemes,Aditya Birla Sun Life Mutual Fund,0.005629368037762816
2014-05-21,106.6686,119551,Aditya Birla Sun Life Banking & PSU Debt Fund  - DIRECT - IDCW,Debt Scheme - Banking and PSU Fund,Open Ended Schemes,Aditya Birla Sun Life Mutual Fund,0.07383438768588935
2014-05-22,106.7537,119551,Aditya Birla Sun Life Banking & PSU Debt Fund  - DIRECT - IDCW,Debt Scheme - Banking and PSU Fund,Open Ended Schemes,Aditya Birla Sun Life Mutual Fund,0.07977980399105356
2014-05-23,106.9316,119551,Aditya Birla Sun Life Banking & PSU Debt Fund  - DIRECT - IDCW,Debt Scheme - Banking and PSU Fund,Open Ended Schemes,Aditya Birla Sun Life Mutual Fund,0.1666452778686045
2014-05-26,106.9784,119551,Aditya Birla Sun Life Banking & PSU Debt Fund  - DIRECT - IDCW,Debt Scheme - Banking and PSU Fund,Open Ended Schemes,Aditya Birla Sun Life Mutual Fund,0.04376629546363198
2014-05-27,107.0365,119551,Aditya Birla Sun Life Banking & PSU Debt Fund  - DIRECT - IDCW,Debt Scheme - Banking and PSU Fund,Open Ended Schemes,Aditya Birla Sun Life Mutual Fund,0.05431002894042969
2014-05-28,107.0496,119551,Aditya Birla Sun Life Banking & PSU Debt Fund  - DIRECT - IDCW,Debt Scheme - Banking and PSU Fund,Open Ended Schemes,Aditya Birla Sun Life Mutual Fund,0.01223881573106933
2014-05-29,107.1021,119551,Aditya Birla Sun Life Banking & PSU Debt Fund  - DIRECT - IDCW,Debt Scheme - Banking and PSU Fund,Open Ended Schemes,Aditya Birla Sun Life Mutual Fund,0.049042686754541265
2014-05-30,107.1905,119551,Aditya Birla Sun Life Banking & PSU Debt Fund  - DIRECT - IDCW,Debt Scheme - Banking and PSU Fund,Open Ended Schemes,Aditya Birla Sun Life Mutual Fund,0.08253806414626474
2014-06-02,107.236,119551,Aditya Birla Sun Life Banking & PSU Debt Fund  - DIRECT - IDCW,Debt Scheme - Banking and PSU Fund,Open Ended Schemes,Aditya Birla Sun Life Mutual Fund,0.04244779154869427
2014-06-03,107.4231,119551,Aditya Birla Sun Life Banking & PSU Debt Fund  - DIRECT - IDCW,Debt Scheme - Banking and PSU Fund,Open Ended Schemes,Aditya Birla Sun Life Mutual Fund,0.17447498974225706
2014-06-04,107.5222,119551,Aditya Birla Sun Life Banking & PSU Debt Fund  - DIRECT - IDCW,Debt Scheme - Banking and PSU Fund,Open Ended Schemes,Aditya Birla Sun Life Mutual Fund,0.09225203890037559
2014-06-05,107.6529,119551,Aditya Birla Sun Life Banking & PSU Debt Fund  - DIRECT - IDCW,Debt Scheme - Banking and PSU Fund,Open Ended Schemes,Aditya Birla Sun Life Mutual Fund,0.12155629256098699
2014-06-06,107.7408,119551,Aditya Birla Sun Life Banking & PSU Debt Fund  - DIRECT - IDCW,Debt Scheme - Banking and PSU Fund,Open Ended Schemes,Aditya Birla Sun Life Mutual Fund,0.08165130711759172
2014-06-09,107.8767,119551,Aditya Birla Sun Life Banking & PSU Debt Fund  - DIRECT - IDCW,Debt Scheme - Banking and PSU Fund,Open Ended Schemes,Aditya Birla Sun Life Mutual Fund,0.12613605987703558
2014-06-10,107.878,119551,Aditya Birla Sun Life Banking & PSU Debt Fund  - DIRECT - IDCW,Debt Scheme - Banking and PSU Fund,Open Ended Schemes,Aditya Birla Sun Life Mutual Fund,0.0012050795028084593
2014-06-11,107.8761,119551,Aditya Birla Sun Life Banking & PSU Debt Fund  - DIRECT - IDCW,Debt Scheme - Banking and PSU Fund,Open Ended Schemes,Aditya Birla Sun Life Mutual Fund,-0.0017612488181106833
2014-06-12,107.9228,119551,Aditya Birla Sun Life Banking & PSU Debt Fund  - DIRECT - IDCW,Debt Scheme - Banking and PSU Fund,Open Ended Schemes,Aditya Birla Sun Life Mutual Fund,0.0432904044547433
2014-06-13,107.976,119551,Aditya Birla Sun Life Banking & PSU Debt Fund  - DIRECT - IDCW,Debt Scheme - Banking and PSU Fund,Open Ended Schemes,Aditya Birla Sun Life Mutual Fund,0.049294495695084706
2014-06-16,107.9536,119551,Aditya Birla Sun Life Banking & PSU Debt Fund  - DIRECT - IDCW,Debt Scheme - Banking and PSU Fund,Open Ended Schemes,Aditya Birla Sun Life Mutual Fund,-0.02074535081870721
2014-06-17,107.9426,119551,Aditya Birla Sun Life Banking & PSU Debt Fund  - DIRECT - IDCW,Debt Scheme - Banking and PSU Fund,Open Ended Schemes,Aditya Birla Sun Life Mutual Fund,-0.010189562923323958
2014-06-18,107.9489,119551,Aditya Birla Sun Life Banking & PSU Debt Fund  - DIRECT - IDCW,Debt Scheme - Banking and PSU Fund,Open Ended Schemes,Aditya Birla Sun Life Mutual Fund,0.005836435290595965
2014-06-19,107.9016,119551,Aditya Birla Sun Life Banking & PSU Debt Fund  - DIRECT - IDCW,Debt Scheme - Banking and PSU Fund,Open Ended Schemes,Aditya Birla Sun Life Mutual Fund,-0.04381702824205469
2014-06-20,107.8502,119551,Aditya Birla Sun Life Banking & PSU Debt Fund  - DIRECT - IDCW,Debt Scheme - Banking and PSU Fund,Open Ended Schemes,Aditya Birla Sun Life Mutual Fund,-0.04763599427626275
2014-06-23,107.8791,119551,Aditya Birla Sun Life Banking & PSU Debt Fund  - DIRECT - IDCW,Debt Scheme - Banking and PSU Fund,Open Ended Schemes,Aditya Birla Sun Life Mutual Fund,0.026796426895825398
2014-06-24,107.9086,119551,Aditya Birla Sun Life Banking & PSU Debt Fund  - DIRECT - IDCW,Debt Scheme - Banking and PSU Fund,Open Ended Schemes,Aditya Birla Sun Life Mutual Fund,0.027345426500602343
2014-06-25,107.9552,119551,Aditya Birla Sun Life Banking & PSU Debt Fund  - DIRECT - IDCW,Debt Scheme - Banking and PSU Fund,Open Ended Schemes,Aditya Birla Sun Life Mutual Fund,0.04318469519575263
2014-06-26,108.0195,119551,Aditya Birla Sun Life Banking & PSU Debt Fund  - DIRECT - IDCW,Debt Scheme - Banking and PSU Fund,Open Ended Schemes,Aditya Birla Sun Life Mutual Fund,0.059561744130887107
2014-06-27,108.0211,119551,Aditya Birla Sun Life Banking & PSU Debt Fund  - DIRECT - IDCW,Debt Scheme - Banking and PSU Fund,Open Ended Schemes,Aditya Birla Sun Life Mutual Fund,0.0014812140400666252
2014-06-30,108.1211,119551,Aditya Birla Sun Life Banking & PSU Debt Fund  - DIRECT - IDCW,Debt Scheme - Banking and PSU Fund,Open Ended Schemes,Aditya Birla Sun Life Mutual Fund,0.09257450627699892
2014-07-02,108.251,119551,Aditya Birla Sun Life Banking & PSU Debt Fund  - DIRECT - IDCW,Debt Scheme - Banking and PSU Fund,Open Ended Schemes,Aditya Birla Sun Life Mutual Fund,0.12014306180754275
2014-07-03,108.2774,119551,Aditya Birla Sun Life Banking & PSU Debt Fund  - DIRECT - IDCW,Debt Scheme - Banking and PSU Fund,Open Ended Schemes,Aditya Birla Sun Life Mutual Fund,0.024387765470978984
2014-07-04,108.3324,119551,Aditya Birla Sun Life Banking & PSU Debt Fund  - DIRECT - IDCW,Debt Scheme - Banking and PSU Fund,Open Ended Schemes,Aditya Birla Sun Life Mutual Fund,0.05079545685433562
2014-07-07,108.3898,119551,Aditya Birla Sun Life Banking & PSU Debt Fund  - DIRECT - IDCW,Debt Scheme - Banking and PSU Fund,Open Ended Schemes,Aditya Birla Sun Life Mutual Fund,0.052985071871369804
2014-07-08,108.3878,119551,Aditya Birla Sun Life Banking & PSU Debt Fund  - DIRECT - IDCW,Debt Scheme - Banking and PSU Fund,Open Ended Schemes,Aditya Birla Sun Life Mutual Fund,-0.0018451920752671214
2014-07-09,108.4151,119551,Aditya Birla Sun Life Banking & PSU Debt Fund  - DIRECT - IDCW,Debt Scheme - Banking and PSU Fund,Open Ended Schemes,Aditya Birla Sun Life Mutual Fund,0.02518733658216643
2014-07-10,108.4249,119551,Aditya Birla Sun Life Banking & PSU Debt Fund  - DIRECT - IDCW,Debt Scheme - Banking and PSU Fund,Open Ended Schemes,Aditya Birla Sun Life Mutual Fund,0.009039331237059578
2014-07-11,108.1137,119551,Aditya Birla Sun Life Banking & PSU Debt Fund  - DIRECT - IDCW,Debt Scheme - Banking and PSU Fund,Open Ended Schemes,Aditya Birla Sun Life Mutual Fund,-0.2870189412210622
2014-07-14,107.9854,119551,Aditya Birla Sun Life Banking & PSU Debt Fund  - DIRECT - IDCW,Debt Scheme - Banking and PSU Fund,Open Ended Schemes,Aditya Birla Sun Life Mutual Fund,-0.11867136172380999
2014-07-15,108.0604,119551,Aditya Birla Sun Life Banking & PSU Debt Fund  - DIRECT - IDCW,Debt Scheme - Banking and PSU Fund,Open Ended Schemes,Aditya Birla Sun Life Mutual Fund,0.06945383357379598
2014-07-16,108.1362,119551,Aditya Birla Sun Life Banking & PSU Debt Fund  - DIRECT - IDCW,Debt Scheme - Banking and PSU Fund,Open Ended Schemes,Aditya Birla Sun Life Mutual Fund,0.07014595541012802
2014-07-17,108.2175,119551,Aditya Birla Sun Life Banking & PSU Debt Fund  - DIRECT - IDCW,Debt Scheme - Banking and PSU Fund,Open Ended Schemes,Aditya Birla Sun Life Mutual Fund,0.07518296370687683
2014-07-18,108.2555,119551,Aditya Birla Sun Life Banking & PSU Debt Fund  - DIRECT - IDCW,Debt Scheme - Banking and PSU Fund,Open Ended Schemes,Aditya Birla Sun Life Mutual Fund,0.03511446854713718
2014-07-21,108.3794,119551,Aditya Birla Sun Life Banking & PSU Debt Fund  - DIRECT - IDCW,Debt Scheme - Banking and PSU Fund,Open Ended Schemes,Aditya Birla Sun Life Mutual Fund,0.11445145974107174
2014-07-22,108.4712,119551,Aditya Birla Sun Life Banking & PSU Debt Fund  - DIRECT - IDCW,Debt Scheme - Banking and PSU Fund,Open Ended Schemes,Aditya Birla Sun Life Mutual Fund,0.08470244345326616
2014-07-23,108.5746,119551,Aditya Birla Sun Life Banking & PSU Debt Fund  - DIRECT - IDCW,Debt Scheme - Banking and PSU Fund,Open Ended Schemes,Aditya Birla Sun Life Mutual Fund,0.09532484198571112
2014-07-24,108.6962,119551,Aditya Birla Sun Life Banking & PSU Debt Fund  - DIRECT - IDCW,Debt Scheme - Banking and PSU Fund,Open Ended Schemes,Aditya Birla Sun Life Mutual Fund,0.11199672851660569
2014-07-25,108.7179,119551,Aditya Birla Sun Life Banking & PSU Debt Fund  - DIRECT - IDCW,Debt Scheme - Banking and PSU Fund,Open Ended Schemes,Aditya Birla Sun Life Mutual Fund,0.019963899381947314
2014-07-28,108.7696,119551,Aditya Birla Sun Life Banking & PSU Debt Fund  - DIRECT - IDCW,Debt Scheme - Banking and PSU Fund,Open Ended Schemes,Aditya Birla Sun Life Mutual Fund,0.04755426659270867
2014-07-30,108.7581,119551,Aditya Birla Sun Life Banking & PSU Debt Fund  - DIRECT - IDCW,Debt Scheme - Banking and PSU Fund,Open Ended Schemes,Aditya Birla Sun Life Mutual Fund,-0.01057280710786701
2014-07-31,108.8084,119551,Aditya Birla Sun Life Banking & PSU Debt Fund  - DIRECT - IDCW,Debt Scheme - Banking and PSU Fund,Open Ended Schemes,Aditya Birla Sun Life Mutual Fund,0.04624942877817784
2014-08-01,108.7849,119551,Aditya Birla Sun Life Banking & PSU Debt Fund  - DIRECT - IDCW,Debt Scheme - Banking and PSU Fund,Open Ended Schemes,Aditya Birla Sun Life Mutual Fund,-0.021597597244338296
2014-08-04,108.8673,119551,Aditya Birla Sun Life Banking & PSU Debt Fund  - DIRECT - IDCW,Debt Scheme - Banking and PSU Fund,Open Ended Schemes,Aditya Birla Sun Life Mutual Fund,0.07574580663309849
2014-08-05,108.7745,119551,Aditya Birla Sun Life Banking & PSU Debt Fund  - DIRECT - IDCW,Debt Scheme - Banking and PSU Fund,Open Ended Schemes,Aditya Birla Sun Life Mutual Fund,-0.08524139020623656
2014-08-06,108.6927,119551,Aditya Birla Sun Life Banking & PSU Debt Fund  - DIRECT - IDCW,Debt Scheme - Banking and PSU Fund,Open Ended Schemes,Aditya Birla Sun Life Mutual Fund,-0.07520144886898894
2014-08-07,108.7486,119551,Aditya Birla Sun Life Banking & PSU Debt Fund  - DIRECT - IDCW,Debt Scheme - Banking and PSU Fund,Open Ended Schemes,Aditya Birla Sun Life Mutual Fund,0.0514293968224111
2014-08-08,108.7279,119551,Aditya Birla Sun Life Banking & PSU Debt Fund  - DIRECT - IDCW,Debt Scheme - Banking and PSU Fund,Open Ended Schemes,Aditya Birla Sun Life Mutual Fund,-0.01903472780337978
2014-08-11,108.8297,119551,Aditya Birla Sun Life Banking & PSU Debt Fund  - DIRECT - IDCW,Debt Scheme - Banking and PSU Fund,Open Ended Schemes,Aditya Birla Sun Life Mutual Fund,0.09362822237897195
2014-08-12,108.8541,119551,Aditya Birla Sun Life Banking & PSU Debt Fund  - DIRECT - IDCW,Debt Scheme - Banking and PSU Fund,Open Ended Schemes,Aditya Birla Sun Life Mutual Fund,0.022420350327156946
2014-08-13,108.9453,119551,Aditya Birla Sun Life Banking & PSU Debt Fund  - DIRECT - IDCW,Debt Scheme - Banking and PSU Fund,Open Ended Schemes,Aditya Birla Sun Life Mutual Fund,0.08378186949320465
2014-08-14,108.9888,119551,Aditya Birla Sun Life Banking & PSU Debt Fund  - DIRECT - IDCW,Debt Scheme - Banking and PSU Fund,Open Ended Schemes,Aditya Birla Sun Life Mutual Fund,0.039928294290803024
2014-08-19,109.1381,119551,Aditya Birla Sun Life Banking & PSU Debt Fund  - DIRECT - IDCW,Debt Scheme - Banking and PSU Fund,Open Ended Schemes,Aditya Birla Sun Life Mutual Fund,0.13698655274669846
2014-08-20,109.199,119551,Aditya Birla Sun Life Banking & PSU Debt Fund  - DIRECT - IDCW,Debt Scheme - Banking and PSU Fund,Open Ended Schemes,Aditya Birla Sun Life Mutual Fund,0.05580086147733976
2014-08-21,109.1791,119551,Aditya Birla Sun Life Banking & PSU Debt Fund  - DIRECT - IDCW,Debt Scheme - Banking and PSU Fund,Open Ended Schemes,Aditya Birla Sun Life Mutual Fund,-0.018223610106316013
2014-08-22,109.2192,119551,Aditya Birla Sun Life Banking & PSU Debt Fund  - DIRECT - IDCW,Debt Scheme - Banking and PSU Fund,Open Ended Schemes,Aditya Birla Sun Life Mutual Fund,0.03672864128756448
2014-08-25,109.2596,119551,Aditya Birla Sun Life Banking & PSU Debt Fund  - DIRECT - IDCW,Debt Scheme - Banking and PSU Fund,Open Ended Schemes,Aditya Birla Sun Life Mutual Fund,0.03698983328939143
2014-08-26,109.2961,119551,Aditya Birla Sun Life Banking & PSU Debt Fund  - DIRECT - IDCW,Debt Scheme - Banking and PSU Fund,Open Ended Schemes,Aditya Birla Sun Life Mutual Fund,0.033406675477487546
2014-08-27,109.3655,119551,Aditya Birla Sun Life Banking & PSU Debt Fund  - DIRECT - IDCW,Debt Scheme - Banking and PSU Fund,Open Ended Schemes,Aditya Birla Sun Life Mutual Fund,0.06349723366159132
2014-08-28,109.3934,119551,Aditya Birla Sun Life Banking & PSU Debt Fund  - DIRECT - IDCW,Debt Scheme - Banking and PSU Fund,Open Ended Schemes,Aditya Birla Sun Life Mutual Fund,0.025510787222660092
2014-09-01,109.5116,119551,Aditya Birla Sun Life Banking & PSU Debt Fund  - DIRECT - IDCW,Debt Scheme - Banking and PSU Fund,Open Ended Schemes,Aditya Birla Sun Life Mutual Fund,0.10805039426511343
2014-09-02,109.5448,119551,Aditya Birla Sun Life Banking & PSU Debt Fund  - DIRECT - IDCW,Debt Scheme - Banking and PSU Fund,Open Ended Schemes,Aditya Birla Sun Life Mutual Fund,0.03031642310038496
2014-09-03,109.6166,119551,Aditya Birla Sun Life Banking & PSU Debt Fund  - DIRECT - IDCW,Debt Scheme - Banking and PSU Fund,Open Ended Schemes,Aditya Birla Sun Life Mutual Fund,0.06554396009670338
2014-09-04,109.6473,119551,Aditya Birla Sun Life Banking & PSU Debt Fund  - DIRECT - IDCW,Debt Scheme - Banking and PSU Fund,Open Ended Schemes,Aditya Birla Sun Life Mutual Fund,0.028006707013350507
2014-09-05,109.6985,119551,Aditya Birla Sun Life Banking & PSU Debt Fund  - DIRECT - IDCW,Debt Scheme - Banking and PSU Fund,Open Ended Schemes,Aditya Birla Sun Life Mutual Fund,0.04669517626061381
2014-09-08,109.8163,119551,Aditya Birla Sun Life Banking & PSU Debt Fund  - DIRECT - IDCW,Debt Scheme - Banking and PSU Fund,Open Ended Schemes,Aditya Birla Sun Life Mutual Fund,0.10738524227769108
2014-09-09,109.721,119551,Aditya Birla Sun Life Banking & PSU Debt Fund  - DIRECT - IDCW,Debt Scheme - Banking and PSU Fund,Open Ended Schemes,Aditya Birla Sun Life Mutual Fund,-0.0867812883879715
2014-09-10,109.8244,119551,Aditya Birla Sun Life Banking & PSU Debt Fund  - DIRECT - IDCW,Debt Scheme - Banking and PSU Fund,Open Ended Schemes,Aditya Birla Sun Life Mutual Fund,0.09423902443470578
2014-09-11,109.8546,119551,Aditya Birla Sun Life Banking & PSU Debt Fund  - DIRECT - IDCW,Debt Scheme - Banking and PSU Fund,Open Ended Schemes,Aditya Birla Sun Life Mutual Fund,0.027498442968965087
2014-09-12,109.8922,119551,Aditya Birla Sun Life Banking & PSU Debt Fund  - DIRECT - IDCW,Debt Scheme - Banking and PSU Fund,Open Ended Schemes,Aditya Birla Sun Life Mutual Fund,0.03422706013220811
2014-09-15,109.9641,119551,Aditya Birla Sun Life Banking & PSU Debt Fund  - DIRECT - IDCW,Debt Scheme - Banking and PSU Fund,Open Ended Schemes,Aditya Birla Sun Life Mutual Fund,0.06542775556408476
2014-09-16,109.9902,119551,Aditya Birla Sun Life Banking & PSU Debt Fund  - DIRECT - IDCW,Debt Scheme - Banking and PSU Fund,Open Ended Schemes,Aditya Birla Sun Life Mutual Fund,0.023735018974369027
2014-09-17,110.0495,119551,Aditya Birla Sun Life Banking & PSU Debt Fund  - DIRECT - IDCW,Debt Scheme - Banking and PSU Fund,Open Ended Schemes,Aditya Birla Sun Life Mutual Fund,0.0539138941469286
2014-09-18,110.1537,119551,Aditya Birla Sun Life Banking & PSU Debt Fund  - DIRECT - IDCW,Debt Scheme - Banking and PSU Fund,Open Ended Schemes,Aditya Birla Sun Life Mutual Fund,0.09468466462818625
2014-09-19,110.2016,119551,Aditya Birla Sun Life Banking & PSU Debt Fund  - DIRECT - IDCW,Debt Scheme - Banking and PSU Fund,Open Ended Schemes,Aditya Birla Sun Life Mutual Fund,0.043484694567674786
2014-09-22,110.3306,119551,Aditya Birla Sun Life Banking & PSU Debt Fund  - DIRECT - IDCW,Debt Scheme - Banking and PSU Fund,Open Ended Schemes,Aditya Birla Sun Life Mutual Fund,0.1170581915326041
2014-09-23,110.361,119551,Aditya Birla Sun Life Banking & PSU Debt Fund  - DIRECT - IDCW,Debt Scheme - Banking and PSU Fund,Open Ended Schemes,Aditya Birla Sun Life Mutual Fund,0.02755355268619919
2014-09-24,110.4004,119551,Aditya Birla Sun Life Banking & PSU Debt Fund  - DIRECT - IDCW,Debt Scheme - Banking and PSU Fund,Open Ended Schemes,Aditya Birla Sun Life Mutual Fund,0.03570101756962263
2014-09-25,110.4443,119551,Aditya Birla Sun Life Banking & PSU Debt Fund  - DIRECT - IDCW,Debt Scheme - Banking and PSU Fund,Open Ended Schemes,Aditya Birla Sun Life Mutual Fund,0.03976434867989376
2014-09-26,110.5813,119551,Aditya Birla Sun Life Banking & PSU Debt Fund  - DIRECT - IDCW,Debt Scheme - Banking and PSU Fund,Open Ended Schemes,Aditya Birla Sun Life Mutual Fund,0.12404442782469882
2014-09-29,110.6058,119551,Aditya Birla Sun Life Banking & PSU Debt Fund  - DIRECT - IDCW,Debt Scheme - Banking and PSU Fund,Open Ended Schemes,Aditya Birla Sun Life Mutual Fund,0.022155644760912807
2014-09-30,110.6084,119551,Aditya Birla Sun Life Banking & PSU Debt Fund  - DIRECT - IDCW,Debt Scheme - Banking and PSU Fund,Open Ended Schemes,Aditya Birla Sun Life Mutual Fund,0.002350690470120931
2014-10-01,110.6379,119551,Aditya Birla Sun Life Banking & PSU Debt Fund  - DIRECT - IDCW,Debt Scheme - Banking and PSU Fund,Open Ended Schemes,Aditya Birla Sun Life Mutual Fund,0.02667066877379831
2014-10-07,110.878,119551,Aditya Birla Sun Life Banking & PSU Debt Fund  - DIRECT - IDCW,Debt Scheme - Banking and PSU Fund,Open Ended Schemes,Aditya Birla Sun Life Mutual Fund,0.21701424195506025
2014-10-08,110.9817,119551,Aditya Birla Sun Life Banking & PSU Debt Fund  - DIRECT - IDCW,Debt Scheme - Banking and PSU Fund,Open Ended Schemes,Aditya Birla Sun Life Mutual Fund,0.09352621800537975
2014-10-09,110.9422,119551,Aditya Birla Sun Life Banking & PSU Debt Fund  - DIRECT - IDCW,Debt Scheme - Banking and PSU Fund,Open Ended Schemes,Aditya Birla Sun Life Mutual Fund,-0.035591453365735326
2014-10-10,111.0732,119551,Aditya Birla Sun Life Banking & PSU Debt Fund  - DIRECT - IDCW,Debt Scheme - Banking and PSU Fund,Open Ended Schemes,Aditya Birla Sun Life Mutual Fund,0.1180795044626759
2014-10-13,111.165,119551,Aditya Birla Sun Life Banking & PSU Debt Fund  - DIRECT - IDCW,Debt Scheme - Banking and PSU Fund,Open Ended Schemes,Aditya Birla Sun Life Mutual Fund,0.08264819956569358
2014-10-14,111.3032,119551,Aditya Birla Sun Life Banking & PSU Debt Fund  - DIRECT - IDCW,Debt Scheme - Banking and PSU Fund,Open Ended Schemes,Aditya Birla Sun Life Mutual Fund,0.12431970494310995
2014-10-16,111.4989,119551,Aditya Birla Sun Life Banking & PSU Debt Fund  - DIRECT - IDCW,Debt Scheme - Banking and PSU Fund,Open Ended Schemes,Aditya Birla Sun Life Mutual Fund,0.17582603195596125
2014-10-17,111.5184,119551,Aditya Birla Sun Life Banking & PSU Debt Fund  - DIRECT - IDCW,Debt Scheme - Banking and PSU Fund,Open Ended Schemes,Aditya Birla Sun Life Mutual Fund,0.017488961774514422
2014-10-20,111.6753,119551,Aditya Birla Sun Life Banking & PSU Debt Fund  - DIRECT - IDCW,Debt Scheme - Banking and PSU Fund,Open Ended Schemes,Aditya Birla Sun Life Mutual Fund,0.14069427107992194
2014-10-21,111.7859,119551,Aditya Birla Sun Life Banking & PSU Debt Fund  - DIRECT - IDCW,Debt Scheme - Banking and PSU Fund,Open Ended Schemes,Aditya Birla Sun Life Mutual Fund,0.099037119219747
2014-10-22,111.8628,119551,Aditya Birla Sun Life Banking & PSU Debt Fund  - DIRECT - IDCW,Debt Scheme - Banking and PSU Fund,Open Ended Schemes,Aditya Birla Sun Life Mutual Fund,0.06879221798097301
2014-10-27,112.0815,119551,Aditya Birla Sun Life Banking & PSU Debt Fund  - DIRECT - IDCW,Debt Scheme - Banking and PSU Fund,Open Ended Schemes,Aditya Birla Sun Life Mutual Fund,0.19550735365108096
2014-10-28,112.18,119551,Aditya Birla Sun Life Banking & PSU Debt Fund  - DIRECT - IDCW,Debt Scheme - Banking and PSU Fund,Open Ended Schemes,Aditya Birla Sun Life Mutual Fund,0.08788247837512309
2014-10-29,112.2563,119551,Aditya Birla Sun Life Banking & PSU Debt Fund  - DIRECT - IDCW,Debt Scheme - Banking and PSU Fund,Open Ended Schemes,Aditya Birla Sun Life Mutual Fund,0.06801568907113253
2014-10-30,112.3874,119551,Aditya Birla Sun Life Banking & PSU Debt Fund  - DIRECT - IDCW,Debt Scheme - Banking and PSU Fund,Open Ended Schemes,Aditya Birla Sun Life Mutual Fund,0.11678631845162268
2014-10-31,112.549,119551,Aditya Birla Sun Life Banking & PSU Debt Fund  - DIRECT - IDCW,Debt Scheme - Banking and PSU Fund,Open Ended Schemes,Aditya Birla Sun Life Mutual Fund,0.14378836061694766
2014-11-03,112.7413,119551,Aditya Birla Sun Life Banking & PSU Debt Fund  - DIRECT - IDCW,Debt Scheme - Banking and PSU Fund,Open Ended Schemes,Aditya Birla Sun Life Mutual Fund,0.1708589147837669
2014-11-05,113.0,119551,Aditya Birla Sun Life Banking & PSU Debt Fund  - DIRECT - IDCW,Debt Scheme - Banking and PSU Fund,Open Ended Schemes,Aditya Birla Sun Life Mutual Fund,0.22946338209688388
2014-11-07,113.0631,119551,Aditya Birla Sun Life Banking & PSU Debt Fund  - DIRECT - IDCW,Debt Scheme - Banking and PSU Fund,Open Ended Schemes,Aditya Birla Sun Life Mutual Fund,0.05584070796460505
2014-11-10,113.2158,119551,Aditya Birla Sun Life Banking & PSU Debt Fund  - DIRECT - IDCW,Debt Scheme - Banking and PSU Fund,Open Ended Schemes,Aditya Birla Sun Life Mutual Fund,0.13505732639560453
2014-11-11,113.233,119551,Aditya Birla Sun Life Banking & PSU Debt Fund  - DIRECT - IDCW,Debt Scheme - Banking and PSU Fund,Open Ended Schemes,Aditya Birla Sun Life Mutual Fund,0.01519222582007096
2014-11-12,113.2863,119551,Aditya Birla Sun Life Banking & PSU Debt Fund  - DIRECT - IDCW,Debt Scheme - Banking and PSU Fund,Open Ended Schemes,Aditya Birla Sun Life Mutual Fund,0.047071083518046564
2014-11-13,113.1662,119551,Aditya Birla Sun Life Banking & PSU Debt Fund  - DIRECT - IDCW,Debt Scheme - Banking and PSU Fund,Open Ended Schemes,Aditya Birla Sun Life Mutual Fund,-0.10601458428777244
2014-11-14,113.1821,119551,Aditya Birla Sun Life Banking & PSU Debt Fund  - DIRECT - IDCW,Debt Scheme - Banking and PSU Fund,Open Ended Schemes,Aditya Birla Sun Life Mutual Fund,0.014050131576381908
2014-11-17,113.3374,119551,Aditya Birla Sun Life Banking & PSU Debt Fund  - DIRECT - IDCW,Debt Scheme - Banking and PSU Fund,Open Ended Schemes,Aditya Birla Sun Life Mutual Fund,0.13721250975198274
2014-11-18,113.4102,119551,Aditya Birla Sun Life Banking & PSU Debt Fund  - DIRECT - IDCW,Debt Scheme - Banking and PSU Fund,Open Ended Schemes,Aditya Birla Sun Life Mutual Fund,0.06423298928686094
2014-11-19,113.4418,119551,Aditya Birla Sun Life Banking & PSU Debt Fund  - DIRECT - IDCW,Debt Scheme - Banking and PSU Fund,Open Ended Schemes,Aditya Birla Sun Life Mutual Fund,0.02786345496259557
2014-11-20,113.4823,119551,Aditya Birla Sun Life Banking & PSU Debt Fund  - DIRECT - IDCW,Debt Scheme - Banking and PSU Fund,Open Ended Schemes,Aditya Birla Sun Life Mutual Fund,0.035701126039966447
2014-11-21,113.5065,119551,Aditya Birla Sun Life Banking & PSU Debt Fund  - DIRECT - IDCW,Debt Scheme - Banking and PSU Fund,Open Ended Schemes,Aditya Birla Sun Life Mutual Fund,0.021324911461961804
2014-11-24,113.5794,119551,Aditya Birla Sun Life Banking & PSU Debt Fund  - DIRECT - IDCW,Debt Scheme - Banking and PSU Fund,Open Ended Schemes,Aditya Birla Sun Life Mutual Fund,0.06422539678345718
2014-11-25,113.6379,119551,Aditya Birla Sun Life Banking & PSU Debt Fund  - DIRECT - IDCW,Debt Scheme - Banking and PSU Fund,Open Ended Schemes,Aditya Birla Sun Life Mutual Fund,0.05150581883686112
2014-11-26,113.6632,119551,Aditya Birla Sun Life Banking & PSU Debt Fund  - DIRECT - IDCW,Debt Scheme - Banking and PSU Fund,Open Ended Schemes,Aditya Birla Sun Life Mutual Fund,0.02226369899478442
2014-11-27,113.6867,119551,Aditya Birla Sun Life Banking & PSU Debt Fund  - DIRECT - IDCW,Debt Scheme - Banking and PSU Fund,Open Ended Schemes,Aditya Birla Sun Life Mutual Fund,0.020675117364277185
2014-11-28,113.8838,119551,Aditya Birla Sun Life Banking & PSU Debt Fund  - DIRECT - IDCW,Debt Scheme - Banking and PSU Fund,Open Ended Schemes,Aditya Birla Sun Life Mutual Fund,0.1733712034917012
2014-12-01,114.0367,119551,Aditya Birla Sun Life Banking & PSU Debt Fund  - DIRECT - IDCW,Debt Scheme - Banking and PSU Fund,Open Ended Schemes,Aditya Birla Sun Life Mutual Fund,0.13425965765103687
2014-12-02,114.3339,119551,Aditya Birla Sun Life Banking & PSU Debt Fund  - DIRECT - IDCW,Debt Scheme - Banking and PSU Fund,Open Ended Schemes,Aditya Birla Sun Life Mutual Fund,0.26061785372604174
2014-12-03,114.3739,119551,Aditya Birla Sun Life Banking & PSU Debt Fund  - DIRECT - IDCW,Debt Scheme - Banking and PSU Fund,Open Ended Schemes,Aditya Birla Sun Life Mutual Fund,0.03498524934424374
2014-12-04,114.375,119551,Aditya Birla Sun Life Banking & PSU Debt Fund  - DIRECT - IDCW,Debt Scheme - Banking and PSU Fund,Open Ended Schemes,Aditya Birla Sun Life Mutual Fund,0.000961757883577441
2014-12-05,114.4292,119551,Aditya Birla Sun Life Banking & PSU Debt Fund  - DIRECT - IDCW,Debt Scheme - Banking and PSU Fund,Open Ended Schemes,Aditya Birla Sun Life Mutual Fund,0.04738797814207718
2014-12-08,114.5229,119551,Aditya Birla Sun Life Banking & PSU Debt Fund  - DIRECT - IDCW,Debt Scheme - Banking and PSU Fund,Open Ended Schemes,Aditya Birla Sun Life Mutual Fund,0.08188469376697594
2014-12-09,114.6075,119551,Aditya Birla Sun Life Banking & PSU Debt Fund  - DIRECT - IDCW,Debt Scheme - Banking and PSU Fund,Open Ended Schemes,Aditya Birla Sun Life Mutual Fund,0.0738716885443802
2014-12-10,114.5532,119551,Aditya Birla Sun Life Banking & PSU Debt Fund  - DIRECT - IDCW,Debt Scheme - Banking and PSU Fund,Open Ended Schemes,Aditya Birla Sun Life Mutual Fund,-0.04737909822655206
2014-12-11,114.6519,119551,Aditya Birla Sun Life Banking & PSU Debt Fund  - DIRECT - IDCW,Debt Scheme - Banking and PSU Fund,Open Ended Schemes,Aditya Birla Sun Life Mutual Fund,0.0861608405526848
2014-12-12,114.7909,119551,Aditya Birla Sun Life Banking & PSU Debt Fund  - DIRECT - IDCW,Debt Scheme - Banking and PSU Fund,Open Ended Schemes,Aditya Birla Sun Life Mutual Fund,0.12123654296178898
2014-12-15,114.8848,119551,Aditya Birla Sun Life Banking & PSU Debt Fund  - DIRECT - IDCW,Debt Scheme - Banking and PSU Fund,Open Ended Schemes,Aditya Birla Sun Life Mutual Fund,0.08180090930554051
2014-12-16,114.3427,119551,Aditya Birla Sun Life Banking & PSU Debt Fund  - DIRECT - IDCW,Debt Scheme - Banking and PSU Fund,Open Ended Schemes,Aditya Birla Sun Life Mutual Fund,-0.47186398896982285
2014-12-17,114.3381,119551,Aditya Birla Sun Life Banking & PSU Debt Fund  - DIRECT - IDCW,Debt Scheme - Banking and PSU Fund,Open Ended Schemes,Aditya Birla Sun Life Mutual Fund,-0.004022994034591498
2014-12-18,114.4956,119551,Aditya Birla Sun Life Banking & PSU Debt Fund  - DIRECT - IDCW,Debt Scheme - Banking and PSU Fund,Open Ended Schemes,Aditya Birla Sun Life Mutual Fund,0.13774935913750674
2014-12-19,114.4116,119551,Aditya Birla Sun Life Banking & PSU Debt Fund  - DIRECT - IDCW,Debt Scheme - Banking and PSU Fund,Open Ended Schemes,Aditya Birla Sun Life Mutual Fund,-0.07336526469138294
2014-12-22,114.5061,119551,Aditya Birla Sun Life Banking & PSU Debt Fund  - DIRECT - IDCW,Debt Scheme - Banking and PSU Fund,Open Ended Schemes,Aditya Birla Sun Life Mutual Fund,0.08259651993329786
2014-12-23,114.6022,119551,Aditya Birla Sun Life Banking & PSU Debt Fund  - DIRECT - IDCW,Debt Scheme - Banking and PSU Fund,Open Ended Schemes,Aditya Birla Sun Life Mutual Fund,0.08392565985566591
2014-12-24,114.5759,119551,Aditya Birla Sun Life Banking & PSU Debt Fund  - DIRECT - IDCW,Debt Scheme - Banking and PSU Fund,Open Ended Schemes,Aditya Birla Sun Life Mutual Fund,-0.022948948624013088
2014-12-26,114.5973,119551,Aditya Birla Sun Life Banking & PSU Debt Fund  - DIRECT - IDCW,Debt Scheme - Banking and PSU Fund,Open Ended Schemes,Aditya Birla Sun Life Mutual Fund,0.01867757530160663
2014-12-29,114.7535,119551,Aditya Birla Sun Life Banking & PSU Debt Fund  - DIRECT - IDCW,Debt Scheme - Banking and PSU Fund,Open Ended Schemes,Aditya Birla Sun Life Mutual Fund,0.13630338585637336
2014-12-30,114.9108,119551,Aditya Birla Sun Life Banking & PSU Debt Fund  - DIRECT - IDCW,Debt Scheme - Banking and PSU Fund,Open Ended Schemes,Aditya Birla Sun Life Mutual Fund,0.13707642904137174
2014-12-31,115.0256,119551,Aditya Birla Sun Life Banking & PSU Debt Fund  - DIRECT - IDCW,Debt Scheme - Banking and PSU Fund,Open Ended Schemes,Aditya Birla Sun Life Mutual Fund,0.09990357738349775
2015-01-01,115.0622,119551,Aditya Birla Sun Life Banking & PSU Debt Fund  - DIRECT - IDCW,Debt Scheme - Banking and PSU Fund,Open Ended Schemes,Aditya Birla Sun Life Mutual Fund,0.031819003769606446
2015-01-02,115.0298,119551,Aditya Birla Sun Life Banking & PSU Debt Fund  - DIRECT - IDCW,Debt Scheme - Banking and PSU Fund,Open Ended Schemes,Aditya Birla Sun Life Mutual Fund,-0.02815868286892842
2015-01-05,115.0697,119551,Aditya Birla Sun Life Banking & PSU Debt Fund  - DIRECT - IDCW,Debt Scheme - Banking and PSU Fund,Open Ended Schemes,Aditya Birla Sun Life Mutual Fund,0.03468666380364027
2015-01-06,115.0098,119551,Aditya Birla Sun Life Banking & PSU Debt Fund  - DIRECT - IDCW,Debt Scheme - Banking and PSU Fund,Open Ended Schemes,Aditya Birla Sun Life Mutual Fund,-0.052055406418893835
2015-01-07,115.0964,119551,Aditya Birla Sun Life Banking & PSU Debt Fund  - DIRECT - IDCW,Debt Scheme - Banking and PSU Fund,Open Ended Schemes,Aditya Birla Sun Life Mutual Fund,0.0752979311328339
2015-01-08,115.1534,119551,Aditya Birla Sun Life Banking & PSU Debt Fund  - DIRECT - IDCW,Debt Scheme - Banking and PSU Fund,Open Ended Schemes,Aditya Birla Sun Life Mutual Fund,0.04952370360844505
2015-01-09,115.2179,119551,Aditya Birla Sun Life Banking & PSU Debt Fund  - DIRECT - IDCW,Debt Scheme - Banking and PSU Fund,Open Ended Schemes,Aditya Birla Sun Life Mutual Fund,0.05601224106279723
2015-01-12,115.4215,119551,Aditya Birla Sun Life Banking & PSU Debt Fund  - DIRECT - IDCW,Debt Scheme - Banking and PSU Fund,Open Ended Schemes,Aditya Birla Sun Life Mutual Fund,0.17670865377688028
2015-01-13,115.5874,119551,Aditya Birla Sun Life Banking & PSU Debt Fund  - DIRECT - IDCW,Debt Scheme - Banking and PSU Fund,Open Ended Schemes,Aditya Birla Sun Life Mutual Fund,0.14373405301439934
2015-01-14,115.6112,119551,Aditya Birla Sun Life Banking & PSU Debt Fund  - DIRECT - IDCW,Debt Scheme - Banking and PSU Fund,Open Ended Schemes,Aditya Birla Sun Life Mutual Fund,0.02059047958513638
2015-01-15,115.9938,119551,Aditya Birla Sun Life Banking & PSU Debt Fund  - DIRECT - IDCW,Debt Scheme - Banking and PSU Fund,Open Ended Schemes,Aditya Birla Sun Life Mutual Fund,0.3309367950509845
2015-01-16,116.1579,119551,Aditya Birla Sun Life Banking & PSU Debt Fund  - DIRECT - IDCW,Debt Scheme - Banking and PSU Fund,Open Ended Schemes,Aditya Birla Sun Life Mutual Fund,0.14147307873351167
2015-01-19,116.243,119551,Aditya Birla Sun Life Banking & PSU Debt Fund  - DIRECT - IDCW,Debt Scheme - Banking and PSU Fund,Open Ended Schemes,Aditya Birla Sun Life Mutual Fund,0.0732623437579294
2015-01-20,116.2527,119551,Aditya Birla Sun Life Banking & PSU Debt Fund  - DIRECT - IDCW,Debt Scheme - Banking and PSU Fund,Open Ended Schemes,Aditya Birla Sun Life Mutual Fund,0.008344588491349114
2015-01-21,116.3456,119551,Aditya Birla Sun Life Banking & PSU Debt Fund  - DIRECT - IDCW,Debt Scheme - Banking and PSU Fund,Open Ended Schemes,Aditya Birla Sun Life Mutual Fund,0.07991212247113744
2015-01-22,116.3811,119551,Aditya Birla Sun Life Banking & PSU Debt Fund  - DIRECT - IDCW,Debt Scheme - Banking and PSU Fund,Open Ended Schemes,Aditya Birla Sun Life Mutual Fund,0.030512541943994442
2015-01-23,116.4146,119551,Aditya Birla Sun Life Banking & PSU Debt Fund  - DIRECT - IDCW,Debt Scheme - Banking and PSU Fund,Open Ended Schemes,Aditya Birla Sun Life Mutual Fund,0.028784742539800234
2015-01-27,116.4896,119551,Aditya Birla Sun Life Banking & PSU Debt Fund  - DIRECT - IDCW,Debt Scheme - Banking and PSU Fund,Open Ended Schemes,Aditya Birla Sun Life Mutual Fund,0.06442490890317121
2015-01-28,116.5474,119551,Aditya Birla Sun Life Banking & PSU Debt Fund  - DIRECT - IDCW,Debt Scheme - Banking and PSU Fund,Open Ended Schemes,Aditya Birla Sun Life Mutual Fund,0.04961816333819424
2015-01-29,116.583,119551,Aditya Birla Sun Life Banking & PSU Debt Fund  - DIRECT - IDCW,Debt Scheme - Banking and PSU Fund,Open Ended Schemes,Aditya Birla Sun Life Mutual Fund,0.030545511954804816
2015-01-30,116.5922,119551,Aditya Birla Sun Life Banking & PSU Debt Fund  - DIRECT - IDCW,Debt Scheme - Banking and PSU Fund,Open Ended Schemes,Aditya Birla Sun Life Mutual Fund,0.007891373527879608
2015-02-02,116.7716,119551,Aditya Birla Sun Life Banking & PSU Debt Fund  - DIRECT - IDCW,Debt Scheme - Banking and PSU Fund,Open Ended Schemes,Aditya Birla Sun Life Mutual Fund,0.1538696413653673
2015-02-03,116.6952,119551,Aditya Birla Sun Life Banking & PSU Debt Fund  - DIRECT - IDCW,Debt Scheme - Banking and PSU Fund,Open Ended Schemes,Aditya Birla Sun Life Mutual Fund,-0.06542686749175797
2015-02-04,116.6401,119551,Aditya Birla Sun Life Banking & PSU Debt Fund  - DIRECT - IDCW,Debt Scheme - Banking and PSU Fund,Open Ended Schemes,Aditya Birla Sun Life Mutual Fund,-0.047217023493684174
2015-02-05,116.6397,119551,Aditya Birla Sun Life Banking & PSU Debt Fund  - DIRECT - IDCW,Debt Scheme - Banking and PSU Fund,Open Ended Schemes,Aditya Birla Sun Life Mutual Fund,-0.0003429352341099978
2015-02-06,116.6382,119551,Aditya Birla Sun Life Banking & PSU Debt Fund  - DIRECT - IDCW,Debt Scheme - Banking and PSU Fund,Open Ended Schemes,Aditya Birla Sun Life Mutual Fund,-0.0012860115381041481
2015-02-09,116.6428,119551,Aditya Birla Sun Life Banking & PSU Debt Fund  - DIRECT - IDCW,Debt Scheme - Banking and PSU Fund,Open Ended Schemes,Aditya Birla Sun Life Mutual Fund,0.003943819434804041
2015-02-10,116.6639,119551,Aditya Birla Sun Life Banking & PSU Debt Fund  - DIRECT - IDCW,Debt Scheme - Banking and PSU Fund,Open Ended Schemes,Aditya Birla Sun Life Mutual Fund,0.018089414863164954
2015-02-11,116.669,119551,Aditya Birla Sun Life Banking & PSU Debt Fund  - DIRECT - IDCW,Debt Scheme - Banking and PSU Fund,Open Ended Schemes,Aditya Birla Sun Life Mutual Fund,0.004371532239200171
2015-02-12,116.6546,119551,Aditya Birla Sun Life Banking & PSU Debt Fund  - DIRECT - IDCW,Debt Scheme - Banking and PSU Fund,Open Ended Schemes,Aditya Birla Sun Life Mutual Fund,-0.01234261029064987
2015-02-13,116.7452,119551,Aditya Birla Sun Life Banking & PSU Debt Fund  - DIRECT - IDCW,Debt Scheme - Banking and PSU Fund,Open Ended Schemes,Aditya Birla Sun Life Mutual Fund,0.07766517565530595
2015-02-16,116.8223,119551,Aditya Birla Sun Life Banking & PSU Debt Fund  - DIRECT - IDCW,Debt Scheme - Banking and PSU Fund,Open Ended Schemes,Aditya Birla Sun Life Mutual Fund,0.06604125908389324
2015-02-18,116.8588,119551,Aditya Birla Sun Life Banking & PSU Debt Fund  - DIRECT - IDCW,Debt Scheme - Banking and PSU Fund,Open Ended Schemes,Aditya Birla Sun Life Mutual Fund,0.031244034743371785
2015-02-20,116.9274,119551,Aditya Birla Sun Life Banking & PSU Debt Fund  - DIRECT - IDCW,Debt Scheme - Banking and PSU Fund,Open Ended Schemes,Aditya Birla Sun Life Mutual Fund,0.05870332401154421
2015-02-23,116.9984,119551,Aditya Birla Sun Life Banking & PSU Debt Fund  - DIRECT - IDCW,Debt Scheme - Banking and PSU Fund,Open Ended Schemes,Aditya Birla Sun Life Mutual Fund,0.06072143911521888
2015-02-24,117.0714,119551,Aditya Birla Sun Life Banking & PSU Debt Fund  - DIRECT - IDCW,Debt Scheme - Banking and PSU Fund,Open Ended Schemes,Aditya Birla Sun Life Mutual Fund,0.06239401564465119
2015-02-25,117.136,119551,Aditya Birla Sun Life Banking & PSU Debt Fund  - DIRECT - IDCW,Debt Scheme - Banking and PSU Fund,Open Ended Schemes,Aditya Birla Sun Life Mutual Fund,0.05518000126418787
2015-02-26,117.1316,119551,Aditya Birla Sun Life Banking & PSU Debt Fund  - DIRECT - IDCW,Debt Scheme - Banking and PSU Fund,Open Ended Schemes,Aditya Birla Sun Life Mutual Fund,-0.003756317442960011
2015-02-27,117.1873,119551,Aditya Birla Sun Life Banking & PSU Debt Fund  - DIRECT - IDCW,Debt Scheme - Banking and PSU Fund,Open Ended Schemes,Aditya Birla Sun Life Mutual Fund,0.047553350248774606
2015-03-02,117.2585,119551,Aditya Birla Sun Life Banking & PSU Debt Fund  - DIRECT - IDCW,Debt Scheme - Banking and PSU Fund,Open Ended Schemes,Aditya Birla Sun Life Mutual Fund,0.06075743702602665
2015-03-03,117.2102,119551,Aditya Birla Sun Life Banking & PSU Debt Fund  - DIRECT - IDCW,Debt Scheme - Banking and PSU Fund,Open Ended Schemes,Aditya Birla Sun Life Mutual Fund,-0.0411910437196461
2015-03-04,117.4492,119551,Aditya Birla Sun Life Banking & PSU Debt Fund  - DIRECT - IDCW,Debt Scheme - Banking and PSU Fund,Open Ended Schemes,Aditya Birla Sun Life Mutual Fund,0.20390716848874835
2015-03-05,117.4822,119551,Aditya Birla Sun Life Banking & PSU Debt Fund  - DIRECT - IDCW,Debt Scheme - Banking and PSU Fund,Open Ended Schemes,Aditya Birla Sun Life Mutual Fund,0.02809725396171192
2015-03-09,117.449,119551,Aditya Birla Sun Life Banking & PSU Debt Fund  - DIRECT - IDCW,Debt Scheme - Banking and PSU Fund,Open Ended Schemes,Aditya Birla Sun Life Mutual Fund,-0.028259600177737987
2015-03-10,117.4224,119551,Aditya Birla Sun Life Banking & PSU Debt Fund  - DIRECT - IDCW,Debt Scheme - Banking and PSU Fund,Open Ended Schemes,Aditya Birla Sun Life Mutual Fund,-0.022648128123703426
2015-03-11,117.412,119551,Aditya Birla Sun Life Banking & PSU Debt Fund  - DIRECT - IDCW,Debt Scheme - Banking and PSU Fund,Open Ended Schemes,Aditya Birla Sun Life Mutual Fund,-0.00885691316135917
2015-03-12,117.4767,119551,Aditya Birla Sun Life Banking & PSU Debt Fund  - DIRECT - IDCW,Debt Scheme - Banking and PSU Fund,Open Ended Schemes,Aditya Birla Sun Life Mutual Fund,0.05510509998976065
2015-03-13,117.3557,119551,Aditya Birla Sun Life Banking & PSU Debt Fund  - DIRECT - IDCW,Debt Scheme - Banking and PSU Fund,Open Ended Schemes,Aditya Birla Sun Life Mutual Fund,-0.10299914791613851
2015-03-16,117.4257,119551,Aditya Birla Sun Life Banking & PSU Debt Fund  - DIRECT - IDCW,Debt Scheme - Banking and PSU Fund,Open Ended Schemes,Aditya Birla Sun Life Mutual Fund,0.05964772056237244
2015-03-17,117.4812,119551,Aditya Birla Sun Life Banking & PSU Debt Fund  - DIRECT - IDCW,Debt Scheme - Banking and PSU Fund,Open Ended Schemes,Aditya Birla Sun Life Mutual Fund,0.047263929446450526
2015-03-18,117.4713,119551,Aditya Birla Sun Life Banking & PSU Debt Fund  - DIRECT - IDCW,Debt Scheme - Banking and PSU Fund,Open Ended Schemes,Aditya Birla Sun Life Mutual Fund,-0.00842688021572835
2015-03-19,117.5422,119551,Aditya Birla Sun Life Banking & PSU Debt Fund  - DIRECT - IDCW,Debt Scheme - Banking and PSU Fund,Open Ended Schemes,Aditya Birla Sun Life Mutual Fund,0.0603551676026326
2015-03-20,117.6167,119551,Aditya Birla Sun Life Banking & PSU Debt Fund  - DIRECT - IDCW,Debt Scheme - Banking and PSU Fund,Open Ended Schemes,Aditya Birla Sun Life Mutual Fund,0.06338149192375298
2015-03-23,117.6634,119551,Aditya Birla Sun Life Banking & PSU Debt Fund  - DIRECT - IDCW,Debt Scheme - Banking and PSU Fund,Open Ended Schemes,Aditya Birla Sun Life Mutual Fund,0.03970524593872593
2015-03-24,117.7014,119551,Aditya Birla Sun Life Banking & PSU Debt Fund  - DIRECT - IDCW,Debt Scheme - Banking and PSU Fund,Open Ended Schemes,Aditya Birla Sun Life Mutual Fund,0.032295514153091176
2015-03-25,117.721,119551,Aditya Birla Sun Life Banking & PSU Debt Fund  - DIRECT - IDCW,Debt Scheme - Banking and PSU Fund,Open Ended Schemes,Aditya Birla Sun Life Mutual Fund,0.016652308298792384
2015-03-26,117.7366,119551,Aditya Birla Sun Life Banking & PSU Debt Fund  - DIRECT - IDCW,Debt Scheme - Banking and PSU Fund,Open Ended Schemes,Aditya Birla Sun Life Mutual Fund,0.01325167132457672
2015-03-27,117.7888,119551,Aditya Birla Sun Life Banking & PSU Debt Fund  - DIRECT - IDCW,Debt Scheme - Banking and PSU Fund,Open Ended Schemes,Aditya Birla Sun Life Mutual Fund,0.04433625567581423
2015-03-30,117.8781,119551,Aditya Birla Sun Life Banking & PSU Debt Fund  - DIRECT - IDCW,Debt Scheme - Banking and PSU Fund,Open Ended Schemes,Aditya Birla Sun Life Mutual Fund,0.07581365970279474
2015-03-31,118.0538,119551,Aditya Birla Sun Life Banking & PSU Debt Fund  - DIRECT - IDCW,Debt Scheme - Banking and PSU Fund,Open Ended Schemes,Aditya Birla Sun Life Mutual Fund,0.1490522836727015
2015-04-06,118.3359,119551,Aditya Birla Sun Life Banking & PSU Debt Fund  - DIRECT - IDCW,Debt Scheme - Banking and PSU Fund,Open Ended Schemes,Aditya Birla Sun Life Mutual Fund,0.23895884757627606
2015-04-07,118.3426,119551,Aditya Birla Sun Life Banking & PSU Debt Fund  - DIRECT - IDCW,Debt Scheme - Banking and PSU Fund,Open Ended Schemes,Aditya Birla Sun Life Mutual Fund,0.005661849024685139
2015-04-08,118.3201,119551,Aditya Birla Sun Life Banking & PSU Debt Fund  - DIRECT - IDCW,Debt Scheme - Banking and PSU Fund,Open Ended Schemes,Aditya Birla Sun Life Mutual Fund,-0.019012595633360885
2015-04-09,118.4202,119551,Aditya Birla Sun Life Banking & PSU Debt Fund  - DIRECT - IDCW,Debt Scheme - Banking and PSU Fund,Open Ended Schemes,Aditya Birla Sun Life Mutual Fund,0.0846010103101591
2015-04-10,118.4427,119551,Aditya Birla Sun Life Banking & PSU Debt Fund  - DIRECT - IDCW,Debt Scheme - Banking and PSU Fund,Open Ended Schemes,Aditya Birla Sun Life Mutual Fund,0.019000136800984002
2015-04-13,118.5303,119551,Aditya Birla Sun Life Banking & PSU Debt Fund  - DIRECT - IDCW,Debt Scheme - Banking and PSU Fund,Open Ended Schemes,Aditya Birla Sun Life Mutual Fund,0.07395981347941838
2015-04-15,118.5848,119551,Aditya Birla Sun Life Banking & PSU Debt Fund  - DIRECT - IDCW,Debt Scheme - Banking and PSU Fund,Open Ended Schemes,Aditya Birla Sun Life Mutual Fund,0.045979804320084305
2015-04-16,118.6022,119551,Aditya Birla Sun Life Banking & PSU Debt Fund  - DIRECT - IDCW,Debt Scheme - Banking and PSU Fund,Open Ended Schemes,Aditya Birla Sun Life Mutual Fund,0.014673044100077526
2015-04-17,118.6016,119551,Aditya Birla Sun Life Banking & PSU Debt Fund  - DIRECT - IDCW,Debt Scheme - Banking and PSU Fund,Open Ended Schemes,Aditya Birla Sun Life Mutual Fund,-0.0005058928080559078
2015-04-20,118.6696,119551,Aditya Birla Sun Life Banking & PSU Debt Fund  - DIRECT - IDCW,Debt Scheme - Banking and PSU Fund,Open Ended Schemes,Aditya Birla Sun Life Mutual Fund,0.057334808299369655
2015-04-21,118.7199,119551,Aditya Birla Sun Life Banking & PSU Debt Fund  - DIRECT - IDCW,Debt Scheme - Banking and PSU Fund,Open Ended Schemes,Aditya Birla Sun Life Mutual Fund,0.04238659269095724
2015-04-22,118.7833,119551,Aditya Birla Sun Life Banking & PSU Debt Fund  - DIRECT - IDCW,Debt Scheme - Banking and PSU Fund,Open Ended Schemes,Aditya Birla Sun Life Mutual Fund,0.05340300994189917
2015-04-23,118.7552,119551,Aditya Birla Sun Life Banking & PSU Debt Fund  - DIRECT - IDCW,Debt Scheme - Banking and PSU Fund,Open Ended Schemes,Aditya Birla Sun Life Mutual Fund,-0.023656524107340537
2015-04-24,118.7424,119551,Aditya Birla Sun Life Banking & PSU Debt Fund  - DIRECT - IDCW,Debt Scheme - Banking and PSU Fund,Open Ended Schemes,Aditya Birla Sun Life Mutual Fund,-0.01077847538465404
2015-04-27,118.7981,119551,Aditya Birla Sun Life Banking & PSU Debt Fund  - DIRECT - IDCW,Debt Scheme - Banking and PSU Fund,Open Ended Schemes,Aditya Birla Sun Life Mutual Fund,0.04690826528688241
2015-04-28,118.8214,119551,Aditya Birla Sun Life Banking & PSU Debt Fund  - DIRECT - IDCW,Debt Scheme - Banking and PSU Fund,Open Ended Schemes,Aditya Birla Sun Life Mutual Fund,0.019613108290439385
2015-04-29,118.7676,119551,Aditya Birla Sun Life Banking & PSU Debt Fund  - DIRECT - IDCW,Debt Scheme - Banking and PSU Fund,Open Ended Schemes,Aditya Birla Sun Life Mutual Fund,-0.04527803914109452
2015-04-30,118.6387,119551,Aditya Birla Sun Life Banking & PSU Debt Fund  - DIRECT - IDCW,Debt Scheme - Banking and PSU Fund,Open Ended Schemes,Aditya Birla Sun Life Mutual Fund,-0.10853128294249226
2015-05-05,118.7349,119551,Aditya Birla Sun Life Banking & PSU Debt Fund  - DIRECT - IDCW,Debt Scheme - Banking and PSU Fund,Open Ended Schemes,Aditya Birla Sun Life Mutual Fund,0.08108652572895725
2015-05-06,118.6148,119551,Aditya Birla Sun Life Banking & PSU Debt Fund  - DIRECT - IDCW,Debt Scheme - Banking and PSU Fund,Open Ended Schemes,Aditya Birla Sun Life Mutual Fund,-0.10114970408868773
2015-05-07,118.376,119551,Aditya Birla Sun Life Banking & PSU Debt Fund  - DIRECT - IDCW,Debt Scheme - Banking and PSU Fund,Open Ended Schemes,Aditya Birla Sun Life Mutual Fund,-0.20132394945655552
2015-05-08,118.3858,119551,Aditya Birla Sun Life Banking & PSU Debt Fund  - DIRECT - IDCW,Debt Scheme - Banking and PSU Fund,Open Ended Schemes,Aditya Birla Sun Life Mutual Fund,0.008278705142927834
2015-05-11,118.671,119551,Aditya Birla Sun Life Banking & PSU Debt Fund  - DIRECT - IDCW,Debt Scheme - Banking and PSU Fund,Open Ended Schemes,Aditya Birla Sun Life Mutual Fund,0.2409072709733895
2015-05-12,118.5949,119551,Aditya Birla Sun Life Banking & PSU Debt Fund  - DIRECT - IDCW,Debt Scheme - Banking and PSU Fund,Open Ended Schemes,Aditya Birla Sun Life Mutual Fund,-0.06412687177154153
2015-05-13,118.5796,119551,Aditya Birla Sun Life Banking & PSU Debt Fund  - DIRECT - IDCW,Debt Scheme - Banking and PSU Fund,Open Ended Schemes,Aditya Birla Sun Life Mutual Fund,-0.012901060669556763
2015-05-14,118.5984,119551,Aditya Birla Sun Life Banking & PSU Debt Fund  - DIRECT - IDCW,Debt Scheme - Banking and PSU Fund,Open Ended Schemes,Aditya Birla Sun Life Mutual Fund,0.015854329075160045
2015-05-15,118.638,119551,Aditya Birla Sun Life Banking & PSU Debt Fund  - DIRECT - IDCW,Debt Scheme - Banking and PSU Fund,Open Ended Schemes,Aditya Birla Sun Life Mutual Fund,0.03338999514328478
2015-05-18,118.8277,119551,Aditya Birla Sun Life Banking & PSU Debt Fund  - DIRECT - IDCW,Debt Scheme - Banking and PSU Fund,Open Ended Schemes,Aditya Birla Sun Life Mutual Fund,0.1598981776496533
2015-05-19,119.0042,119551,Aditya Birla Sun Life Banking & PSU Debt Fund  - DIRECT - IDCW,Debt Scheme - Banking and PSU Fund,Open Ended Schemes,Aditya Birla Sun Life Mutual Fund,0.14853439055035889
2015-05-20,119.0625,119551,Aditya Birla Sun Life Banking & PSU Debt Fund  - DIRECT - IDCW,Debt Scheme - Banking and PSU Fund,Open Ended Schemes,Aditya Birla Sun Life Mutual Fund,0.04898986758450352
2015-05-21,119.0962,119551,Aditya Birla Sun Life Banking & PSU Debt Fund  - DIRECT - IDCW,Debt Scheme - Banking and PSU Fund,Open Ended Schemes,Aditya Birla Sun Life Mutual Fund,0.028304461942263437
2015-05-22,119.1641,119551,Aditya Birla Sun Life Banking & PSU Debt Fund  - DIRECT - IDCW,Debt Scheme - Banking and PSU Fund,Open Ended Schemes,Aditya Birla Sun Life Mutual Fund,0.057012734243411245
2015-05-25,119.2195,119551,Aditya Birla Sun Life Banking & PSU Debt Fund  - DIRECT - IDCW,Debt Scheme - Banking and PSU Fund,Open Ended Schemes,Aditya Birla Sun Life Mutual Fund,0.04649051182359365
2015-05-26,119.1981,119551,Aditya Birla Sun Life Banking & PSU Debt Fund  - DIRECT - IDCW,Debt Scheme - Banking and PSU Fund,Open Ended Schemes,Aditya Birla Sun Life Mutual Fund,-0.017950083669193706
2015-05-27,119.2361,119551,Aditya Birla Sun Life Banking & PSU Debt Fund  - DIRECT - IDCW,Debt Scheme - Banking and PSU Fund,Open Ended Schemes,Aditya Birla Sun Life Mutual Fund,0.03187970278049068
2015-05-28,119.3367,119551,Aditya Birla Sun Life Banking & PSU Debt Fund  - DIRECT - IDCW,Debt Scheme - Banking and PSU Fund,Open Ended Schemes,Aditya Birla Sun Life Mutual Fund,0.08437042137405815
2015-05-29,119.4459,119551,Aditya Birla Sun Life Banking & PSU Debt Fund  - DIRECT - IDCW,Debt Scheme - Banking and PSU Fund,Open Ended Schemes,Aditya Birla Sun Life Mutual Fund,0.09150579830010663
2015-06-01,119.5416,119551,Aditya Birla Sun Life Banking & PSU Debt Fund  - DIRECT - IDCW,Debt Scheme - Banking and PSU Fund,Open Ended Schemes,Aditya Birla Sun Life Mutual Fund,0.08011995388708115
2015-06-02,119.1982,119551,Aditya Birla Sun Life Banking & PSU Debt Fund  - DIRECT - IDCW,Debt Scheme - Banking and PSU Fund,Open Ended Schemes,Aditya Birla Sun Life Mutual Fund,-0.28726401520474676
2015-06-03,119.0994,119551,Aditya Birla Sun Life Banking & PSU Debt Fund  - DIRECT - IDCW,Debt Scheme - Banking and PSU Fund,Open Ended Schemes,Aditya Birla Sun Life Mutual Fund,-0.08288715769197985
2015-06-04,118.9151,119551,Aditya Birla Sun Life Banking & PSU Debt Fund  - DIRECT - IDCW,Debt Scheme - Banking and PSU Fund,Open Ended Schemes,Aditya Birla Sun Life Mutual Fund,-0.15474469224866505
2015-06-05,119.0347,119551,Aditya Birla Sun Life Banking & PSU Debt Fund  - DIRECT - IDCW,Debt Scheme - Banking and PSU Fund,Open Ended Schemes,Aditya Birla Sun Life Mutual Fund,0.10057595713244272
2015-06-08,119.0629,119551,Aditya Birla Sun Life Banking & PSU Debt Fund  - DIRECT - IDCW,Debt Scheme - Banking and PSU Fund,Open Ended Schemes,Aditya Birla Sun Life Mutual Fund,0.023690570900747332
2015-06-09,119.1989,119551,Aditya Birla Sun Life Banking & PSU Debt Fund  - DIRECT - IDCW,Debt Scheme - Banking and PSU Fund,Open Ended Schemes,Aditya Birla Sun Life Mutual Fund,0.11422533803560064
2015-06-10,119.091,119551,Aditya Birla Sun Life Banking & PSU Debt Fund  - DIRECT - IDCW,Debt Scheme - Banking and PSU Fund,Open Ended Schemes,Aditya Birla Sun Life Mutual Fund,-0.09052096957270495
2015-06-11,118.8986,119551,Aditya Birla Sun Life Banking & PSU Debt Fund  - DIRECT - IDCW,Debt Scheme - Banking and PSU Fund,Open Ended Schemes,Aditya Birla Sun Life Mutual Fund,-0.16155712858233473
2015-06-12,118.8557,119551,Aditya Birla Sun Life Banking & PSU Debt Fund  - DIRECT - IDCW,Debt Scheme - Banking and PSU Fund,Open Ended Schemes,Aditya Birla Sun Life Mutual Fund,-0.036081164959056444
2015-06-15,119.029,119551,Aditya Birla Sun Life Banking & PSU Debt Fund  - DIRECT - IDCW,Debt Scheme - Banking and PSU Fund,Open Ended Schemes,Aditya Birla Sun Life Mutual Fund,0.14580705847511144
2015-06-16,118.9396,119551,Aditya Birla Sun Life Banking & PSU Debt Fund  - DIRECT - IDCW,Debt Scheme - Banking and PSU Fund,Open Ended Schemes,Aditya Birla Sun Life Mutual Fund,-0.07510774685161037
2015-06-17,119.1569,119551,Aditya Birla Sun Life Banking & PSU Debt Fund  - DIRECT - IDCW,Debt Scheme - Banking and PSU Fund,Open Ended Schemes,Aditya Birla Sun Life Mutual Fund,0.18269777265098597
2015-06-18,119.5056,119551,Aditya Birla Sun Life Banking & PSU Debt Fund  - DIRECT - IDCW,Debt Scheme - Banking and PSU Fund,Open Ended Schemes,Aditya Birla Sun Life Mutual Fund,0.29263936876504637
2015-06-19,119.761,119551,Aditya Birla Sun Life Banking & PSU Debt Fund  - DIRECT - IDCW,Debt Scheme - Banking and PSU Fund,Open Ended Schemes,Aditya Birla Sun Life Mutual Fund,0.2137138343307754
2015-06-22,119.7631,119551,Aditya Birla Sun Life Banking & PSU Debt Fund  - DIRECT - IDCW,Debt Scheme - Banking and PSU Fund,Open Ended Schemes,Aditya Birla Sun Life Mutual Fund,0.0017534923723028228
2015-06-23,119.7242,119551,Aditya Birla Sun Life Banking & PSU Debt Fund  - DIRECT - IDCW,Debt Scheme - Banking and PSU Fund,Open Ended Schemes,Aditya Birla Sun Life Mutual Fund,-0.03248078915792929
2015-06-24,119.586,119551,Aditya Birla Sun Life Banking & PSU Debt Fund  - DIRECT - IDCW,Debt Scheme - Banking and PSU Fund,Open Ended Schemes,Aditya Birla Sun Life Mutual Fund,-0.11543196780600118
2015-06-25,119.4568,119551,Aditya Birla Sun Life Banking & PSU Debt Fund  - DIRECT - IDCW,Debt Scheme - Banking and PSU Fund,Open Ended Schemes,Aditya Birla Sun Life Mutual Fund,-0.10803940260565303
2015-06-26,119.5192,119551,Aditya Birla Sun Life Banking & PSU Debt Fund  - DIRECT - IDCW,Debt Scheme - Banking and PSU Fund,Open Ended Schemes,Aditya Birla Sun Life Mutual Fund,0.05223645702880919
2015-06-29,119.3389,119551,Aditya Birla Sun Life Banking & PSU Debt Fund  - DIRECT - IDCW,Debt Scheme - Banking and PSU Fund,Open Ended Schemes,Aditya Birla Sun Life Mutual Fund,-0.15085442338971244
2015-06-30,119.4628,119551,Aditya Birla Sun Life Banking & PSU Debt Fund  - DIRECT - IDCW,Debt Scheme - Banking and PSU Fund,Open Ended Schemes,Aditya Birla Sun Life Mutual Fund,0.10382197255045522
2015-07-01,119.6428,119551,Aditya Birla Sun Life Banking & PSU Debt Fund  - DIRECT - IDCW,Debt Scheme - Banking and PSU Fund,Open Ended Schemes,Aditya Birla Sun Life Mutual Fund,0.15067451959940303
2015-07-02,119.7538,119551,Aditya Birla Sun Life Banking & PSU Debt Fund  - DIRECT - IDCW,Debt Scheme - Banking and PSU Fund,Open Ended Schemes,Aditya Birla Sun Life Mutual Fund,0.09277616371399233
2015-07-03,119.8612,119551,Aditya Birla Sun Life Banking & PSU Debt Fund  - DIRECT - IDCW,Debt Scheme - Banking and PSU Fund,Open Ended Schemes,Aditya Birla Sun Life Mutual Fund,0.08968400167677082
2015-07-06,120.0581,119551,Aditya Birla Sun Life Banking & PSU Debt Fund  - DIRECT - IDCW,Debt Scheme - Banking and PSU Fund,Open Ended Schemes,Aditya Birla Sun Life Mutual Fund,0.16427334283319883
2015-07-07,120.0419,119551,Aditya Birla Sun Life Banking & PSU Debt Fund  - DIRECT - IDCW,Debt Scheme - Banking and PSU Fund,Open Ended Schemes,Aditya Birla Sun Life Mutual Fund,-0.013493466913105934
2015-07-08,120.0759,119551,Aditya Birla Sun Life Banking & PSU Debt Fund  - DIRECT - IDCW,Debt Scheme - Banking and PSU Fund,Open Ended Schemes,Aditya Birla Sun Life Mutual Fund,0.02832344373089324
2015-07-09,120.0964,119551,Aditya Birla Sun Life Banking & PSU Debt Fund  - DIRECT - IDCW,Debt Scheme - Banking and PSU Fund,Open Ended Schemes,Aditya Birla Sun Life Mutual Fund,0.01707253495497607
2015-07-10,120.1484,119551,Aditya Birla Sun Life Banking & PSU Debt Fund  - DIRECT - IDCW,Debt Scheme - Banking and PSU Fund,Open Ended Schemes,Aditya Birla Sun Life Mutual Fund,0.043298550164694305
2015-07-13,119.9544,119551,Aditya Birla Sun Life Banking & PSU Debt Fund  - DIRECT - IDCW,Debt Scheme - Banking and PSU Fund,Open Ended Schemes,Aditya Birla Sun Life Mutual Fund,-0.16146698582751862
2015-07-14,120.0999,119551,Aditya Birla Sun Life Banking & PSU Debt Fund  - DIRECT - IDCW,Debt Scheme - Banking and PSU Fund,Open Ended Schemes,Aditya Birla Sun Life Mutual Fund,0.12129609251514406
2015-07-15,120.1371,119551,Aditya Birla Sun Life Banking & PSU Debt Fund  - DIRECT - IDCW,Debt Scheme - Banking and PSU Fund,Open Ended Schemes,Aditya Birla Sun Life Mutual Fund,0.030974213966872277
2015-07-16,120.1474,119551,Aditya Birla Sun Life Banking & PSU Debt Fund  - DIRECT - IDCW,Debt Scheme - Banking and PSU Fund,Open Ended Schemes,Aditya Birla Sun Life Mutual Fund,0.00857353806609229
2015-07-17,120.1974,119551,Aditya Birla Sun Life Banking & PSU Debt Fund  - DIRECT - IDCW,Debt Scheme - Banking and PSU Fund,Open Ended Schemes,Aditya Birla Sun Life Mutual Fund,0.04161554890076413
2015-07-20,120.227,119551,Aditya Birla Sun Life Banking & PSU Debt Fund  - DIRECT - IDCW,Debt Scheme - Banking and PSU Fund,Open Ended Schemes,Aditya Birla Sun Life Mutual Fund,0.024626156639007135
2015-07-21,120.2742,119551,Aditya Birla Sun Life Banking & PSU Debt Fund  - DIRECT - IDCW,Debt Scheme - Banking and PSU Fund,Open Ended Schemes,Aditya Birla Sun Life Mutual Fund,0.03925906826252046
2015-07-22,120.3286,119551,Aditya Birla Sun Life Banking & PSU Debt Fund  - DIRECT - IDCW,Debt Scheme - Banking and PSU Fund,Open Ended Schemes,Aditya Birla Sun Life Mutual Fund,0.04522998282259216
2015-07-23,120.4142,119551,Aditya Birla Sun Life Banking & PSU Debt Fund  - DIRECT - IDCW,Debt Scheme - Banking and PSU Fund,Open Ended Schemes,Aditya Birla Sun Life Mutual Fund,0.07113853231899281
2015-07-24,120.411,119551,Aditya Birla Sun Life Banking & PSU Debt Fund  - DIRECT - IDCW,Debt Scheme - Banking and PSU Fund,Open Ended Schemes,Aditya Birla Sun Life Mutual Fund,-0.0026574938836065876
2015-07-27,120.5074,119551,Aditya Birla Sun Life Banking & PSU Debt Fund  - DIRECT - IDCW,Debt Scheme - Banking and PSU Fund,Open Ended Schemes,Aditya Birla Sun Life Mutual Fund,0.08005913081030602
2015-07-28,120.7053,119551,Aditya Birla Sun Life Banking & PSU Debt Fund  - DIRECT - IDCW,Debt Scheme - Banking and PSU Fund,Open Ended Schemes,Aditya Birla Sun Life Mutual Fund,0.16422228012553663
2015-07-29,120.7768,119551,Aditya Birla Sun Life Banking & PSU Debt Fund  - DIRECT - IDCW,Debt Scheme - Banking and PSU Fund,Open Ended Schemes,Aditya Birla Sun Life Mutual Fund,0.05923517857127081
2015-07-30,120.7773,119551,Aditya Birla Sun Life Banking & PSU Debt Fund  - DIRECT - IDCW,Debt Scheme - Banking and PSU Fund,Open Ended Schemes,Aditya Birla Sun Life Mutual Fund,0.0004139867921582052
2015-07-31,120.858,119551,Aditya Birla Sun Life Banking & PSU Debt Fund  - DIRECT - IDCW,Debt Scheme - Banking and PSU Fund,Open Ended Schemes,Aditya Birla Sun Life Mutual Fund,0.06681719164114419
2015-08-03,120.9192,119551,Aditya Birla Sun Life Banking & PSU Debt Fund  - DIRECT - IDCW,Debt Scheme - Banking and PSU Fund,Open Ended Schemes,Aditya Birla Sun Life Mutual Fund,0.050637938738029575
2015-08-04,120.8481,119551,Aditya Birla Sun Life Banking & PSU Debt Fund  - DIRECT - IDCW,Debt Scheme - Banking and PSU Fund,Open Ended Schemes,Aditya Birla Sun Life Mutual Fund,-0.058799595101521884
2015-08-05,120.864,119551,Aditya Birla Sun Life Banking & PSU Debt Fund  - DIRECT - IDCW,Debt Scheme - Banking and PSU Fund,Open Ended Schemes,Aditya Birla Sun Life Mutual Fund,0.013157012811948476
2015-08-06,120.9792,119551,Aditya Birla Sun Life Banking & PSU Debt Fund  - DIRECT - IDCW,Debt Scheme - Banking and PSU Fund,Open Ended Schemes,Aditya Birla Sun Life Mutual Fund,0.095313741064329
2015-08-07,120.9962,119551,Aditya Birla Sun Life Banking & PSU Debt Fund  - DIRECT - IDCW,Debt Scheme - Banking and PSU Fund,Open Ended Schemes,Aditya Birla Sun Life Mutual Fund,0.014052002327669122
2015-08-10,121.1234,119551,Aditya Birla Sun Life Banking & PSU Debt Fund  - DIRECT - IDCW,Debt Scheme - Banking and PSU Fund,Open Ended Schemes,Aditya Birla Sun Life Mutual Fund,0.10512726845968157
2015-08-11,121.1502,119551,Aditya Birla Sun Life Banking & PSU Debt Fund  - DIRECT - IDCW,Debt Scheme - Banking and PSU Fund,Open Ended Schemes,Aditya Birla Sun Life Mutual Fund,0.022126195268623583
2015-08-12,121.1846,119551,Aditya Birla Sun Life Banking & PSU Debt Fund  - DIRECT - IDCW,Debt Scheme - Banking and PSU Fund,Open Ended Schemes,Aditya Birla Sun Life Mutual Fund,0.028394505333051434
2015-08-13,121.3935,119551,Aditya Birla Sun Life Banking & PSU Debt Fund  - DIRECT - IDCW,Debt Scheme - Banking and PSU Fund,Open Ended Schemes,Aditya Birla Sun Life Mutual Fund,0.17238163925119565
2015-08-14,121.4723,119551,Aditya Birla Sun Life Banking & PSU Debt Fund  - DIRECT - IDCW,Debt Scheme - Banking and PSU Fund,Open Ended Schemes,Aditya Birla Sun Life Mutual Fund,0.06491286601011392
2015-08-17,121.5407,119551,Aditya Birla Sun Life Banking & PSU Debt Fund  - DIRECT - IDCW,Debt Scheme - Banking and PSU Fund,Open Ended Schemes,Aditya Birla Sun Life Mutual Fund,0.05630913385190617
2015-08-19,121.6068,119551,Aditya Birla Sun Life Banking & PSU Debt Fund  - DIRECT - IDCW,Debt Scheme - Banking and PSU Fund,Open Ended Schemes,Aditya Birla Sun Life Mutual Fund,0.05438507430022277
2015-08-20,121.6568,119551,Aditya Birla Sun Life Banking & PSU Debt Fund  - DIRECT - IDCW,Debt Scheme - Banking and PSU Fund,Open Ended Schemes,Aditya Birla Sun Life Mutual Fund,0.04111612179582558
2015-08-21,121.5475,119551,Aditya Birla Sun Life Banking & PSU Debt Fund  - DIRECT - IDCW,Debt Scheme - Banking and PSU Fund,Open Ended Schemes,Aditya Birla Sun Life Mutual Fund,-0.08984290232851855
2015-08-24,121.2877,119551,Aditya Birla Sun Life Banking & PSU Debt Fund  - DIRECT - IDCW,Debt Scheme - Banking and PSU Fund,Open Ended Schemes,Aditya Birla Sun Life Mutual Fund,-0.21374359818178146
2015-08-25,121.4763,119551,Aditya Birla Sun Life Banking & PSU Debt Fund  - DIRECT - IDCW,Debt Scheme - Banking and PSU Fund,Open Ended Schemes,Aditya Birla Sun Life Mutual Fund,0.15549804308268023
2015-08-26,121.5738,119551,Aditya Birla Sun Life Banking & PSU Debt Fund  - DIRECT - IDCW,Debt Scheme - Banking and PSU Fund,Open Ended Schemes,Aditya Birla Sun Life Mutual Fund,0.0802625697358339
2015-08-27,121.6848,119551,Aditya Birla Sun Life Banking & PSU Debt Fund  - DIRECT - IDCW,Debt Scheme - Banking and PSU Fund,Open Ended Schemes,Aditya Birla Sun Life Mutual Fund,0.09130256683593796
2015-08-28,121.688,119551,Aditya Birla Sun Life Banking & PSU Debt Fund  - DIRECT - IDCW,Debt Scheme - Banking and PSU Fund,Open Ended Schemes,Aditya Birla Sun Life Mutual Fund,0.0026297450462342553
2015-08-31,121.7255,119551,Aditya Birla Sun Life Banking & PSU Debt Fund  - DIRECT - IDCW,Debt Scheme - Banking and PSU Fund,Open Ended Schemes,Aditya Birla Sun Life Mutual Fund,0.03081651436460664
2015-09-01,121.8545,119551,Aditya Birla Sun Life Banking & PSU Debt Fund  - DIRECT - IDCW,Debt Scheme - Banking and PSU Fund,Open Ended Schemes,Aditya Birla Sun Life Mutual Fund,0.10597615125835791
2015-09-02,121.8592,119551,Aditya Birla Sun Life Banking & PSU Debt Fund  - DIRECT - IDCW,Debt Scheme - Banking and PSU Fund,Open Ended Schemes,Aditya Birla Sun Life Mutual Fund,0.0038570590335185173
2015-09-03,121.8344,119551,Aditya Birla Sun Life Banking & PSU Debt Fund  - DIRECT - IDCW,Debt Scheme - Banking and PSU Fund,Open Ended Schemes,Aditya Birla Sun Life Mutual Fund,-0.02035135631942575
2015-09-04,121.7976,119551,Aditya Birla Sun Life Banking & PSU Debt Fund  - DIRECT - IDCW,Debt Scheme - Banking and PSU Fund,Open Ended Schemes,Aditya Birla Sun Life Mutual Fund,-0.030204933910293885
2015-09-07,121.7402,119551,Aditya Birla Sun Life Banking & PSU Debt Fund  - DIRECT - IDCW,Debt Scheme - Banking and PSU Fund,Open Ended Schemes,Aditya Birla Sun Life Mutual Fund,-0.04712736539964624
2015-09-08,121.8281,119551,Aditya Birla Sun Life Banking & PSU Debt Fund  - DIRECT - IDCW,Debt Scheme - Banking and PSU Fund,Open Ended Schemes,Aditya Birla Sun Life Mutual Fund,0.072202937074195
2015-09-09,121.8833,119551,Aditya Birla Sun Life Banking & PSU Debt Fund  - DIRECT - IDCW,Debt Scheme - Banking and PSU Fund,Open Ended Schemes,Aditya Birla Sun Life Mutual Fund,0.045309743811161596
2015-09-10,121.8109,119551,Aditya Birla Sun Life Banking & PSU Debt Fund  - DIRECT - IDCW,Debt Scheme - Banking and PSU Fund,Open Ended Schemes,Aditya Birla Sun Life Mutual Fund,-0.05940108283908341
2015-09-11,121.8402,119551,Aditya Birla Sun Life Banking & PSU Debt Fund  - DIRECT - IDCW,Debt Scheme - Banking and PSU Fund,Open Ended Schemes,Aditya Birla Sun Life Mutual Fund,0.024053676641400124
2015-09-14,121.9531,119551,Aditya Birla Sun Life Banking & PSU Debt Fund  - DIRECT - IDCW,Debt Scheme - Banking and PSU Fund,Open Ended Schemes,Aditya Birla Sun Life Mutual Fund,0.09266235610250195
2015-09-15,121.9858,119551,Aditya Birla Sun Life Banking & PSU Debt Fund  - DIRECT - IDCW,Debt Scheme - Banking and PSU Fund,Open Ended Schemes,Aditya Birla Sun Life Mutual Fund,0.026813586534490952
2015-09-16,121.9789,119551,Aditya Birla Sun Life Banking & PSU Debt Fund  - DIRECT - IDCW,Debt Scheme - Banking and PSU Fund,Open Ended Schemes,Aditya Birla Sun Life Mutual Fund,-0.005656396072328818
2015-09-18,122.2648,119551,Aditya Birla Sun Life Banking & PSU Debt Fund  - DIRECT - IDCW,Debt Scheme - Banking and PSU Fund,Open Ended Schemes,Aditya Birla Sun Life Mutual Fund,0.23438479933823864
2015-09-21,122.338,119551,Aditya Birla Sun Life Banking & PSU Debt Fund  - DIRECT - IDCW,Debt Scheme - Banking and PSU Fund,Open Ended Schemes,Aditya Birla Sun Life Mutual Fund,0.05987005254168842
2015-09-22,122.3174,119551,Aditya Birla Sun Life Banking & PSU Debt Fund  - DIRECT - IDCW,Debt Scheme - Banking and PSU Fund,Open Ended Schemes,Aditya Birla Sun Life Mutual Fund,-0.016838594712997867
2015-09-23,122.3206,119551,Aditya Birla Sun Life Banking & PSU Debt Fund  - DIRECT - IDCW,Debt Scheme - Banking and PSU Fund,Open Ended Schemes,Aditya Birla Sun Life Mutual Fund,0.002616144555056543
2015-09-24,122.3672,119551,Aditya Birla Sun Life Banking & PSU Debt Fund  - DIRECT - IDCW,Debt Scheme - Banking and PSU Fund,Open Ended Schemes,Aditya Birla Sun Life Mutual Fund,0.03809660842082341
2015-09-28,122.4558,119551,Aditya Birla Sun Life Banking & PSU Debt Fund  - DIRECT - IDCW,Debt Scheme - Banking and PSU Fund,Open Ended Schemes,Aditya Birla Sun Life Mutual Fund,0.0724050235684004
2015-09-29,123.1053,119551,Aditya Birla Sun Life Banking & PSU Debt Fund  - DIRECT - IDCW,Debt Scheme - Banking and PSU Fund,Open Ended Schemes,Aditya Birla Sun Life Mutual Fund,0.5303954569730429
2015-09-30,123.4889,119551,Aditya Birla Sun Life Banking & PSU Debt Fund  - DIRECT - IDCW,Debt Scheme - Banking and PSU Fund,Open Ended Schemes,Aditya Birla Sun Life Mutual Fund,0.311603155997342
2015-10-01,123.4236,119551,Aditya Birla Sun Life Banking & PSU Debt Fund  - DIRECT - IDCW,Debt Scheme - Banking and PSU Fund,Open Ended Schemes,Aditya Birla Sun Life Mutual Fund,-0.05287924663675003
2015-10-05,123.7102,119551,Aditya Birla Sun Life Banking & PSU Debt Fund  - DIRECT - IDCW,Debt Scheme - Banking and PSU Fund,Open Ended Schemes,Aditya Birla Sun Life Mutual Fund,0.23220842691349386
2015-10-06,123.7049,119551,Aditya Birla Sun Life Banking & PSU Debt Fund  - DIRECT - IDCW,Debt Scheme - Banking and PSU Fund,Open Ended Schemes,Aditya Birla Sun Life Mutual Fund,-0.004284206152771475
2015-10-07,123.6703,119551,Aditya Birla Sun Life Banking & PSU Debt Fund  - DIRECT - IDCW,Debt Scheme - Banking and PSU Fund,Open Ended Schemes,Aditya Birla Sun Life Mutual Fund,-0.02796978939395567
2015-10-08,123.7508,119551,Aditya Birla Sun Life Banking & PSU Debt Fund  - DIRECT - IDCW,Debt Scheme - Banking and PSU Fund,Open Ended Schemes,Aditya Birla Sun Life Mutual Fund,0.06509242720362796
2015-10-09,123.8076,119551,Aditya Birla Sun Life Banking & PSU Debt Fund  - DIRECT - IDCW,Debt Scheme - Banking and PSU Fund,Open Ended Schemes,Aditya Birla Sun Life Mutual Fund,0.04589869318016859
2015-10-12,123.7532,119551,Aditya Birla Sun Life Banking & PSU Debt Fund  - DIRECT - IDCW,Debt Scheme - Banking and PSU Fund,Open Ended Schemes,Aditya Birla Sun Life Mutual Fund,-0.04393914428515444
2015-10-13,123.7951,119551,Aditya Birla Sun Life Banking & PSU Debt Fund  - DIRECT - IDCW,Debt Scheme - Banking and PSU Fund,Open Ended Schemes,Aditya Birla Sun Life Mutual Fund,0.033857710346074654
2015-10-14,123.8612,119551,Aditya Birla Sun Life Banking & PSU Debt Fund  - DIRECT - IDCW,Debt Scheme - Banking and PSU Fund,Open Ended Schemes,Aditya Birla Sun Life Mutual Fund,0.053394682018903517
2015-10-15,123.9272,119551,Aditya Birla Sun Life Banking & PSU Debt Fund  - DIRECT - IDCW,Debt Scheme - Banking and PSU Fund,Open Ended Schemes,Aditya Birla Sun Life Mutual Fund,0.05328545177989419
2015-10-16,123.9423,119551,Aditya Birla Sun Life Banking & PSU Debt Fund  - DIRECT - IDCW,Debt Scheme - Banking and PSU Fund,Open Ended Schemes,Aditya Birla Sun Life Mutual Fund,0.012184572878282118
2015-10-19,124.0158,119551,Aditya Birla Sun Life Banking & PSU Debt Fund  - DIRECT - IDCW,Debt Scheme - Banking and PSU Fund,Open Ended Schemes,Aditya Birla Sun Life Mutual Fund,0.05930178800941377
2015-10-20,124.0561,119551,Aditya Birla Sun Life Banking & PSU Debt Fund  - DIRECT - IDCW,Debt Scheme - Banking and PSU Fund,Open Ended Schemes,Aditya Birla Sun Life Mutual Fund,0.032495859398551374
2015-10-21,124.0459,119551,Aditya Birla Sun Life Banking & PSU Debt Fund  - DIRECT - IDCW,Debt Scheme - Banking and PSU Fund,Open Ended Schemes,Aditya Birla Sun Life Mutual Fund,-0.008222086620490732
2015-10-23,124.1065,119551,Aditya Birla Sun Life Banking & PSU Debt Fund  - DIRECT - IDCW,Debt Scheme - Banking and PSU Fund,Open Ended Schemes,Aditya Birla Sun Life Mutual Fund,0.048852884295236265
2015-10-26,124.0884,119551,Aditya Birla Sun Life Banking & PSU Debt Fund  - DIRECT - IDCW,Debt Scheme - Banking and PSU Fund,Open Ended Schemes,Aditya Birla Sun Life Mutual Fund,-0.014584248206184203
2015-10-27,124.1443,119551,Aditya Birla Sun Life Banking & PSU Debt Fund  - DIRECT - IDCW,Debt Scheme - Banking and PSU Fund,Open Ended Schemes,Aditya Birla Sun Life Mutual Fund,0.04504852991900066
2015-10-28,124.2162,119551,Aditya Birla Sun Life Banking & PSU Debt Fund  - DIRECT - IDCW,Debt Scheme - Banking and PSU Fund,Open Ended Schemes,Aditya Birla Sun Life Mutual Fund,0.057916473007613156
2015-10-29,124.1596,119551,Aditya Birla Sun Life Banking & PSU Debt Fund  - DIRECT - IDCW,Debt Scheme - Banking and PSU Fund,Open Ended Schemes,Aditya Birla Sun Life Mutual Fund,-0.04556571526097564
2015-10-30,124.1571,119551,Aditya Birla Sun Life Banking & PSU Debt Fund  - DIRECT - IDCW,Debt Scheme - Banking and PSU Fund,Open Ended Schemes,Aditya Birla Sun Life Mutual Fund,-0.0020135374147467466
2015-11-02,124.2771,119551,Aditya Birla Sun Life Banking & PSU Debt Fund  - DIRECT - IDCW,Debt Scheme - Banking and PSU Fund,Open Ended Schemes,Aditya Birla Sun Life Mutual Fund,0.09665174202684312
2015-11-03,124.2894,119551,Aditya Birla Sun Life Banking & PSU Debt Fund  - DIRECT - IDCW,Debt Scheme - Banking and PSU Fund,Open Ended Schemes,Aditya Birla Sun Life Mutual Fund,0.009897237705103201
2015-11-04,124.2333,119551,Aditya Birla Sun Life Banking & PSU Debt Fund  - DIRECT - IDCW,Debt Scheme - Banking and PSU Fund,Open Ended Schemes,Aditya Birla Sun Life Mutual Fund,-0.0451365925010494
2015-11-05,124.1902,119551,Aditya Birla Sun Life Banking & PSU Debt Fund  - DIRECT - IDCW,Debt Scheme - Banking and PSU Fund,Open Ended Schemes,Aditya Birla Sun Life Mutual Fund,-0.03469279170721373
2015-11-06,124.1927,119551,Aditya Birla Sun Life Banking & PSU Debt Fund  - DIRECT - IDCW,Debt Scheme - Banking and PSU Fund,Open Ended Schemes,Aditya Birla Sun Life Mutual Fund,0.002013041286663686
2015-11-09,124.1346,119551,Aditya Birla Sun Life Banking & PSU Debt Fund  - DIRECT - IDCW,Debt Scheme - Banking and PSU Fund,Open Ended Schemes,Aditya Birla Sun Life Mutual Fund,-0.04678213775849427
2015-11-10,124.236,119551,Aditya Birla Sun Life Banking & PSU Debt Fund  - DIRECT - IDCW,Debt Scheme - Banking and PSU Fund,Open Ended Schemes,Aditya Birla Sun Life Mutual Fund,0.08168552522824779
2015-11-13,124.4146,119551,Aditya Birla Sun Life Banking & PSU Debt Fund  - DIRECT - IDCW,Debt Scheme - Banking and PSU Fund,Open Ended Schemes,Aditya Birla Sun Life Mutual Fund,0.14375865288642764
2015-11-16,124.5039,119551,Aditya Birla Sun Life Banking & PSU Debt Fund  - DIRECT - IDCW,Debt Scheme - Banking and PSU Fund,Open Ended Schemes,Aditya Birla Sun Life Mutual Fund,0.07177614202835692
2015-11-17,124.471,119551,Aditya Birla Sun Life Banking & PSU Debt Fund  - DIRECT - IDCW,Debt Scheme - Banking and PSU Fund,Open Ended Schemes,Aditya Birla Sun Life Mutual Fund,-0.026424875044073204
2015-11-18,124.4731,119551,Aditya Birla Sun Life Banking & PSU Debt Fund  - DIRECT - IDCW,Debt Scheme - Banking and PSU Fund,Open Ended Schemes,Aditya Birla Sun Life Mutual Fund,0.0016871399763696004
2015-11-19,124.5005,119551,Aditya Birla Sun Life Banking & PSU Debt Fund  - DIRECT - IDCW,Debt Scheme - Banking and PSU Fund,Open Ended Schemes,Aditya Birla Sun Life Mutual Fund,0.022012788305270092
2015-11-20,124.4288,119551,Aditya Birla Sun Life Banking & PSU Debt Fund  - DIRECT - IDCW,Debt Scheme - Banking and PSU Fund,Open Ended Schemes,Aditya Birla Sun Life Mutual Fund,-0.057590130160123376
2015-11-23,124.4523,119551,Aditya Birla Sun Life Banking & PSU Debt Fund  - DIRECT - IDCW,Debt Scheme - Banking and PSU Fund,Open Ended Schemes,Aditya Birla Sun Life Mutual Fund,0.018886302849496772
2015-11-24,124.5215,119551,Aditya Birla Sun Life Banking & PSU Debt Fund  - DIRECT - IDCW,Debt Scheme - Banking and PSU Fund,Open Ended Schemes,Aditya Birla Sun Life Mutual Fund,0.055603632877820885
2015-11-26,124.5172,119551,Aditya Birla Sun Life Banking & PSU Debt Fund  - DIRECT - IDCW,Debt Scheme - Banking and PSU Fund,Open Ended Schemes,Aditya Birla Sun Life Mutual Fund,-0.003453218922033763
2015-11-27,124.423,119551,Aditya Birla Sun Life Banking & PSU Debt Fund  - DIRECT - IDCW,Debt Scheme - Banking and PSU Fund,Open Ended Schemes,Aditya Birla Sun Life Mutual Fund,-0.07565219905362186
2015-11-30,124.4419,119551,Aditya Birla Sun Life Banking & PSU Debt Fund  - DIRECT - IDCW,Debt Scheme - Banking and PSU Fund,Open Ended Schemes,Aditya Birla Sun Life Mutual Fund,0.015190117582752904
2015-12-01,124.6288,119551,Aditya Birla Sun Life Banking & PSU Debt Fund  - DIRECT - IDCW,Debt Scheme - Banking and PSU Fund,Open Ended Schemes,Aditya Birla Sun Life Mutual Fund,0.15019057086076426
2015-12-02,124.6293,119551,Aditya Birla Sun Life Banking & PSU Debt Fund  - DIRECT - IDCW,Debt Scheme - Banking and PSU Fund,Open Ended Schemes,Aditya Birla Sun Life Mutual Fund,0.00040119137791894133
2015-12-03,124.7928,119551,Aditya Birla Sun Life Banking & PSU Debt Fund  - DIRECT - IDCW,Debt Scheme - Banking and PSU Fund,Open Ended Schemes,Aditya Birla Sun Life Mutual Fund,0.13118905425930638
2015-12-04,124.672,119551,Aditya Birla Sun Life Banking & PSU Debt Fund  - DIRECT - IDCW,Debt Scheme - Banking and PSU Fund,Open Ended Schemes,Aditya Birla Sun Life Mutual Fund,-0.09680045643659652
2015-12-07,124.7185,119551,Aditya Birla Sun Life Banking & PSU Debt Fund  - DIRECT - IDCW,Debt Scheme - Banking and PSU Fund,Open Ended Schemes,Aditya Birla Sun Life Mutual Fund,0.0372978696098647
2015-12-08,124.6356,119551,Aditya Birla Sun Life Banking & PSU Debt Fund  - DIRECT - IDCW,Debt Scheme - Banking and PSU Fund,Open Ended Schemes,Aditya Birla Sun Life Mutual Fund,-0.06646968974129974
2015-12-09,124.6578,119551,Aditya Birla Sun Life Banking & PSU Debt Fund  - DIRECT - IDCW,Debt Scheme - Banking and PSU Fund,Open Ended Schemes,Aditya Birla Sun Life Mutual Fund,0.017811925324706657
2015-12-10,124.6787,119551,Aditya Birla Sun Life Banking & PSU Debt Fund  - DIRECT - IDCW,Debt Scheme - Banking and PSU Fund,Open Ended Schemes,Aditya Birla Sun Life Mutual Fund,0.01676589832326769
2015-12-11,124.7011,119551,Aditya Birla Sun Life Banking & PSU Debt Fund  - DIRECT - IDCW,Debt Scheme - Banking and PSU Fund,Open Ended Schemes,Aditya Birla Sun Life Mutual Fund,0.017966180269768373
2015-12-14,124.6657,119551,Aditya Birla Sun Life Banking & PSU Debt Fund  - DIRECT - IDCW,Debt Scheme - Banking and PSU Fund,Open Ended Schemes,Aditya Birla Sun Life Mutual Fund,-0.028387881101288315
2015-12-15,124.6736,119551,Aditya Birla Sun Life Banking & PSU Debt Fund  - DIRECT - IDCW,Debt Scheme - Banking and PSU Fund,Open Ended Schemes,Aditya Birla Sun Life Mutual Fund,0.006336947532470383
2015-12-16,124.852,119551,Aditya Birla Sun Life Banking & PSU Debt Fund  - DIRECT - IDCW,Debt Scheme - Banking and PSU Fund,Open Ended Schemes,Aditya Birla Sun Life Mutual Fund,0.14309364612878905
2015-12-17,124.9378,119551,Aditya Birla Sun Life Banking & PSU Debt Fund  - DIRECT - IDCW,Debt Scheme - Banking and PSU Fund,Open Ended Schemes,Aditya Birla Sun Life Mutual Fund,0.06872136609745727
2015-12-18,124.8784,119551,Aditya Birla Sun Life Banking & PSU Debt Fund  - DIRECT - IDCW,Debt Scheme - Banking and PSU Fund,Open Ended Schemes,Aditya Birla Sun Life Mutual Fund,-0.047543657724080646
2015-12-21,124.826,119551,Aditya Birla Sun Life Banking & PSU Debt Fund  - DIRECT - IDCW,Debt Scheme - Banking and PSU Fund,Open Ended Schemes,Aditya Birla Sun Life Mutual Fund,-0.041960819485198364
2015-12-22,124.8958,119551,Aditya Birla Sun Life Banking & PSU Debt Fund  - DIRECT - IDCW,Debt Scheme - Banking and PSU Fund,Open Ended Schemes,Aditya Birla Sun Life Mutual Fund,0.05591783762997071
2015-12-23,125.0151,119551,Aditya Birla Sun Life Banking & PSU Debt Fund  - DIRECT - IDCW,Debt Scheme - Banking and PSU Fund,Open Ended Schemes,Aditya Birla Sun Life Mutual Fund,0.09551962515954582
2015-12-28,125.1004,119551,Aditya Birla Sun Life Banking & PSU Debt Fund  - DIRECT - IDCW,Debt Scheme - Banking and PSU Fund,Open Ended Schemes,Aditya Birla Sun Life Mutual Fund,0.06823175760366507
2015-12-29,125.097,119551,Aditya Birla Sun Life Banking & PSU Debt Fund  - DIRECT - IDCW,Debt Scheme - Banking and PSU Fund,Open Ended Schemes,Aditya Birla Sun Life Mutual Fund,-0.0027178170493469267
2015-12-30,125.18,119551,Aditya Birla Sun Life Banking & PSU Debt Fund  - DIRECT - IDCW,Debt Scheme - Banking and PSU Fund,Open Ended Schemes,Aditya Birla Sun Life Mutual Fund,0.06634851355349358
2015-12-31,125.202,119551,Aditya Birla Sun Life Banking & PSU Debt Fund  - DIRECT - IDCW,Debt Scheme - Banking and PSU Fund,Open Ended Schemes,Aditya Birla Sun Life Mutual Fund,0.017574692442878792
2016-01-01,125.3359,119551,Aditya Birla Sun Life Banking & PSU Debt Fund  - DIRECT - IDCW,Debt Scheme - Banking and PSU Fund,Open Ended Schemes,Aditya Birla Sun Life Mutual Fund,0.10694717336783288
2016-01-04,125.4695,119551,Aditya Birla Sun Life Banking & PSU Debt Fund  - DIRECT - IDCW,Debt Scheme - Banking and PSU Fund,Open Ended Schemes,Aditya Birla Sun Life Mutual Fund,0.10659356178077672
2016-01-05,125.538,119551,Aditya Birla Sun Life Banking & PSU Debt Fund  - DIRECT - IDCW,Debt Scheme - Banking and PSU Fund,Open Ended Schemes,Aditya Birla Sun Life Mutual Fund,0.05459494140009902
2016-01-06,125.5842,119551,Aditya Birla Sun Life Banking & PSU Debt Fund  - DIRECT - IDCW,Debt Scheme - Banking and PSU Fund,Open Ended Schemes,Aditya Birla Sun Life Mutual Fund,0.0368016058882592
2016-01-07,125.6648,119551,Aditya Birla Sun Life Banking & PSU Debt Fund  - DIRECT - IDCW,Debt Scheme - Banking and PSU Fund,Open Ended Schemes,Aditya Birla Sun Life Mutual Fund,0.06418004812707157
2016-01-08,125.7146,119551,Aditya Birla Sun Life Banking & PSU Debt Fund  - DIRECT - IDCW,Debt Scheme - Banking and PSU Fund,Open Ended Schemes,Aditya Birla Sun Life Mutual Fund,0.039629235871951884
2016-01-11,125.7259,119551,Aditya Birla Sun Life Banking & PSU Debt Fund  - DIRECT - IDCW,Debt Scheme - Banking and PSU Fund,Open Ended Schemes,Aditya Birla Sun Life Mutual Fund,0.00898861389209138
2016-01-12,125.6591,119551,Aditya Birla Sun Life Banking & PSU Debt Fund  - DIRECT - IDCW,Debt Scheme - Banking and PSU Fund,Open Ended Schemes,Aditya Birla Sun Life Mutual Fund,-0.053131455014443496
2016-01-13,125.6079,119551,Aditya Birla Sun Life Banking & PSU Debt Fund  - DIRECT - IDCW,Debt Scheme - Banking and PSU Fund,Open Ended Schemes,Aditya Birla Sun Life Mutual Fund,-0.04074515892601438
2016-01-14,125.5527,119551,Aditya Birla Sun Life Banking & PSU Debt Fund  - DIRECT - IDCW,Debt Scheme - Banking and PSU Fund,Open Ended Schemes,Aditya Birla Sun Life Mutual Fund,-0.04394628044892546
2016-01-15,125.4498,119551,Aditya Birla Sun Life Banking & PSU Debt Fund  - DIRECT - IDCW,Debt Scheme - Banking and PSU Fund,Open Ended Schemes,Aditya Birla Sun Life Mutual Fund,-0.08195761620419795
2016-01-18,125.4931,119551,Aditya Birla Sun Life Banking & PSU Debt Fund  - DIRECT - IDCW,Debt Scheme - Banking and PSU Fund,Open Ended Schemes,Aditya Birla Sun Life Mutual Fund,0.03451579835120899
2016-01-19,125.6369,119551,Aditya Birla Sun Life Banking & PSU Debt Fund  - DIRECT - IDCW,Debt Scheme - Banking and PSU Fund,Open Ended Schemes,Aditya Birla Sun Life Mutual Fund,0.11458797336267867
2016-01-20,125.7354,119551,Aditya Birla Sun Life Banking & PSU Debt Fund  - DIRECT - IDCW,Debt Scheme - Banking and PSU Fund,Open Ended Schemes,Aditya Birla Sun Life Mutual Fund,0.07840053360119725
2016-01-21,125.8865,119551,Aditya Birla Sun Life Banking & PSU Debt Fund  - DIRECT - IDCW,Debt Scheme - Banking and PSU Fund,Open Ended Schemes,Aditya Birla Sun Life Mutual Fund,0.1201729982168942
2016-01-22,125.8176,119551,Aditya Birla Sun Life Banking & PSU Debt Fund  - DIRECT - IDCW,Debt Scheme - Banking and PSU Fund,Open Ended Schemes,Aditya Birla Sun Life Mutual Fund,-0.054731841778110635
2016-01-25,125.8071,119551,Aditya Birla Sun Life Banking & PSU Debt Fund  - DIRECT - IDCW,Debt Scheme - Banking and PSU Fund,Open Ended Schemes,Aditya Birla Sun Life Mutual Fund,-0.008345414314048227
2016-01-27,125.8925,119551,Aditya Birla Sun Life Banking & PSU Debt Fund  - DIRECT - IDCW,Debt Scheme - Banking and PSU Fund,Open Ended Schemes,Aditya Birla Sun Life Mutual Fund,0.06788170143019467
2016-01-28,125.8512,119551,Aditya Birla Sun Life Banking & PSU Debt Fund  - DIRECT - IDCW,Debt Scheme - Banking and PSU Fund,Open Ended Schemes,Aditya Birla Sun Life Mutual Fund,-0.03280576682486158
2016-01-29,125.9632,119551,Aditya Birla Sun Life Banking & PSU Debt Fund  - DIRECT - IDCW,Debt Scheme - Banking and PSU Fund,Open Ended Schemes,Aditya Birla Sun Life Mutual Fund,0.08899398654917956
2016-02-01,125.9933,119551,Aditya Birla Sun Life Banking & PSU Debt Fund  - DIRECT - IDCW,Debt Scheme - Banking and PSU Fund,Open Ended Schemes,Aditya Birla Sun Life Mutual Fund,0.02389586799955712
2016-02-02,125.809,119551,Aditya Birla Sun Life Banking & PSU Debt Fund  - DIRECT - IDCW,Debt Scheme - Banking and PSU Fund,Open Ended Schemes,Aditya Birla Sun Life Mutual Fund,-0.14627761952421547
2016-02-03,125.7466,119551,Aditya Birla Sun Life Banking & PSU Debt Fund  - DIRECT - IDCW,Debt Scheme - Banking and PSU Fund,Open Ended Schemes,Aditya Birla Sun Life Mutual Fund,-0.049598995302402304
2016-02-04,125.8428,119551,Aditya Birla Sun Life Banking & PSU Debt Fund  - DIRECT - IDCW,Debt Scheme - Banking and PSU Fund,Open Ended Schemes,Aditya Birla Sun Life Mutual Fund,0.07650306250823746
2016-02-05,125.9207,119551,Aditya Birla Sun Life Banking & PSU Debt Fund  - DIRECT - IDCW,Debt Scheme - Banking and PSU Fund,Open Ended Schemes,Aditya Birla Sun Life Mutual Fund,0.06190262772283184
2016-02-08,125.9596,119551,Aditya Birla Sun Life Banking & PSU Debt Fund  - DIRECT - IDCW,Debt Scheme - Banking and PSU Fund,Open Ended Schemes,Aditya Birla Sun Life Mutual Fund,0.030892458507625342
2016-02-09,125.937,119551,Aditya Birla Sun Life Banking & PSU Debt Fund  - DIRECT - IDCW,Debt Scheme - Banking and PSU Fund,Open Ended Schemes,Aditya Birla Sun Life Mutual Fund,-0.01794226085188866
2016-02-10,125.9592,119551,Aditya Birla Sun Life Banking & PSU Debt Fund  - DIRECT - IDCW,Debt Scheme - Banking and PSU Fund,Open Ended Schemes,Aditya Birla Sun Life Mutual Fund,0.017627861549818213
2016-02-11,125.9517,119551,Aditya Birla Sun Life Banking & PSU Debt Fund  - DIRECT - IDCW,Debt Scheme - Banking and PSU Fund,Open Ended Schemes,Aditya Birla Sun Life Mutual Fund,-0.00595430901434435
2016-02-12,125.9254,119551,Aditya Birla Sun Life Banking & PSU Debt Fund  - DIRECT - IDCW,Debt Scheme - Banking and PSU Fund,Open Ended Schemes,Aditya Birla Sun Life Mutual Fund,-0.020881020264118533
2016-02-15,125.8746,119551,Aditya Birla Sun Life Banking & PSU Debt Fund  - DIRECT - IDCW,Debt Scheme - Banking and PSU Fund,Open Ended Schemes,Aditya Birla Sun Life Mutual Fund,-0.0403413449550305
2016-02-16,125.7149,119551,Aditya Birla Sun Life Banking & PSU Debt Fund  - DIRECT - IDCW,Debt Scheme - Banking and PSU Fund,Open Ended Schemes,Aditya Birla Sun Life Mutual Fund,-0.12687229989211124
2016-02-17,125.6237,119551,Aditya Birla Sun Life Banking & PSU Debt Fund  - DIRECT - IDCW,Debt Scheme - Banking and PSU Fund,Open Ended Schemes,Aditya Birla Sun Life Mutual Fund,-0.07254510006371451
2016-02-18,125.6948,119551,Aditya Birla Sun Life Banking & PSU Debt Fund  - DIRECT - IDCW,Debt Scheme - Banking and PSU Fund,Open Ended Schemes,Aditya Birla Sun Life Mutual Fund,0.056597600611985044
2016-02-22,125.6262,119551,Aditya Birla Sun Life Banking & PSU Debt Fund  - DIRECT - IDCW,Debt Scheme - Banking and PSU Fund,Open Ended Schemes,Aditya Birla Sun Life Mutual Fund,-0.05457664119756789
2016-02-23,125.3408,119551,Aditya Birla Sun Life Banking & PSU Debt Fund  - DIRECT - IDCW,Debt Scheme - Banking and PSU Fund,Open Ended Schemes,Aditya Birla Sun Life Mutual Fund,-0.2271819095061356
2016-02-24,125.2591,119551,Aditya Birla Sun Life Banking & PSU Debt Fund  - DIRECT - IDCW,Debt Scheme - Banking and PSU Fund,Open Ended Schemes,Aditya Birla Sun Life Mutual Fund,-0.06518228701268836
2016-02-25,124.949,119551,Aditya Birla Sun Life Banking & PSU Debt Fund  - DIRECT - IDCW,Debt Scheme - Banking and PSU Fund,Open Ended Schemes,Aditya Birla Sun Life Mutual Fund,-0.24756684344691138
2016-02-26,125.1214,119551,Aditya Birla Sun Life Banking & PSU Debt Fund  - DIRECT - IDCW,Debt Scheme - Banking and PSU Fund,Open Ended Schemes,Aditya Birla Sun Life Mutual Fund,0.13797629432807934
2016-02-29,126.2203,119551,Aditya Birla Sun Life Banking & PSU Debt Fund  - DIRECT - IDCW,Debt Scheme - Banking and PSU Fund,Open Ended Schemes,Aditya Birla Sun Life Mutual Fund,0.8782670270633064
2016-03-01,126.3215,119551,Aditya Birla Sun Life Banking & PSU Debt Fund  - DIRECT - IDCW,Debt Scheme - Banking and PSU Fund,Open Ended Schemes,Aditya Birla Sun Life Mutual Fund,0.08017727734761504
2016-03-02,126.329,119551,Aditya Birla Sun Life Banking & PSU Debt Fund  - DIRECT - IDCW,Debt Scheme - Banking and PSU Fund,Open Ended Schemes,Aditya Birla Sun Life Mutual Fund,0.005937231587660463
2016-03-03,126.2671,119551,Aditya Birla Sun Life Banking & PSU Debt Fund  - DIRECT - IDCW,Debt Scheme - Banking and PSU Fund,Open Ended Schemes,Aditya Birla Sun Life Mutual Fund,-0.048999042183495156
2016-03-04,126.4923,119551,Aditya Birla Sun Life Banking & PSU Debt Fund  - DIRECT - IDCW,Debt Scheme - Banking and PSU Fund,Open Ended Schemes,Aditya Birla Sun Life Mutual Fund,0.17835208062908503
2016-03-08,126.6189,119551,Aditya Birla Sun Life Banking & PSU Debt Fund  - DIRECT - IDCW,Debt Scheme - Banking and PSU Fund,Open Ended Schemes,Aditya Birla Sun Life Mutual Fund,0.10008514352257691
2016-03-09,126.6695,119551,Aditya Birla Sun Life Banking & PSU Debt Fund  - DIRECT - IDCW,Debt Scheme - Banking and PSU Fund,Open Ended Schemes,Aditya Birla Sun Life Mutual Fund,0.039962438466933925
2016-03-10,126.723,119551,Aditya Birla Sun Life Banking & PSU Debt Fund  - DIRECT - IDCW,Debt Scheme - Banking and PSU Fund,Open Ended Schemes,Aditya Birla Sun Life Mutual Fund,0.04223589735492528
2016-03-11,126.7653,119551,Aditya Birla Sun Life Banking & PSU Debt Fund  - DIRECT - IDCW,Debt Scheme - Banking and PSU Fund,Open Ended Schemes,Aditya Birla Sun Life Mutual Fund,0.03337989157452537
2016-03-14,127.0352,119551,Aditya Birla Sun Life Banking & PSU Debt Fund  - DIRECT - IDCW,Debt Scheme - Banking and PSU Fund,Open Ended Schemes,Aditya Birla Sun Life Mutual Fund,0.21291315525622245
2016-03-15,127.1887,119551,Aditya Birla Sun Life Banking & PSU Debt Fund  - DIRECT - IDCW,Debt Scheme - Banking and PSU Fund,Open Ended Schemes,Aditya Birla Sun Life Mutual Fund,0.12083265110771624
2016-03-16,127.3719,119551,Aditya Birla Sun Life Banking & PSU Debt Fund  - DIRECT - IDCW,Debt Scheme - Banking and PSU Fund,Open Ended Schemes,Aditya Birla Sun Life Mutual Fund,0.14403795305715228
2016-03-17,127.7124,119551,Aditya Birla Sun Life Banking & PSU Debt Fund  - DIRECT - IDCW,Debt Scheme - Banking and PSU Fund,Open Ended Schemes,Aditya Birla Sun Life Mutual Fund,0.2673274089497024
2016-03-18,127.7673,119551,Aditya Birla Sun Life Banking & PSU Debt Fund  - DIRECT - IDCW,Debt Scheme - Banking and PSU Fund,Open Ended Schemes,Aditya Birla Sun Life Mutual Fund,0.042987211891731825
2016-03-21,128.0543,119551,Aditya Birla Sun Life Banking & PSU Debt Fund  - DIRECT - IDCW,Debt Scheme - Banking and PSU Fund,Open Ended Schemes,Aditya Birla Sun Life Mutual Fund,0.22462711507560407
2016-03-22,128.0579,119551,Aditya Birla Sun Life Banking & PSU Debt Fund  - DIRECT - IDCW,Debt Scheme - Banking and PSU Fund,Open Ended Schemes,Aditya Birla Sun Life Mutual Fund,0.0028113073906821384
2016-03-23,128.0675,119551,Aditya Birla Sun Life Banking & PSU Debt Fund  - DIRECT - IDCW,Debt Scheme - Banking and PSU Fund,Open Ended Schemes,Aditya Birla Sun Life Mutual Fund,0.00749660895580373
2016-03-28,128.3103,119551,Aditya Birla Sun Life Banking & PSU Debt Fund  - DIRECT - IDCW,Debt Scheme - Banking and PSU Fund,Open Ended Schemes,Aditya Birla Sun Life Mutual Fund,0.18958752220510355
2016-03-29,128.2341,119551,Aditya Birla Sun Life Banking & PSU Debt Fund  - DIRECT - IDCW,Debt Scheme - Banking and PSU Fund,Open Ended Schemes,Aditya Birla Sun Life Mutual Fund,-0.05938728223688905
2016-03-30,128.2653,119551,Aditya Birla Sun Life Banking & PSU Debt Fund  - DIRECT - IDCW,Debt Scheme - Banking and PSU Fund,Open Ended Schemes,Aditya Birla Sun Life Mutual Fund,0.02433050179320162
2016-03-31,128.5789,119551,Aditya Birla Sun Life Banking & PSU Debt Fund  - DIRECT - IDCW,Debt Scheme - Banking and PSU Fund,Open Ended Schemes,Aditya Birla Sun Life Mutual Fund,0.2444932495382579
2016-04-04,129.038,119551,Aditya Birla Sun Life Banking & PSU Debt Fund  - DIRECT - IDCW,Debt Scheme - Banking and PSU Fund,Open Ended Schemes,Aditya Birla Sun Life Mutual Fund,0.3570570287971142
2016-04-05,129.0831,119551,Aditya Birla Sun Life Banking & PSU Debt Fund  - DIRECT - IDCW,Debt Scheme - Banking and PSU Fund,Open Ended Schemes,Aditya Birla Sun Life Mutual Fund,0.034950944682954344
2016-04-06,129.1903,119551,Aditya Birla Sun Life Banking & PSU Debt Fund  - DIRECT - IDCW,Debt Scheme - Banking and PSU Fund,Open Ended Schemes,Aditya Birla Sun Life Mutual Fund,0.08304727729657735
2016-04-07,129.3494,119551,Aditya Birla Sun Life Banking & PSU Debt Fund  - DIRECT - IDCW,Debt Scheme - Banking and PSU Fund,Open Ended Schemes,Aditya Birla Sun Life Mutual Fund,0.12315166076710682
2016-04-11,129.6038,119551,Aditya Birla Sun Life Banking & PSU Debt Fund  - DIRECT - IDCW,Debt Scheme - Banking and PSU Fund,Open Ended Schemes,Aditya Birla Sun Life Mutual Fund,0.1966765984225738
2016-04-12,129.6858,119551,Aditya Birla Sun Life Banking & PSU Debt Fund  - DIRECT - IDCW,Debt Scheme - Banking and PSU Fund,Open Ended Schemes,Aditya Birla Sun Life Mutual Fund,0.06326974980670474
2016-04-13,129.5595,119551,Aditya Birla Sun Life Banking & PSU Debt Fund  - DIRECT - IDCW,Debt Scheme - Banking and PSU Fund,Open Ended Schemes,Aditya Birla Sun Life Mutual Fund,-0.09738922842746911
2016-04-18,129.752,119551,Aditya Birla Sun Life Banking & PSU Debt Fund  - DIRECT - IDCW,Debt Scheme - Banking and PSU Fund,Open Ended Schemes,Aditya Birla Sun Life Mutual Fund,0.14858038198664048
2016-04-20,129.7601,119551,Aditya Birla Sun Life Banking & PSU Debt Fund  - DIRECT - IDCW,Debt Scheme - Banking and PSU Fund,Open Ended Schemes,Aditya Birla Sun Life Mutual Fund,0.006242678340195873
2016-04-21,129.6356,119551,Aditya Birla Sun Life Banking & PSU Debt Fund  - DIRECT - IDCW,Debt Scheme - Banking and PSU Fund,Open Ended Schemes,Aditya Birla Sun Life Mutual Fund,-0.09594628857405585
2016-04-22,129.7155,119551,Aditya Birla Sun Life Banking & PSU Debt Fund  - DIRECT - IDCW,Debt Scheme - Banking and PSU Fund,Open Ended Schemes,Aditya Birla Sun Life Mutual Fund,0.06163430415717652
2016-04-25,129.7723,119551,Aditya Birla Sun Life Banking & PSU Debt Fund  - DIRECT - IDCW,Debt Scheme - Banking and PSU Fund,Open Ended Schemes,Aditya Birla Sun Life Mutual Fund,0.04378813634453582
2016-04-26,129.7797,119551,Aditya Birla Sun Life Banking & PSU Debt Fund  - DIRECT - IDCW,Debt Scheme - Banking and PSU Fund,Open Ended Schemes,Aditya Birla Sun Life Mutual Fund,0.0057022954821572824
2016-04-27,129.7993,119551,Aditya Birla Sun Life Banking & PSU Debt Fund  - DIRECT - IDCW,Debt Scheme - Banking and PSU Fund,Open Ended Schemes,Aditya Birla Sun Life Mutual Fund,0.015102516032938773
2016-04-28,129.8405,119551,Aditya Birla Sun Life Banking & PSU Debt Fund  - DIRECT - IDCW,Debt Scheme - Banking and PSU Fund,Open Ended Schemes,Aditya Birla Sun Life Mutual Fund,0.031741311393829186
2016-04-29,129.9119,119551,Aditya Birla Sun Life Banking & PSU Debt Fund  - DIRECT - IDCW,Debt Scheme - Banking and PSU Fund,Open Ended Schemes,Aditya Birla Sun Life Mutual Fund,0.054990546093103276
2016-05-02,129.9765,119551,Aditya Birla Sun Life Banking & PSU Debt Fund  - DIRECT - IDCW,Debt Scheme - Banking and PSU Fund,Open Ended Schemes,Aditya Birla Sun Life Mutual Fund,0.04972600662447313
2016-05-03,129.9719,119551,Aditya Birla Sun Life Banking & PSU Debt Fund  - DIRECT - IDCW,Debt Scheme - Banking and PSU Fund,Open Ended Schemes,Aditya Birla Sun Life Mutual Fund,-0.003539101299065983
2016-05-04,130.0353,119551,Aditya Birla Sun Life Banking & PSU Debt Fund  - DIRECT - IDCW,Debt Scheme - Banking and PSU Fund,Open Ended Schemes,Aditya Birla Sun Life Mutual Fund,0.048779774705143275
2016-05-05,130.0702,119551,Aditya Birla Sun Life Banking & PSU Debt Fund  - DIRECT - IDCW,Debt Scheme - Banking and PSU Fund,Open Ended Schemes,Aditya Birla Sun Life Mutual Fund,0.02683886606174024
2016-05-06,130.0972,119551,Aditya Birla Sun Life Banking & PSU Debt Fund  - DIRECT - IDCW,Debt Scheme - Banking and PSU Fund,Open Ended Schemes,Aditya Birla Sun Life Mutual Fund,0.02075802143763905
2016-05-09,130.2163,119551,Aditya Birla Sun Life Banking & PSU Debt Fund  - DIRECT - IDCW,Debt Scheme - Banking and PSU Fund,Open Ended Schemes,Aditya Birla Sun Life Mutual Fund,0.09154693567579031
2016-05-10,130.2617,119551,Aditya Birla Sun Life Banking & PSU Debt Fund  - DIRECT - IDCW,Debt Scheme - Banking and PSU Fund,Open Ended Schemes,Aditya Birla Sun Life Mutual Fund,0.03486506681575907
2016-05-11,130.3016,119551,Aditya Birla Sun Life Banking & PSU Debt Fund  - DIRECT - IDCW,Debt Scheme - Banking and PSU Fund,Open Ended Schemes,Aditya Birla Sun Life Mutual Fund,0.03063064584603037
2016-05-12,130.371,119551,Aditya Birla Sun Life Banking & PSU Debt Fund  - DIRECT - IDCW,Debt Scheme - Banking and PSU Fund,Open Ended Schemes,Aditya Birla Sun Life Mutual Fund,0.0532610497492092
2016-05-13,130.3528,119551,Aditya Birla Sun Life Banking & PSU Debt Fund  - DIRECT - IDCW,Debt Scheme - Banking and PSU Fund,Open Ended Schemes,Aditya Birla Sun Life Mutual Fund,-0.013960159851511555
2016-05-16,130.426,119551,Aditya Birla Sun Life Banking & PSU Debt Fund  - DIRECT - IDCW,Debt Scheme - Banking and PSU Fund,Open Ended Schemes,Aditya Birla Sun Life Mutual Fund,0.05615529547504661
2016-05-17,130.4413,119551,Aditya Birla Sun Life Banking & PSU Debt Fund  - DIRECT - IDCW,Debt Scheme - Banking and PSU Fund,Open Ended Schemes,Aditya Birla Sun Life Mutual Fund,0.011730789873198866
2016-05-18,130.4225,119551,Aditya Birla Sun Life Banking & PSU Debt Fund  - DIRECT - IDCW,Debt Scheme - Banking and PSU Fund,Open Ended Schemes,Aditya Birla Sun Life Mutual Fund,-0.014412613183090173
2016-05-19,130.4821,119551,Aditya Birla Sun Life Banking & PSU Debt Fund  - DIRECT - IDCW,Debt Scheme - Banking and PSU Fund,Open Ended Schemes,Aditya Birla Sun Life Mutual Fund,0.045697636527441965
2016-05-20,130.4614,119551,Aditya Birla Sun Life Banking & PSU Debt Fund  - DIRECT - IDCW,Debt Scheme - Banking and PSU Fund,Open Ended Schemes,Aditya Birla Sun Life Mutual Fund,-0.015864244980734465
2016-05-23,130.5755,119551,Aditya Birla Sun Life Banking & PSU Debt Fund  - DIRECT - IDCW,Debt Scheme - Banking and PSU Fund,Open Ended Schemes,Aditya Birla Sun Life Mutual Fund,0.08745881923695187
2016-05-24,130.6043,119551,Aditya Birla Sun Life Banking & PSU Debt Fund  - DIRECT - IDCW,Debt Scheme - Banking and PSU Fund,Open Ended Schemes,Aditya Birla Sun Life Mutual Fund,0.022056205030795972
2016-05-25,130.6325,119551,Aditya Birla Sun Life Banking & PSU Debt Fund  - DIRECT - IDCW,Debt Scheme - Banking and PSU Fund,Open Ended Schemes,Aditya Birla Sun Life Mutual Fund,0.021591938397125254
2016-05-26,130.6326,119551,Aditya Birla Sun Life Banking & PSU Debt Fund  - DIRECT - IDCW,Debt Scheme - Banking and PSU Fund,Open Ended Schemes,Aditya Birla Sun Life Mutual Fund,7.655062868039408e-05
2016-05-27,130.6615,119551,Aditya Birla Sun Life Banking & PSU Debt Fund  - DIRECT - IDCW,Debt Scheme - Banking and PSU Fund,Open Ended Schemes,Aditya Birla Sun Life Mutual Fund,0.022123114750827177
2016-05-30,130.7441,119551,Aditya Birla Sun Life Banking & PSU Debt Fund  - DIRECT - IDCW,Debt Scheme - Banking and PSU Fund,Open Ended Schemes,Aditya Birla Sun Life Mutual Fund,0.06321678535758934
2016-05-31,130.7549,119551,Aditya Birla Sun Life Banking & PSU Debt Fund  - DIRECT - IDCW,Debt Scheme - Banking and PSU Fund,Open Ended Schemes,Aditya Birla Sun Life Mutual Fund,0.008260410986027367
2016-06-01,130.7344,119551,Aditya Birla Sun Life Banking & PSU Debt Fund  - DIRECT - IDCW,Debt Scheme - Banking and PSU Fund,Open Ended Schemes,Aditya Birla Sun Life Mutual Fund,-0.015678188733270204
2016-06-02,130.7746,119551,Aditya Birla Sun Life Banking & PSU Debt Fund  - DIRECT - IDCW,Debt Scheme - Banking and PSU Fund,Open Ended Schemes,Aditya Birla Sun Life Mutual Fund,0.030749366654836408
2016-06-03,130.8097,119551,Aditya Birla Sun Life Banking & PSU Debt Fund  - DIRECT - IDCW,Debt Scheme - Banking and PSU Fund,Open Ended Schemes,Aditya Birla Sun Life Mutual Fund,0.026840074448708506
2016-06-06,130.9418,119551,Aditya Birla Sun Life Banking & PSU Debt Fund  - DIRECT - IDCW,Debt Scheme - Banking and PSU Fund,Open Ended Schemes,Aditya Birla Sun Life Mutual Fund,0.10098639473985482
2016-06-07,130.9498,119551,Aditya Birla Sun Life Banking & PSU Debt Fund  - DIRECT - IDCW,Debt Scheme - Banking and PSU Fund,Open Ended Schemes,Aditya Birla Sun Life Mutual Fund,0.006109584563529502
2016-06-08,130.9713,119551,Aditya Birla Sun Life Banking & PSU Debt Fund  - DIRECT - IDCW,Debt Scheme - Banking and PSU Fund,Open Ended Schemes,Aditya Birla Sun Life Mutual Fund,0.016418505412008066
2016-06-09,131.006,119551,Aditya Birla Sun Life Banking & PSU Debt Fund  - DIRECT - IDCW,Debt Scheme - Banking and PSU Fund,Open Ended Schemes,Aditya Birla Sun Life Mutual Fund,0.026494354106576523
2016-06-10,131.0328,119551,Aditya Birla Sun Life Banking & PSU Debt Fund  - DIRECT - IDCW,Debt Scheme - Banking and PSU Fund,Open Ended Schemes,Aditya Birla Sun Life Mutual Fund,0.020457078301761022
2016-06-13,131.0126,119551,Aditya Birla Sun Life Banking & PSU Debt Fund  - DIRECT - IDCW,Debt Scheme - Banking and PSU Fund,Open Ended Schemes,Aditya Birla Sun Life Mutual Fund,-0.015415987447431334
2016-06-14,131.0472,119551,Aditya Birla Sun Life Banking & PSU Debt Fund  - DIRECT - IDCW,Debt Scheme - Banking and PSU Fund,Open Ended Schemes,Aditya Birla Sun Life Mutual Fund,0.026409673573390968
2016-06-15,131.088,119551,Aditya Birla Sun Life Banking & PSU Debt Fund  - DIRECT - IDCW,Debt Scheme - Banking and PSU Fund,Open Ended Schemes,Aditya Birla Sun Life Mutual Fund,0.031133820486051178
2016-06-16,131.1648,119551,Aditya Birla Sun Life Banking & PSU Debt Fund  - DIRECT - IDCW,Debt Scheme - Banking and PSU Fund,Open Ended Schemes,Aditya Birla Sun Life Mutual Fund,0.05858659831565749
2016-06-17,131.1983,119551,Aditya Birla Sun Life Banking & PSU Debt Fund  - DIRECT - IDCW,Debt Scheme - Banking and PSU Fund,Open Ended Schemes,Aditya Birla Sun Life Mutual Fund,0.02554038888480381
2016-06-20,131.2455,119551,Aditya Birla Sun Life Banking & PSU Debt Fund  - DIRECT - IDCW,Debt Scheme - Banking and PSU Fund,Open Ended Schemes,Aditya Birla Sun Life Mutual Fund,0.03597607590952734
2016-06-21,131.3168,119551,Aditya Birla Sun Life Banking & PSU Debt Fund  - DIRECT - IDCW,Debt Scheme - Banking and PSU Fund,Open Ended Schemes,Aditya Birla Sun Life Mutual Fund,0.054325672118293866
2016-06-22,131.4024,119551,Aditya Birla Sun Life Banking & PSU Debt Fund  - DIRECT - IDCW,Debt Scheme - Banking and PSU Fund,Open Ended Schemes,Aditya Birla Sun Life Mutual Fund,0.06518587111474794
2016-06-23,131.4681,119551,Aditya Birla Sun Life Banking & PSU Debt Fund  - DIRECT - IDCW,Debt Scheme - Banking and PSU Fund,Open Ended Schemes,Aditya Birla Sun Life Mutual Fund,0.0499990867746547
2016-06-24,131.4875,119551,Aditya Birla Sun Life Banking & PSU Debt Fund  - DIRECT - IDCW,Debt Scheme - Banking and PSU Fund,Open Ended Schemes,Aditya Birla Sun Life Mutual Fund,0.014756431408091686
2016-06-27,131.6653,119551,Aditya Birla Sun Life Banking & PSU Debt Fund  - DIRECT - IDCW,Debt Scheme - Banking and PSU Fund,Open Ended Schemes,Aditya Birla Sun Life Mutual Fund,0.13522197927557933
2016-06-28,131.7077,119551,Aditya Birla Sun Life Banking & PSU Debt Fund  - DIRECT - IDCW,Debt Scheme - Banking and PSU Fund,Open Ended Schemes,Aditya Birla Sun Life Mutual Fund,0.03220286590315258
2016-06-29,131.8008,119551,Aditya Birla Sun Life Banking & PSU Debt Fund  - DIRECT - IDCW,Debt Scheme - Banking and PSU Fund,Open Ended Schemes,Aditya Birla Sun Life Mutual Fund,0.07068683152162691
2016-06-30,131.8646,119551,Aditya Birla Sun Life Banking & PSU Debt Fund  - DIRECT - IDCW,Debt Scheme - Banking and PSU Fund,Open Ended Schemes,Aditya Birla Sun Life Mutual Fund,0.04840638296579325
2016-07-01,132.0459,119551,Aditya Birla Sun Life Banking & PSU Debt Fund  - DIRECT - IDCW,Debt Scheme - Banking and PSU Fund,Open Ended Schemes,Aditya Birla Sun Life Mutual Fund,0.1374895157608691
2016-07-04,132.1492,119551,Aditya Birla Sun Life Banking & PSU Debt Fund  - DIRECT - IDCW,Debt Scheme - Banking and PSU Fund,Open Ended Schemes,Aditya Birla Sun Life Mutual Fund,0.07823037292336021
2016-07-05,132.3858,119551,Aditya Birla Sun Life Banking & PSU Debt Fund  - DIRECT - IDCW,Debt Scheme - Banking and PSU Fund,Open Ended Schemes,Aditya Birla Sun Life Mutual Fund,0.1790400547259985
2016-07-07,132.5112,119551,Aditya Birla Sun Life Banking & PSU Debt Fund  - DIRECT - IDCW,Debt Scheme - Banking and PSU Fund,Open Ended Schemes,Aditya Birla Sun Life Mutual Fund,0.09472315006595622
2016-07-08,132.5679,119551,Aditya Birla Sun Life Banking & PSU Debt Fund  - DIRECT - IDCW,Debt Scheme - Banking and PSU Fund,Open Ended Schemes,Aditya Birla Sun Life Mutual Fund,0.042788835962559446
2016-07-11,132.6835,119551,Aditya Birla Sun Life Banking & PSU Debt Fund  - DIRECT - IDCW,Debt Scheme - Banking and PSU Fund,Open Ended Schemes,Aditya Birla Sun Life Mutual Fund,0.08720059682623127
2016-07-12,133.0156,119551,Aditya Birla Sun Life Banking & PSU Debt Fund  - DIRECT - IDCW,Debt Scheme - Banking and PSU Fund,Open Ended Schemes,Aditya Birla Sun Life Mutual Fund,0.250294874645296
2016-07-13,133.3212,119551,Aditya Birla Sun Life Banking & PSU Debt Fund  - DIRECT - IDCW,Debt Scheme - Banking and PSU Fund,Open Ended Schemes,Aditya Birla Sun Life Mutual Fund,0.22974748826454228
2016-07-14,133.3927,119551,Aditya Birla Sun Life Banking & PSU Debt Fund  - DIRECT - IDCW,Debt Scheme - Banking and PSU Fund,Open Ended Schemes,Aditya Birla Sun Life Mutual Fund,0.05362988031909488
2016-07-15,133.4658,119551,Aditya Birla Sun Life Banking & PSU Debt Fund  - DIRECT - IDCW,Debt Scheme - Banking and PSU Fund,Open Ended Schemes,Aditya Birla Sun Life Mutual Fund,0.054800600032844926
2016-07-18,133.4825,119551,Aditya Birla Sun Life Banking & PSU Debt Fund  - DIRECT - IDCW,Debt Scheme - Banking and PSU Fund,Open Ended Schemes,Aditya Birla Sun Life Mutual Fund,0.012512568762912402
2016-07-19,133.6134,119551,Aditya Birla Sun Life Banking & PSU Debt Fund  - DIRECT - IDCW,Debt Scheme - Banking and PSU Fund,Open Ended Schemes,Aditya Birla Sun Life Mutual Fund,0.09806528945743853
2016-07-20,133.7495,119551,Aditya Birla Sun Life Banking & PSU Debt Fund  - DIRECT - IDCW,Debt Scheme - Banking and PSU Fund,Open Ended Schemes,Aditya Birla Sun Life Mutual Fund,0.1018610408836329
2016-07-21,133.8544,119551,Aditya Birla Sun Life Banking & PSU Debt Fund  - DIRECT - IDCW,Debt Scheme - Banking and PSU Fund,Open Ended Schemes,Aditya Birla Sun Life Mutual Fund,0.07843019973905463
2016-07-22,133.9622,119551,Aditya Birla Sun Life Banking & PSU Debt Fund  - DIRECT - IDCW,Debt Scheme - Banking and PSU Fund,Open Ended Schemes,Aditya Birla Sun Life Mutual Fund,0.08053526817197731
2016-07-25,134.0989,119551,Aditya Birla Sun Life Banking & PSU Debt Fund  - DIRECT - IDCW,Debt Scheme - Banking and PSU Fund,Open Ended Schemes,Aditya Birla Sun Life Mutual Fund,0.10204371083781805
2016-07-26,134.1531,119551,Aditya Birla Sun Life Banking & PSU Debt Fund  - DIRECT - IDCW,Debt Scheme - Banking and PSU Fund,Open Ended Schemes,Aditya Birla Sun Life Mutual Fund,0.04041793034843533
2016-07-27,134.1788,119551,Aditya Birla Sun Life Banking & PSU Debt Fund  - DIRECT - IDCW,Debt Scheme - Banking and PSU Fund,Open Ended Schemes,Aditya Birla Sun Life Mutual Fund,0.01915721664278447
2016-07-28,134.5985,119551,Aditya Birla Sun Life Banking & PSU Debt Fund  - DIRECT - IDCW,Debt Scheme - Banking and PSU Fund,Open Ended Schemes,Aditya Birla Sun Life Mutual Fund,0.312791588537098
2016-07-29,134.7325,119551,Aditya Birla Sun Life Banking & PSU Debt Fund  - DIRECT - IDCW,Debt Scheme - Banking and PSU Fund,Open Ended Schemes,Aditya Birla Sun Life Mutual Fund,0.09955534422745327
2016-08-01,134.9712,119551,Aditya Birla Sun Life Banking & PSU Debt Fund  - DIRECT - IDCW,Debt Scheme - Banking and PSU Fund,Open Ended Schemes,Aditya Birla Sun Life Mutual Fund,0.1771658656968711
2016-08-02,134.8488,119551,Aditya Birla Sun Life Banking & PSU Debt Fund  - DIRECT - IDCW,Debt Scheme - Banking and PSU Fund,Open Ended Schemes,Aditya Birla Sun Life Mutual Fund,-0.0906860130161058
2016-08-03,134.7377,119551,Aditya Birla Sun Life Banking & PSU Debt Fund  - DIRECT - IDCW,Debt Scheme - Banking and PSU Fund,Open Ended Schemes,Aditya Birla Sun Life Mutual Fund,-0.08238857149638346
2016-08-04,134.8655,119551,Aditya Birla Sun Life Banking & PSU Debt Fund  - DIRECT - IDCW,Debt Scheme - Banking and PSU Fund,Open Ended Schemes,Aditya Birla Sun Life Mutual Fund,0.09485095856616166
2016-08-05,134.9377,119551,Aditya Birla Sun Life Banking & PSU Debt Fund  - DIRECT - IDCW,Debt Scheme - Banking and PSU Fund,Open Ended Schemes,Aditya Birla Sun Life Mutual Fund,0.053534818022416
2016-08-08,135.0387,119551,Aditya Birla Sun Life Banking & PSU Debt Fund  - DIRECT - IDCW,Debt Scheme - Banking and PSU Fund,Open Ended Schemes,Aditya Birla Sun Life Mutual Fund,0.0748493564066921
2016-08-09,135.3606,119551,Aditya Birla Sun Life Banking & PSU Debt Fund  - DIRECT - IDCW,Debt Scheme - Banking and PSU Fund,Open Ended Schemes,Aditya Birla Sun Life Mutual Fund,0.23837610995958158
2016-08-10,135.5838,119551,Aditya Birla Sun Life Banking & PSU Debt Fund  - DIRECT - IDCW,Debt Scheme - Banking and PSU Fund,Open Ended Schemes,Aditya Birla Sun Life Mutual Fund,0.16489288611307718
2016-08-11,135.8291,119551,Aditya Birla Sun Life Banking & PSU Debt Fund  - DIRECT - IDCW,Debt Scheme - Banking and PSU Fund,Open Ended Schemes,Aditya Birla Sun Life Mutual Fund,0.18092131950868673
2016-08-12,135.8182,119551,Aditya Birla Sun Life Banking & PSU Debt Fund  - DIRECT - IDCW,Debt Scheme - Banking and PSU Fund,Open Ended Schemes,Aditya Birla Sun Life Mutual Fund,-0.008024789975069613
2016-08-16,135.8902,119551,Aditya Birla Sun Life Banking & PSU Debt Fund  - DIRECT - IDCW,Debt Scheme - Banking and PSU Fund,Open Ended Schemes,Aditya Birla Sun Life Mutual Fund,0.05301204109611213
2016-08-18,135.7343,119551,Aditya Birla Sun Life Banking & PSU Debt Fund  - DIRECT - IDCW,Debt Scheme - Banking and PSU Fund,Open Ended Schemes,Aditya Birla Sun Life Mutual Fund,-0.11472497648836733
2016-08-19,135.8687,119551,Aditya Birla Sun Life Banking & PSU Debt Fund  - DIRECT - IDCW,Debt Scheme - Banking and PSU Fund,Open Ended Schemes,Aditya Birla Sun Life Mutual Fund,0.09901697654903785
2016-08-22,135.7183,119551,Aditya Birla Sun Life Banking & PSU Debt Fund  - DIRECT - IDCW,Debt Scheme - Banking and PSU Fund,Open Ended Schemes,Aditya Birla Sun Life Mutual Fund,-0.11069510490642198
2016-08-23,135.7506,119551,Aditya Birla Sun Life Banking & PSU Debt Fund  - DIRECT - IDCW,Debt Scheme - Banking and PSU Fund,Open Ended Schemes,Aditya Birla Sun Life Mutual Fund,0.02379929604185982
2016-08-24,135.9112,119551,Aditya Birla Sun Life Banking & PSU Debt Fund  - DIRECT - IDCW,Debt Scheme - Banking and PSU Fund,Open Ended Schemes,Aditya Birla Sun Life Mutual Fund,0.11830518612809815
2016-08-25,136.0296,119551,Aditya Birla Sun Life Banking & PSU Debt Fund  - DIRECT - IDCW,Debt Scheme - Banking and PSU Fund,Open Ended Schemes,Aditya Birla Sun Life Mutual Fund,0.08711570496027221
2016-08-26,136.0743,119551,Aditya Birla Sun Life Banking & PSU Debt Fund  - DIRECT - IDCW,Debt Scheme - Banking and PSU Fund,Open Ended Schemes,Aditya Birla Sun Life Mutual Fund,0.032860495068720574
2016-08-29,136.2205,119551,Aditya Birla Sun Life Banking & PSU Debt Fund  - DIRECT - IDCW,Debt Scheme - Banking and PSU Fund,Open Ended Schemes,Aditya Birla Sun Life Mutual Fund,0.10744130228852455
2016-08-30,136.312,119551,Aditya Birla Sun Life Banking & PSU Debt Fund  - DIRECT - IDCW,Debt Scheme - Banking and PSU Fund,Open Ended Schemes,Aditya Birla Sun Life Mutual Fund,0.06717050664182267
2016-08-31,136.3515,119551,Aditya Birla Sun Life Banking & PSU Debt Fund  - DIRECT - IDCW,Debt Scheme - Banking and PSU Fund,Open Ended Schemes,Aditya Birla Sun Life Mutual Fund,0.028977639532823396
2016-09-01,136.3584,119551,Aditya Birla Sun Life Banking & PSU Debt Fund  - DIRECT - IDCW,Debt Scheme - Banking and PSU Fund,Open Ended Schemes,Aditya Birla Sun Life Mutual Fund,0.005060450380089954
2016-09-02,136.3517,119551,Aditya Birla Sun Life Banking & PSU Debt Fund  - DIRECT - IDCW,Debt Scheme - Banking and PSU Fund,Open Ended Schemes,Aditya Birla Sun Life Mutual Fund,-0.004913522012572891
2016-09-06,136.541,119551,Aditya Birla Sun Life Banking & PSU Debt Fund  - DIRECT - IDCW,Debt Scheme - Banking and PSU Fund,Open Ended Schemes,Aditya Birla Sun Life Mutual Fund,0.13883215244108182
2016-09-07,136.7979,119551,Aditya Birla Sun Life Banking & PSU Debt Fund  - DIRECT - IDCW,Debt Scheme - Banking and PSU Fund,Open Ended Schemes,Aditya Birla Sun Life Mutual Fund,0.18814861470182187
2016-09-08,136.8589,119551,Aditya Birla Sun Life Banking & PSU Debt Fund  - DIRECT - IDCW,Debt Scheme - Banking and PSU Fund,Open Ended Schemes,Aditya Birla Sun Life Mutual Fund,0.04459132779086605
2016-09-09,136.9063,119551,Aditya Birla Sun Life Banking & PSU Debt Fund  - DIRECT - IDCW,Debt Scheme - Banking and PSU Fund,Open Ended Schemes,Aditya Birla Sun Life Mutual Fund,0.0346342108551001
2016-09-12,136.85,119551,Aditya Birla Sun Life Banking & PSU Debt Fund  - DIRECT - IDCW,Debt Scheme - Banking and PSU Fund,Open Ended Schemes,Aditya Birla Sun Life Mutual Fund,-0.04112301625271986
2016-09-14,136.8219,119551,Aditya Birla Sun Life Banking & PSU Debt Fund  - DIRECT - IDCW,Debt Scheme - Banking and PSU Fund,Open Ended Schemes,Aditya Birla Sun Life Mutual Fund,-0.020533430763602922
2016-09-15,136.8926,119551,Aditya Birla Sun Life Banking & PSU Debt Fund  - DIRECT - IDCW,Debt Scheme - Banking and PSU Fund,Open Ended Schemes,Aditya Birla Sun Life Mutual Fund,0.05167301433468552
2016-09-16,136.971,119551,Aditya Birla Sun Life Banking & PSU Debt Fund  - DIRECT - IDCW,Debt Scheme - Banking and PSU Fund,Open Ended Schemes,Aditya Birla Sun Life Mutual Fund,0.057271174628881205
2016-09-19,137.0139,119551,Aditya Birla Sun Life Banking & PSU Debt Fund  - DIRECT - IDCW,Debt Scheme - Banking and PSU Fund,Open Ended Schemes,Aditya Birla Sun Life Mutual Fund,0.03132049849967622
2016-09-20,136.9986,119551,Aditya Birla Sun Life Banking & PSU Debt Fund  - DIRECT - IDCW,Debt Scheme - Banking and PSU Fund,Open Ended Schemes,Aditya Birla Sun Life Mutual Fund,-0.011166750234825606
2016-09-21,137.097,119551,Aditya Birla Sun Life Banking & PSU Debt Fund  - DIRECT - IDCW,Debt Scheme - Banking and PSU Fund,Open Ended Schemes,Aditya Birla Sun Life Mutual Fund,0.07182555150198056
2016-09-22,137.4241,119551,Aditya Birla Sun Life Banking & PSU Debt Fund  - DIRECT - IDCW,Debt Scheme - Banking and PSU Fund,Open Ended Schemes,Aditya Birla Sun Life Mutual Fund,0.2385901952631997
2016-09-23,137.5601,119551,Aditya Birla Sun Life Banking & PSU Debt Fund  - DIRECT - IDCW,Debt Scheme - Banking and PSU Fund,Open Ended Schemes,Aditya Birla Sun Life Mutual Fund,0.09896371888191702
2016-09-26,137.8324,119551,Aditya Birla Sun Life Banking & PSU Debt Fund  - DIRECT - IDCW,Debt Scheme - Banking and PSU Fund,Open Ended Schemes,Aditya Birla Sun Life Mutual Fund,0.19794984156016326
2016-09-27,137.947,119551,Aditya Birla Sun Life Banking & PSU Debt Fund  - DIRECT - IDCW,Debt Scheme - Banking and PSU Fund,Open Ended Schemes,Aditya Birla Sun Life Mutual Fund,0.0831444566009143
2016-09-28,138.0284,119551,Aditya Birla Sun Life Banking & PSU Debt Fund  - DIRECT - IDCW,Debt Scheme - Banking and PSU Fund,Open Ended Schemes,Aditya Birla Sun Life Mutual Fund,0.059008169804353194
2016-09-29,137.7307,119551,Aditya Birla Sun Life Banking & PSU Debt Fund  - DIRECT - IDCW,Debt Scheme - Banking and PSU Fund,Open Ended Schemes,Aditya Birla Sun Life Mutual Fund,-0.21568025131059043
2016-09-30,137.8665,119551,Aditya Birla Sun Life Banking & PSU Debt Fund  - DIRECT - IDCW,Debt Scheme - Banking and PSU Fund,Open Ended Schemes,Aditya Birla Sun Life Mutual Fund,0.09859820650006679
2016-10-03,138.2415,119551,Aditya Birla Sun Life Banking & PSU Debt Fund  - DIRECT - IDCW,Debt Scheme - Banking and PSU Fund,Open Ended Schemes,Aditya Birla Sun Life Mutual Fund,0.2720022630588348
2016-10-04,138.5007,119551,Aditya Birla Sun Life Banking & PSU Debt Fund  - DIRECT - IDCW,Debt Scheme - Banking and PSU Fund,Open Ended Schemes,Aditya Birla Sun Life Mutual Fund,0.1874979655168696
2016-10-05,138.9268,119551,Aditya Birla Sun Life Banking & PSU Debt Fund  - DIRECT - IDCW,Debt Scheme - Banking and PSU Fund,Open Ended Schemes,Aditya Birla Sun Life Mutual Fund,0.3076518746836676
2016-10-06,138.8924,119551,Aditya Birla Sun Life Banking & PSU Debt Fund  - DIRECT - IDCW,Debt Scheme - Banking and PSU Fund,Open Ended Schemes,Aditya Birla Sun Life Mutual Fund,-0.024761241171589177
2016-10-07,138.7764,119551,Aditya Birla Sun Life Banking & PSU Debt Fund  - DIRECT - IDCW,Debt Scheme - Banking and PSU Fund,Open Ended Schemes,Aditya Birla Sun Life Mutual Fund,-0.08351788866778342
2016-10-10,139.0035,119551,Aditya Birla Sun Life Banking & PSU Debt Fund  - DIRECT - IDCW,Debt Scheme - Banking and PSU Fund,Open Ended Schemes,Aditya Birla Sun Life Mutual Fund,0.1636445389850305
2016-10-13,138.9711,119551,Aditya Birla Sun Life Banking & PSU Debt Fund  - DIRECT - IDCW,Debt Scheme - Banking and PSU Fund,Open Ended Schemes,Aditya Birla Sun Life Mutual Fund,-0.023308765606622206
2016-10-14,138.8584,119551,Aditya Birla Sun Life Banking & PSU Debt Fund  - DIRECT - IDCW,Debt Scheme - Banking and PSU Fund,Open Ended Schemes,Aditya Birla Sun Life Mutual Fund,-0.08109599765707687
2016-10-17,138.8696,119551,Aditya Birla Sun Life Banking & PSU Debt Fund  - DIRECT - IDCW,Debt Scheme - Banking and PSU Fund,Open Ended Schemes,Aditya Birla Sun Life Mutual Fund,0.008065770597953659
2016-10-18,138.9771,119551,Aditya Birla Sun Life Banking & PSU Debt Fund  - DIRECT - IDCW,Debt Scheme - Banking and PSU Fund,Open Ended Schemes,Aditya Birla Sun Life Mutual Fund,0.07741075080507365
2016-10-19,138.9686,119551,Aditya Birla Sun Life Banking & PSU Debt Fund  - DIRECT - IDCW,Debt Scheme - Banking and PSU Fund,Open Ended Schemes,Aditya Birla Sun Life Mutual Fund,-0.006116115532706079
2016-10-20,138.92,119551,Aditya Birla Sun Life Banking & PSU Debt Fund  - DIRECT - IDCW,Debt Scheme - Banking and PSU Fund,Open Ended Schemes,Aditya Birla Sun Life Mutual Fund,-0.034971928910576544
2016-10-21,138.9252,119551,Aditya Birla Sun Life Banking & PSU Debt Fund  - DIRECT - IDCW,Debt Scheme - Banking and PSU Fund,Open Ended Schemes,Aditya Birla Sun Life Mutual Fund,0.003743161531821748
2016-10-24,138.9892,119551,Aditya Birla Sun Life Banking & PSU Debt Fund  - DIRECT - IDCW,Debt Scheme - Banking and PSU Fund,Open Ended Schemes,Aditya Birla Sun Life Mutual Fund,0.046067955993600584
2016-10-25,138.917,119551,Aditya Birla Sun Life Banking & PSU Debt Fund  - DIRECT - IDCW,Debt Scheme - Banking and PSU Fund,Open Ended Schemes,Aditya Birla Sun Life Mutual Fund,-0.05194648217272668
2016-10-26,138.9324,119551,Aditya Birla Sun Life Banking & PSU Debt Fund  - DIRECT - IDCW,Debt Scheme - Banking and PSU Fund,Open Ended Schemes,Aditya Birla Sun Life Mutual Fund,0.011085756242934508
2016-10-27,138.8932,119551,Aditya Birla Sun Life Banking & PSU Debt Fund  - DIRECT - IDCW,Debt Scheme - Banking and PSU Fund,Open Ended Schemes,Aditya Birla Sun Life Mutual Fund,-0.02821516075443009
2016-10-28,138.9002,119551,Aditya Birla Sun Life Banking & PSU Debt Fund  - DIRECT - IDCW,Debt Scheme - Banking and PSU Fund,Open Ended Schemes,Aditya Birla Sun Life Mutual Fund,0.005039843563259261
2016-11-01,138.9285,119551,Aditya Birla Sun Life Banking & PSU Debt Fund  - DIRECT - IDCW,Debt Scheme - Banking and PSU Fund,Open Ended Schemes,Aditya Birla Sun Life Mutual Fund,0.020374340713691375
2016-11-02,138.9201,119551,Aditya Birla Sun Life Banking & PSU Debt Fund  - DIRECT - IDCW,Debt Scheme - Banking and PSU Fund,Open Ended Schemes,Aditya Birla Sun Life Mutual Fund,-0.006046275602211715
2016-11-03,138.9047,119551,Aditya Birla Sun Life Banking & PSU Debt Fund  - DIRECT - IDCW,Debt Scheme - Banking and PSU Fund,Open Ended Schemes,Aditya Birla Sun Life Mutual Fund,-0.011085508864450144
2016-11-04,138.8435,119551,Aditya Birla Sun Life Banking & PSU Debt Fund  - DIRECT - IDCW,Debt Scheme - Banking and PSU Fund,Open Ended Schemes,Aditya Birla Sun Life Mutual Fund,-0.0440589843252126
2016-11-07,138.9342,119551,Aditya Birla Sun Life Banking & PSU Debt Fund  - DIRECT - IDCW,Debt Scheme - Banking and PSU Fund,Open Ended Schemes,Aditya Birla Sun Life Mutual Fund,0.0653253483238414
2016-11-08,139.0289,119551,Aditya Birla Sun Life Banking & PSU Debt Fund  - DIRECT - IDCW,Debt Scheme - Banking and PSU Fund,Open Ended Schemes,Aditya Birla Sun Life Mutual Fund,0.06816176290647125
2016-11-09,139.5353,119551,Aditya Birla Sun Life Banking & PSU Debt Fund  - DIRECT - IDCW,Debt Scheme - Banking and PSU Fund,Open Ended Schemes,Aditya Birla Sun Life Mutual Fund,0.3642408161180999
2016-11-10,139.7669,119551,Aditya Birla Sun Life Banking & PSU Debt Fund  - DIRECT - IDCW,Debt Scheme - Banking and PSU Fund,Open Ended Schemes,Aditya Birla Sun Life Mutual Fund,0.16597950482779567
2016-11-11,139.5813,119551,Aditya Birla Sun Life Banking & PSU Debt Fund  - DIRECT - IDCW,Debt Scheme - Banking and PSU Fund,Open Ended Schemes,Aditya Birla Sun Life Mutual Fund,-0.13279252813076514
2016-11-15,140.6312,119551,Aditya Birla Sun Life Banking & PSU Debt Fund  - DIRECT - IDCW,Debt Scheme - Banking and PSU Fund,Open Ended Schemes,Aditya Birla Sun Life Mutual Fund,0.7521781212812995
2016-11-16,141.2151,119551,Aditya Birla Sun Life Banking & PSU Debt Fund  - DIRECT - IDCW,Debt Scheme - Banking and PSU Fund,Open Ended Schemes,Aditya Birla Sun Life Mutual Fund,0.41519947209438524
2016-11-17,141.2957,119551,Aditya Birla Sun Life Banking & PSU Debt Fund  - DIRECT - IDCW,Debt Scheme - Banking and PSU Fund,Open Ended Schemes,Aditya Birla Sun Life Mutual Fund,0.05707604923270715
2016-11-18,141.2116,119551,Aditya Birla Sun Life Banking & PSU Debt Fund  - DIRECT - IDCW,Debt Scheme - Banking and PSU Fund,Open Ended Schemes,Aditya Birla Sun Life Mutual Fund,-0.05952056573554909
2016-11-21,142.0013,119551,Aditya Birla Sun Life Banking & PSU Debt Fund  - DIRECT - IDCW,Debt Scheme - Banking and PSU Fund,Open Ended Schemes,Aditya Birla Sun Life Mutual Fund,0.5592316778508133
2016-11-22,142.0614,119551,Aditya Birla Sun Life Banking & PSU Debt Fund  - DIRECT - IDCW,Debt Scheme - Banking and PSU Fund,Open Ended Schemes,Aditya Birla Sun Life Mutual Fund,0.04232355619280259
2016-11-23,142.3794,119551,Aditya Birla Sun Life Banking & PSU Debt Fund  - DIRECT - IDCW,Debt Scheme - Banking and PSU Fund,Open Ended Schemes,Aditya Birla Sun Life Mutual Fund,0.22384687184555663
2016-11-24,142.9418,119551,Aditya Birla Sun Life Banking & PSU Debt Fund  - DIRECT - IDCW,Debt Scheme - Banking and PSU Fund,Open Ended Schemes,Aditya Birla Sun Life Mutual Fund,0.39500096221785075
2016-11-25,142.7966,119551,Aditya Birla Sun Life Banking & PSU Debt Fund  - DIRECT - IDCW,Debt Scheme - Banking and PSU Fund,Open Ended Schemes,Aditya Birla Sun Life Mutual Fund,-0.10157980380826048
2016-11-28,142.3286,119551,Aditya Birla Sun Life Banking & PSU Debt Fund  - DIRECT - IDCW,Debt Scheme - Banking and PSU Fund,Open Ended Schemes,Aditya Birla Sun Life Mutual Fund,-0.32773889574403414
2016-11-29,142.2212,119551,Aditya Birla Sun Life Banking & PSU Debt Fund  - DIRECT - IDCW,Debt Scheme - Banking and PSU Fund,Open Ended Schemes,Aditya Birla Sun Life Mutual Fund,-0.07545918388853767
2016-11-30,142.5417,119551,Aditya Birla Sun Life Banking & PSU Debt Fund  - DIRECT - IDCW,Debt Scheme - Banking and PSU Fund,Open Ended Schemes,Aditya Birla Sun Life Mutual Fund,0.22535318222598466
2016-12-01,142.6678,119551,Aditya Birla Sun Life Banking & PSU Debt Fund  - DIRECT - IDCW,Debt Scheme - Banking and PSU Fund,Open Ended Schemes,Aditya Birla Sun Life Mutual Fund,0.08846534031796693
2016-12-02,142.5539,119551,Aditya Birla Sun Life Banking & PSU Debt Fund  - DIRECT - IDCW,Debt Scheme - Banking and PSU Fund,Open Ended Schemes,Aditya Birla Sun Life Mutual Fund,-0.07983581438839593
2016-12-05,142.6727,119551,Aditya Birla Sun Life Banking & PSU Debt Fund  - DIRECT - IDCW,Debt Scheme - Banking and PSU Fund,Open Ended Schemes,Aditya Birla Sun Life Mutual Fund,0.0833368992360084
2016-12-06,142.7747,119551,Aditya Birla Sun Life Banking & PSU Debt Fund  - DIRECT - IDCW,Debt Scheme - Banking and PSU Fund,Open Ended Schemes,Aditya Birla Sun Life Mutual Fund,0.07149230371332749
2016-12-07,141.4759,119551,Aditya Birla Sun Life Banking & PSU Debt Fund  - DIRECT - IDCW,Debt Scheme - Banking and PSU Fund,Open Ended Schemes,Aditya Birla Sun Life Mutual Fund,-0.9096849792014972
2016-12-08,141.328,119551,Aditya Birla Sun Life Banking & PSU Debt Fund  - DIRECT - IDCW,Debt Scheme - Banking and PSU Fund,Open Ended Schemes,Aditya Birla Sun Life Mutual Fund,-0.1045407733755277
2016-12-09,141.2674,119551,Aditya Birla Sun Life Banking & PSU Debt Fund  - DIRECT - IDCW,Debt Scheme - Banking and PSU Fund,Open Ended Schemes,Aditya Birla Sun Life Mutual Fund,-0.042878976565152715
2016-12-13,141.4149,119551,Aditya Birla Sun Life Banking & PSU Debt Fund  - DIRECT - IDCW,Debt Scheme - Banking and PSU Fund,Open Ended Schemes,Aditya Birla Sun Life Mutual Fund,0.1044119166913049
2016-12-14,141.4995,119551,Aditya Birla Sun Life Banking & PSU Debt Fund  - DIRECT - IDCW,Debt Scheme - Banking and PSU Fund,Open Ended Schemes,Aditya Birla Sun Life Mutual Fund,0.059823964801464236
2016-12-15,140.9543,119551,Aditya Birla Sun Life Banking & PSU Debt Fund  - DIRECT - IDCW,Debt Scheme - Banking and PSU Fund,Open Ended Schemes,Aditya Birla Sun Life Mutual Fund,-0.3853017148470639
2016-12-16,140.9144,119551,Aditya Birla Sun Life Banking & PSU Debt Fund  - DIRECT - IDCW,Debt Scheme - Banking and PSU Fund,Open Ended Schemes,Aditya Birla Sun Life Mutual Fund,-0.028307047035802668
2016-12-19,140.9731,119551,Aditya Birla Sun Life Banking & PSU Debt Fund  - DIRECT - IDCW,Debt Scheme - Banking and PSU Fund,Open Ended Schemes,Aditya Birla Sun Life Mutual Fund,0.04165649500689206
2016-12-20,141.0514,119551,Aditya Birla Sun Life Banking & PSU Debt Fund  - DIRECT - IDCW,Debt Scheme - Banking and PSU Fund,Open Ended Schemes,Aditya Birla Sun Life Mutual Fund,0.05554251130182042
2016-12-21,141.1187,119551,Aditya Birla Sun Life Banking & PSU Debt Fund  - DIRECT - IDCW,Debt Scheme - Banking and PSU Fund,Open Ended Schemes,Aditya Birla Sun Life Mutual Fund,0.047713103166646675
2016-12-22,140.8922,119551,Aditya Birla Sun Life Banking & PSU Debt Fund  - DIRECT - IDCW,Debt Scheme - Banking and PSU Fund,Open Ended Schemes,Aditya Birla Sun Life Mutual Fund,-0.16050317923845814
2016-12-23,140.754,119551,Aditya Birla Sun Life Banking & PSU Debt Fund  - DIRECT - IDCW,Debt Scheme - Banking and PSU Fund,Open Ended Schemes,Aditya Birla Sun Life Mutual Fund,-0.09808917739946299
2016-12-26,140.5763,119551,Aditya Birla Sun Life Banking & PSU Debt Fund  - DIRECT - IDCW,Debt Scheme - Banking and PSU Fund,Open Ended Schemes,Aditya Birla Sun Life Mutual Fund,-0.12624863236567752
2016-12-27,140.4635,119551,Aditya Birla Sun Life Banking & PSU Debt Fund  - DIRECT - IDCW,Debt Scheme - Banking and PSU Fund,Open Ended Schemes,Aditya Birla Sun Life Mutual Fund,-0.08024112172535514
2016-12-28,140.4799,119551,Aditya Birla Sun Life Banking & PSU Debt Fund  - DIRECT - IDCW,Debt Scheme - Banking and PSU Fund,Open Ended Schemes,Aditya Birla Sun Life Mutual Fund,0.011675631035812373
2016-12-29,140.8539,119551,Aditya Birla Sun Life Banking & PSU Debt Fund  - DIRECT - IDCW,Debt Scheme - Banking and PSU Fund,Open Ended Schemes,Aditya Birla Sun Life Mutual Fund,0.2662302578518627
2016-12-30,141.0653,119551,Aditya Birla Sun Life Banking & PSU Debt Fund  - DIRECT - IDCW,Debt Scheme - Banking and PSU Fund,Open Ended Schemes,Aditya Birla Sun Life Mutual Fund,0.15008459119698614
2017-01-02,142.0128,119551,Aditya Birla Sun Life Banking & PSU Debt Fund  - DIRECT - IDCW,Debt Scheme - Banking and PSU Fund,Open Ended Schemes,Aditya Birla Sun Life Mutual Fund,0.6716747492118813
2017-01-03,141.8637,119551,Aditya Birla Sun Life Banking & PSU Debt Fund  - DIRECT - IDCW,Debt Scheme - Banking and PSU Fund,Open Ended Schemes,Aditya Birla Sun Life Mutual Fund,-0.10499053606435327
2017-01-04,142.1884,119551,Aditya Birla Sun Life Banking & PSU Debt Fund  - DIRECT - IDCW,Debt Scheme - Banking and PSU Fund,Open Ended Schemes,Aditya Birla Sun Life Mutual Fund,0.22888166599348558
2017-01-05,142.1662,119551,Aditya Birla Sun Life Banking & PSU Debt Fund  - DIRECT - IDCW,Debt Scheme - Banking and PSU Fund,Open Ended Schemes,Aditya Birla Sun Life Mutual Fund,-0.015613087987487173
2017-01-06,142.1645,119551,Aditya Birla Sun Life Banking & PSU Debt Fund  - DIRECT - IDCW,Debt Scheme - Banking and PSU Fund,Open Ended Schemes,Aditya Birla Sun Life Mutual Fund,-0.0011957835266085404
2017-01-09,142.1957,119551,Aditya Birla Sun Life Banking & PSU Debt Fund  - DIRECT - IDCW,Debt Scheme - Banking and PSU Fund,Open Ended Schemes,Aditya Birla Sun Life Mutual Fund,0.021946407155071235
2017-01-10,142.2226,119551,Aditya Birla Sun Life Banking & PSU Debt Fund  - DIRECT - IDCW,Debt Scheme - Banking and PSU Fund,Open Ended Schemes,Aditya Birla Sun Life Mutual Fund,0.01891759033501028
2017-01-11,142.2559,119551,Aditya Birla Sun Life Banking & PSU Debt Fund  - DIRECT - IDCW,Debt Scheme - Banking and PSU Fund,Open Ended Schemes,Aditya Birla Sun Life Mutual Fund,0.023414000306565264
2017-01-12,142.4383,119551,Aditya Birla Sun Life Banking & PSU Debt Fund  - DIRECT - IDCW,Debt Scheme - Banking and PSU Fund,Open Ended Schemes,Aditya Birla Sun Life Mutual Fund,0.12821963799041214
2017-01-13,142.3455,119551,Aditya Birla Sun Life Banking & PSU Debt Fund  - DIRECT - IDCW,Debt Scheme - Banking and PSU Fund,Open Ended Schemes,Aditya Birla Sun Life Mutual Fund,-0.0651510162645974
2017-01-16,142.3247,119551,Aditya Birla Sun Life Banking & PSU Debt Fund  - DIRECT - IDCW,Debt Scheme - Banking and PSU Fund,Open Ended Schemes,Aditya Birla Sun Life Mutual Fund,-0.014612334074470823
2017-01-17,142.4058,119551,Aditya Birla Sun Life Banking & PSU Debt Fund  - DIRECT - IDCW,Debt Scheme - Banking and PSU Fund,Open Ended Schemes,Aditya Birla Sun Life Mutual Fund,0.05698237902485026
2017-01-18,142.3467,119551,Aditya Birla Sun Life Banking & PSU Debt Fund  - DIRECT - IDCW,Debt Scheme - Banking and PSU Fund,Open Ended Schemes,Aditya Birla Sun Life Mutual Fund,-0.04150111863421291
2017-01-19,142.2584,119551,Aditya Birla Sun Life Banking & PSU Debt Fund  - DIRECT - IDCW,Debt Scheme - Banking and PSU Fund,Open Ended Schemes,Aditya Birla Sun Life Mutual Fund,-0.06203164527172067
2017-01-20,142.294,119551,Aditya Birla Sun Life Banking & PSU Debt Fund  - DIRECT - IDCW,Debt Scheme - Banking and PSU Fund,Open Ended Schemes,Aditya Birla Sun Life Mutual Fund,0.02502488429507732
2017-01-23,142.362,119551,Aditya Birla Sun Life Banking & PSU Debt Fund  - DIRECT - IDCW,Debt Scheme - Banking and PSU Fund,Open Ended Schemes,Aditya Birla Sun Life Mutual Fund,0.04778838180103939
2017-01-24,142.4236,119551,Aditya Birla Sun Life Banking & PSU Debt Fund  - DIRECT - IDCW,Debt Scheme - Banking and PSU Fund,Open Ended Schemes,Aditya Birla Sun Life Mutual Fund,0.043269973728943256
2017-01-25,142.5021,119551,Aditya Birla Sun Life Banking & PSU Debt Fund  - DIRECT - IDCW,Debt Scheme - Banking and PSU Fund,Open Ended Schemes,Aditya Birla Sun Life Mutual Fund,0.055117269890669895
2017-01-27,142.5803,119551,Aditya Birla Sun Life Banking & PSU Debt Fund  - DIRECT - IDCW,Debt Scheme - Banking and PSU Fund,Open Ended Schemes,Aditya Birla Sun Life Mutual Fund,0.05487638427783548
2017-01-30,142.6424,119551,Aditya Birla Sun Life Banking & PSU Debt Fund  - DIRECT - IDCW,Debt Scheme - Banking and PSU Fund,Open Ended Schemes,Aditya Birla Sun Life Mutual Fund,0.04355440407968203
2017-01-31,142.6513,119551,Aditya Birla Sun Life Banking & PSU Debt Fund  - DIRECT - IDCW,Debt Scheme - Banking and PSU Fund,Open Ended Schemes,Aditya Birla Sun Life Mutual Fund,0.006239379034544967
2017-02-01,142.708,119551,Aditya Birla Sun Life Banking & PSU Debt Fund  - DIRECT - IDCW,Debt Scheme - Banking and PSU Fund,Open Ended Schemes,Aditya Birla Sun Life Mutual Fund,0.03974727184401505
2017-02-02,142.8498,119551,Aditya Birla Sun Life Banking & PSU Debt Fund  - DIRECT - IDCW,Debt Scheme - Banking and PSU Fund,Open Ended Schemes,Aditya Birla Sun Life Mutual Fund,0.09936373574011004
2017-02-03,142.8411,119551,Aditya Birla Sun Life Banking & PSU Debt Fund  - DIRECT - IDCW,Debt Scheme - Banking and PSU Fund,Open Ended Schemes,Aditya Birla Sun Life Mutual Fund,-0.006090313042073081
2017-02-06,142.8673,119551,Aditya Birla Sun Life Banking & PSU Debt Fund  - DIRECT - IDCW,Debt Scheme - Banking and PSU Fund,Open Ended Schemes,Aditya Birla Sun Life Mutual Fund,0.01834205981330328
2017-02-07,142.8426,119551,Aditya Birla Sun Life Banking & PSU Debt Fund  - DIRECT - IDCW,Debt Scheme - Banking and PSU Fund,Open Ended Schemes,Aditya Birla Sun Life Mutual Fund,-0.017288770768397743
2017-02-08,141.0498,119551,Aditya Birla Sun Life Banking & PSU Debt Fund  - DIRECT - IDCW,Debt Scheme - Banking and PSU Fund,Open Ended Schemes,Aditya Birla Sun Life Mutual Fund,-1.2550877679347705
2017-02-09,140.3961,119551,Aditya Birla Sun Life Banking & PSU Debt Fund  - DIRECT - IDCW,Debt Scheme - Banking and PSU Fund,Open Ended Schemes,Aditya Birla Sun Life Mutual Fund,-0.46345333350349405
2017-02-10,140.6958,119551,Aditya Birla Sun Life Banking & PSU Debt Fund  - DIRECT - IDCW,Debt Scheme - Banking and PSU Fund,Open Ended Schemes,Aditya Birla Sun Life Mutual Fund,0.21346746811343742
2017-02-13,140.7741,119551,Aditya Birla Sun Life Banking & PSU Debt Fund  - DIRECT - IDCW,Debt Scheme - Banking and PSU Fund,Open Ended Schemes,Aditya Birla Sun Life Mutual Fund,0.05565198108259395
2017-02-14,140.6769,119551,Aditya Birla Sun Life Banking & PSU Debt Fund  - DIRECT - IDCW,Debt Scheme - Banking and PSU Fund,Open Ended Schemes,Aditya Birla Sun Life Mutual Fund,-0.06904679198802555
2017-02-15,140.7425,119551,Aditya Birla Sun Life Banking & PSU Debt Fund  - DIRECT - IDCW,Debt Scheme - Banking and PSU Fund,Open Ended Schemes,Aditya Birla Sun Life Mutual Fund,0.04663167869067841
2017-02-16,140.855,119551,Aditya Birla Sun Life Banking & PSU Debt Fund  - DIRECT - IDCW,Debt Scheme - Banking and PSU Fund,Open Ended Schemes,Aditya Birla Sun Life Mutual Fund,0.07993321136117171
2017-02-17,140.8544,119551,Aditya Birla Sun Life Banking & PSU Debt Fund  - DIRECT - IDCW,Debt Scheme - Banking and PSU Fund,Open Ended Schemes,Aditya Birla Sun Life Mutual Fund,-0.00042596996910893026
2017-02-20,140.7201,119551,Aditya Birla Sun Life Banking & PSU Debt Fund  - DIRECT - IDCW,Debt Scheme - Banking and PSU Fund,Open Ended Schemes,Aditya Birla Sun Life Mutual Fund,-0.09534668423563097
2017-02-22,140.5482,119551,Aditya Birla Sun Life Banking & PSU Debt Fund  - DIRECT - IDCW,Debt Scheme - Banking and PSU Fund,Open Ended Schemes,Aditya Birla Sun Life Mutual Fund,-0.12215738902970896
2017-02-23,140.656,119551,Aditya Birla Sun Life Banking & PSU Debt Fund  - DIRECT - IDCW,Debt Scheme - Banking and PSU Fund,Open Ended Schemes,Aditya Birla Sun Life Mutual Fund,0.07669966602203981
2017-02-27,140.8612,119551,Aditya Birla Sun Life Banking & PSU Debt Fund  - DIRECT - IDCW,Debt Scheme - Banking and PSU Fund,Open Ended Schemes,Aditya Birla Sun Life Mutual Fund,0.14588783983617848
2017-02-28,140.8785,119551,Aditya Birla Sun Life Banking & PSU Debt Fund  - DIRECT - IDCW,Debt Scheme - Banking and PSU Fund,Open Ended Schemes,Aditya Birla Sun Life Mutual Fund,0.012281593511920263
2017-03-01,140.6291,119551,Aditya Birla Sun Life Banking & PSU Debt Fund  - DIRECT - IDCW,Debt Scheme - Banking and PSU Fund,Open Ended Schemes,Aditya Birla Sun Life Mutual Fund,-0.17703198145920807
2017-03-02,140.6931,119551,Aditya Birla Sun Life Banking & PSU Debt Fund  - DIRECT - IDCW,Debt Scheme - Banking and PSU Fund,Open Ended Schemes,Aditya Birla Sun Life Mutual Fund,0.04550978424806562
2017-03-03,140.8939,119551,Aditya Birla Sun Life Banking & PSU Debt Fund  - DIRECT - IDCW,Debt Scheme - Banking and PSU Fund,Open Ended Schemes,Aditya Birla Sun Life Mutual Fund,0.14272199560605436
2017-03-06,140.7214,119551,Aditya Birla Sun Life Banking & PSU Debt Fund  - DIRECT - IDCW,Debt Scheme - Banking and PSU Fund,Open Ended Schemes,Aditya Birla Sun Life Mutual Fund,-0.12243255385790963
2017-03-07,140.6715,119551,Aditya Birla Sun Life Banking & PSU Debt Fund  - DIRECT - IDCW,Debt Scheme - Banking and PSU Fund,Open Ended Schemes,Aditya Birla Sun Life Mutual Fund,-0.035460136127107855
2017-03-08,140.6217,119551,Aditya Birla Sun Life Banking & PSU Debt Fund  - DIRECT - IDCW,Debt Scheme - Banking and PSU Fund,Open Ended Schemes,Aditya Birla Sun Life Mutual Fund,-0.035401627195275065
2017-03-09,140.5925,119551,Aditya Birla Sun Life Banking & PSU Debt Fund  - DIRECT - IDCW,Debt Scheme - Banking and PSU Fund,Open Ended Schemes,Aditya Birla Sun Life Mutual Fund,-0.020764931728178837
2017-03-10,140.3602,119551,Aditya Birla Sun Life Banking & PSU Debt Fund  - DIRECT - IDCW,Debt Scheme - Banking and PSU Fund,Open Ended Schemes,Aditya Birla Sun Life Mutual Fund,-0.16522929743764125
2017-03-14,140.4476,119551,Aditya Birla Sun Life Banking & PSU Debt Fund  - DIRECT - IDCW,Debt Scheme - Banking and PSU Fund,Open Ended Schemes,Aditya Birla Sun Life Mutual Fund,0.0622683638239252
2017-03-15,140.8803,119551,Aditya Birla Sun Life Banking & PSU Debt Fund  - DIRECT - IDCW,Debt Scheme - Banking and PSU Fund,Open Ended Schemes,Aditya Birla Sun Life Mutual Fund,0.3080864322352328
2017-03-16,141.011,119551,Aditya Birla Sun Life Banking & PSU Debt Fund  - DIRECT - IDCW,Debt Scheme - Banking and PSU Fund,Open Ended Schemes,Aditya Birla Sun Life Mutual Fund,0.09277379449077472
2017-03-17,141.0134,119551,Aditya Birla Sun Life Banking & PSU Debt Fund  - DIRECT - IDCW,Debt Scheme - Banking and PSU Fund,Open Ended Schemes,Aditya Birla Sun Life Mutual Fund,0.0017019948798324691
2017-03-20,141.0427,119551,Aditya Birla Sun Life Banking & PSU Debt Fund  - DIRECT - IDCW,Debt Scheme - Banking and PSU Fund,Open Ended Schemes,Aditya Birla Sun Life Mutual Fund,0.020778167181290108
2017-03-21,141.1567,119551,Aditya Birla Sun Life Banking & PSU Debt Fund  - DIRECT - IDCW,Debt Scheme - Banking and PSU Fund,Open Ended Schemes,Aditya Birla Sun Life Mutual Fund,0.08082658655854669
2017-03-22,141.6441,119551,Aditya Birla Sun Life Banking & PSU Debt Fund  - DIRECT - IDCW,Debt Scheme - Banking and PSU Fund,Open Ended Schemes,Aditya Birla Sun Life Mutual Fund,0.3452900216567967
2017-03-23,141.7341,119551,Aditya Birla Sun Life Banking & PSU Debt Fund  - DIRECT - IDCW,Debt Scheme - Banking and PSU Fund,Open Ended Schemes,Aditya Birla Sun Life Mutual Fund,0.06353953323858796
2017-03-24,141.7796,119551,Aditya Birla Sun Life Banking & PSU Debt Fund  - DIRECT - IDCW,Debt Scheme - Banking and PSU Fund,Open Ended Schemes,Aditya Birla Sun Life Mutual Fund,0.03210236633244268
2017-03-27,142.1702,119551,Aditya Birla Sun Life Banking & PSU Debt Fund  - DIRECT - IDCW,Debt Scheme - Banking and PSU Fund,Open Ended Schemes,Aditya Birla Sun Life Mutual Fund,0.27549802651438693
2017-03-29,142.1405,119551,Aditya Birla Sun Life Banking & PSU Debt Fund  - DIRECT - IDCW,Debt Scheme - Banking and PSU Fund,Open Ended Schemes,Aditya Birla Sun Life Mutual Fund,-0.02089045383630861
2017-03-30,142.2701,119551,Aditya Birla Sun Life Banking & PSU Debt Fund  - DIRECT - IDCW,Debt Scheme - Banking and PSU Fund,Open Ended Schemes,Aditya Birla Sun Life Mutual Fund,0.0911773913838898
2017-03-31,142.3365,119551,Aditya Birla Sun Life Banking & PSU Debt Fund  - DIRECT - IDCW,Debt Scheme - Banking and PSU Fund,Open Ended Schemes,Aditya Birla Sun Life Mutual Fund,0.04667178837998165
2017-04-03,142.491,119551,Aditya Birla Sun Life Banking & PSU Debt Fund  - DIRECT - IDCW,Debt Scheme - Banking and PSU Fund,Open Ended Schemes,Aditya Birla Sun Life Mutual Fund,0.10854559441886291
2017-04-05,142.456,119551,Aditya Birla Sun Life Banking & PSU Debt Fund  - DIRECT - IDCW,Debt Scheme - Banking and PSU Fund,Open Ended Schemes,Aditya Birla Sun Life Mutual Fund,-0.024562954853302177
2017-04-06,142.0344,119551,Aditya Birla Sun Life Banking & PSU Debt Fund  - DIRECT - IDCW,Debt Scheme - Banking and PSU Fund,Open Ended Schemes,Aditya Birla Sun Life Mutual Fund,-0.29595103049361304
2017-04-07,141.9749,119551,Aditya Birla Sun Life Banking & PSU Debt Fund  - DIRECT - IDCW,Debt Scheme - Banking and PSU Fund,Open Ended Schemes,Aditya Birla Sun Life Mutual Fund,-0.04189126014544353
2017-04-10,142.0721,119551,Aditya Birla Sun Life Banking & PSU Debt Fund  - DIRECT - IDCW,Debt Scheme - Banking and PSU Fund,Open Ended Schemes,Aditya Birla Sun Life Mutual Fund,0.06846280574948072
2017-04-11,142.2557,119551,Aditya Birla Sun Life Banking & PSU Debt Fund  - DIRECT - IDCW,Debt Scheme - Banking and PSU Fund,Open Ended Schemes,Aditya Birla Sun Life Mutual Fund,0.1292301584899347
2017-04-12,142.4196,119551,Aditya Birla Sun Life Banking & PSU Debt Fund  - DIRECT - IDCW,Debt Scheme - Banking and PSU Fund,Open Ended Schemes,Aditya Birla Sun Life Mutual Fund,0.11521506695340022
2017-04-13,142.5844,119551,Aditya Birla Sun Life Banking & PSU Debt Fund  - DIRECT - IDCW,Debt Scheme - Banking and PSU Fund,Open Ended Schemes,Aditya Birla Sun Life Mutual Fund,0.11571441009523564
2017-04-17,142.6317,119551,Aditya Birla Sun Life Banking & PSU Debt Fund  - DIRECT - IDCW,Debt Scheme - Banking and PSU Fund,Open Ended Schemes,Aditya Birla Sun Life Mutual Fund,0.03317333453030091
2017-04-18,142.6525,119551,Aditya Birla Sun Life Banking & PSU Debt Fund  - DIRECT - IDCW,Debt Scheme - Banking and PSU Fund,Open Ended Schemes,Aditya Birla Sun Life Mutual Fund,0.014583013453539628
2017-04-19,142.7966,119551,Aditya Birla Sun Life Banking & PSU Debt Fund  - DIRECT - IDCW,Debt Scheme - Banking and PSU Fund,Open Ended Schemes,Aditya Birla Sun Life Mutual Fund,0.1010147035628517
2017-04-20,142.7991,119551,Aditya Birla Sun Life Banking & PSU Debt Fund  - DIRECT - IDCW,Debt Scheme - Banking and PSU Fund,Open Ended Schemes,Aditya Birla Sun Life Mutual Fund,0.001750741964445801
2017-04-21,142.6345,119551,Aditya Birla Sun Life Banking & PSU Debt Fund  - DIRECT - IDCW,Debt Scheme - Banking and PSU Fund,Open Ended Schemes,Aditya Birla Sun Life Mutual Fund,-0.11526683291421813
2017-04-24,142.7063,119551,Aditya Birla Sun Life Banking & PSU Debt Fund  - DIRECT - IDCW,Debt Scheme - Banking and PSU Fund,Open Ended Schemes,Aditya Birla Sun Life Mutual Fund,0.050338452478193574
2017-04-25,142.8376,119551,Aditya Birla Sun Life Banking & PSU Debt Fund  - DIRECT - IDCW,Debt Scheme - Banking and PSU Fund,Open Ended Schemes,Aditya Birla Sun Life Mutual Fund,0.09200715035007079
2017-04-26,142.7088,119551,Aditya Birla Sun Life Banking & PSU Debt Fund  - DIRECT - IDCW,Debt Scheme - Banking and PSU Fund,Open Ended Schemes,Aditya Birla Sun Life Mutual Fund,-0.0901723355755113
2017-04-27,142.7118,119551,Aditya Birla Sun Life Banking & PSU Debt Fund  - DIRECT - IDCW,Debt Scheme - Banking and PSU Fund,Open Ended Schemes,Aditya Birla Sun Life Mutual Fund,0.0021021829067491282
2017-04-28,142.7091,119551,Aditya Birla Sun Life Banking & PSU Debt Fund  - DIRECT - IDCW,Debt Scheme - Banking and PSU Fund,Open Ended Schemes,Aditya Birla Sun Life Mutual Fund,-0.0018919248443438619
2017-05-02,142.7261,119551,Aditya Birla Sun Life Banking & PSU Debt Fund  - DIRECT - IDCW,Debt Scheme - Banking and PSU Fund,Open Ended Schemes,Aditya Birla Sun Life Mutual Fund,0.011912344762876614
2017-05-03,142.7804,119551,Aditya Birla Sun Life Banking & PSU Debt Fund  - DIRECT - IDCW,Debt Scheme - Banking and PSU Fund,Open Ended Schemes,Aditya Birla Sun Life Mutual Fund,0.038044898585454234
2017-05-04,142.781,119551,Aditya Birla Sun Life Banking & PSU Debt Fund  - DIRECT - IDCW,Debt Scheme - Banking and PSU Fund,Open Ended Schemes,Aditya Birla Sun Life Mutual Fund,0.0004202257452901037
2017-05-05,142.8881,119551,Aditya Birla Sun Life Banking & PSU Debt Fund  - DIRECT - IDCW,Debt Scheme - Banking and PSU Fund,Open Ended Schemes,Aditya Birla Sun Life Mutual Fund,0.07500998031950701
2017-05-08,143.0171,119551,Aditya Birla Sun Life Banking & PSU Debt Fund  - DIRECT - IDCW,Debt Scheme - Banking and PSU Fund,Open Ended Schemes,Aditya Birla Sun Life Mutual Fund,0.0902804362294729
2017-05-09,143.0225,119551,Aditya Birla Sun Life Banking & PSU Debt Fund  - DIRECT - IDCW,Debt Scheme - Banking and PSU Fund,Open Ended Schemes,Aditya Birla Sun Life Mutual Fund,0.003775772267800015
2017-05-11,143.0782,119551,Aditya Birla Sun Life Banking & PSU Debt Fund  - DIRECT - IDCW,Debt Scheme - Banking and PSU Fund,Open Ended Schemes,Aditya Birla Sun Life Mutual Fund,0.03894492125364746
2017-05-12,143.191,119551,Aditya Birla Sun Life Banking & PSU Debt Fund  - DIRECT - IDCW,Debt Scheme - Banking and PSU Fund,Open Ended Schemes,Aditya Birla Sun Life Mutual Fund,0.07883800606940383
2017-05-15,143.5718,119551,Aditya Birla Sun Life Banking & PSU Debt Fund  - DIRECT - IDCW,Debt Scheme - Banking and PSU Fund,Open Ended Schemes,Aditya Birla Sun Life Mutual Fund,0.2659385017214744
2017-05-16,143.5436,119551,Aditya Birla Sun Life Banking & PSU Debt Fund  - DIRECT - IDCW,Debt Scheme - Banking and PSU Fund,Open Ended Schemes,Aditya Birla Sun Life Mutual Fund,-0.019641740230325055
2017-05-17,143.5683,119551,Aditya Birla Sun Life Banking & PSU Debt Fund  - DIRECT - IDCW,Debt Scheme - Banking and PSU Fund,Open Ended Schemes,Aditya Birla Sun Life Mutual Fund,0.017207315407996582
2017-05-18,143.5992,119551,Aditya Birla Sun Life Banking & PSU Debt Fund  - DIRECT - IDCW,Debt Scheme - Banking and PSU Fund,Open Ended Schemes,Aditya Birla Sun Life Mutual Fund,0.021522857065248147
2017-05-19,143.6111,119551,Aditya Birla Sun Life Banking & PSU Debt Fund  - DIRECT - IDCW,Debt Scheme - Banking and PSU Fund,Open Ended Schemes,Aditya Birla Sun Life Mutual Fund,0.008286954244862699
2017-05-22,143.7899,119551,Aditya Birla Sun Life Banking & PSU Debt Fund  - DIRECT - IDCW,Debt Scheme - Banking and PSU Fund,Open Ended Schemes,Aditya Birla Sun Life Mutual Fund,0.1245029109866902
2017-05-23,143.8682,119551,Aditya Birla Sun Life Banking & PSU Debt Fund  - DIRECT - IDCW,Debt Scheme - Banking and PSU Fund,Open Ended Schemes,Aditya Birla Sun Life Mutual Fund,0.05445445055598519
2017-05-24,143.9093,119551,Aditya Birla Sun Life Banking & PSU Debt Fund  - DIRECT - IDCW,Debt Scheme - Banking and PSU Fund,Open Ended Schemes,Aditya Birla Sun Life Mutual Fund,0.02856781415212506
2017-05-25,144.0182,119551,Aditya Birla Sun Life Banking & PSU Debt Fund  - DIRECT - IDCW,Debt Scheme - Banking and PSU Fund,Open Ended Schemes,Aditya Birla Sun Life Mutual Fund,0.07567266326777844
2017-05-26,144.139,119551,Aditya Birla Sun Life Banking & PSU Debt Fund  - DIRECT - IDCW,Debt Scheme - Banking and PSU Fund,Open Ended Schemes,Aditya Birla Sun Life Mutual Fund,0.08387828760532123
2017-05-29,144.139,119551,Aditya Birla Sun Life Banking & PSU Debt Fund  - DIRECT - IDCW,Debt Scheme - Banking and PSU Fund,Open Ended Schemes,Aditya Birla Sun Life Mutual Fund,0.0
2017-05-30,144.1695,119551,Aditya Birla Sun Life Banking & PSU Debt Fund  - DIRECT - IDCW,Debt Scheme - Banking and PSU Fund,Open Ended Schemes,Aditya Birla Sun Life Mutual Fund,0.021160130152142465
2017-05-31,144.2526,119551,Aditya Birla Sun Life Banking & PSU Debt Fund  - DIRECT - IDCW,Debt Scheme - Banking and PSU Fund,Open Ended Schemes,Aditya Birla Sun Life Mutual Fund,0.057640485678311926
2017-06-01,144.4377,119551,Aditya Birla Sun Life Banking & PSU Debt Fund  - DIRECT - IDCW,Debt Scheme - Banking and PSU Fund,Open Ended Schemes,Aditya Birla Sun Life Mutual Fund,0.12831657800276286
2017-06-02,144.495,119551,Aditya Birla Sun Life Banking & PSU Debt Fund  - DIRECT - IDCW,Debt Scheme - Banking and PSU Fund,Open Ended Schemes,Aditya Birla Sun Life Mutual Fund,0.03967108310365397
2017-06-05,144.5409,119551,Aditya Birla Sun Life Banking & PSU Debt Fund  - DIRECT - IDCW,Debt Scheme - Banking and PSU Fund,Open Ended Schemes,Aditya Birla Sun Life Mutual Fund,0.03176580504515858
2017-06-06,144.5701,119551,Aditya Birla Sun Life Banking & PSU Debt Fund  - DIRECT - IDCW,Debt Scheme - Banking and PSU Fund,Open Ended Schemes,Aditya Birla Sun Life Mutual Fund,0.02020189441189757
2017-06-07,144.9507,119551,Aditya Birla Sun Life Banking & PSU Debt Fund  - DIRECT - IDCW,Debt Scheme - Banking and PSU Fund,Open Ended Schemes,Aditya Birla Sun Life Mutual Fund,0.2632632888820208
2017-06-08,145.3316,119551,Aditya Birla Sun Life Banking & PSU Debt Fund  - DIRECT - IDCW,Debt Scheme - Banking and PSU Fund,Open Ended Schemes,Aditya Birla Sun Life Mutual Fund,0.2627790000324204
2017-06-09,145.4447,119551,Aditya Birla Sun Life Banking & PSU Debt Fund  - DIRECT - IDCW,Debt Scheme - Banking and PSU Fund,Open Ended Schemes,Aditya Birla Sun Life Mutual Fund,0.07782202907007374
2017-06-12,145.5341,119551,Aditya Birla Sun Life Banking & PSU Debt Fund  - DIRECT - IDCW,Debt Scheme - Banking and PSU Fund,Open Ended Schemes,Aditya Birla Sun Life Mutual Fund,0.06146666052457839
2017-06-13,145.6403,119551,Aditya Birla Sun Life Banking & PSU Debt Fund  - DIRECT - IDCW,Debt Scheme - Banking and PSU Fund,Open Ended Schemes,Aditya Birla Sun Life Mutual Fund,0.07297258855485378
2017-06-14,145.6607,119551,Aditya Birla Sun Life Banking & PSU Debt Fund  - DIRECT - IDCW,Debt Scheme - Banking and PSU Fund,Open Ended Schemes,Aditya Birla Sun Life Mutual Fund,0.014007112042468961
2017-06-15,145.6979,119551,Aditya Birla Sun Life Banking & PSU Debt Fund  - DIRECT - IDCW,Debt Scheme - Banking and PSU Fund,Open Ended Schemes,Aditya Birla Sun Life Mutual Fund,0.02553880353453053
2017-06-16,145.6798,119551,Aditya Birla Sun Life Banking & PSU Debt Fund  - DIRECT - IDCW,Debt Scheme - Banking and PSU Fund,Open Ended Schemes,Aditya Birla Sun Life Mutual Fund,-0.012422965602110203
2017-06-19,145.7742,119551,Aditya Birla Sun Life Banking & PSU Debt Fund  - DIRECT - IDCW,Debt Scheme - Banking and PSU Fund,Open Ended Schemes,Aditya Birla Sun Life Mutual Fund,0.06479964964256624
2017-06-20,145.8016,119551,Aditya Birla Sun Life Banking & PSU Debt Fund  - DIRECT - IDCW,Debt Scheme - Banking and PSU Fund,Open Ended Schemes,Aditya Birla Sun Life Mutual Fund,0.018796193016323848
2017-06-21,145.8889,119551,Aditya Birla Sun Life Banking & PSU Debt Fund  - DIRECT - IDCW,Debt Scheme - Banking and PSU Fund,Open Ended Schemes,Aditya Birla Sun Life Mutual Fund,0.05987588613567407
2017-06-22,145.8735,119551,Aditya Birla Sun Life Banking & PSU Debt Fund  - DIRECT - IDCW,Debt Scheme - Banking and PSU Fund,Open Ended Schemes,Aditya Birla Sun Life Mutual Fund,-0.010555977870829736
2017-06-23,145.8813,119551,Aditya Birla Sun Life Banking & PSU Debt Fund  - DIRECT - IDCW,Debt Scheme - Banking and PSU Fund,Open Ended Schemes,Aditya Birla Sun Life Mutual Fund,0.0053470986848269675
2017-06-27,145.9449,119551,Aditya Birla Sun Life Banking & PSU Debt Fund  - DIRECT - IDCW,Debt Scheme - Banking and PSU Fund,Open Ended Schemes,Aditya Birla Sun Life Mutual Fund,0.04359708886607638
2017-06-28,145.8491,119551,Aditya Birla Sun Life Banking & PSU Debt Fund  - DIRECT - IDCW,Debt Scheme - Banking and PSU Fund,Open Ended Schemes,Aditya Birla Sun Life Mutual Fund,-0.06564121116942045
2017-06-29,145.8476,119551,Aditya Birla Sun Life Banking & PSU Debt Fund  - DIRECT - IDCW,Debt Scheme - Banking and PSU Fund,Open Ended Schemes,Aditya Birla Sun Life Mutual Fund,-0.0010284602373178409
2017-06-30,145.8394,119551,Aditya Birla Sun Life Banking & PSU Debt Fund  - DIRECT - IDCW,Debt Scheme - Banking and PSU Fund,Open Ended Schemes,Aditya Birla Sun Life Mutual Fund,-0.00562230712057854
2017-07-03,145.6663,119551,Aditya Birla Sun Life Banking & PSU Debt Fund  - DIRECT - IDCW,Debt Scheme - Banking and PSU Fund,Open Ended Schemes,Aditya Birla Sun Life Mutual Fund,-0.11869220526140589
2017-07-04,145.7582,119551,Aditya Birla Sun Life Banking & PSU Debt Fund  - DIRECT - IDCW,Debt Scheme - Banking and PSU Fund,Open Ended Schemes,Aditya Birla Sun Life Mutual Fund,0.06308940365753468
2017-07-05,145.8498,119551,Aditya Birla Sun Life Banking & PSU Debt Fund  - DIRECT - IDCW,Debt Scheme - Banking and PSU Fund,Open Ended Schemes,Aditya Birla Sun Life Mutual Fund,0.06284380570011905
2017-07-06,145.9371,119551,Aditya Birla Sun Life Banking & PSU Debt Fund  - DIRECT - IDCW,Debt Scheme - Banking and PSU Fund,Open Ended Schemes,Aditya Birla Sun Life Mutual Fund,0.05985609853425
2017-07-07,145.9888,119551,Aditya Birla Sun Life Banking & PSU Debt Fund  - DIRECT - IDCW,Debt Scheme - Banking and PSU Fund,Open Ended Schemes,Aditya Birla Sun Life Mutual Fund,0.03542622129670825
2017-07-10,146.2443,119551,Aditya Birla Sun Life Banking & PSU Debt Fund  - DIRECT - IDCW,Debt Scheme - Banking and PSU Fund,Open Ended Schemes,Aditya Birla Sun Life Mutual Fund,0.1750134256874647
2017-07-11,146.3105,119551,Aditya Birla Sun Life Banking & PSU Debt Fund  - DIRECT - IDCW,Debt Scheme - Banking and PSU Fund,Open Ended Schemes,Aditya Birla Sun Life Mutual Fund,0.04526672150639843
2017-07-12,146.3824,119551,Aditya Birla Sun Life Banking & PSU Debt Fund  - DIRECT - IDCW,Debt Scheme - Banking and PSU Fund,Open Ended Schemes,Aditya Birla Sun Life Mutual Fund,0.04914206430843837
2017-07-13,146.4568,119551,Aditya Birla Sun Life Banking & PSU Debt Fund  - DIRECT - IDCW,Debt Scheme - Banking and PSU Fund,Open Ended Schemes,Aditya Birla Sun Life Mutual Fund,0.05082578233448487
2017-07-14,146.4802,119551,Aditya Birla Sun Life Banking & PSU Debt Fund  - DIRECT - IDCW,Debt Scheme - Banking and PSU Fund,Open Ended Schemes,Aditya Birla Sun Life Mutual Fund,0.0159774076724295
2017-07-17,146.6141,119551,Aditya Birla Sun Life Banking & PSU Debt Fund  - DIRECT - IDCW,Debt Scheme - Banking and PSU Fund,Open Ended Schemes,Aditya Birla Sun Life Mutual Fund,0.09141167202120215
2017-07-18,146.6789,119551,Aditya Birla Sun Life Banking & PSU Debt Fund  - DIRECT - IDCW,Debt Scheme - Banking and PSU Fund,Open Ended Schemes,Aditya Birla Sun Life Mutual Fund,0.04419765902461403
2017-07-19,146.7668,119551,Aditya Birla Sun Life Banking & PSU Debt Fund  - DIRECT - IDCW,Debt Scheme - Banking and PSU Fund,Open Ended Schemes,Aditya Birla Sun Life Mutual Fund,0.05992681974025249
2017-07-20,146.8157,119551,Aditya Birla Sun Life Banking & PSU Debt Fund  - DIRECT - IDCW,Debt Scheme - Banking and PSU Fund,Open Ended Schemes,Aditya Birla Sun Life Mutual Fund,0.033318161873130414
2017-07-21,146.9821,119551,Aditya Birla Sun Life Banking & PSU Debt Fund  - DIRECT - IDCW,Debt Scheme - Banking and PSU Fund,Open Ended Schemes,Aditya Birla Sun Life Mutual Fund,0.11333937719195664
2017-07-24,147.1328,119551,Aditya Birla Sun Life Banking & PSU Debt Fund  - DIRECT - IDCW,Debt Scheme - Banking and PSU Fund,Open Ended Schemes,Aditya Birla Sun Life Mutual Fund,0.10252949168640946
2017-07-25,147.1373,119551,Aditya Birla Sun Life Banking & PSU Debt Fund  - DIRECT - IDCW,Debt Scheme - Banking and PSU Fund,Open Ended Schemes,Aditya Birla Sun Life Mutual Fund,0.003058461471550089
2017-07-26,147.0997,119551,Aditya Birla Sun Life Banking & PSU Debt Fund  - DIRECT - IDCW,Debt Scheme - Banking and PSU Fund,Open Ended Schemes,Aditya Birla Sun Life Mutual Fund,-0.02555436316963311
2017-07-27,147.1708,119551,Aditya Birla Sun Life Banking & PSU Debt Fund  - DIRECT - IDCW,Debt Scheme - Banking and PSU Fund,Open Ended Schemes,Aditya Birla Sun Life Mutual Fund,0.048334564924323864
2017-07-28,147.1604,119551,Aditya Birla Sun Life Banking & PSU Debt Fund  - DIRECT - IDCW,Debt Scheme - Banking and PSU Fund,Open Ended Schemes,Aditya Birla Sun Life Mutual Fund,-0.007066619193485391
2017-07-31,147.1981,119551,Aditya Birla Sun Life Banking & PSU Debt Fund  - DIRECT - IDCW,Debt Scheme - Banking and PSU Fund,Open Ended Schemes,Aditya Birla Sun Life Mutual Fund,0.025618304924424073
2017-08-01,147.2654,119551,Aditya Birla Sun Life Banking & PSU Debt Fund  - DIRECT - IDCW,Debt Scheme - Banking and PSU Fund,Open Ended Schemes,Aditya Birla Sun Life Mutual Fund,0.04572069884052343
2017-08-02,147.3359,119551,Aditya Birla Sun Life Banking & PSU Debt Fund  - DIRECT - IDCW,Debt Scheme - Banking and PSU Fund,Open Ended Schemes,Aditya Birla Sun Life Mutual Fund,0.04787275218756104
2017-08-03,147.6212,119551,Aditya Birla Sun Life Banking & PSU Debt Fund  - DIRECT - IDCW,Debt Scheme - Banking and PSU Fund,Open Ended Schemes,Aditya Birla Sun Life Mutual Fund,0.1936391605847465
2017-08-04,147.6495,119551,Aditya Birla Sun Life Banking & PSU Debt Fund  - DIRECT - IDCW,Debt Scheme - Banking and PSU Fund,Open Ended Schemes,Aditya Birla Sun Life Mutual Fund,0.01917068822092638
2017-08-07,147.6821,119551,Aditya Birla Sun Life Banking & PSU Debt Fund  - DIRECT - IDCW,Debt Scheme - Banking and PSU Fund,Open Ended Schemes,Aditya Birla Sun Life Mutual Fund,0.0220793162184707
2017-08-08,147.7057,119551,Aditya Birla Sun Life Banking & PSU Debt Fund  - DIRECT - IDCW,Debt Scheme - Banking and PSU Fund,Open Ended Schemes,Aditya Birla Sun Life Mutual Fund,0.015980271136450952
2017-08-09,147.7244,119551,Aditya Birla Sun Life Banking & PSU Debt Fund  - DIRECT - IDCW,Debt Scheme - Banking and PSU Fund,Open Ended Schemes,Aditya Birla Sun Life Mutual Fund,0.012660310333312275
2017-08-10,147.6744,119551,Aditya Birla Sun Life Banking & PSU Debt Fund  - DIRECT - IDCW,Debt Scheme - Banking and PSU Fund,Open Ended Schemes,Aditya Birla Sun Life Mutual Fund,-0.03384681203647544
2017-08-11,147.6561,119551,Aditya Birla Sun Life Banking & PSU Debt Fund  - DIRECT - IDCW,Debt Scheme - Banking and PSU Fund,Open Ended Schemes,Aditya Birla Sun Life Mutual Fund,-0.012392127545457488
2017-08-14,147.7087,119551,Aditya Birla Sun Life Banking & PSU Debt Fund  - DIRECT - IDCW,Debt Scheme - Banking and PSU Fund,Open Ended Schemes,Aditya Birla Sun Life Mutual Fund,0.03562331661204343
2017-08-16,147.7053,119551,Aditya Birla Sun Life Banking & PSU Debt Fund  - DIRECT - IDCW,Debt Scheme - Banking and PSU Fund,Open Ended Schemes,Aditya Birla Sun Life Mutual Fund,-0.0023018278544229
2017-08-18,147.8182,119551,Aditya Birla Sun Life Banking & PSU Debt Fund  - DIRECT - IDCW,Debt Scheme - Banking and PSU Fund,Open Ended Schemes,Aditya Birla Sun Life Mutual Fund,0.0764359843553386
2017-08-21,147.903,119551,Aditya Birla Sun Life Banking & PSU Debt Fund  - DIRECT - IDCW,Debt Scheme - Banking and PSU Fund,Open Ended Schemes,Aditya Birla Sun Life Mutual Fund,0.05736776662144116
2017-08-22,147.9018,119551,Aditya Birla Sun Life Banking & PSU Debt Fund  - DIRECT - IDCW,Debt Scheme - Banking and PSU Fund,Open Ended Schemes,Aditya Birla Sun Life Mutual Fund,-0.0008113425691069764
2017-08-23,147.9146,119551,Aditya Birla Sun Life Banking & PSU Debt Fund  - DIRECT - IDCW,Debt Scheme - Banking and PSU Fund,Open Ended Schemes,Aditya Birla Sun Life Mutual Fund,0.008654390953988234
2017-08-24,147.945,119551,Aditya Birla Sun Life Banking & PSU Debt Fund  - DIRECT - IDCW,Debt Scheme - Banking and PSU Fund,Open Ended Schemes,Aditya Birla Sun Life Mutual Fund,0.020552399830697787
2017-08-28,148.0222,119551,Aditya Birla Sun Life Banking & PSU Debt Fund  - DIRECT - IDCW,Debt Scheme - Banking and PSU Fund,Open Ended Schemes,Aditya Birla Sun Life Mutual Fund,0.052181553955854554
2017-08-29,148.0933,119551,Aditya Birla Sun Life Banking & PSU Debt Fund  - DIRECT - IDCW,Debt Scheme - Banking and PSU Fund,Open Ended Schemes,Aditya Birla Sun Life Mutual Fund,0.04803333554022071
2017-08-30,148.1091,119551,Aditya Birla Sun Life Banking & PSU Debt Fund  - DIRECT - IDCW,Debt Scheme - Banking and PSU Fund,Open Ended Schemes,Aditya Birla Sun Life Mutual Fund,0.010668949911996073
2017-08-31,148.181,119551,Aditya Birla Sun Life Banking & PSU Debt Fund  - DIRECT - IDCW,Debt Scheme - Banking and PSU Fund,Open Ended Schemes,Aditya Birla Sun Life Mutual Fund,0.04854529532620777
2017-09-01,148.359,119551,Aditya Birla Sun Life Banking & PSU Debt Fund  - DIRECT - IDCW,Debt Scheme - Banking and PSU Fund,Open Ended Schemes,Aditya Birla Sun Life Mutual Fund,0.12012336264433099
2017-09-04,148.4419,119551,Aditya Birla Sun Life Banking & PSU Debt Fund  - DIRECT - IDCW,Debt Scheme - Banking and PSU Fund,Open Ended Schemes,Aditya Birla Sun Life Mutual Fund,0.05587797167680986
2017-09-05,148.4461,119551,Aditya Birla Sun Life Banking & PSU Debt Fund  - DIRECT - IDCW,Debt Scheme - Banking and PSU Fund,Open Ended Schemes,Aditya Birla Sun Life Mutual Fund,0.0028293898151288133
2017-09-06,148.4973,119551,Aditya Birla Sun Life Banking & PSU Debt Fund  - DIRECT - IDCW,Debt Scheme - Banking and PSU Fund,Open Ended Schemes,Aditya Birla Sun Life Mutual Fund,0.034490633300565676
2017-09-07,148.4821,119551,Aditya Birla Sun Life Banking & PSU Debt Fund  - DIRECT - IDCW,Debt Scheme - Banking and PSU Fund,Open Ended Schemes,Aditya Birla Sun Life Mutual Fund,-0.010235876342523653
2017-09-08,148.4706,119551,Aditya Birla Sun Life Banking & PSU Debt Fund  - DIRECT - IDCW,Debt Scheme - Banking and PSU Fund,Open Ended Schemes,Aditya Birla Sun Life Mutual Fund,-0.007745041321483015
2017-09-11,148.5133,119551,Aditya Birla Sun Life Banking & PSU Debt Fund  - DIRECT - IDCW,Debt Scheme - Banking and PSU Fund,Open Ended Schemes,Aditya Birla Sun Life Mutual Fund,0.028759902633912482
2017-09-12,148.48,119551,Aditya Birla Sun Life Banking & PSU Debt Fund  - DIRECT - IDCW,Debt Scheme - Banking and PSU Fund,Open Ended Schemes,Aditya Birla Sun Life Mutual Fund,-0.02242223423760681
2017-09-13,148.4446,119551,Aditya Birla Sun Life Banking & PSU Debt Fund  - DIRECT - IDCW,Debt Scheme - Banking and PSU Fund,Open Ended Schemes,Aditya Birla Sun Life Mutual Fund,-0.023841594827578305
2017-09-14,148.4631,119551,Aditya Birla Sun Life Banking & PSU Debt Fund  - DIRECT - IDCW,Debt Scheme - Banking and PSU Fund,Open Ended Schemes,Aditya Birla Sun Life Mutual Fund,0.012462561790727023
2017-09-15,148.4365,119551,Aditya Birla Sun Life Banking & PSU Debt Fund  - DIRECT - IDCW,Debt Scheme - Banking and PSU Fund,Open Ended Schemes,Aditya Birla Sun Life Mutual Fund,-0.0179169099931209
2017-09-18,148.4466,119551,Aditya Birla Sun Life Banking & PSU Debt Fund  - DIRECT - IDCW,Debt Scheme - Banking and PSU Fund,Open Ended Schemes,Aditya Birla Sun Life Mutual Fund,0.006804256365522399
2017-09-19,148.4897,119551,Aditya Birla Sun Life Banking & PSU Debt Fund  - DIRECT - IDCW,Debt Scheme - Banking and PSU Fund,Open Ended Schemes,Aditya Birla Sun Life Mutual Fund,0.02903400953608859
2017-09-20,148.5343,119551,Aditya Birla Sun Life Banking & PSU Debt Fund  - DIRECT - IDCW,Debt Scheme - Banking and PSU Fund,Open Ended Schemes,Aditya Birla Sun Life Mutual Fund,0.030035753321611125
2017-09-21,148.2842,119551,Aditya Birla Sun Life Banking & PSU Debt Fund  - DIRECT - IDCW,Debt Scheme - Banking and PSU Fund,Open Ended Schemes,Aditya Birla Sun Life Mutual Fund,-0.16837861692552414
2017-09-22,148.2649,119551,Aditya Birla Sun Life Banking & PSU Debt Fund  - DIRECT - IDCW,Debt Scheme - Banking and PSU Fund,Open Ended Schemes,Aditya Birla Sun Life Mutual Fund,-0.013015547172245956
2017-09-25,148.4371,119551,Aditya Birla Sun Life Banking & PSU Debt Fund  - DIRECT - IDCW,Debt Scheme - Banking and PSU Fund,Open Ended Schemes,Aditya Birla Sun Life Mutual Fund,0.1161434702346753
2017-09-26,148.362,119551,Aditya Birla Sun Life Banking & PSU Debt Fund  - DIRECT - IDCW,Debt Scheme - Banking and PSU Fund,Open Ended Schemes,Aditya Birla Sun Life Mutual Fund,-0.050593820547550905
2017-09-27,148.3767,119551,Aditya Birla Sun Life Banking & PSU Debt Fund  - DIRECT - IDCW,Debt Scheme - Banking and PSU Fund,Open Ended Schemes,Aditya Birla Sun Life Mutual Fund,0.009908197516894646
2017-09-28,148.4835,119551,Aditya Birla Sun Life Banking & PSU Debt Fund  - DIRECT - IDCW,Debt Scheme - Banking and PSU Fund,Open Ended Schemes,Aditya Birla Sun Life Mutual Fund,0.07197895626469553
2017-09-29,148.491,119551,Aditya Birla Sun Life Banking & PSU Debt Fund  - DIRECT - IDCW,Debt Scheme - Banking and PSU Fund,Open Ended Schemes,Aditya Birla Sun Life Mutual Fund,0.0050510662801039885
2017-10-03,148.7205,119551,Aditya Birla Sun Life Banking & PSU Debt Fund  - DIRECT - IDCW,Debt Scheme - Banking and PSU Fund,Open Ended Schemes,Aditya Birla Sun Life Mutual Fund,0.15455482150430466
2017-10-04,148.6351,119551,Aditya Birla Sun Life Banking & PSU Debt Fund  - DIRECT - IDCW,Debt Scheme - Banking and PSU Fund,Open Ended Schemes,Aditya Birla Sun Life Mutual Fund,-0.05742315282694088
2017-10-05,148.5783,119551,Aditya Birla Sun Life Banking & PSU Debt Fund  - DIRECT - IDCW,Debt Scheme - Banking and PSU Fund,Open Ended Schemes,Aditya Birla Sun Life Mutual Fund,-0.038214392159041655
2017-10-06,148.5744,119551,Aditya Birla Sun Life Banking & PSU Debt Fund  - DIRECT - IDCW,Debt Scheme - Banking and PSU Fund,Open Ended Schemes,Aditya Birla Sun Life Mutual Fund,-0.0026248785993776558
2017-10-09,148.6113,119551,Aditya Birla Sun Life Banking & PSU Debt Fund  - DIRECT - IDCW,Debt Scheme - Banking and PSU Fund,Open Ended Schemes,Aditya Birla Sun Life Mutual Fund,0.02483604174070564
2017-10-10,148.6506,119551,Aditya Birla Sun Life Banking & PSU Debt Fund  - DIRECT - IDCW,Debt Scheme - Banking and PSU Fund,Open Ended Schemes,Aditya Birla Sun Life Mutual Fund,0.026444826200977545
2017-10-11,148.6958,119551,Aditya Birla Sun Life Banking & PSU Debt Fund  - DIRECT - IDCW,Debt Scheme - Banking and PSU Fund,Open Ended Schemes,Aditya Birla Sun Life Mutual Fund,0.030406873567945247
2017-10-12,148.7248,119551,Aditya Birla Sun Life Banking & PSU Debt Fund  - DIRECT - IDCW,Debt Scheme - Banking and PSU Fund,Open Ended Schemes,Aditya Birla Sun Life Mutual Fund,0.01950290458774262
2017-10-13,148.8495,119551,Aditya Birla Sun Life Banking & PSU Debt Fund  - DIRECT - IDCW,Debt Scheme - Banking and PSU Fund,Open Ended Schemes,Aditya Birla Sun Life Mutual Fund,0.08384613729519597
2017-10-16,148.9557,119551,Aditya Birla Sun Life Banking & PSU Debt Fund  - DIRECT - IDCW,Debt Scheme - Banking and PSU Fund,Open Ended Schemes,Aditya Birla Sun Life Mutual Fund,0.07134723327926196
2017-10-17,148.9725,119551,Aditya Birla Sun Life Banking & PSU Debt Fund  - DIRECT - IDCW,Debt Scheme - Banking and PSU Fund,Open Ended Schemes,Aditya Birla Sun Life Mutual Fund,0.011278521063640135
2017-10-18,148.9933,119551,Aditya Birla Sun Life Banking & PSU Debt Fund  - DIRECT - IDCW,Debt Scheme - Banking and PSU Fund,Open Ended Schemes,Aditya Birla Sun Life Mutual Fund,0.013962308479764651
2017-10-23,149.0299,119551,Aditya Birla Sun Life Banking & PSU Debt Fund  - DIRECT - IDCW,Debt Scheme - Banking and PSU Fund,Open Ended Schemes,Aditya Birla Sun Life Mutual Fund,0.024564862983766922
2017-10-24,149.0872,119551,Aditya Birla Sun Life Banking & PSU Debt Fund  - DIRECT - IDCW,Debt Scheme - Banking and PSU Fund,Open Ended Schemes,Aditya Birla Sun Life Mutual Fund,0.03844866030240368
2017-10-25,149.0757,119551,Aditya Birla Sun Life Banking & PSU Debt Fund  - DIRECT - IDCW,Debt Scheme - Banking and PSU Fund,Open Ended Schemes,Aditya Birla Sun Life Mutual Fund,-0.007713606533610307
2017-10-26,149.1089,119551,Aditya Birla Sun Life Banking & PSU Debt Fund  - DIRECT - IDCW,Debt Scheme - Banking and PSU Fund,Open Ended Schemes,Aditya Birla Sun Life Mutual Fund,0.022270564552107075
2017-10-27,149.116,119551,Aditya Birla Sun Life Banking & PSU Debt Fund  - DIRECT - IDCW,Debt Scheme - Banking and PSU Fund,Open Ended Schemes,Aditya Birla Sun Life Mutual Fund,0.00476162053373308
2017-10-30,149.1095,119551,Aditya Birla Sun Life Banking & PSU Debt Fund  - DIRECT - IDCW,Debt Scheme - Banking and PSU Fund,Open Ended Schemes,Aditya Birla Sun Life Mutual Fund,-0.004359022505984189
2017-10-31,149.166,119551,Aditya Birla Sun Life Banking & PSU Debt Fund  - DIRECT - IDCW,Debt Scheme - Banking and PSU Fund,Open Ended Schemes,Aditya Birla Sun Life Mutual Fund,0.037891616563667796
2017-11-01,149.1872,119551,Aditya Birla Sun Life Banking & PSU Debt Fund  - DIRECT - IDCW,Debt Scheme - Banking and PSU Fund,Open Ended Schemes,Aditya Birla Sun Life Mutual Fund,0.014212354021680973
2017-11-02,149.2423,119551,Aditya Birla Sun Life Banking & PSU Debt Fund  - DIRECT - IDCW,Debt Scheme - Banking and PSU Fund,Open Ended Schemes,Aditya Birla Sun Life Mutual Fund,0.0369334634606755
2017-11-03,149.2935,119551,Aditya Birla Sun Life Banking & PSU Debt Fund  - DIRECT - IDCW,Debt Scheme - Banking and PSU Fund,Open Ended Schemes,Aditya Birla Sun Life Mutual Fund,0.03430662754460023
2017-11-06,149.3344,119551,Aditya Birla Sun Life Banking & PSU Debt Fund  - DIRECT - IDCW,Debt Scheme - Banking and PSU Fund,Open Ended Schemes,Aditya Birla Sun Life Mutual Fund,0.027395700415611124
2017-11-07,149.2845,119551,Aditya Birla Sun Life Banking & PSU Debt Fund  - DIRECT - IDCW,Debt Scheme - Banking and PSU Fund,Open Ended Schemes,Aditya Birla Sun Life Mutual Fund,-0.0334149398932726
2017-11-08,149.2964,119551,Aditya Birla Sun Life Banking & PSU Debt Fund  - DIRECT - IDCW,Debt Scheme - Banking and PSU Fund,Open Ended Schemes,Aditya Birla Sun Life Mutual Fund,0.007971356704805643
2017-11-09,149.335,119551,Aditya Birla Sun Life Banking & PSU Debt Fund  - DIRECT - IDCW,Debt Scheme - Banking and PSU Fund,Open Ended Schemes,Aditya Birla Sun Life Mutual Fund,0.025854608684472424
2017-11-10,149.3439,119551,Aditya Birla Sun Life Banking & PSU Debt Fund  - DIRECT - IDCW,Debt Scheme - Banking and PSU Fund,Open Ended Schemes,Aditya Birla Sun Life Mutual Fund,0.005959754913442694
2017-11-13,149.3946,119551,Aditya Birla Sun Life Banking & PSU Debt Fund  - DIRECT - IDCW,Debt Scheme - Banking and PSU Fund,Open Ended Schemes,Aditya Birla Sun Life Mutual Fund,0.033948490698310074
2017-11-14,149.2009,119551,Aditya Birla Sun Life Banking & PSU Debt Fund  - DIRECT - IDCW,Debt Scheme - Banking and PSU Fund,Open Ended Schemes,Aditya Birla Sun Life Mutual Fund,-0.12965662748185558
2017-11-15,149.2653,119551,Aditya Birla Sun Life Banking & PSU Debt Fund  - DIRECT - IDCW,Debt Scheme - Banking and PSU Fund,Open Ended Schemes,Aditya Birla Sun Life Mutual Fund,0.0431632785056868
2017-11-16,149.1355,119551,Aditya Birla Sun Life Banking & PSU Debt Fund  - DIRECT - IDCW,Debt Scheme - Banking and PSU Fund,Open Ended Schemes,Aditya Birla Sun Life Mutual Fund,-0.08695925978776664
2017-11-17,149.2227,119551,Aditya Birla Sun Life Banking & PSU Debt Fund  - DIRECT - IDCW,Debt Scheme - Banking and PSU Fund,Open Ended Schemes,Aditya Birla Sun Life Mutual Fund,0.05847031726180507
2017-11-20,149.5677,119551,Aditya Birla Sun Life Banking & PSU Debt Fund  - DIRECT - IDCW,Debt Scheme - Banking and PSU Fund,Open Ended Schemes,Aditya Birla Sun Life Mutual Fund,0.23119806839040358
2017-11-21,149.5741,119551,Aditya Birla Sun Life Banking & PSU Debt Fund  - DIRECT - IDCW,Debt Scheme - Banking and PSU Fund,Open Ended Schemes,Aditya Birla Sun Life Mutual Fund,0.0042789987410252195
2017-11-22,149.4299,119551,Aditya Birla Sun Life Banking & PSU Debt Fund  - DIRECT - IDCW,Debt Scheme - Banking and PSU Fund,Open Ended Schemes,Aditya Birla Sun Life Mutual Fund,-0.09640706512690222
2017-11-23,149.3581,119551,Aditya Birla Sun Life Banking & PSU Debt Fund  - DIRECT - IDCW,Debt Scheme - Banking and PSU Fund,Open Ended Schemes,Aditya Birla Sun Life Mutual Fund,-0.04804928598627356
2017-11-24,149.3708,119551,Aditya Birla Sun Life Banking & PSU Debt Fund  - DIRECT - IDCW,Debt Scheme - Banking and PSU Fund,Open Ended Schemes,Aditya Birla Sun Life Mutual Fund,0.008503054069386451
2017-11-27,149.4131,119551,Aditya Birla Sun Life Banking & PSU Debt Fund  - DIRECT - IDCW,Debt Scheme - Banking and PSU Fund,Open Ended Schemes,Aditya Birla Sun Life Mutual Fund,0.02831878787552533
2017-11-28,149.4371,119551,Aditya Birla Sun Life Banking & PSU Debt Fund  - DIRECT - IDCW,Debt Scheme - Banking and PSU Fund,Open Ended Schemes,Aditya Birla Sun Life Mutual Fund,0.016062848572184762
2017-11-29,149.4737,119551,Aditya Birla Sun Life Banking & PSU Debt Fund  - DIRECT - IDCW,Debt Scheme - Banking and PSU Fund,Open Ended Schemes,Aditya Birla Sun Life Mutual Fund,0.02449190997417805
2017-11-30,149.4913,119551,Aditya Birla Sun Life Banking & PSU Debt Fund  - DIRECT - IDCW,Debt Scheme - Banking and PSU Fund,Open Ended Schemes,Aditya Birla Sun Life Mutual Fund,0.011774646643525344
2017-12-04,149.5704,119551,Aditya Birla Sun Life Banking & PSU Debt Fund  - DIRECT - IDCW,Debt Scheme - Banking and PSU Fund,Open Ended Schemes,Aditya Birla Sun Life Mutual Fund,0.05291277820180795
2017-12-05,149.6015,119551,Aditya Birla Sun Life Banking & PSU Debt Fund  - DIRECT - IDCW,Debt Scheme - Banking and PSU Fund,Open Ended Schemes,Aditya Birla Sun Life Mutual Fund,0.020792884153530977
2017-12-06,149.6636,119551,Aditya Birla Sun Life Banking & PSU Debt Fund  - DIRECT - IDCW,Debt Scheme - Banking and PSU Fund,Open Ended Schemes,Aditya Birla Sun Life Mutual Fund,0.04151027897447701
2017-12-07,149.6687,119551,Aditya Birla Sun Life Banking & PSU Debt Fund  - DIRECT - IDCW,Debt Scheme - Banking and PSU Fund,Open Ended Schemes,Aditya Birla Sun Life Mutual Fund,0.0034076422055884237
2017-12-08,149.6701,119551,Aditya Birla Sun Life Banking & PSU Debt Fund  - DIRECT - IDCW,Debt Scheme - Banking and PSU Fund,Open Ended Schemes,Aditya Birla Sun Life Mutual Fund,0.0009353993186245191
2017-12-11,149.5962,119551,Aditya Birla Sun Life Banking & PSU Debt Fund  - DIRECT - IDCW,Debt Scheme - Banking and PSU Fund,Open Ended Schemes,Aditya Birla Sun Life Mutual Fund,-0.04937525932031672
2017-12-12,149.544,119551,Aditya Birla Sun Life Banking & PSU Debt Fund  - DIRECT - IDCW,Debt Scheme - Banking and PSU Fund,Open Ended Schemes,Aditya Birla Sun Life Mutual Fund,-0.0348939344715915
2017-12-13,149.4922,119551,Aditya Birla Sun Life Banking & PSU Debt Fund  - DIRECT - IDCW,Debt Scheme - Banking and PSU Fund,Open Ended Schemes,Aditya Birla Sun Life Mutual Fund,-0.0346386347830796
2017-12-14,149.5076,119551,Aditya Birla Sun Life Banking & PSU Debt Fund  - DIRECT - IDCW,Debt Scheme - Banking and PSU Fund,Open Ended Schemes,Aditya Birla Sun Life Mutual Fund,0.010301540816182175
2017-12-15,149.4853,119551,Aditya Birla Sun Life Banking & PSU Debt Fund  - DIRECT - IDCW,Debt Scheme - Banking and PSU Fund,Open Ended Schemes,Aditya Birla Sun Life Mutual Fund,-0.014915629707124012
2017-12-18,149.5292,119551,Aditya Birla Sun Life Banking & PSU Debt Fund  - DIRECT - IDCW,Debt Scheme - Banking and PSU Fund,Open Ended Schemes,Aditya Birla Sun Life Mutual Fund,0.02936743612917958
2017-12-19,149.559,119551,Aditya Birla Sun Life Banking & PSU Debt Fund  - DIRECT - IDCW,Debt Scheme - Banking and PSU Fund,Open Ended Schemes,Aditya Birla Sun Life Mutual Fund,0.019929217838376978
2017-12-20,149.4474,119551,Aditya Birla Sun Life Banking & PSU Debt Fund  - DIRECT - IDCW,Debt Scheme - Banking and PSU Fund,Open Ended Schemes,Aditya Birla Sun Life Mutual Fund,-0.07461938098008991
2017-12-21,149.3699,119551,Aditya Birla Sun Life Banking & PSU Debt Fund  - DIRECT - IDCW,Debt Scheme - Banking and PSU Fund,Open Ended Schemes,Aditya Birla Sun Life Mutual Fund,-0.051857710472036356
2017-12-22,149.2793,119551,Aditya Birla Sun Life Banking & PSU Debt Fund  - DIRECT - IDCW,Debt Scheme - Banking and PSU Fund,Open Ended Schemes,Aditya Birla Sun Life Mutual Fund,-0.06065479055685774
2017-12-26,149.2864,119551,Aditya Birla Sun Life Banking & PSU Debt Fund  - DIRECT - IDCW,Debt Scheme - Banking and PSU Fund,Open Ended Schemes,Aditya Birla Sun Life Mutual Fund,0.004756185217891229
2017-12-27,149.3157,119551,Aditya Birla Sun Life Banking & PSU Debt Fund  - DIRECT - IDCW,Debt Scheme - Banking and PSU Fund,Open Ended Schemes,Aditya Birla Sun Life Mutual Fund,0.019626704107000847
2017-12-28,149.1113,119551,Aditya Birla Sun Life Banking & PSU Debt Fund  - DIRECT - IDCW,Debt Scheme - Banking and PSU Fund,Open Ended Schemes,Aditya Birla Sun Life Mutual Fund,-0.13689116415754876
2017-12-29,149.4545,119551,Aditya Birla Sun Life Banking & PSU Debt Fund  - DIRECT - IDCW,Debt Scheme - Banking and PSU Fund,Open Ended Schemes,Aditya Birla Sun Life Mutual Fund,0.23016364286274626
2018-01-01,149.4635,119551,Aditya Birla Sun Life Banking & PSU Debt Fund  - DIRECT - IDCW,Debt Scheme - Banking and PSU Fund,Open Ended Schemes,Aditya Birla Sun Life Mutual Fund,0.006021899641717177
2018-01-02,149.4785,119551,Aditya Birla Sun Life Banking & PSU Debt Fund  - DIRECT - IDCW,Debt Scheme - Banking and PSU Fund,Open Ended Schemes,Aditya Birla Sun Life Mutual Fund,0.01003589505128577
2018-01-03,149.5011,119551,Aditya Birla Sun Life Banking & PSU Debt Fund  - DIRECT - IDCW,Debt Scheme - Banking and PSU Fund,Open Ended Schemes,Aditya Birla Sun Life Mutual Fund,0.015119231193794214
2018-01-04,149.4562,119551,Aditya Birla Sun Life Banking & PSU Debt Fund  - DIRECT - IDCW,Debt Scheme - Banking and PSU Fund,Open Ended Schemes,Aditya Birla Sun Life Mutual Fund,-0.03003322383582363
2018-01-05,149.6129,119551,Aditya Birla Sun Life Banking & PSU Debt Fund  - DIRECT - IDCW,Debt Scheme - Banking and PSU Fund,Open Ended Schemes,Aditya Birla Sun Life Mutual Fund,0.10484677116104901
2018-01-08,149.663,119551,Aditya Birla Sun Life Banking & PSU Debt Fund  - DIRECT - IDCW,Debt Scheme - Banking and PSU Fund,Open Ended Schemes,Aditya Birla Sun Life Mutual Fund,0.033486417280870207
2018-01-09,149.6376,119551,Aditya Birla Sun Life Banking & PSU Debt Fund  - DIRECT - IDCW,Debt Scheme - Banking and PSU Fund,Open Ended Schemes,Aditya Birla Sun Life Mutual Fund,-0.016971462552550776
2018-01-10,149.4919,119551,Aditya Birla Sun Life Banking & PSU Debt Fund  - DIRECT - IDCW,Debt Scheme - Banking and PSU Fund,Open Ended Schemes,Aditya Birla Sun Life Mutual Fund,-0.09736857581249536
2018-01-11,149.4769,119551,Aditya Birla Sun Life Banking & PSU Debt Fund  - DIRECT - IDCW,Debt Scheme - Banking and PSU Fund,Open Ended Schemes,Aditya Birla Sun Life Mutual Fund,-0.010033988463575838
2018-01-12,149.4891,119551,Aditya Birla Sun Life Banking & PSU Debt Fund  - DIRECT - IDCW,Debt Scheme - Banking and PSU Fund,Open Ended Schemes,Aditya Birla Sun Life Mutual Fund,0.008161796237415864
2018-01-15,149.6009,119551,Aditya Birla Sun Life Banking & PSU Debt Fund  - DIRECT - IDCW,Debt Scheme - Banking and PSU Fund,Open Ended Schemes,Aditya Birla Sun Life Mutual Fund,0.07478806147069861
2018-01-16,149.44,119551,Aditya Birla Sun Life Banking & PSU Debt Fund  - DIRECT - IDCW,Debt Scheme - Banking and PSU Fund,Open Ended Schemes,Aditya Birla Sun Life Mutual Fund,-0.10755282889340911
2018-01-17,149.6553,119551,Aditya Birla Sun Life Banking & PSU Debt Fund  - DIRECT - IDCW,Debt Scheme - Banking and PSU Fund,Open Ended Schemes,Aditya Birla Sun Life Mutual Fund,0.14407119914348065
2018-01-18,149.6057,119551,Aditya Birla Sun Life Banking & PSU Debt Fund  - DIRECT - IDCW,Debt Scheme - Banking and PSU Fund,Open Ended Schemes,Aditya Birla Sun Life Mutual Fund,-0.033142828887444686
2018-01-19,149.6247,119551,Aditya Birla Sun Life Banking & PSU Debt Fund  - DIRECT - IDCW,Debt Scheme - Banking and PSU Fund,Open Ended Schemes,Aditya Birla Sun Life Mutual Fund,0.01270005086702053
2018-01-22,149.6942,119551,Aditya Birla Sun Life Banking & PSU Debt Fund  - DIRECT - IDCW,Debt Scheme - Banking and PSU Fund,Open Ended Schemes,Aditya Birla Sun Life Mutual Fund,0.04644955010770779
2018-01-23,149.8059,119551,Aditya Birla Sun Life Banking & PSU Debt Fund  - DIRECT - IDCW,Debt Scheme - Banking and PSU Fund,Open Ended Schemes,Aditya Birla Sun Life Mutual Fund,0.07461878950554279
2018-01-24,149.783,119551,Aditya Birla Sun Life Banking & PSU Debt Fund  - DIRECT - IDCW,Debt Scheme - Banking and PSU Fund,Open Ended Schemes,Aditya Birla Sun Life Mutual Fund,-0.015286447329521113
2018-01-25,149.7498,119551,Aditya Birla Sun Life Banking & PSU Debt Fund  - DIRECT - IDCW,Debt Scheme - Banking and PSU Fund,Open Ended Schemes,Aditya Birla Sun Life Mutual Fund,-0.022165399277618292
2018-01-29,149.7264,119551,Aditya Birla Sun Life Banking & PSU Debt Fund  - DIRECT - IDCW,Debt Scheme - Banking and PSU Fund,Open Ended Schemes,Aditya Birla Sun Life Mutual Fund,-0.015626064275198193
2018-01-30,149.6944,119551,Aditya Birla Sun Life Banking & PSU Debt Fund  - DIRECT - IDCW,Debt Scheme - Banking and PSU Fund,Open Ended Schemes,Aditya Birla Sun Life Mutual Fund,-0.021372316438528216
2018-01-31,149.7354,119551,Aditya Birla Sun Life Banking & PSU Debt Fund  - DIRECT - IDCW,Debt Scheme - Banking and PSU Fund,Open Ended Schemes,Aditya Birla Sun Life Mutual Fund,0.02738913412927424
2018-02-01,149.4309,119551,Aditya Birla Sun Life Banking & PSU Debt Fund  - DIRECT - IDCW,Debt Scheme - Banking and PSU Fund,Open Ended Schemes,Aditya Birla Sun Life Mutual Fund,-0.20335872479052552
2018-02-02,149.4766,119551,Aditya Birla Sun Life Banking & PSU Debt Fund  - DIRECT - IDCW,Debt Scheme - Banking and PSU Fund,Open Ended Schemes,Aditya Birla Sun Life Mutual Fund,0.030582697420666882
2018-02-05,149.5419,119551,Aditya Birla Sun Life Banking & PSU Debt Fund  - DIRECT - IDCW,Debt Scheme - Banking and PSU Fund,Open Ended Schemes,Aditya Birla Sun Life Mutual Fund,0.04368576753819298
2018-02-06,149.6109,119551,Aditya Birla Sun Life Banking & PSU Debt Fund  - DIRECT - IDCW,Debt Scheme - Banking and PSU Fund,Open Ended Schemes,Aditya Birla Sun Life Mutual Fund,0.046140914352421625
2018-02-07,149.7571,119551,Aditya Birla Sun Life Banking & PSU Debt Fund  - DIRECT - IDCW,Debt Scheme - Banking and PSU Fund,Open Ended Schemes,Aditya Birla Sun Life Mutual Fund,0.09772015274289725
2018-02-08,149.8999,119551,Aditya Birla Sun Life Banking & PSU Debt Fund  - DIRECT - IDCW,Debt Scheme - Banking and PSU Fund,Open Ended Schemes,Aditya Birla Sun Life Mutual Fund,0.09535441057553218
2018-02-09,149.9118,119551,Aditya Birla Sun Life Banking & PSU Debt Fund  - DIRECT - IDCW,Debt Scheme - Banking and PSU Fund,Open Ended Schemes,Aditya Birla Sun Life Mutual Fund,0.007938631046444655
2018-02-12,149.9962,119551,Aditya Birla Sun Life Banking & PSU Debt Fund  - DIRECT - IDCW,Debt Scheme - Banking and PSU Fund,Open Ended Schemes,Aditya Birla Sun Life Mutual Fund,0.056299770931955706
2018-02-14,150.0741,119551,Aditya Birla Sun Life Banking & PSU Debt Fund  - DIRECT - IDCW,Debt Scheme - Banking and PSU Fund,Open Ended Schemes,Aditya Birla Sun Life Mutual Fund,0.051934649011098344
2018-02-15,149.9765,119551,Aditya Birla Sun Life Banking & PSU Debt Fund  - DIRECT - IDCW,Debt Scheme - Banking and PSU Fund,Open Ended Schemes,Aditya Birla Sun Life Mutual Fund,-0.06503453960410299
2018-02-16,150.0015,119551,Aditya Birla Sun Life Banking & PSU Debt Fund  - DIRECT - IDCW,Debt Scheme - Banking and PSU Fund,Open Ended Schemes,Aditya Birla Sun Life Mutual Fund,0.01666927818690933
2018-02-20,149.9696,119551,Aditya Birla Sun Life Banking & PSU Debt Fund  - DIRECT - IDCW,Debt Scheme - Banking and PSU Fund,Open Ended Schemes,Aditya Birla Sun Life Mutual Fund,-0.021266454002111246
2018-02-21,149.9303,119551,Aditya Birla Sun Life Banking & PSU Debt Fund  - DIRECT - IDCW,Debt Scheme - Banking and PSU Fund,Open Ended Schemes,Aditya Birla Sun Life Mutual Fund,-0.02620531094303935
2018-02-22,149.8158,119551,Aditya Birla Sun Life Banking & PSU Debt Fund  - DIRECT - IDCW,Debt Scheme - Banking and PSU Fund,Open Ended Schemes,Aditya Birla Sun Life Mutual Fund,-0.07636881937806983
2018-02-23,149.9491,119551,Aditya Birla Sun Life Banking & PSU Debt Fund  - DIRECT - IDCW,Debt Scheme - Banking and PSU Fund,Open Ended Schemes,Aditya Birla Sun Life Mutual Fund,0.08897592910761531
2018-02-26,149.9922,119551,Aditya Birla Sun Life Banking & PSU Debt Fund  - DIRECT - IDCW,Debt Scheme - Banking and PSU Fund,Open Ended Schemes,Aditya Birla Sun Life Mutual Fund,0.02874308682079274
2018-02-27,140.649,119551,Aditya Birla Sun Life Banking & PSU Debt Fund  - DIRECT - IDCW,Debt Scheme - Banking and PSU Fund,Open Ended Schemes,Aditya Birla Sun Life Mutual Fund,-6.229123914443546
2018-02-28,140.6412,119551,Aditya Birla Sun Life Banking & PSU Debt Fund  - DIRECT - IDCW,Debt Scheme - Banking and PSU Fund,Open Ended Schemes,Aditya Birla Sun Life Mutual Fund,-0.0055457201970865455
2018-03-01,140.6243,119551,Aditya Birla Sun Life Banking & PSU Debt Fund  - DIRECT - IDCW,Debt Scheme - Banking and PSU Fund,Open Ended Schemes,Aditya Birla Sun Life Mutual Fund,-0.01201639348924477
2018-03-05,140.7265,119551,Aditya Birla Sun Life Banking & PSU Debt Fund  - DIRECT - IDCW,Debt Scheme - Banking and PSU Fund,Open Ended Schemes,Aditya Birla Sun Life Mutual Fund,0.07267591732011969
2018-03-06,140.77,119551,Aditya Birla Sun Life Banking & PSU Debt Fund  - DIRECT - IDCW,Debt Scheme - Banking and PSU Fund,Open Ended Schemes,Aditya Birla Sun Life Mutual Fund,0.030911022444257696
2018-03-07,140.9803,119551,Aditya Birla Sun Life Banking & PSU Debt Fund  - DIRECT - IDCW,Debt Scheme - Banking and PSU Fund,Open Ended Schemes,Aditya Birla Sun Life Mutual Fund,0.14939262626978422
2018-03-08,141.0882,119551,Aditya Birla Sun Life Banking & PSU Debt Fund  - DIRECT - IDCW,Debt Scheme - Banking and PSU Fund,Open Ended Schemes,Aditya Birla Sun Life Mutual Fund,0.07653551595505625
2018-03-09,141.0964,119551,Aditya Birla Sun Life Banking & PSU Debt Fund  - DIRECT - IDCW,Debt Scheme - Banking and PSU Fund,Open Ended Schemes,Aditya Birla Sun Life Mutual Fund,0.00581196726585631
2018-03-12,141.271,119551,Aditya Birla Sun Life Banking & PSU Debt Fund  - DIRECT - IDCW,Debt Scheme - Banking and PSU Fund,Open Ended Schemes,Aditya Birla Sun Life Mutual Fund,0.1237451841435977
2018-03-13,141.3517,119551,Aditya Birla Sun Life Banking & PSU Debt Fund  - DIRECT - IDCW,Debt Scheme - Banking and PSU Fund,Open Ended Schemes,Aditya Birla Sun Life Mutual Fund,0.05712425055390824
2018-03-14,141.3686,119551,Aditya Birla Sun Life Banking & PSU Debt Fund  - DIRECT - IDCW,Debt Scheme - Banking and PSU Fund,Open Ended Schemes,Aditya Birla Sun Life Mutual Fund,0.011955993454626501
2018-03-15,141.4873,119551,Aditya Birla Sun Life Banking & PSU Debt Fund  - DIRECT - IDCW,Debt Scheme - Banking and PSU Fund,Open Ended Schemes,Aditya Birla Sun Life Mutual Fund,0.0839648974383378
2018-03-16,141.6912,119551,Aditya Birla Sun Life Banking & PSU Debt Fund  - DIRECT - IDCW,Debt Scheme - Banking and PSU Fund,Open Ended Schemes,Aditya Birla Sun Life Mutual Fund,0.14411187435197093
2018-03-19,141.7148,119551,Aditya Birla Sun Life Banking & PSU Debt Fund  - DIRECT - IDCW,Debt Scheme - Banking and PSU Fund,Open Ended Schemes,Aditya Birla Sun Life Mutual Fund,0.016655939112664164
2018-03-20,141.7269,119551,Aditya Birla Sun Life Banking & PSU Debt Fund  - DIRECT - IDCW,Debt Scheme - Banking and PSU Fund,Open Ended Schemes,Aditya Birla Sun Life Mutual Fund,0.008538275465941325
2018-03-21,141.7391,119551,Aditya Birla Sun Life Banking & PSU Debt Fund  - DIRECT - IDCW,Debt Scheme - Banking and PSU Fund,Open Ended Schemes,Aditya Birla Sun Life Mutual Fund,0.008608104742302558
2018-03-22,141.7848,119551,Aditya Birla Sun Life Banking & PSU Debt Fund  - DIRECT - IDCW,Debt Scheme - Banking and PSU Fund,Open Ended Schemes,Aditya Birla Sun Life Mutual Fund,0.03224233821153
2018-03-23,141.8272,119551,Aditya Birla Sun Life Banking & PSU Debt Fund  - DIRECT - IDCW,Debt Scheme - Banking and PSU Fund,Open Ended Schemes,Aditya Birla Sun Life Mutual Fund,0.02990447495077042
2018-03-26,141.858,119551,Aditya Birla Sun Life Banking & PSU Debt Fund  - DIRECT - IDCW,Debt Scheme - Banking and PSU Fund,Open Ended Schemes,Aditya Birla Sun Life Mutual Fund,0.02171656776697173
2018-03-27,142.3556,119551,Aditya Birla Sun Life Banking & PSU Debt Fund  - DIRECT - IDCW,Debt Scheme - Banking and PSU Fund,Open Ended Schemes,Aditya Birla Sun Life Mutual Fund,0.3507733085197806
2018-03-28,142.4392,119551,Aditya Birla Sun Life Banking & PSU Debt Fund  - DIRECT - IDCW,Debt Scheme - Banking and PSU Fund,Open Ended Schemes,Aditya Birla Sun Life Mutual Fund,0.05872617585820361
2018-04-03,142.7428,119551,Aditya Birla Sun Life Banking & PSU Debt Fund  - DIRECT - IDCW,Debt Scheme - Banking and PSU Fund,Open Ended Schemes,Aditya Birla Sun Life Mutual Fund,0.21314357283668262
2018-04-04,142.7382,119551,Aditya Birla Sun Life Banking & PSU Debt Fund  - DIRECT - IDCW,Debt Scheme - Banking and PSU Fund,Open Ended Schemes,Aditya Birla Sun Life Mutual Fund,-0.0032225793525020308
2018-04-05,143.1275,119551,Aditya Birla Sun Life Banking & PSU Debt Fund  - DIRECT - IDCW,Debt Scheme - Banking and PSU Fund,Open Ended Schemes,Aditya Birla Sun Life Mutual Fund,0.2727370808935481
2018-04-06,143.1533,119551,Aditya Birla Sun Life Banking & PSU Debt Fund  - DIRECT - IDCW,Debt Scheme - Banking and PSU Fund,Open Ended Schemes,Aditya Birla Sun Life Mutual Fund,0.01802588601071964
2018-04-09,143.1851,119551,Aditya Birla Sun Life Banking & PSU Debt Fund  - DIRECT - IDCW,Debt Scheme - Banking and PSU Fund,Open Ended Schemes,Aditya Birla Sun Life Mutual Fund,0.02221394826384948
2018-04-10,142.9838,119551,Aditya Birla Sun Life Banking & PSU Debt Fund  - DIRECT - IDCW,Debt Scheme - Banking and PSU Fund,Open Ended Schemes,Aditya Birla Sun Life Mutual Fund,-0.14058725384136217
2018-04-11,142.7892,119551,Aditya Birla Sun Life Banking & PSU Debt Fund  - DIRECT - IDCW,Debt Scheme - Banking and PSU Fund,Open Ended Schemes,Aditya Birla Sun Life Mutual Fund,-0.1360993343301864
2018-04-12,142.8123,119551,Aditya Birla Sun Life Banking & PSU Debt Fund  - DIRECT - IDCW,Debt Scheme - Banking and PSU Fund,Open Ended Schemes,Aditya Birla Sun Life Mutual Fund,0.016177694111307872
2018-04-13,142.8596,119551,Aditya Birla Sun Life Banking & PSU Debt Fund  - DIRECT - IDCW,Debt Scheme - Banking and PSU Fund,Open Ended Schemes,Aditya Birla Sun Life Mutual Fund,0.03312039649245868
2018-04-16,142.9083,119551,Aditya Birla Sun Life Banking & PSU Debt Fund  - DIRECT - IDCW,Debt Scheme - Banking and PSU Fund,Open Ended Schemes,Aditya Birla Sun Life Mutual Fund,0.034089413662075074
2018-04-17,142.9028,119551,Aditya Birla Sun Life Banking & PSU Debt Fund  - DIRECT - IDCW,Debt Scheme - Banking and PSU Fund,Open Ended Schemes,Aditya Birla Sun Life Mutual Fund,-0.003848621808522079
2018-04-18,142.8035,119551,Aditya Birla Sun Life Banking & PSU Debt Fund  - DIRECT - IDCW,Debt Scheme - Banking and PSU Fund,Open Ended Schemes,Aditya Birla Sun Life Mutual Fund,-0.06948779170177222
2018-04-19,142.5817,119551,Aditya Birla Sun Life Banking & PSU Debt Fund  - DIRECT - IDCW,Debt Scheme - Banking and PSU Fund,Open Ended Schemes,Aditya Birla Sun Life Mutual Fund,-0.15531832202991813
2018-04-20,142.3818,119551,Aditya Birla Sun Life Banking & PSU Debt Fund  - DIRECT - IDCW,Debt Scheme - Banking and PSU Fund,Open Ended Schemes,Aditya Birla Sun Life Mutual Fund,-0.1402003202374602
2018-04-23,142.3797,119551,Aditya Birla Sun Life Banking & PSU Debt Fund  - DIRECT - IDCW,Debt Scheme - Banking and PSU Fund,Open Ended Schemes,Aditya Birla Sun Life Mutual Fund,-0.0014749076075570855
2018-04-24,142.3569,119551,Aditya Birla Sun Life Banking & PSU Debt Fund  - DIRECT - IDCW,Debt Scheme - Banking and PSU Fund,Open Ended Schemes,Aditya Birla Sun Life Mutual Fund,-0.016013518781132774
2018-04-25,142.2185,119551,Aditya Birla Sun Life Banking & PSU Debt Fund  - DIRECT - IDCW,Debt Scheme - Banking and PSU Fund,Open Ended Schemes,Aditya Birla Sun Life Mutual Fund,-0.09722043680354675
2018-04-26,142.1109,119551,Aditya Birla Sun Life Banking & PSU Debt Fund  - DIRECT - IDCW,Debt Scheme - Banking and PSU Fund,Open Ended Schemes,Aditya Birla Sun Life Mutual Fund,-0.07565823011775885
2018-04-27,142.0784,119551,Aditya Birla Sun Life Banking & PSU Debt Fund  - DIRECT - IDCW,Debt Scheme - Banking and PSU Fund,Open Ended Schemes,Aditya Birla Sun Life Mutual Fund,-0.022869463214991725
2018-05-02,142.3015,119551,Aditya Birla Sun Life Banking & PSU Debt Fund  - DIRECT - IDCW,Debt Scheme - Banking and PSU Fund,Open Ended Schemes,Aditya Birla Sun Life Mutual Fund,0.15702598002231838
2018-05-03,142.3179,119551,Aditya Birla Sun Life Banking & PSU Debt Fund  - DIRECT - IDCW,Debt Scheme - Banking and PSU Fund,Open Ended Schemes,Aditya Birla Sun Life Mutual Fund,0.011524825809994255
2018-05-04,142.3165,119551,Aditya Birla Sun Life Banking & PSU Debt Fund  - DIRECT - IDCW,Debt Scheme - Banking and PSU Fund,Open Ended Schemes,Aditya Birla Sun Life Mutual Fund,-0.000983713222313387
2018-05-07,142.4808,119551,Aditya Birla Sun Life Banking & PSU Debt Fund  - DIRECT - IDCW,Debt Scheme - Banking and PSU Fund,Open Ended Schemes,Aditya Birla Sun Life Mutual Fund,0.11544690882645536
2018-05-08,142.5187,119551,Aditya Birla Sun Life Banking & PSU Debt Fund  - DIRECT - IDCW,Debt Scheme - Banking and PSU Fund,Open Ended Schemes,Aditya Birla Sun Life Mutual Fund,0.026600075238203402
2018-05-09,142.3563,119551,Aditya Birla Sun Life Banking & PSU Debt Fund  - DIRECT - IDCW,Debt Scheme - Banking and PSU Fund,Open Ended Schemes,Aditya Birla Sun Life Mutual Fund,-0.11394995884750347
2018-05-10,142.3077,119551,Aditya Birla Sun Life Banking & PSU Debt Fund  - DIRECT - IDCW,Debt Scheme - Banking and PSU Fund,Open Ended Schemes,Aditya Birla Sun Life Mutual Fund,-0.03413969034036235
2018-05-11,142.2857,119551,Aditya Birla Sun Life Banking & PSU Debt Fund  - DIRECT - IDCW,Debt Scheme - Banking and PSU Fund,Open Ended Schemes,Aditya Birla Sun Life Mutual Fund,-0.015459458623823252
2018-05-14,142.2398,119551,Aditya Birla Sun Life Banking & PSU Debt Fund  - DIRECT - IDCW,Debt Scheme - Banking and PSU Fund,Open Ended Schemes,Aditya Birla Sun Life Mutual Fund,-0.032259039383431
2018-05-15,142.0914,119551,Aditya Birla Sun Life Banking & PSU Debt Fund  - DIRECT - IDCW,Debt Scheme - Banking and PSU Fund,Open Ended Schemes,Aditya Birla Sun Life Mutual Fund,-0.10433085535834774
2018-05-16,141.9575,119551,Aditya Birla Sun Life Banking & PSU Debt Fund  - DIRECT - IDCW,Debt Scheme - Banking and PSU Fund,Open Ended Schemes,Aditya Birla Sun Life Mutual Fund,-0.09423511908530635
2018-05-17,141.9005,119551,Aditya Birla Sun Life Banking & PSU Debt Fund  - DIRECT - IDCW,Debt Scheme - Banking and PSU Fund,Open Ended Schemes,Aditya Birla Sun Life Mutual Fund,-0.0401528626525649
2018-05-18,142.0857,119551,Aditya Birla Sun Life Banking & PSU Debt Fund  - DIRECT - IDCW,Debt Scheme - Banking and PSU Fund,Open Ended Schemes,Aditya Birla Sun Life Mutual Fund,0.13051398691337202
2018-05-21,142.1174,119551,Aditya Birla Sun Life Banking & PSU Debt Fund  - DIRECT - IDCW,Debt Scheme - Banking and PSU Fund,Open Ended Schemes,Aditya Birla Sun Life Mutual Fund,0.022310478816667256
2018-05-22,142.1472,119551,Aditya Birla Sun Life Banking & PSU Debt Fund  - DIRECT - IDCW,Debt Scheme - Banking and PSU Fund,Open Ended Schemes,Aditya Birla Sun Life Mutual Fund,0.020968579498359396
2018-05-23,142.1357,119551,Aditya Birla Sun Life Banking & PSU Debt Fund  - DIRECT - IDCW,Debt Scheme - Banking and PSU Fund,Open Ended Schemes,Aditya Birla Sun Life Mutual Fund,-0.008090205083166602
2018-05-24,142.1165,119551,Aditya Birla Sun Life Banking & PSU Debt Fund  - DIRECT - IDCW,Debt Scheme - Banking and PSU Fund,Open Ended Schemes,Aditya Birla Sun Life Mutual Fund,-0.013508217850977111
2018-05-25,142.2487,119551,Aditya Birla Sun Life Banking & PSU Debt Fund  - DIRECT - IDCW,Debt Scheme - Banking and PSU Fund,Open Ended Schemes,Aditya Birla Sun Life Mutual Fund,0.0930222739794484
2018-05-28,142.4224,119551,Aditya Birla Sun Life Banking & PSU Debt Fund  - DIRECT - IDCW,Debt Scheme - Banking and PSU Fund,Open Ended Schemes,Aditya Birla Sun Life Mutual Fund,0.12211007903761839
2018-05-29,142.4726,119551,Aditya Birla Sun Life Banking & PSU Debt Fund  - DIRECT - IDCW,Debt Scheme - Banking and PSU Fund,Open Ended Schemes,Aditya Birla Sun Life Mutual Fund,0.03524726447523552
2018-05-30,142.5296,119551,Aditya Birla Sun Life Banking & PSU Debt Fund  - DIRECT - IDCW,Debt Scheme - Banking and PSU Fund,Open Ended Schemes,Aditya Birla Sun Life Mutual Fund,0.040007692707222375
2018-05-31,142.42,119551,Aditya Birla Sun Life Banking & PSU Debt Fund  - DIRECT - IDCW,Debt Scheme - Banking and PSU Fund,Open Ended Schemes,Aditya Birla Sun Life Mutual Fund,-0.07689630785464585
2018-06-01,142.3674,119551,Aditya Birla Sun Life Banking & PSU Debt Fund  - DIRECT - IDCW,Debt Scheme - Banking and PSU Fund,Open Ended Schemes,Aditya Birla Sun Life Mutual Fund,-0.03693301502596391
2018-06-04,142.3998,119551,Aditya Birla Sun Life Banking & PSU Debt Fund  - DIRECT - IDCW,Debt Scheme - Banking and PSU Fund,Open Ended Schemes,Aditya Birla Sun Life Mutual Fund,0.022758019040880484
2018-06-05,142.4665,119551,Aditya Birla Sun Life Banking & PSU Debt Fund  - DIRECT - IDCW,Debt Scheme - Banking and PSU Fund,Open Ended Schemes,Aditya Birla Sun Life Mutual Fund,0.04683995342689151
2018-06-06,142.3972,119551,Aditya Birla Sun Life Banking & PSU Debt Fund  - DIRECT - IDCW,Debt Scheme - Banking and PSU Fund,Open Ended Schemes,Aditya Birla Sun Life Mutual Fund,-0.04864301432266904
2018-06-07,142.2812,119551,Aditya Birla Sun Life Banking & PSU Debt Fund  - DIRECT - IDCW,Debt Scheme - Banking and PSU Fund,Open Ended Schemes,Aditya Birla Sun Life Mutual Fund,-0.08146227594362232
2018-06-08,142.4035,119551,Aditya Birla Sun Life Banking & PSU Debt Fund  - DIRECT - IDCW,Debt Scheme - Banking and PSU Fund,Open Ended Schemes,Aditya Birla Sun Life Mutual Fund,0.0859565423963149
2018-06-11,142.4551,119551,Aditya Birla Sun Life Banking & PSU Debt Fund  - DIRECT - IDCW,Debt Scheme - Banking and PSU Fund,Open Ended Schemes,Aditya Birla Sun Life Mutual Fund,0.036235064447143195
2018-06-12,142.4837,119551,Aditya Birla Sun Life Banking & PSU Debt Fund  - DIRECT - IDCW,Debt Scheme - Banking and PSU Fund,Open Ended Schemes,Aditya Birla Sun Life Mutual Fund,0.02007650129760563
2018-06-13,142.5907,119551,Aditya Birla Sun Life Banking & PSU Debt Fund  - DIRECT - IDCW,Debt Scheme - Banking and PSU Fund,Open Ended Schemes,Aditya Birla Sun Life Mutual Fund,0.07509630926203492
2018-06-14,142.6874,119551,Aditya Birla Sun Life Banking & PSU Debt Fund  - DIRECT - IDCW,Debt Scheme - Banking and PSU Fund,Open Ended Schemes,Aditya Birla Sun Life Mutual Fund,0.06781648452529598
2018-06-15,142.7832,119551,Aditya Birla Sun Life Banking & PSU Debt Fund  - DIRECT - IDCW,Debt Scheme - Banking and PSU Fund,Open Ended Schemes,Aditya Birla Sun Life Mutual Fund,0.06713977548122863
2018-06-18,142.9393,119551,Aditya Birla Sun Life Banking & PSU Debt Fund  - DIRECT - IDCW,Debt Scheme - Banking and PSU Fund,Open Ended Schemes,Aditya Birla Sun Life Mutual Fund,0.10932658744167156
2018-06-19,142.9936,119551,Aditya Birla Sun Life Banking & PSU Debt Fund  - DIRECT - IDCW,Debt Scheme - Banking and PSU Fund,Open Ended Schemes,Aditya Birla Sun Life Mutual Fund,0.03798815301319092
2018-06-20,143.0785,119551,Aditya Birla Sun Life Banking & PSU Debt Fund  - DIRECT - IDCW,Debt Scheme - Banking and PSU Fund,Open Ended Schemes,Aditya Birla Sun Life Mutual Fund,0.059373286636610345
2018-06-21,143.2127,119551,Aditya Birla Sun Life Banking & PSU Debt Fund  - DIRECT - IDCW,Debt Scheme - Banking and PSU Fund,Open Ended Schemes,Aditya Birla Sun Life Mutual Fund,0.09379466516634682
2018-06-22,143.2155,119551,Aditya Birla Sun Life Banking & PSU Debt Fund  - DIRECT - IDCW,Debt Scheme - Banking and PSU Fund,Open Ended Schemes,Aditya Birla Sun Life Mutual Fund,0.0019551338672929575
2018-06-25,143.2898,119551,Aditya Birla Sun Life Banking & PSU Debt Fund  - DIRECT - IDCW,Debt Scheme - Banking and PSU Fund,Open Ended Schemes,Aditya Birla Sun Life Mutual Fund,0.051879859372783166
2018-06-26,143.3068,119551,Aditya Birla Sun Life Banking & PSU Debt Fund  - DIRECT - IDCW,Debt Scheme - Banking and PSU Fund,Open Ended Schemes,Aditya Birla Sun Life Mutual Fund,0.011864068482192458
2018-06-27,143.2581,119551,Aditya Birla Sun Life Banking & PSU Debt Fund  - DIRECT - IDCW,Debt Scheme - Banking and PSU Fund,Open Ended Schemes,Aditya Birla Sun Life Mutual Fund,-0.03398303499902999
2018-06-28,143.195,119551,Aditya Birla Sun Life Banking & PSU Debt Fund  - DIRECT - IDCW,Debt Scheme - Banking and PSU Fund,Open Ended Schemes,Aditya Birla Sun Life Mutual Fund,-0.04404637503918618
2018-06-29,143.2428,119551,Aditya Birla Sun Life Banking & PSU Debt Fund  - DIRECT - IDCW,Debt Scheme - Banking and PSU Fund,Open Ended Schemes,Aditya Birla Sun Life Mutual Fund,0.03338105380774614
2018-07-02,143.3715,119551,Aditya Birla Sun Life Banking & PSU Debt Fund  - DIRECT - IDCW,Debt Scheme - Banking and PSU Fund,Open Ended Schemes,Aditya Birla Sun Life Mutual Fund,0.08984744782984944
2018-07-03,143.418,119551,Aditya Birla Sun Life Banking & PSU Debt Fund  - DIRECT - IDCW,Debt Scheme - Banking and PSU Fund,Open Ended Schemes,Aditya Birla Sun Life Mutual Fund,0.03243322417636474
2018-07-04,143.5283,119551,Aditya Birla Sun Life Banking & PSU Debt Fund  - DIRECT - IDCW,Debt Scheme - Banking and PSU Fund,Open Ended Schemes,Aditya Birla Sun Life Mutual Fund,0.0769080589605231
2018-07-05,143.5272,119551,Aditya Birla Sun Life Banking & PSU Debt Fund  - DIRECT - IDCW,Debt Scheme - Banking and PSU Fund,Open Ended Schemes,Aditya Birla Sun Life Mutual Fund,-0.0007663993790818502
2018-07-06,143.5656,119551,Aditya Birla Sun Life Banking & PSU Debt Fund  - DIRECT - IDCW,Debt Scheme - Banking and PSU Fund,Open Ended Schemes,Aditya Birla Sun Life Mutual Fund,0.026754510643267615
2018-07-09,143.6666,119551,Aditya Birla Sun Life Banking & PSU Debt Fund  - DIRECT - IDCW,Debt Scheme - Banking and PSU Fund,Open Ended Schemes,Aditya Birla Sun Life Mutual Fund,0.07035111475173217
2018-07-10,143.7153,119551,Aditya Birla Sun Life Banking & PSU Debt Fund  - DIRECT - IDCW,Debt Scheme - Banking and PSU Fund,Open Ended Schemes,Aditya Birla Sun Life Mutual Fund,0.0338979275628537
2018-07-11,143.7636,119551,Aditya Birla Sun Life Banking & PSU Debt Fund  - DIRECT - IDCW,Debt Scheme - Banking and PSU Fund,Open Ended Schemes,Aditya Birla Sun Life Mutual Fund,0.0336081127061405
2018-07-12,143.9137,119551,Aditya Birla Sun Life Banking & PSU Debt Fund  - DIRECT - IDCW,Debt Scheme - Banking and PSU Fund,Open Ended Schemes,Aditya Birla Sun Life Mutual Fund,0.10440751344569232
2018-07-13,143.9932,119551,Aditya Birla Sun Life Banking & PSU Debt Fund  - DIRECT - IDCW,Debt Scheme - Banking and PSU Fund,Open Ended Schemes,Aditya Birla Sun Life Mutual Fund,0.055241439835129746
2018-07-16,144.0332,119551,Aditya Birla Sun Life Banking & PSU Debt Fund  - DIRECT - IDCW,Debt Scheme - Banking and PSU Fund,Open Ended Schemes,Aditya Birla Sun Life Mutual Fund,0.027779089568102933
2018-07-17,144.1534,119551,Aditya Birla Sun Life Banking & PSU Debt Fund  - DIRECT - IDCW,Debt Scheme - Banking and PSU Fund,Open Ended Schemes,Aditya Birla Sun Life Mutual Fund,0.08345298167367066
2018-07-18,144.1784,119551,Aditya Birla Sun Life Banking & PSU Debt Fund  - DIRECT - IDCW,Debt Scheme - Banking and PSU Fund,Open Ended Schemes,Aditya Birla Sun Life Mutual Fund,0.01734263638597522
2018-07-19,144.1604,119551,Aditya Birla Sun Life Banking & PSU Debt Fund  - DIRECT - IDCW,Debt Scheme - Banking and PSU Fund,Open Ended Schemes,Aditya Birla Sun Life Mutual Fund,-0.012484533050716173
2018-07-20,144.1651,119551,Aditya Birla Sun Life Banking & PSU Debt Fund  - DIRECT - IDCW,Debt Scheme - Banking and PSU Fund,Open Ended Schemes,Aditya Birla Sun Life Mutual Fund,0.0032602573244666644
2018-07-23,144.2217,119551,Aditya Birla Sun Life Banking & PSU Debt Fund  - DIRECT - IDCW,Debt Scheme - Banking and PSU Fund,Open Ended Schemes,Aditya Birla Sun Life Mutual Fund,0.03926054225329434
2018-07-24,144.2543,119551,Aditya Birla Sun Life Banking & PSU Debt Fund  - DIRECT - IDCW,Debt Scheme - Banking and PSU Fund,Open Ended Schemes,Aditya Birla Sun Life Mutual Fund,0.022604088011712875
2018-07-25,144.2857,119551,Aditya Birla Sun Life Banking & PSU Debt Fund  - DIRECT - IDCW,Debt Scheme - Banking and PSU Fund,Open Ended Schemes,Aditya Birla Sun Life Mutual Fund,0.021767115434334627
2018-07-26,144.3561,119551,Aditya Birla Sun Life Banking & PSU Debt Fund  - DIRECT - IDCW,Debt Scheme - Banking and PSU Fund,Open Ended Schemes,Aditya Birla Sun Life Mutual Fund,0.04879208403882895
2018-07-27,144.3967,119551,Aditya Birla Sun Life Banking & PSU Debt Fund  - DIRECT - IDCW,Debt Scheme - Banking and PSU Fund,Open Ended Schemes,Aditya Birla Sun Life Mutual Fund,0.028124893925518535
2018-07-30,144.4708,119551,Aditya Birla Sun Life Banking & PSU Debt Fund  - DIRECT - IDCW,Debt Scheme - Banking and PSU Fund,Open Ended Schemes,Aditya Birla Sun Life Mutual Fund,0.05131696222973048
2018-07-31,144.5473,119551,Aditya Birla Sun Life Banking & PSU Debt Fund  - DIRECT - IDCW,Debt Scheme - Banking and PSU Fund,Open Ended Schemes,Aditya Birla Sun Life Mutual Fund,0.052951876780649165
2018-08-01,144.6898,119551,Aditya Birla Sun Life Banking & PSU Debt Fund  - DIRECT - IDCW,Debt Scheme - Banking and PSU Fund,Open Ended Schemes,Aditya Birla Sun Life Mutual Fund,0.09858364701380573
2018-08-02,144.717,119551,Aditya Birla Sun Life Banking & PSU Debt Fund  - DIRECT - IDCW,Debt Scheme - Banking and PSU Fund,Open Ended Schemes,Aditya Birla Sun Life Mutual Fund,0.018798837236633226
2018-08-03,144.6829,119551,Aditya Birla Sun Life Banking & PSU Debt Fund  - DIRECT - IDCW,Debt Scheme - Banking and PSU Fund,Open Ended Schemes,Aditya Birla Sun Life Mutual Fund,-0.02356323030467955
2018-08-06,144.7287,119551,Aditya Birla Sun Life Banking & PSU Debt Fund  - DIRECT - IDCW,Debt Scheme - Banking and PSU Fund,Open Ended Schemes,Aditya Birla Sun Life Mutual Fund,0.03165543405614368
2018-08-07,144.736,119551,Aditya Birla Sun Life Banking & PSU Debt Fund  - DIRECT - IDCW,Debt Scheme - Banking and PSU Fund,Open Ended Schemes,Aditya Birla Sun Life Mutual Fund,0.005043920107050681
2018-08-08,144.7751,119551,Aditya Birla Sun Life Banking & PSU Debt Fund  - DIRECT - IDCW,Debt Scheme - Banking and PSU Fund,Open Ended Schemes,Aditya Birla Sun Life Mutual Fund,0.02701470263100081
2018-08-09,144.8547,119551,Aditya Birla Sun Life Banking & PSU Debt Fund  - DIRECT - IDCW,Debt Scheme - Banking and PSU Fund,Open Ended Schemes,Aditya Birla Sun Life Mutual Fund,0.05498183043908256
2018-08-10,144.8834,119551,Aditya Birla Sun Life Banking & PSU Debt Fund  - DIRECT - IDCW,Debt Scheme - Banking and PSU Fund,Open Ended Schemes,Aditya Birla Sun Life Mutual Fund,0.01981295739799105
2018-08-13,144.8638,119551,Aditya Birla Sun Life Banking & PSU Debt Fund  - DIRECT - IDCW,Debt Scheme - Banking and PSU Fund,Open Ended Schemes,Aditya Birla Sun Life Mutual Fund,-0.01352811985362301
2018-08-14,144.8983,119551,Aditya Birla Sun Life Banking & PSU Debt Fund  - DIRECT - IDCW,Debt Scheme - Banking and PSU Fund,Open Ended Schemes,Aditya Birla Sun Life Mutual Fund,0.02381547356897773
2018-08-16,144.8889,119551,Aditya Birla Sun Life Banking & PSU Debt Fund  - DIRECT - IDCW,Debt Scheme - Banking and PSU Fund,Open Ended Schemes,Aditya Birla Sun Life Mutual Fund,-0.006487308684777204
2018-08-20,145.0363,119551,Aditya Birla Sun Life Banking & PSU Debt Fund  - DIRECT - IDCW,Debt Scheme - Banking and PSU Fund,Open Ended Schemes,Aditya Birla Sun Life Mutual Fund,0.10173312103274323
2018-08-21,145.0737,119551,Aditya Birla Sun Life Banking & PSU Debt Fund  - DIRECT - IDCW,Debt Scheme - Banking and PSU Fund,Open Ended Schemes,Aditya Birla Sun Life Mutual Fund,0.025786647894343595
2018-08-23,145.063,119551,Aditya Birla Sun Life Banking & PSU Debt Fund  - DIRECT - IDCW,Debt Scheme - Banking and PSU Fund,Open Ended Schemes,Aditya Birla Sun Life Mutual Fund,-0.007375561524947116
2018-08-24,145.0713,119551,Aditya Birla Sun Life Banking & PSU Debt Fund  - DIRECT - IDCW,Debt Scheme - Banking and PSU Fund,Open Ended Schemes,Aditya Birla Sun Life Mutual Fund,0.005721651971923869
2018-08-27,145.1487,119551,Aditya Birla Sun Life Banking & PSU Debt Fund  - DIRECT - IDCW,Debt Scheme - Banking and PSU Fund,Open Ended Schemes,Aditya Birla Sun Life Mutual Fund,0.05335307534983791
2018-08-28,145.1743,119551,Aditya Birla Sun Life Banking & PSU Debt Fund  - DIRECT - IDCW,Debt Scheme - Banking and PSU Fund,Open Ended Schemes,Aditya Birla Sun Life Mutual Fund,0.017637085278754405
2018-08-29,145.1777,119551,Aditya Birla Sun Life Banking & PSU Debt Fund  - DIRECT - IDCW,Debt Scheme - Banking and PSU Fund,Open Ended Schemes,Aditya Birla Sun Life Mutual Fund,0.0023420123258732772
2018-08-30,145.153,119551,Aditya Birla Sun Life Banking & PSU Debt Fund  - DIRECT - IDCW,Debt Scheme - Banking and PSU Fund,Open Ended Schemes,Aditya Birla Sun Life Mutual Fund,-0.017013632258944256
2018-08-31,145.157,119551,Aditya Birla Sun Life Banking & PSU Debt Fund  - DIRECT - IDCW,Debt Scheme - Banking and PSU Fund,Open Ended Schemes,Aditya Birla Sun Life Mutual Fund,0.002755712937396737
2018-09-03,145.1981,119551,Aditya Birla Sun Life Banking & PSU Debt Fund  - DIRECT - IDCW,Debt Scheme - Banking and PSU Fund,Open Ended Schemes,Aditya Birla Sun Life Mutual Fund,0.028314170174370545
2018-09-04,145.091,119551,Aditya Birla Sun Life Banking & PSU Debt Fund  - DIRECT - IDCW,Debt Scheme - Banking and PSU Fund,Open Ended Schemes,Aditya Birla Sun Life Mutual Fund,-0.07376129577453261
2018-09-05,145.064,119551,Aditya Birla Sun Life Banking & PSU Debt Fund  - DIRECT - IDCW,Debt Scheme - Banking and PSU Fund,Open Ended Schemes,Aditya Birla Sun Life Mutual Fund,-0.018609010896619704
2018-09-06,145.0798,119551,Aditya Birla Sun Life Banking & PSU Debt Fund  - DIRECT - IDCW,Debt Scheme - Banking and PSU Fund,Open Ended Schemes,Aditya Birla Sun Life Mutual Fund,0.010891744333552111
2018-09-07,145.1503,119551,Aditya Birla Sun Life Banking & PSU Debt Fund  - DIRECT - IDCW,Debt Scheme - Banking and PSU Fund,Open Ended Schemes,Aditya Birla Sun Life Mutual Fund,0.04859394622820368
2018-09-10,145.0029,119551,Aditya Birla Sun Life Banking & PSU Debt Fund  - DIRECT - IDCW,Debt Scheme - Banking and PSU Fund,Open Ended Schemes,Aditya Birla Sun Life Mutual Fund,-0.10154991067877761
2018-09-11,144.9724,119551,Aditya Birla Sun Life Banking & PSU Debt Fund  - DIRECT - IDCW,Debt Scheme - Banking and PSU Fund,Open Ended Schemes,Aditya Birla Sun Life Mutual Fund,-0.02103406207739633
2018-09-12,144.9921,119551,Aditya Birla Sun Life Banking & PSU Debt Fund  - DIRECT - IDCW,Debt Scheme - Banking and PSU Fund,Open Ended Schemes,Aditya Birla Sun Life Mutual Fund,0.013588793453100934
2018-09-14,145.0718,119551,Aditya Birla Sun Life Banking & PSU Debt Fund  - DIRECT - IDCW,Debt Scheme - Banking and PSU Fund,Open Ended Schemes,Aditya Birla Sun Life Mutual Fund,0.05496851207755782
2018-09-17,145.1591,119551,Aditya Birla Sun Life Banking & PSU Debt Fund  - DIRECT - IDCW,Debt Scheme - Banking and PSU Fund,Open Ended Schemes,Aditya Birla Sun Life Mutual Fund,0.06017709851260378
2018-09-18,145.1769,119551,Aditya Birla Sun Life Banking & PSU Debt Fund  - DIRECT - IDCW,Debt Scheme - Banking and PSU Fund,Open Ended Schemes,Aditya Birla Sun Life Mutual Fund,0.012262407248320173
2018-09-19,145.2511,119551,Aditya Birla Sun Life Banking & PSU Debt Fund  - DIRECT - IDCW,Debt Scheme - Banking and PSU Fund,Open Ended Schemes,Aditya Birla Sun Life Mutual Fund,0.0511100595204983
2018-09-21,145.2703,119551,Aditya Birla Sun Life Banking & PSU Debt Fund  - DIRECT - IDCW,Debt Scheme - Banking and PSU Fund,Open Ended Schemes,Aditya Birla Sun Life Mutual Fund,0.0132184885346609
2018-09-24,145.129,119551,Aditya Birla Sun Life Banking & PSU Debt Fund  - DIRECT - IDCW,Debt Scheme - Banking and PSU Fund,Open Ended Schemes,Aditya Birla Sun Life Mutual Fund,-0.09726695683839326
2018-09-25,145.0404,119551,Aditya Birla Sun Life Banking & PSU Debt Fund  - DIRECT - IDCW,Debt Scheme - Banking and PSU Fund,Open Ended Schemes,Aditya Birla Sun Life Mutual Fund,-0.06104913559660252
2018-09-26,145.1397,119551,Aditya Birla Sun Life Banking & PSU Debt Fund  - DIRECT - IDCW,Debt Scheme - Banking and PSU Fund,Open Ended Schemes,Aditya Birla Sun Life Mutual Fund,0.0684636832220642
2018-09-27,145.5014,119551,Aditya Birla Sun Life Banking & PSU Debt Fund  - DIRECT - IDCW,Debt Scheme - Banking and PSU Fund,Open Ended Schemes,Aditya Birla Sun Life Mutual Fund,0.2492081766739096
2018-09-28,145.6347,119551,Aditya Birla Sun Life Banking & PSU Debt Fund  - DIRECT - IDCW,Debt Scheme - Banking and PSU Fund,Open Ended Schemes,Aditya Birla Sun Life Mutual Fund,0.09161423876336006
2018-10-01,145.82,119551,Aditya Birla Sun Life Banking & PSU Debt Fund  - DIRECT - IDCW,Debt Scheme - Banking and PSU Fund,Open Ended Schemes,Aditya Birla Sun Life Mutual Fund,0.12723616006349303
2018-10-03,145.7273,119551,Aditya Birla Sun Life Banking & PSU Debt Fund  - DIRECT - IDCW,Debt Scheme - Banking and PSU Fund,Open Ended Schemes,Aditya Birla Sun Life Mutual Fund,-0.063571526539552
2018-10-04,145.5923,119551,Aditya Birla Sun Life Banking & PSU Debt Fund  - DIRECT - IDCW,Debt Scheme - Banking and PSU Fund,Open Ended Schemes,Aditya Birla Sun Life Mutual Fund,-0.09263878490853861
2018-10-05,145.947,119551,Aditya Birla Sun Life Banking & PSU Debt Fund  - DIRECT - IDCW,Debt Scheme - Banking and PSU Fund,Open Ended Schemes,Aditya Birla Sun Life Mutual Fund,0.24362552140464455
2018-10-08,146.0791,119551,Aditya Birla Sun Life Banking & PSU Debt Fund  - DIRECT - IDCW,Debt Scheme - Banking and PSU Fund,Open Ended Schemes,Aditya Birla Sun Life Mutual Fund,0.09051230926295784
2018-10-09,145.9393,119551,Aditya Birla Sun Life Banking & PSU Debt Fund  - DIRECT - IDCW,Debt Scheme - Banking and PSU Fund,Open Ended Schemes,Aditya Birla Sun Life Mutual Fund,-0.09570157537936996
2018-10-10,145.9908,119551,Aditya Birla Sun Life Banking & PSU Debt Fund  - DIRECT - IDCW,Debt Scheme - Banking and PSU Fund,Open Ended Schemes,Aditya Birla Sun Life Mutual Fund,0.035288643977327006
2018-10-11,146.0455,119551,Aditya Birla Sun Life Banking & PSU Debt Fund  - DIRECT - IDCW,Debt Scheme - Banking and PSU Fund,Open Ended Schemes,Aditya Birla Sun Life Mutual Fund,0.037468114429128896
2018-10-12,146.0817,119551,Aditya Birla Sun Life Banking & PSU Debt Fund  - DIRECT - IDCW,Debt Scheme - Banking and PSU Fund,Open Ended Schemes,Aditya Birla Sun Life Mutual Fund,0.024786795895814784
2018-10-15,146.2801,119551,Aditya Birla Sun Life Banking & PSU Debt Fund  - DIRECT - IDCW,Debt Scheme - Banking and PSU Fund,Open Ended Schemes,Aditya Birla Sun Life Mutual Fund,0.13581441070305011
2018-10-16,146.3846,119551,Aditya Birla Sun Life Banking & PSU Debt Fund  - DIRECT - IDCW,Debt Scheme - Banking and PSU Fund,Open Ended Schemes,Aditya Birla Sun Life Mutual Fund,0.07143828859839108
2018-10-17,146.3738,119551,Aditya Birla Sun Life Banking & PSU Debt Fund  - DIRECT - IDCW,Debt Scheme - Banking and PSU Fund,Open Ended Schemes,Aditya Birla Sun Life Mutual Fund,-0.007377825263055193
2018-10-19,146.4328,119551,Aditya Birla Sun Life Banking & PSU Debt Fund  - DIRECT - IDCW,Debt Scheme - Banking and PSU Fund,Open Ended Schemes,Aditya Birla Sun Life Mutual Fund,0.040307759995306114
2018-10-22,146.5009,119551,Aditya Birla Sun Life Banking & PSU Debt Fund  - DIRECT - IDCW,Debt Scheme - Banking and PSU Fund,Open Ended Schemes,Aditya Birla Sun Life Mutual Fund,0.0465059740713869
2018-10-23,146.5481,119551,Aditya Birla Sun Life Banking & PSU Debt Fund  - DIRECT - IDCW,Debt Scheme - Banking and PSU Fund,Open Ended Schemes,Aditya Birla Sun Life Mutual Fund,0.03221823210641794
2018-10-24,146.6004,119551,Aditya Birla Sun Life Banking & PSU Debt Fund  - DIRECT - IDCW,Debt Scheme - Banking and PSU Fund,Open Ended Schemes,Aditya Birla Sun Life Mutual Fund,0.03568794136532549
2018-10-25,146.6004,119551,Aditya Birla Sun Life Banking & PSU Debt Fund  - DIRECT - IDCW,Debt Scheme - Banking and PSU Fund,Open Ended Schemes,Aditya Birla Sun Life Mutual Fund,0.0
2018-10-26,146.59,119551,Aditya Birla Sun Life Banking & PSU Debt Fund  - DIRECT - IDCW,Debt Scheme - Banking and PSU Fund,Open Ended Schemes,Aditya Birla Sun Life Mutual Fund,-0.007094114340755464
2018-10-29,146.7445,119551,Aditya Birla Sun Life Banking & PSU Debt Fund  - DIRECT - IDCW,Debt Scheme - Banking and PSU Fund,Open Ended Schemes,Aditya Birla Sun Life Mutual Fund,0.10539600245582648
2018-10-30,146.7452,119551,Aditya Birla Sun Life Banking & PSU Debt Fund  - DIRECT - IDCW,Debt Scheme - Banking and PSU Fund,Open Ended Schemes,Aditya Birla Sun Life Mutual Fund,0.0004770195816794498
2018-10-31,146.7339,119551,Aditya Birla Sun Life Banking & PSU Debt Fund  - DIRECT - IDCW,Debt Scheme - Banking and PSU Fund,Open Ended Schemes,Aditya Birla Sun Life Mutual Fund,-0.007700422228462678
2018-11-01,146.8128,119551,Aditya Birla Sun Life Banking & PSU Debt Fund  - DIRECT - IDCW,Debt Scheme - Banking and PSU Fund,Open Ended Schemes,Aditya Birla Sun Life Mutual Fund,0.05377080551938196
2018-11-02,146.9597,119551,Aditya Birla Sun Life Banking & PSU Debt Fund  - DIRECT - IDCW,Debt Scheme - Banking and PSU Fund,Open Ended Schemes,Aditya Birla Sun Life Mutual Fund,0.1000593953660589
2018-11-05,147.0216,119551,Aditya Birla Sun Life Banking & PSU Debt Fund  - DIRECT - IDCW,Debt Scheme - Banking and PSU Fund,Open Ended Schemes,Aditya Birla Sun Life Mutual Fund,0.04212039082824859
2018-11-06,147.0712,119551,Aditya Birla Sun Life Banking & PSU Debt Fund  - DIRECT - IDCW,Debt Scheme - Banking and PSU Fund,Open Ended Schemes,Aditya Birla Sun Life Mutual Fund,0.03373653939284793
2018-11-09,147.2208,119551,Aditya Birla Sun Life Banking & PSU Debt Fund  - DIRECT - IDCW,Debt Scheme - Banking and PSU Fund,Open Ended Schemes,Aditya Birla Sun Life Mutual Fund,0.10171943929198068
2018-11-12,147.2561,119551,Aditya Birla Sun Life Banking & PSU Debt Fund  - DIRECT - IDCW,Debt Scheme - Banking and PSU Fund,Open Ended Schemes,Aditya Birla Sun Life Mutual Fund,0.023977590123136494
2018-11-13,147.3771,119551,Aditya Birla Sun Life Banking & PSU Debt Fund  - DIRECT - IDCW,Debt Scheme - Banking and PSU Fund,Open Ended Schemes,Aditya Birla Sun Life Mutual Fund,0.08216977089574584
2018-11-14,147.492,119551,Aditya Birla Sun Life Banking & PSU Debt Fund  - DIRECT - IDCW,Debt Scheme - Banking and PSU Fund,Open Ended Schemes,Aditya Birla Sun Life Mutual Fund,0.0779632656633833
2018-11-15,147.5302,119551,Aditya Birla Sun Life Banking & PSU Debt Fund  - DIRECT - IDCW,Debt Scheme - Banking and PSU Fund,Open Ended Schemes,Aditya Birla Sun Life Mutual Fund,0.025899709814791727
2018-11-16,147.4611,119551,Aditya Birla Sun Life Banking & PSU Debt Fund  - DIRECT - IDCW,Debt Scheme - Banking and PSU Fund,Open Ended Schemes,Aditya Birla Sun Life Mutual Fund,-0.04683786777217591
2018-11-19,147.5923,119551,Aditya Birla Sun Life Banking & PSU Debt Fund  - DIRECT - IDCW,Debt Scheme - Banking and PSU Fund,Open Ended Schemes,Aditya Birla Sun Life Mutual Fund,0.08897261718514571
2018-11-20,147.635,119551,Aditya Birla Sun Life Banking & PSU Debt Fund  - DIRECT - IDCW,Debt Scheme - Banking and PSU Fund,Open Ended Schemes,Aditya Birla Sun Life Mutual Fund,0.028931048570957074
2018-11-22,147.8603,119551,Aditya Birla Sun Life Banking & PSU Debt Fund  - DIRECT - IDCW,Debt Scheme - Banking and PSU Fund,Open Ended Schemes,Aditya Birla Sun Life Mutual Fund,0.15260608934195563
2018-11-26,147.9388,119551,Aditya Birla Sun Life Banking & PSU Debt Fund  - DIRECT - IDCW,Debt Scheme - Banking and PSU Fund,Open Ended Schemes,Aditya Birla Sun Life Mutual Fund,0.053090653813092636
2018-11-27,147.9633,119551,Aditya Birla Sun Life Banking & PSU Debt Fund  - DIRECT - IDCW,Debt Scheme - Banking and PSU Fund,Open Ended Schemes,Aditya Birla Sun Life Mutual Fund,0.016560902210915884
2018-11-28,148.1433,119551,Aditya Birla Sun Life Banking & PSU Debt Fund  - DIRECT - IDCW,Debt Scheme - Banking and PSU Fund,Open Ended Schemes,Aditya Birla Sun Life Mutual Fund,0.1216517879771617
2018-11-29,148.2735,119551,Aditya Birla Sun Life Banking & PSU Debt Fund  - DIRECT - IDCW,Debt Scheme - Banking and PSU Fund,Open Ended Schemes,Aditya Birla Sun Life Mutual Fund,0.08788787613074334
2018-11-30,148.3579,119551,Aditya Birla Sun Life Banking & PSU Debt Fund  - DIRECT - IDCW,Debt Scheme - Banking and PSU Fund,Open Ended Schemes,Aditya Birla Sun Life Mutual Fund,0.056921837010648346
2018-12-03,148.4128,119551,Aditya Birla Sun Life Banking & PSU Debt Fund  - DIRECT - IDCW,Debt Scheme - Banking and PSU Fund,Open Ended Schemes,Aditya Birla Sun Life Mutual Fund,0.03700510724404804
2018-12-04,148.5429,119551,Aditya Birla Sun Life Banking & PSU Debt Fund  - DIRECT - IDCW,Debt Scheme - Banking and PSU Fund,Open Ended Schemes,Aditya Birla Sun Life Mutual Fund,0.08766090256366876
2018-12-05,148.846,119551,Aditya Birla Sun Life Banking & PSU Debt Fund  - DIRECT - IDCW,Debt Scheme - Banking and PSU Fund,Open Ended Schemes,Aditya Birla Sun Life Mutual Fund,0.20404879667759168
2018-12-06,149.0535,119551,Aditya Birla Sun Life Banking & PSU Debt Fund  - DIRECT - IDCW,Debt Scheme - Banking and PSU Fund,Open Ended Schemes,Aditya Birla Sun Life Mutual Fund,0.13940582884324204
2018-12-07,149.0015,119551,Aditya Birla Sun Life Banking & PSU Debt Fund  - DIRECT - IDCW,Debt Scheme - Banking and PSU Fund,Open Ended Schemes,Aditya Birla Sun Life Mutual Fund,-0.03488680238975528
2018-12-10,148.7642,119551,Aditya Birla Sun Life Banking & PSU Debt Fund  - DIRECT - IDCW,Debt Scheme - Banking and PSU Fund,Open Ended Schemes,Aditya Birla Sun Life Mutual Fund,-0.15926014167643165
2018-12-11,148.8009,119551,Aditya Birla Sun Life Banking & PSU Debt Fund  - DIRECT - IDCW,Debt Scheme - Banking and PSU Fund,Open Ended Schemes,Aditya Birla Sun Life Mutual Fund,0.024669913863695214
2018-12-12,149.0278,119551,Aditya Birla Sun Life Banking & PSU Debt Fund  - DIRECT - IDCW,Debt Scheme - Banking and PSU Fund,Open Ended Schemes,Aditya Birla Sun Life Mutual Fund,0.1524856368476213
2018-12-13,149.0154,119551,Aditya Birla Sun Life Banking & PSU Debt Fund  - DIRECT - IDCW,Debt Scheme - Banking and PSU Fund,Open Ended Schemes,Aditya Birla Sun Life Mutual Fund,-0.008320595217814475
2018-12-14,148.9564,119551,Aditya Birla Sun Life Banking & PSU Debt Fund  - DIRECT - IDCW,Debt Scheme - Banking and PSU Fund,Open Ended Schemes,Aditya Birla Sun Life Mutual Fund,-0.03959322325074455
2018-12-17,149.0283,119551,Aditya Birla Sun Life Banking & PSU Debt Fund  - DIRECT - IDCW,Debt Scheme - Banking and PSU Fund,Open Ended Schemes,Aditya Birla Sun Life Mutual Fund,0.048269157954949904
2018-12-18,149.195,119551,Aditya Birla Sun Life Banking & PSU Debt Fund  - DIRECT - IDCW,Debt Scheme - Banking and PSU Fund,Open Ended Schemes,Aditya Birla Sun Life Mutual Fund,0.11185794912778046
2018-12-19,149.5278,119551,Aditya Birla Sun Life Banking & PSU Debt Fund  - DIRECT - IDCW,Debt Scheme - Banking and PSU Fund,Open Ended Schemes,Aditya Birla Sun Life Mutual Fund,0.223063775595711
2018-12-20,149.5464,119551,Aditya Birla Sun Life Banking & PSU Debt Fund  - DIRECT - IDCW,Debt Scheme - Banking and PSU Fund,Open Ended Schemes,Aditya Birla Sun Life Mutual Fund,0.012439158470867184
2018-12-21,149.563,119551,Aditya Birla Sun Life Banking & PSU Debt Fund  - DIRECT - IDCW,Debt Scheme - Banking and PSU Fund,Open Ended Schemes,Aditya Birla Sun Life Mutual Fund,0.011100233773575496
2018-12-24,149.6544,119551,Aditya Birla Sun Life Banking & PSU Debt Fund  - DIRECT - IDCW,Debt Scheme - Banking and PSU Fund,Open Ended Schemes,Aditya Birla Sun Life Mutual Fund,0.06111137112789766
2018-12-26,149.8596,119551,Aditya Birla Sun Life Banking & PSU Debt Fund  - DIRECT - IDCW,Debt Scheme - Banking and PSU Fund,Open Ended Schemes,Aditya Birla Sun Life Mutual Fund,0.13711591506830878
2018-12-27,149.9247,119551,Aditya Birla Sun Life Banking & PSU Debt Fund  - DIRECT - IDCW,Debt Scheme - Banking and PSU Fund,Open Ended Schemes,Aditya Birla Sun Life Mutual Fund,0.043440660458182734
2018-12-28,149.7844,119551,Aditya Birla Sun Life Banking & PSU Debt Fund  - DIRECT - IDCW,Debt Scheme - Banking and PSU Fund,Open Ended Schemes,Aditya Birla Sun Life Mutual Fund,-0.09358031064927719
2018-12-31,149.9206,119551,Aditya Birla Sun Life Banking & PSU Debt Fund  - DIRECT - IDCW,Debt Scheme - Banking and PSU Fund,Open Ended Schemes,Aditya Birla Sun Life Mutual Fund,0.09093069772285745
2019-01-01,149.8452,119551,Aditya Birla Sun Life Banking & PSU Debt Fund  - DIRECT - IDCW,Debt Scheme - Banking and PSU Fund,Open Ended Schemes,Aditya Birla Sun Life Mutual Fund,-0.05029328858076054
2019-01-02,149.9431,119551,Aditya Birla Sun Life Banking & PSU Debt Fund  - DIRECT - IDCW,Debt Scheme - Banking and PSU Fund,Open Ended Schemes,Aditya Birla Sun Life Mutual Fund,0.0653340914490208
2019-01-03,149.8859,119551,Aditya Birla Sun Life Banking & PSU Debt Fund  - DIRECT - IDCW,Debt Scheme - Banking and PSU Fund,Open Ended Schemes,Aditya Birla Sun Life Mutual Fund,-0.038147804067001356
2019-01-04,149.8954,119551,Aditya Birla Sun Life Banking & PSU Debt Fund  - DIRECT - IDCW,Debt Scheme - Banking and PSU Fund,Open Ended Schemes,Aditya Birla Sun Life Mutual Fund,0.006338154556240205
2019-01-07,149.9279,119551,Aditya Birla Sun Life Banking & PSU Debt Fund  - DIRECT - IDCW,Debt Scheme - Banking and PSU Fund,Open Ended Schemes,Aditya Birla Sun Life Mutual Fund,0.0216817860988483
2019-01-08,150.0955,119551,Aditya Birla Sun Life Banking & PSU Debt Fund  - DIRECT - IDCW,Debt Scheme - Banking and PSU Fund,Open Ended Schemes,Aditya Birla Sun Life Mutual Fund,0.11178706564956009
2019-01-09,150.1373,119551,Aditya Birla Sun Life Banking & PSU Debt Fund  - DIRECT - IDCW,Debt Scheme - Banking and PSU Fund,Open Ended Schemes,Aditya Birla Sun Life Mutual Fund,0.027848936177310435
2019-01-10,150.1803,119551,Aditya Birla Sun Life Banking & PSU Debt Fund  - DIRECT - IDCW,Debt Scheme - Banking and PSU Fund,Open Ended Schemes,Aditya Birla Sun Life Mutual Fund,0.028640451107064813
2019-01-11,150.2791,119551,Aditya Birla Sun Life Banking & PSU Debt Fund  - DIRECT - IDCW,Debt Scheme - Banking and PSU Fund,Open Ended Schemes,Aditya Birla Sun Life Mutual Fund,0.06578758998352363
2019-01-14,150.456,119551,Aditya Birla Sun Life Banking & PSU Debt Fund  - DIRECT - IDCW,Debt Scheme - Banking and PSU Fund,Open Ended Schemes,Aditya Birla Sun Life Mutual Fund,0.11771430624749613
2019-01-15,150.4854,119551,Aditya Birla Sun Life Banking & PSU Debt Fund  - DIRECT - IDCW,Debt Scheme - Banking and PSU Fund,Open Ended Schemes,Aditya Birla Sun Life Mutual Fund,0.01954059658637597
2019-01-16,150.4555,119551,Aditya Birla Sun Life Banking & PSU Debt Fund  - DIRECT - IDCW,Debt Scheme - Banking and PSU Fund,Open Ended Schemes,Aditya Birla Sun Life Mutual Fund,-0.019869037129183198
2019-01-17,150.4768,119551,Aditya Birla Sun Life Banking & PSU Debt Fund  - DIRECT - IDCW,Debt Scheme - Banking and PSU Fund,Open Ended Schemes,Aditya Birla Sun Life Mutual Fund,0.014157009879989246
2019-01-18,150.4759,119551,Aditya Birla Sun Life Banking & PSU Debt Fund  - DIRECT - IDCW,Debt Scheme - Banking and PSU Fund,Open Ended Schemes,Aditya Birla Sun Life Mutual Fund,-0.0005980988431408818
2019-01-21,150.3954,119551,Aditya Birla Sun Life Banking & PSU Debt Fund  - DIRECT - IDCW,Debt Scheme - Banking and PSU Fund,Open Ended Schemes,Aditya Birla Sun Life Mutual Fund,-0.05349693871244954
2019-01-22,150.5028,119551,Aditya Birla Sun Life Banking & PSU Debt Fund  - DIRECT - IDCW,Debt Scheme - Banking and PSU Fund,Open Ended Schemes,Aditya Birla Sun Life Mutual Fund,0.0714117586043228
2019-01-23,150.5101,119551,Aditya Birla Sun Life Banking & PSU Debt Fund  - DIRECT - IDCW,Debt Scheme - Banking and PSU Fund,Open Ended Schemes,Aditya Birla Sun Life Mutual Fund,0.004850408098699965
2019-01-24,150.5348,119551,Aditya Birla Sun Life Banking & PSU Debt Fund  - DIRECT - IDCW,Debt Scheme - Banking and PSU Fund,Open Ended Schemes,Aditya Birla Sun Life Mutual Fund,0.016410858806148454
2019-01-25,150.5547,119551,Aditya Birla Sun Life Banking & PSU Debt Fund  - DIRECT - IDCW,Debt Scheme - Banking and PSU Fund,Open Ended Schemes,Aditya Birla Sun Life Mutual Fund,0.013219534619235418
2019-01-28,150.6576,119551,Aditya Birla Sun Life Banking & PSU Debt Fund  - DIRECT - IDCW,Debt Scheme - Banking and PSU Fund,Open Ended Schemes,Aditya Birla Sun Life Mutual Fund,0.06834725186262158
2019-01-29,150.6845,119551,Aditya Birla Sun Life Banking & PSU Debt Fund  - DIRECT - IDCW,Debt Scheme - Banking and PSU Fund,Open Ended Schemes,Aditya Birla Sun Life Mutual Fund,0.017855056764481958
2019-01-30,150.6693,119551,Aditya Birla Sun Life Banking & PSU Debt Fund  - DIRECT - IDCW,Debt Scheme - Banking and PSU Fund,Open Ended Schemes,Aditya Birla Sun Life Mutual Fund,-0.010087301613648236
2019-01-31,150.7049,119551,Aditya Birla Sun Life Banking & PSU Debt Fund  - DIRECT - IDCW,Debt Scheme - Banking and PSU Fund,Open Ended Schemes,Aditya Birla Sun Life Mutual Fund,0.023627905618472944
2019-02-01,150.5492,119551,Aditya Birla Sun Life Banking & PSU Debt Fund  - DIRECT - IDCW,Debt Scheme - Banking and PSU Fund,Open Ended Schemes,Aditya Birla Sun Life Mutual Fund,-0.10331449076970145
2019-02-04,150.5633,119551,Aditya Birla Sun Life Banking & PSU Debt Fund  - DIRECT - IDCW,Debt Scheme - Banking and PSU Fund,Open Ended Schemes,Aditya Birla Sun Life Mutual Fund,0.009365709017372659
2019-02-05,150.5966,119551,Aditya Birla Sun Life Banking & PSU Debt Fund  - DIRECT - IDCW,Debt Scheme - Banking and PSU Fund,Open Ended Schemes,Aditya Birla Sun Life Mutual Fund,0.02211694350482407
2019-02-06,150.6666,119551,Aditya Birla Sun Life Banking & PSU Debt Fund  - DIRECT - IDCW,Debt Scheme - Banking and PSU Fund,Open Ended Schemes,Aditya Birla Sun Life Mutual Fund,0.04648179308164302
2019-02-07,150.9077,119551,Aditya Birla Sun Life Banking & PSU Debt Fund  - DIRECT - IDCW,Debt Scheme - Banking and PSU Fund,Open Ended Schemes,Aditya Birla Sun Life Mutual Fund,0.1600221947001046
2019-02-08,151.009,119551,Aditya Birla Sun Life Banking & PSU Debt Fund  - DIRECT - IDCW,Debt Scheme - Banking and PSU Fund,Open Ended Schemes,Aditya Birla Sun Life Mutual Fund,0.06712712472589644
2019-02-11,151.0908,119551,Aditya Birla Sun Life Banking & PSU Debt Fund  - DIRECT - IDCW,Debt Scheme - Banking and PSU Fund,Open Ended Schemes,Aditya Birla Sun Life Mutual Fund,0.05416895681715772
2019-02-12,151.05,119551,Aditya Birla Sun Life Banking & PSU Debt Fund  - DIRECT - IDCW,Debt Scheme - Banking and PSU Fund,Open Ended Schemes,Aditya Birla Sun Life Mutual Fund,-0.027003629605504287
2019-02-13,151.3451,119551,Aditya Birla Sun Life Banking & PSU Debt Fund  - DIRECT - IDCW,Debt Scheme - Banking and PSU Fund,Open Ended Schemes,Aditya Birla Sun Life Mutual Fund,0.19536577292287305
2019-02-14,151.2698,119551,Aditya Birla Sun Life Banking & PSU Debt Fund  - DIRECT - IDCW,Debt Scheme - Banking and PSU Fund,Open Ended Schemes,Aditya Birla Sun Life Mutual Fund,-0.049753840725597076
2019-02-15,151.1932,119551,Aditya Birla Sun Life Banking & PSU Debt Fund  - DIRECT - IDCW,Debt Scheme - Banking and PSU Fund,Open Ended Schemes,Aditya Birla Sun Life Mutual Fund,-0.050637999124747424
2019-02-18,151.131,119551,Aditya Birla Sun Life Banking & PSU Debt Fund  - DIRECT - IDCW,Debt Scheme - Banking and PSU Fund,Open Ended Schemes,Aditya Birla Sun Life Mutual Fund,-0.041139416322955036
2019-02-20,151.2149,119551,Aditya Birla Sun Life Banking & PSU Debt Fund  - DIRECT - IDCW,Debt Scheme - Banking and PSU Fund,Open Ended Schemes,Aditya Birla Sun Life Mutual Fund,0.055514752102481246
2019-02-21,151.2293,119551,Aditya Birla Sun Life Banking & PSU Debt Fund  - DIRECT - IDCW,Debt Scheme - Banking and PSU Fund,Open Ended Schemes,Aditya Birla Sun Life Mutual Fund,0.009522871092726426
2019-02-22,151.2599,119551,Aditya Birla Sun Life Banking & PSU Debt Fund  - DIRECT - IDCW,Debt Scheme - Banking and PSU Fund,Open Ended Schemes,Aditya Birla Sun Life Mutual Fund,0.020234174197719668
2019-02-25,151.3599,119551,Aditya Birla Sun Life Banking & PSU Debt Fund  - DIRECT - IDCW,Debt Scheme - Banking and PSU Fund,Open Ended Schemes,Aditya Birla Sun Life Mutual Fund,0.06611137518934829
2019-02-26,151.362,119551,Aditya Birla Sun Life Banking & PSU Debt Fund  - DIRECT - IDCW,Debt Scheme - Banking and PSU Fund,Open Ended Schemes,Aditya Birla Sun Life Mutual Fund,0.001387421635445918
2019-02-27,151.2991,119551,Aditya Birla Sun Life Banking & PSU Debt Fund  - DIRECT - IDCW,Debt Scheme - Banking and PSU Fund,Open Ended Schemes,Aditya Birla Sun Life Mutual Fund,-0.041556004809650826
2019-02-28,151.357,119551,Aditya Birla Sun Life Banking & PSU Debt Fund  - DIRECT - IDCW,Debt Scheme - Banking and PSU Fund,Open Ended Schemes,Aditya Birla Sun Life Mutual Fund,0.03826856868283102
2019-03-01,151.443,119551,Aditya Birla Sun Life Banking & PSU Debt Fund  - DIRECT - IDCW,Debt Scheme - Banking and PSU Fund,Open Ended Schemes,Aditya Birla Sun Life Mutual Fund,0.056819307993682955
2019-03-05,151.6357,119551,Aditya Birla Sun Life Banking & PSU Debt Fund  - DIRECT - IDCW,Debt Scheme - Banking and PSU Fund,Open Ended Schemes,Aditya Birla Sun Life Mutual Fund,0.12724259292276052
2019-03-06,151.7285,119551,Aditya Birla Sun Life Banking & PSU Debt Fund  - DIRECT - IDCW,Debt Scheme - Banking and PSU Fund,Open Ended Schemes,Aditya Birla Sun Life Mutual Fund,0.0611993086060858
2019-03-07,151.8551,119551,Aditya Birla Sun Life Banking & PSU Debt Fund  - DIRECT - IDCW,Debt Scheme - Banking and PSU Fund,Open Ended Schemes,Aditya Birla Sun Life Mutual Fund,0.08343851023373539
2019-03-08,151.9735,119551,Aditya Birla Sun Life Banking & PSU Debt Fund  - DIRECT - IDCW,Debt Scheme - Banking and PSU Fund,Open Ended Schemes,Aditya Birla Sun Life Mutual Fund,0.0779690639300279
2019-03-11,152.1524,119551,Aditya Birla Sun Life Banking & PSU Debt Fund  - DIRECT - IDCW,Debt Scheme - Banking and PSU Fund,Open Ended Schemes,Aditya Birla Sun Life Mutual Fund,0.11771789160610613
2019-03-12,152.2662,119551,Aditya Birla Sun Life Banking & PSU Debt Fund  - DIRECT - IDCW,Debt Scheme - Banking and PSU Fund,Open Ended Schemes,Aditya Birla Sun Life Mutual Fund,0.0747934307970155
2019-03-13,152.2831,119551,Aditya Birla Sun Life Banking & PSU Debt Fund  - DIRECT - IDCW,Debt Scheme - Banking and PSU Fund,Open Ended Schemes,Aditya Birla Sun Life Mutual Fund,0.011098983228041703
2019-03-14,152.4552,119551,Aditya Birla Sun Life Banking & PSU Debt Fund  - DIRECT - IDCW,Debt Scheme - Banking and PSU Fund,Open Ended Schemes,Aditya Birla Sun Life Mutual Fund,0.11301319713086233
2019-03-15,152.5838,119551,Aditya Birla Sun Life Banking & PSU Debt Fund  - DIRECT - IDCW,Debt Scheme - Banking and PSU Fund,Open Ended Schemes,Aditya Birla Sun Life Mutual Fund,0.08435264917170393
2019-03-18,152.7412,119551,Aditya Birla Sun Life Banking & PSU Debt Fund  - DIRECT - IDCW,Debt Scheme - Banking and PSU Fund,Open Ended Schemes,Aditya Birla Sun Life Mutual Fund,0.10315642945055714
2019-03-19,152.7005,119551,Aditya Birla Sun Life Banking & PSU Debt Fund  - DIRECT - IDCW,Debt Scheme - Banking and PSU Fund,Open Ended Schemes,Aditya Birla Sun Life Mutual Fund,-0.026646379627759398
2019-03-20,152.7699,119551,Aditya Birla Sun Life Banking & PSU Debt Fund  - DIRECT - IDCW,Debt Scheme - Banking and PSU Fund,Open Ended Schemes,Aditya Birla Sun Life Mutual Fund,0.045448443194362476
2019-03-22,152.9006,119551,Aditya Birla Sun Life Banking & PSU Debt Fund  - DIRECT - IDCW,Debt Scheme - Banking and PSU Fund,Open Ended Schemes,Aditya Birla Sun Life Mutual Fund,0.08555350235877057
2019-03-25,142.4171,119551,Aditya Birla Sun Life Banking & PSU Debt Fund  - DIRECT - IDCW,Debt Scheme - Banking and PSU Fund,Open Ended Schemes,Aditya Birla Sun Life Mutual Fund,-6.856415213543954
2019-03-26,142.4063,119551,Aditya Birla Sun Life Banking & PSU Debt Fund  - DIRECT - IDCW,Debt Scheme - Banking and PSU Fund,Open Ended Schemes,Aditya Birla Sun Life Mutual Fund,-0.007583359020801872
2019-03-27,142.4266,119551,Aditya Birla Sun Life Banking & PSU Debt Fund  - DIRECT - IDCW,Debt Scheme - Banking and PSU Fund,Open Ended Schemes,Aditya Birla Sun Life Mutual Fund,0.014254987314488154
2019-03-28,142.444,119551,Aditya Birla Sun Life Banking & PSU Debt Fund  - DIRECT - IDCW,Debt Scheme - Banking and PSU Fund,Open Ended Schemes,Aditya Birla Sun Life Mutual Fund,0.01221681904923777
2019-03-29,142.8143,119551,Aditya Birla Sun Life Banking & PSU Debt Fund  - DIRECT - IDCW,Debt Scheme - Banking and PSU Fund,Open Ended Schemes,Aditya Birla Sun Life Mutual Fund,0.259961809553233
2019-04-02,143.2454,119551,Aditya Birla Sun Life Banking & PSU Debt Fund  - DIRECT - IDCW,Debt Scheme - Banking and PSU Fund,Open Ended Schemes,Aditya Birla Sun Life Mutual Fund,0.30186052797231966
2019-04-03,143.216,119551,Aditya Birla Sun Life Banking & PSU Debt Fund  - DIRECT - IDCW,Debt Scheme - Banking and PSU Fund,Open Ended Schemes,Aditya Birla Sun Life Mutual Fund,-0.02052421927684067
2019-04-04,143.0993,119551,Aditya Birla Sun Life Banking & PSU Debt Fund  - DIRECT - IDCW,Debt Scheme - Banking and PSU Fund,Open Ended Schemes,Aditya Birla Sun Life Mutual Fund,-0.08148530890403904
2019-04-05,142.9577,119551,Aditya Birla Sun Life Banking & PSU Debt Fund  - DIRECT - IDCW,Debt Scheme - Banking and PSU Fund,Open Ended Schemes,Aditya Birla Sun Life Mutual Fund,-0.09895226601388529
2019-04-08,142.8229,119551,Aditya Birla Sun Life Banking & PSU Debt Fund  - DIRECT - IDCW,Debt Scheme - Banking and PSU Fund,Open Ended Schemes,Aditya Birla Sun Life Mutual Fund,-0.0942936267161465
2019-04-09,142.8298,119551,Aditya Birla Sun Life Banking & PSU Debt Fund  - DIRECT - IDCW,Debt Scheme - Banking and PSU Fund,Open Ended Schemes,Aditya Birla Sun Life Mutual Fund,0.004831158028584248
2019-04-10,142.9046,119551,Aditya Birla Sun Life Banking & PSU Debt Fund  - DIRECT - IDCW,Debt Scheme - Banking and PSU Fund,Open Ended Schemes,Aditya Birla Sun Life Mutual Fund,0.052370023622505535
2019-04-11,142.8471,119551,Aditya Birla Sun Life Banking & PSU Debt Fund  - DIRECT - IDCW,Debt Scheme - Banking and PSU Fund,Open Ended Schemes,Aditya Birla Sun Life Mutual Fund,-0.04023663339036698
2019-04-12,142.8054,119551,Aditya Birla Sun Life Banking & PSU Debt Fund  - DIRECT - IDCW,Debt Scheme - Banking and PSU Fund,Open Ended Schemes,Aditya Birla Sun Life Mutual Fund,-0.029192052201287844
2019-04-15,142.7628,119551,Aditya Birla Sun Life Banking & PSU Debt Fund  - DIRECT - IDCW,Debt Scheme - Banking and PSU Fund,Open Ended Schemes,Aditya Birla Sun Life Mutual Fund,-0.029830804717467796
2019-04-16,142.7755,119551,Aditya Birla Sun Life Banking & PSU Debt Fund  - DIRECT - IDCW,Debt Scheme - Banking and PSU Fund,Open Ended Schemes,Aditya Birla Sun Life Mutual Fund,0.008895874835745943
2019-04-18,142.8003,119551,Aditya Birla Sun Life Banking & PSU Debt Fund  - DIRECT - IDCW,Debt Scheme - Banking and PSU Fund,Open Ended Schemes,Aditya Birla Sun Life Mutual Fund,0.017369926913235467
2019-04-22,142.7099,119551,Aditya Birla Sun Life Banking & PSU Debt Fund  - DIRECT - IDCW,Debt Scheme - Banking and PSU Fund,Open Ended Schemes,Aditya Birla Sun Life Mutual Fund,-0.06330518913474359
2019-04-23,142.717,119551,Aditya Birla Sun Life Banking & PSU Debt Fund  - DIRECT - IDCW,Debt Scheme - Banking and PSU Fund,Open Ended Schemes,Aditya Birla Sun Life Mutual Fund,0.004975127864303985
2019-04-24,142.817,119551,Aditya Birla Sun Life Banking & PSU Debt Fund  - DIRECT - IDCW,Debt Scheme - Banking and PSU Fund,Open Ended Schemes,Aditya Birla Sun Life Mutual Fund,0.07006873743140574
2019-04-25,142.7254,119551,Aditya Birla Sun Life Banking & PSU Debt Fund  - DIRECT - IDCW,Debt Scheme - Banking and PSU Fund,Open Ended Schemes,Aditya Birla Sun Life Mutual Fund,-0.06413802278439906
2019-04-26,142.8116,119551,Aditya Birla Sun Life Banking & PSU Debt Fund  - DIRECT - IDCW,Debt Scheme - Banking and PSU Fund,Open Ended Schemes,Aditya Birla Sun Life Mutual Fund,0.06039569691167479
2019-04-30,142.9462,119551,Aditya Birla Sun Life Banking & PSU Debt Fund  - DIRECT - IDCW,Debt Scheme - Banking and PSU Fund,Open Ended Schemes,Aditya Birla Sun Life Mutual Fund,0.09425004691496763
2019-05-02,142.9669,119551,Aditya Birla Sun Life Banking & PSU Debt Fund  - DIRECT - IDCW,Debt Scheme - Banking and PSU Fund,Open Ended Schemes,Aditya Birla Sun Life Mutual Fund,0.014480972561714545
2019-05-03,142.9162,119551,Aditya Birla Sun Life Banking & PSU Debt Fund  - DIRECT - IDCW,Debt Scheme - Banking and PSU Fund,Open Ended Schemes,Aditya Birla Sun Life Mutual Fund,-0.03546275396613119
2019-05-06,143.0201,119551,Aditya Birla Sun Life Banking & PSU Debt Fund  - DIRECT - IDCW,Debt Scheme - Banking and PSU Fund,Open Ended Schemes,Aditya Birla Sun Life Mutual Fund,0.07269994584240269
2019-05-07,143.0787,119551,Aditya Birla Sun Life Banking & PSU Debt Fund  - DIRECT - IDCW,Debt Scheme - Banking and PSU Fund,Open Ended Schemes,Aditya Birla Sun Life Mutual Fund,0.04097326180025895
2019-05-08,143.1504,119551,Aditya Birla Sun Life Banking & PSU Debt Fund  - DIRECT - IDCW,Debt Scheme - Banking and PSU Fund,Open Ended Schemes,Aditya Birla Sun Life Mutual Fund,0.0501122808636012
2019-05-09,143.18,119551,Aditya Birla Sun Life Banking & PSU Debt Fund  - DIRECT - IDCW,Debt Scheme - Banking and PSU Fund,Open Ended Schemes,Aditya Birla Sun Life Mutual Fund,0.02067755311896402
2019-05-10,143.2079,119551,Aditya Birla Sun Life Banking & PSU Debt Fund  - DIRECT - IDCW,Debt Scheme - Banking and PSU Fund,Open Ended Schemes,Aditya Birla Sun Life Mutual Fund,0.019485961726495304
2019-05-13,143.3346,119551,Aditya Birla Sun Life Banking & PSU Debt Fund  - DIRECT - IDCW,Debt Scheme - Banking and PSU Fund,Open Ended Schemes,Aditya Birla Sun Life Mutual Fund,0.08847277280095156
2019-05-14,143.4783,119551,Aditya Birla Sun Life Banking & PSU Debt Fund  - DIRECT - IDCW,Debt Scheme - Banking and PSU Fund,Open Ended Schemes,Aditya Birla Sun Life Mutual Fund,0.10025492797969271
2019-05-15,143.5038,119551,Aditya Birla Sun Life Banking & PSU Debt Fund  - DIRECT - IDCW,Debt Scheme - Banking and PSU Fund,Open Ended Schemes,Aditya Birla Sun Life Mutual Fund,0.017772722425646315
2019-05-16,143.5546,119551,Aditya Birla Sun Life Banking & PSU Debt Fund  - DIRECT - IDCW,Debt Scheme - Banking and PSU Fund,Open Ended Schemes,Aditya Birla Sun Life Mutual Fund,0.03539975944886198
2019-05-17,143.6887,119551,Aditya Birla Sun Life Banking & PSU Debt Fund  - DIRECT - IDCW,Debt Scheme - Banking and PSU Fund,Open Ended Schemes,Aditya Birla Sun Life Mutual Fund,0.09341393448905055
2019-05-20,143.9976,119551,Aditya Birla Sun Life Banking & PSU Debt Fund  - DIRECT - IDCW,Debt Scheme - Banking and PSU Fund,Open Ended Schemes,Aditya Birla Sun Life Mutual Fund,0.2149786308874635
2019-05-21,144.0003,119551,Aditya Birla Sun Life Banking & PSU Debt Fund  - DIRECT - IDCW,Debt Scheme - Banking and PSU Fund,Open Ended Schemes,Aditya Birla Sun Life Mutual Fund,0.0018750312505311229
2019-05-22,144.0646,119551,Aditya Birla Sun Life Banking & PSU Debt Fund  - DIRECT - IDCW,Debt Scheme - Banking and PSU Fund,Open Ended Schemes,Aditya Birla Sun Life Mutual Fund,0.0446526847513562
2019-05-23,144.3538,119551,Aditya Birla Sun Life Banking & PSU Debt Fund  - DIRECT - IDCW,Debt Scheme - Banking and PSU Fund,Open Ended Schemes,Aditya Birla Sun Life Mutual Fund,0.20074327766848032
2019-05-24,144.51,119551,Aditya Birla Sun Life Banking & PSU Debt Fund  - DIRECT - IDCW,Debt Scheme - Banking and PSU Fund,Open Ended Schemes,Aditya Birla Sun Life Mutual Fund,0.10820636519439653
2019-05-27,145.0011,119551,Aditya Birla Sun Life Banking & PSU Debt Fund  - DIRECT - IDCW,Debt Scheme - Banking and PSU Fund,Open Ended Schemes,Aditya Birla Sun Life Mutual Fund,0.33983807348973993
2019-05-28,145.1418,119551,Aditya Birla Sun Life Banking & PSU Debt Fund  - DIRECT - IDCW,Debt Scheme - Banking and PSU Fund,Open Ended Schemes,Aditya Birla Sun Life Mutual Fund,0.09703374664054021
2019-05-29,145.1587,119551,Aditya Birla Sun Life Banking & PSU Debt Fund  - DIRECT - IDCW,Debt Scheme - Banking and PSU Fund,Open Ended Schemes,Aditya Birla Sun Life Mutual Fund,0.011643785594506184
2019-05-30,145.1312,119551,Aditya Birla Sun Life Banking & PSU Debt Fund  - DIRECT - IDCW,Debt Scheme - Banking and PSU Fund,Open Ended Schemes,Aditya Birla Sun Life Mutual Fund,-0.018944782503560464
2019-05-31,145.5041,119551,Aditya Birla Sun Life Banking & PSU Debt Fund  - DIRECT - IDCW,Debt Scheme - Banking and PSU Fund,Open Ended Schemes,Aditya Birla Sun Life Mutual Fund,0.2569399274587214
2019-06-03,145.7548,119551,Aditya Birla Sun Life Banking & PSU Debt Fund  - DIRECT - IDCW,Debt Scheme - Banking and PSU Fund,Open Ended Schemes,Aditya Birla Sun Life Mutual Fund,0.17229755037830863
2019-06-04,145.6843,119551,Aditya Birla Sun Life Banking & PSU Debt Fund  - DIRECT - IDCW,Debt Scheme - Banking and PSU Fund,Open Ended Schemes,Aditya Birla Sun Life Mutual Fund,-0.04836890448889353
2019-06-06,146.0295,119551,Aditya Birla Sun Life Banking & PSU Debt Fund  - DIRECT - IDCW,Debt Scheme - Banking and PSU Fund,Open Ended Schemes,Aditya Birla Sun Life Mutual Fund,0.23695072152594143
2019-06-07,145.8035,119551,Aditya Birla Sun Life Banking & PSU Debt Fund  - DIRECT - IDCW,Debt Scheme - Banking and PSU Fund,Open Ended Schemes,Aditya Birla Sun Life Mutual Fund,-0.15476324989128765
2019-06-10,145.5955,119551,Aditya Birla Sun Life Banking & PSU Debt Fund  - DIRECT - IDCW,Debt Scheme - Banking and PSU Fund,Open Ended Schemes,Aditya Birla Sun Life Mutual Fund,-0.14265775512934953
2019-06-11,145.6404,119551,Aditya Birla Sun Life Banking & PSU Debt Fund  - DIRECT - IDCW,Debt Scheme - Banking and PSU Fund,Open Ended Schemes,Aditya Birla Sun Life Mutual Fund,0.030838865212179378
2019-06-12,145.775,119551,Aditya Birla Sun Life Banking & PSU Debt Fund  - DIRECT - IDCW,Debt Scheme - Banking and PSU Fund,Open Ended Schemes,Aditya Birla Sun Life Mutual Fund,0.09241941109747742
2019-06-13,145.8517,119551,Aditya Birla Sun Life Banking & PSU Debt Fund  - DIRECT - IDCW,Debt Scheme - Banking and PSU Fund,Open Ended Schemes,Aditya Birla Sun Life Mutual Fund,0.05261533184701683
2019-06-14,146.087,119551,Aditya Birla Sun Life Banking & PSU Debt Fund  - DIRECT - IDCW,Debt Scheme - Banking and PSU Fund,Open Ended Schemes,Aditya Birla Sun Life Mutual Fund,0.1613282532874072
2019-06-17,146.1223,119551,Aditya Birla Sun Life Banking & PSU Debt Fund  - DIRECT - IDCW,Debt Scheme - Banking and PSU Fund,Open Ended Schemes,Aditya Birla Sun Life Mutual Fund,0.024163683284617044
2019-06-18,146.4654,119551,Aditya Birla Sun Life Banking & PSU Debt Fund  - DIRECT - IDCW,Debt Scheme - Banking and PSU Fund,Open Ended Schemes,Aditya Birla Sun Life Mutual Fund,0.2348033120201265
2019-06-19,146.5025,119551,Aditya Birla Sun Life Banking & PSU Debt Fund  - DIRECT - IDCW,Debt Scheme - Banking and PSU Fund,Open Ended Schemes,Aditya Birla Sun Life Mutual Fund,0.02533021450801254
2019-06-20,146.6796,119551,Aditya Birla Sun Life Banking & PSU Debt Fund  - DIRECT - IDCW,Debt Scheme - Banking and PSU Fund,Open Ended Schemes,Aditya Birla Sun Life Mutual Fund,0.12088530912441886
2019-06-21,146.4745,119551,Aditya Birla Sun Life Banking & PSU Debt Fund  - DIRECT - IDCW,Debt Scheme - Banking and PSU Fund,Open Ended Schemes,Aditya Birla Sun Life Mutual Fund,-0.1398285787525877
2019-06-24,146.4771,119551,Aditya Birla Sun Life Banking & PSU Debt Fund  - DIRECT - IDCW,Debt Scheme - Banking and PSU Fund,Open Ended Schemes,Aditya Birla Sun Life Mutual Fund,0.00177505299556735
2019-06-25,146.3663,119551,Aditya Birla Sun Life Banking & PSU Debt Fund  - DIRECT - IDCW,Debt Scheme - Banking and PSU Fund,Open Ended Schemes,Aditya Birla Sun Life Mutual Fund,-0.07564322341172547
2019-06-26,146.2151,119551,Aditya Birla Sun Life Banking & PSU Debt Fund  - DIRECT - IDCW,Debt Scheme - Banking and PSU Fund,Open Ended Schemes,Aditya Birla Sun Life Mutual Fund,-0.10330246784948649
2019-06-27,146.3061,119551,Aditya Birla Sun Life Banking & PSU Debt Fund  - DIRECT - IDCW,Debt Scheme - Banking and PSU Fund,Open Ended Schemes,Aditya Birla Sun Life Mutual Fund,0.06223707400945244
2019-06-28,146.3797,119551,Aditya Birla Sun Life Banking & PSU Debt Fund  - DIRECT - IDCW,Debt Scheme - Banking and PSU Fund,Open Ended Schemes,Aditya Birla Sun Life Mutual Fund,0.05030548965492265
2019-07-01,146.3903,119551,Aditya Birla Sun Life Banking & PSU Debt Fund  - DIRECT - IDCW,Debt Scheme - Banking and PSU Fund,Open Ended Schemes,Aditya Birla Sun Life Mutual Fund,0.007241441265404269
2019-07-02,146.4817,119551,Aditya Birla Sun Life Banking & PSU Debt Fund  - DIRECT - IDCW,Debt Scheme - Banking and PSU Fund,Open Ended Schemes,Aditya Birla Sun Life Mutual Fund,0.06243583078933135
2019-07-03,146.678,119551,Aditya Birla Sun Life Banking & PSU Debt Fund  - DIRECT - IDCW,Debt Scheme - Banking and PSU Fund,Open Ended Schemes,Aditya Birla Sun Life Mutual Fund,0.13400991386638417
2019-07-04,146.9134,119551,Aditya Birla Sun Life Banking & PSU Debt Fund  - DIRECT - IDCW,Debt Scheme - Banking and PSU Fund,Open Ended Schemes,Aditya Birla Sun Life Mutual Fund,0.16048759868556584
2019-07-05,147.2972,119551,Aditya Birla Sun Life Banking & PSU Debt Fund  - DIRECT - IDCW,Debt Scheme - Banking and PSU Fund,Open Ended Schemes,Aditya Birla Sun Life Mutual Fund,0.26124233732254254
2019-07-08,147.8277,119551,Aditya Birla Sun Life Banking & PSU Debt Fund  - DIRECT - IDCW,Debt Scheme - Banking and PSU Fund,Open Ended Schemes,Aditya Birla Sun Life Mutual Fund,0.3601562012040871
2019-07-09,147.8228,119551,Aditya Birla Sun Life Banking & PSU Debt Fund  - DIRECT - IDCW,Debt Scheme - Banking and PSU Fund,Open Ended Schemes,Aditya Birla Sun Life Mutual Fund,-0.003314669713450069
2019-07-10,148.0034,119551,Aditya Birla Sun Life Banking & PSU Debt Fund  - DIRECT - IDCW,Debt Scheme - Banking and PSU Fund,Open Ended Schemes,Aditya Birla Sun Life Mutual Fund,0.12217330479464827
2019-07-11,148.2166,119551,Aditya Birla Sun Life Banking & PSU Debt Fund  - DIRECT - IDCW,Debt Scheme - Banking and PSU Fund,Open Ended Schemes,Aditya Birla Sun Life Mutual Fund,0.14405074478018864
2019-07-12,148.2944,119551,Aditya Birla Sun Life Banking & PSU Debt Fund  - DIRECT - IDCW,Debt Scheme - Banking and PSU Fund,Open Ended Schemes,Aditya Birla Sun Life Mutual Fund,0.05249074665050202
2019-07-15,148.5678,119551,Aditya Birla Sun Life Banking & PSU Debt Fund  - DIRECT - IDCW,Debt Scheme - Banking and PSU Fund,Open Ended Schemes,Aditya Birla Sun Life Mutual Fund,0.18436299684951862
2019-07-16,148.9102,119551,Aditya Birla Sun Life Banking & PSU Debt Fund  - DIRECT - IDCW,Debt Scheme - Banking and PSU Fund,Open Ended Schemes,Aditya Birla Sun Life Mutual Fund,0.23046716717889382
2019-07-17,148.8778,119551,Aditya Birla Sun Life Banking & PSU Debt Fund  - DIRECT - IDCW,Debt Scheme - Banking and PSU Fund,Open Ended Schemes,Aditya Birla Sun Life Mutual Fund,-0.02175807970172805
2019-07-18,148.8109,119551,Aditya Birla Sun Life Banking & PSU Debt Fund  - DIRECT - IDCW,Debt Scheme - Banking and PSU Fund,Open Ended Schemes,Aditya Birla Sun Life Mutual Fund,-0.04493618256046217
2019-07-19,148.8542,119551,Aditya Birla Sun Life Banking & PSU Debt Fund  - DIRECT - IDCW,Debt Scheme - Banking and PSU Fund,Open Ended Schemes,Aditya Birla Sun Life Mutual Fund,0.029097330907879027
2019-07-22,148.7174,119551,Aditya Birla Sun Life Banking & PSU Debt Fund  - DIRECT - IDCW,Debt Scheme - Banking and PSU Fund,Open Ended Schemes,Aditya Birla Sun Life Mutual Fund,-0.0919020088113065
2019-07-23,148.6097,119551,Aditya Birla Sun Life Banking & PSU Debt Fund  - DIRECT - IDCW,Debt Scheme - Banking and PSU Fund,Open Ended Schemes,Aditya Birla Sun Life Mutual Fund,-0.07241923271923412
2019-07-24,148.6858,119551,Aditya Birla Sun Life Banking & PSU Debt Fund  - DIRECT - IDCW,Debt Scheme - Banking and PSU Fund,Open Ended Schemes,Aditya Birla Sun Life Mutual Fund,0.051207962871879786
2019-07-25,148.3413,119551,Aditya Birla Sun Life Banking & PSU Debt Fund  - DIRECT - IDCW,Debt Scheme - Banking and PSU Fund,Open Ended Schemes,Aditya Birla Sun Life Mutual Fund,-0.2316966381456842
2019-07-26,148.3704,119551,Aditya Birla Sun Life Banking & PSU Debt Fund  - DIRECT - IDCW,Debt Scheme - Banking and PSU Fund,Open Ended Schemes,Aditya Birla Sun Life Mutual Fund,0.019616923944987263
2019-07-29,148.7487,119551,Aditya Birla Sun Life Banking & PSU Debt Fund  - DIRECT - IDCW,Debt Scheme - Banking and PSU Fund,Open Ended Schemes,Aditya Birla Sun Life Mutual Fund,0.2549699940149974
2019-07-30,148.892,119551,Aditya Birla Sun Life Banking & PSU Debt Fund  - DIRECT - IDCW,Debt Scheme - Banking and PSU Fund,Open Ended Schemes,Aditya Birla Sun Life Mutual Fund,0.09633697639037653
2019-07-31,149.0512,119551,Aditya Birla Sun Life Banking & PSU Debt Fund  - DIRECT - IDCW,Debt Scheme - Banking and PSU Fund,Open Ended Schemes,Aditya Birla Sun Life Mutual Fund,0.10692313891949023
2019-08-01,149.0367,119551,Aditya Birla Sun Life Banking & PSU Debt Fund  - DIRECT - IDCW,Debt Scheme - Banking and PSU Fund,Open Ended Schemes,Aditya Birla Sun Life Mutual Fund,-0.009728200779324236
2019-08-02,149.3724,119551,Aditya Birla Sun Life Banking & PSU Debt Fund  - DIRECT - IDCW,Debt Scheme - Banking and PSU Fund,Open Ended Schemes,Aditya Birla Sun Life Mutual Fund,0.22524653323645616
2019-08-05,149.2155,119551,Aditya Birla Sun Life Banking & PSU Debt Fund  - DIRECT - IDCW,Debt Scheme - Banking and PSU Fund,Open Ended Schemes,Aditya Birla Sun Life Mutual Fund,-0.10503948520610429
2019-08-06,149.4147,119551,Aditya Birla Sun Life Banking & PSU Debt Fund  - DIRECT - IDCW,Debt Scheme - Banking and PSU Fund,Open Ended Schemes,Aditya Birla Sun Life Mutual Fund,0.13349819556280895
2019-08-07,149.5577,119551,Aditya Birla Sun Life Banking & PSU Debt Fund  - DIRECT - IDCW,Debt Scheme - Banking and PSU Fund,Open Ended Schemes,Aditya Birla Sun Life Mutual Fund,0.0957067811935497
2019-08-08,149.6843,119551,Aditya Birla Sun Life Banking & PSU Debt Fund  - DIRECT - IDCW,Debt Scheme - Banking and PSU Fund,Open Ended Schemes,Aditya Birla Sun Life Mutual Fund,0.08464960346408201
2019-08-09,149.4248,119551,Aditya Birla Sun Life Banking & PSU Debt Fund  - DIRECT - IDCW,Debt Scheme - Banking and PSU Fund,Open Ended Schemes,Aditya Birla Sun Life Mutual Fund,-0.17336487527416233
2019-08-13,149.4511,119551,Aditya Birla Sun Life Banking & PSU Debt Fund  - DIRECT - IDCW,Debt Scheme - Banking and PSU Fund,Open Ended Schemes,Aditya Birla Sun Life Mutual Fund,0.017600826636532396
2019-08-14,149.0809,119551,Aditya Birla Sun Life Banking & PSU Debt Fund  - DIRECT - IDCW,Debt Scheme - Banking and PSU Fund,Open Ended Schemes,Aditya Birla Sun Life Mutual Fund,-0.24770644043434764
2019-08-16,149.3311,119551,Aditya Birla Sun Life Banking & PSU Debt Fund  - DIRECT - IDCW,Debt Scheme - Banking and PSU Fund,Open Ended Schemes,Aditya Birla Sun Life Mutual Fund,0.1678283401830738
2019-08-19,149.373,119551,Aditya Birla Sun Life Banking & PSU Debt Fund  - DIRECT - IDCW,Debt Scheme - Banking and PSU Fund,Open Ended Schemes,Aditya Birla Sun Life Mutual Fund,0.028058455338508814
2019-08-20,149.4864,119551,Aditya Birla Sun Life Banking & PSU Debt Fund  - DIRECT - IDCW,Debt Scheme - Banking and PSU Fund,Open Ended Schemes,Aditya Birla Sun Life Mutual Fund,0.07591733445804216
2019-08-21,149.6765,119551,Aditya Birla Sun Life Banking & PSU Debt Fund  - DIRECT - IDCW,Debt Scheme - Banking and PSU Fund,Open Ended Schemes,Aditya Birla Sun Life Mutual Fund,0.1271687591647197
2019-08-22,149.8404,119551,Aditya Birla Sun Life Banking & PSU Debt Fund  - DIRECT - IDCW,Debt Scheme - Banking and PSU Fund,Open Ended Schemes,Aditya Birla Sun Life Mutual Fund,0.10950282776520659
2019-08-23,149.9347,119551,Aditya Birla Sun Life Banking & PSU Debt Fund  - DIRECT - IDCW,Debt Scheme - Banking and PSU Fund,Open Ended Schemes,Aditya Birla Sun Life Mutual Fund,0.06293362804690172
2019-08-26,150.2418,119551,Aditya Birla Sun Life Banking & PSU Debt Fund  - DIRECT - IDCW,Debt Scheme - Banking and PSU Fund,Open Ended Schemes,Aditya Birla Sun Life Mutual Fund,0.20482249939475228
2019-08-27,150.2496,119551,Aditya Birla Sun Life Banking & PSU Debt Fund  - DIRECT - IDCW,Debt Scheme - Banking and PSU Fund,Open Ended Schemes,Aditya Birla Sun Life Mutual Fund,0.005191631090672999
2019-08-28,150.1914,119551,Aditya Birla Sun Life Banking & PSU Debt Fund  - DIRECT - IDCW,Debt Scheme - Banking and PSU Fund,Open Ended Schemes,Aditya Birla Sun Life Mutual Fund,-0.03873554405469104
2019-08-29,150.0625,119551,Aditya Birla Sun Life Banking & PSU Debt Fund  - DIRECT - IDCW,Debt Scheme - Banking and PSU Fund,Open Ended Schemes,Aditya Birla Sun Life Mutual Fund,-0.08582382213627726
2019-08-30,150.1076,119551,Aditya Birla Sun Life Banking & PSU Debt Fund  - DIRECT - IDCW,Debt Scheme - Banking and PSU Fund,Open Ended Schemes,Aditya Birla Sun Life Mutual Fund,0.03005414410661711
2019-09-03,150.4088,119551,Aditya Birla Sun Life Banking & PSU Debt Fund  - DIRECT - IDCW,Debt Scheme - Banking and PSU Fund,Open Ended Schemes,Aditya Birla Sun Life Mutual Fund,0.20065606271768566
2019-09-04,150.4906,119551,Aditya Birla Sun Life Banking & PSU Debt Fund  - DIRECT - IDCW,Debt Scheme - Banking and PSU Fund,Open Ended Schemes,Aditya Birla Sun Life Mutual Fund,0.054385115764499226
2019-09-05,150.4076,119551,Aditya Birla Sun Life Banking & PSU Debt Fund  - DIRECT - IDCW,Debt Scheme - Banking and PSU Fund,Open Ended Schemes,Aditya Birla Sun Life Mutual Fund,-0.055152946429870564
2019-09-06,150.3414,119551,Aditya Birla Sun Life Banking & PSU Debt Fund  - DIRECT - IDCW,Debt Scheme - Banking and PSU Fund,Open Ended Schemes,Aditya Birla Sun Life Mutual Fund,-0.044013733348591266
2019-09-09,150.5778,119551,Aditya Birla Sun Life Banking & PSU Debt Fund  - DIRECT - IDCW,Debt Scheme - Banking and PSU Fund,Open Ended Schemes,Aditya Birla Sun Life Mutual Fund,0.15724211694183587
2019-09-11,150.4797,119551,Aditya Birla Sun Life Banking & PSU Debt Fund  - DIRECT - IDCW,Debt Scheme - Banking and PSU Fund,Open Ended Schemes,Aditya Birla Sun Life Mutual Fund,-0.06514904587527903
2019-09-12,150.3828,119551,Aditya Birla Sun Life Banking & PSU Debt Fund  - DIRECT - IDCW,Debt Scheme - Banking and PSU Fund,Open Ended Schemes,Aditya Birla Sun Life Mutual Fund,-0.06439406777126733
2019-09-13,150.4937,119551,Aditya Birla Sun Life Banking & PSU Debt Fund  - DIRECT - IDCW,Debt Scheme - Banking and PSU Fund,Open Ended Schemes,Aditya Birla Sun Life Mutual Fund,0.07374513574689434
2019-09-16,150.4476,119551,Aditya Birla Sun Life Banking & PSU Debt Fund  - DIRECT - IDCW,Debt Scheme - Banking and PSU Fund,Open Ended Schemes,Aditya Birla Sun Life Mutual Fund,-0.030632511527062256
2019-09-17,150.3688,119551,Aditya Birla Sun Life Banking & PSU Debt Fund  - DIRECT - IDCW,Debt Scheme - Banking and PSU Fund,Open Ended Schemes,Aditya Birla Sun Life Mutual Fund,-0.05237704024524392
2019-09-18,150.6191,119551,Aditya Birla Sun Life Banking & PSU Debt Fund  - DIRECT - IDCW,Debt Scheme - Banking and PSU Fund,Open Ended Schemes,Aditya Birla Sun Life Mutual Fund,0.16645740339751303
2019-09-19,150.6828,119551,Aditya Birla Sun Life Banking & PSU Debt Fund  - DIRECT - IDCW,Debt Scheme - Banking and PSU Fund,Open Ended Schemes,Aditya Birla Sun Life Mutual Fund,0.042292113018849165
2019-09-20,150.0993,119551,Aditya Birla Sun Life Banking & PSU Debt Fund  - DIRECT - IDCW,Debt Scheme - Banking and PSU Fund,Open Ended Schemes,Aditya Birla Sun Life Mutual Fund,-0.38723729582937905
2019-09-23,150.1778,119551,Aditya Birla Sun Life Banking & PSU Debt Fund  - DIRECT - IDCW,Debt Scheme - Banking and PSU Fund,Open Ended Schemes,Aditya Birla Sun Life Mutual Fund,0.052298711586251656
2019-09-24,150.1503,119551,Aditya Birla Sun Life Banking & PSU Debt Fund  - DIRECT - IDCW,Debt Scheme - Banking and PSU Fund,Open Ended Schemes,Aditya Birla Sun Life Mutual Fund,-0.01831162795034036
2019-09-25,150.1731,119551,Aditya Birla Sun Life Banking & PSU Debt Fund  - DIRECT - IDCW,Debt Scheme - Banking and PSU Fund,Open Ended Schemes,Aditya Birla Sun Life Mutual Fund,0.015184784845589938
2019-09-26,150.2039,119551,Aditya Birla Sun Life Banking & PSU Debt Fund  - DIRECT - IDCW,Debt Scheme - Banking and PSU Fund,Open Ended Schemes,Aditya Birla Sun Life Mutual Fund,0.0205096651797243
2019-09-27,150.2231,119551,Aditya Birla Sun Life Banking & PSU Debt Fund  - DIRECT - IDCW,Debt Scheme - Banking and PSU Fund,Open Ended Schemes,Aditya Birla Sun Life Mutual Fund,0.012782624152896105
2019-09-30,150.4539,119551,Aditya Birla Sun Life Banking & PSU Debt Fund  - DIRECT - IDCW,Debt Scheme - Banking and PSU Fund,Open Ended Schemes,Aditya Birla Sun Life Mutual Fund,0.1536381555166999
2019-10-01,150.5812,119551,Aditya Birla Sun Life Banking & PSU Debt Fund  - DIRECT - IDCW,Debt Scheme - Banking and PSU Fund,Open Ended Schemes,Aditya Birla Sun Life Mutual Fund,0.0846106348854958
2019-10-03,150.7936,119551,Aditya Birla Sun Life Banking & PSU Debt Fund  - DIRECT - IDCW,Debt Scheme - Banking and PSU Fund,Open Ended Schemes,Aditya Birla Sun Life Mutual Fund,0.14105346484156733
2019-10-04,150.7287,119551,Aditya Birla Sun Life Banking & PSU Debt Fund  - DIRECT - IDCW,Debt Scheme - Banking and PSU Fund,Open Ended Schemes,Aditya Birla Sun Life Mutual Fund,-0.04303896186574896
2019-10-07,150.8064,119551,Aditya Birla Sun Life Banking & PSU Debt Fund  - DIRECT - IDCW,Debt Scheme - Banking and PSU Fund,Open Ended Schemes,Aditya Birla Sun Life Mutual Fund,0.05154957217834433
2019-10-09,150.861,119551,Aditya Birla Sun Life Banking & PSU Debt Fund  - DIRECT - IDCW,Debt Scheme - Banking and PSU Fund,Open Ended Schemes,Aditya Birla Sun Life Mutual Fund,0.036205359984720076
2019-10-10,150.8965,119551,Aditya Birla Sun Life Banking & PSU Debt Fund  - DIRECT - IDCW,Debt Scheme - Banking and PSU Fund,Open Ended Schemes,Aditya Birla Sun Life Mutual Fund,0.02353159530958937
2019-10-11,150.938,119551,Aditya Birla Sun Life Banking & PSU Debt Fund  - DIRECT - IDCW,Debt Scheme - Banking and PSU Fund,Open Ended Schemes,Aditya Birla Sun Life Mutual Fund,0.027502294619141665
2019-10-14,151.0676,119551,Aditya Birla Sun Life Banking & PSU Debt Fund  - DIRECT - IDCW,Debt Scheme - Banking and PSU Fund,Open Ended Schemes,Aditya Birla Sun Life Mutual Fund,0.08586306960474133
2019-10-15,151.1294,119551,Aditya Birla Sun Life Banking & PSU Debt Fund  - DIRECT - IDCW,Debt Scheme - Banking and PSU Fund,Open Ended Schemes,Aditya Birla Sun Life Mutual Fund,0.04090883816252333
2019-10-16,151.2289,119551,Aditya Birla Sun Life Banking & PSU Debt Fund  - DIRECT - IDCW,Debt Scheme - Banking and PSU Fund,Open Ended Schemes,Aditya Birla Sun Life Mutual Fund,0.06583761994687354
2019-10-17,151.266,119551,Aditya Birla Sun Life Banking & PSU Debt Fund  - DIRECT - IDCW,Debt Scheme - Banking and PSU Fund,Open Ended Schemes,Aditya Birla Sun Life Mutual Fund,0.024532347983741154
2019-10-18,151.4029,119551,Aditya Birla Sun Life Banking & PSU Debt Fund  - DIRECT - IDCW,Debt Scheme - Banking and PSU Fund,Open Ended Schemes,Aditya Birla Sun Life Mutual Fund,0.09050282284188693
2019-10-22,151.5632,119551,Aditya Birla Sun Life Banking & PSU Debt Fund  - DIRECT - IDCW,Debt Scheme - Banking and PSU Fund,Open Ended Schemes,Aditya Birla Sun Life Mutual Fund,0.10587643961905702
2019-10-23,151.6974,119551,Aditya Birla Sun Life Banking & PSU Debt Fund  - DIRECT - IDCW,Debt Scheme - Banking and PSU Fund,Open Ended Schemes,Aditya Birla Sun Life Mutual Fund,0.08854392095178909
2019-10-24,151.7896,119551,Aditya Birla Sun Life Banking & PSU Debt Fund  - DIRECT - IDCW,Debt Scheme - Banking and PSU Fund,Open Ended Schemes,Aditya Birla Sun Life Mutual Fund,0.06077889271669523
2019-10-25,151.8433,119551,Aditya Birla Sun Life Banking & PSU Debt Fund  - DIRECT - IDCW,Debt Scheme - Banking and PSU Fund,Open Ended Schemes,Aditya Birla Sun Life Mutual Fund,0.03537791785470645
2019-10-29,151.965,119551,Aditya Birla Sun Life Banking & PSU Debt Fund  - DIRECT - IDCW,Debt Scheme - Banking and PSU Fund,Open Ended Schemes,Aditya Birla Sun Life Mutual Fund,0.08014841616323931
2019-10-30,152.1072,119551,Aditya Birla Sun Life Banking & PSU Debt Fund  - DIRECT - IDCW,Debt Scheme - Banking and PSU Fund,Open Ended Schemes,Aditya Birla Sun Life Mutual Fund,0.09357417826474368
2019-10-31,152.3324,119551,Aditya Birla Sun Life Banking & PSU Debt Fund  - DIRECT - IDCW,Debt Scheme - Banking and PSU Fund,Open Ended Schemes,Aditya Birla Sun Life Mutual Fund,0.14805347807336222
2019-11-01,152.4285,119551,Aditya Birla Sun Life Banking & PSU Debt Fund  - DIRECT - IDCW,Debt Scheme - Banking and PSU Fund,Open Ended Schemes,Aditya Birla Sun Life Mutual Fund,0.06308572568936022
2019-11-04,152.4901,119551,Aditya Birla Sun Life Banking & PSU Debt Fund  - DIRECT - IDCW,Debt Scheme - Banking and PSU Fund,Open Ended Schemes,Aditya Birla Sun Life Mutual Fund,0.04041239007142039
2019-11-05,152.4692,119551,Aditya Birla Sun Life Banking & PSU Debt Fund  - DIRECT - IDCW,Debt Scheme - Banking and PSU Fund,Open Ended Schemes,Aditya Birla Sun Life Mutual Fund,-0.01370580778687902
2019-11-06,152.4607,119551,Aditya Birla Sun Life Banking & PSU Debt Fund  - DIRECT - IDCW,Debt Scheme - Banking and PSU Fund,Open Ended Schemes,Aditya Birla Sun Life Mutual Fund,-0.005574896438098609
2019-11-07,152.4911,119551,Aditya Birla Sun Life Banking & PSU Debt Fund  - DIRECT - IDCW,Debt Scheme - Banking and PSU Fund,Open Ended Schemes,Aditya Birla Sun Life Mutual Fund,0.01993956475339065
2019-11-08,152.3985,119551,Aditya Birla Sun Life Banking & PSU Debt Fund  - DIRECT - IDCW,Debt Scheme - Banking and PSU Fund,Open Ended Schemes,Aditya Birla Sun Life Mutual Fund,-0.06072485541777084
2019-11-11,152.4214,119551,Aditya Birla Sun Life Banking & PSU Debt Fund  - DIRECT - IDCW,Debt Scheme - Banking and PSU Fund,Open Ended Schemes,Aditya Birla Sun Life Mutual Fund,0.015026394616746153
2019-11-13,152.5581,119551,Aditya Birla Sun Life Banking & PSU Debt Fund  - DIRECT - IDCW,Debt Scheme - Banking and PSU Fund,Open Ended Schemes,Aditya Birla Sun Life Mutual Fund,0.0896855690867504
2019-11-14,152.6957,119551,Aditya Birla Sun Life Banking & PSU Debt Fund  - DIRECT - IDCW,Debt Scheme - Banking and PSU Fund,Open Ended Schemes,Aditya Birla Sun Life Mutual Fund,0.0901951453249561
2019-11-15,152.7979,119551,Aditya Birla Sun Life Banking & PSU Debt Fund  - DIRECT - IDCW,Debt Scheme - Banking and PSU Fund,Open Ended Schemes,Aditya Birla Sun Life Mutual Fund,0.06693050295456526
2019-11-18,152.9316,119551,Aditya Birla Sun Life Banking & PSU Debt Fund  - DIRECT - IDCW,Debt Scheme - Banking and PSU Fund,Open Ended Schemes,Aditya Birla Sun Life Mutual Fund,0.08750120256888483
2019-11-19,152.9853,119551,Aditya Birla Sun Life Banking & PSU Debt Fund  - DIRECT - IDCW,Debt Scheme - Banking and PSU Fund,Open Ended Schemes,Aditya Birla Sun Life Mutual Fund,0.03511373712168364
2019-11-20,153.0708,119551,Aditya Birla Sun Life Banking & PSU Debt Fund  - DIRECT - IDCW,Debt Scheme - Banking and PSU Fund,Open Ended Schemes,Aditya Birla Sun Life Mutual Fund,0.0558877225458998
2019-11-21,153.0927,119551,Aditya Birla Sun Life Banking & PSU Debt Fund  - DIRECT - IDCW,Debt Scheme - Banking and PSU Fund,Open Ended Schemes,Aditya Birla Sun Life Mutual Fund,0.014307104947519633
2019-11-22,153.1436,119551,Aditya Birla Sun Life Banking & PSU Debt Fund  - DIRECT - IDCW,Debt Scheme - Banking and PSU Fund,Open Ended Schemes,Aditya Birla Sun Life Mutual Fund,0.033247829582983
2019-11-25,153.296,119551,Aditya Birla Sun Life Banking & PSU Debt Fund  - DIRECT - IDCW,Debt Scheme - Banking and PSU Fund,Open Ended Schemes,Aditya Birla Sun Life Mutual Fund,0.09951444265381415
2019-11-26,153.3485,119551,Aditya Birla Sun Life Banking & PSU Debt Fund  - DIRECT - IDCW,Debt Scheme - Banking and PSU Fund,Open Ended Schemes,Aditya Birla Sun Life Mutual Fund,0.03424746894897801
2019-11-27,153.3903,119551,Aditya Birla Sun Life Banking & PSU Debt Fund  - DIRECT - IDCW,Debt Scheme - Banking and PSU Fund,Open Ended Schemes,Aditya Birla Sun Life Mutual Fund,0.027258173376321082
2019-11-28,153.4934,119551,Aditya Birla Sun Life Banking & PSU Debt Fund  - DIRECT - IDCW,Debt Scheme - Banking and PSU Fund,Open Ended Schemes,Aditya Birla Sun Life Mutual Fund,0.06721415891357552
2019-11-29,153.5381,119551,Aditya Birla Sun Life Banking & PSU Debt Fund  - DIRECT - IDCW,Debt Scheme - Banking and PSU Fund,Open Ended Schemes,Aditya Birla Sun Life Mutual Fund,0.029121773314022548
2019-12-02,153.6046,119551,Aditya Birla Sun Life Banking & PSU Debt Fund  - DIRECT - IDCW,Debt Scheme - Banking and PSU Fund,Open Ended Schemes,Aditya Birla Sun Life Mutual Fund,0.04331172523304172
2019-12-03,153.6259,119551,Aditya Birla Sun Life Banking & PSU Debt Fund  - DIRECT - IDCW,Debt Scheme - Banking and PSU Fund,Open Ended Schemes,Aditya Birla Sun Life Mutual Fund,0.013866772219062184
2019-12-04,153.7405,119551,Aditya Birla Sun Life Banking & PSU Debt Fund  - DIRECT - IDCW,Debt Scheme - Banking and PSU Fund,Open Ended Schemes,Aditya Birla Sun Life Mutual Fund,0.07459679650370088
2019-12-05,153.2483,119551,Aditya Birla Sun Life Banking & PSU Debt Fund  - DIRECT - IDCW,Debt Scheme - Banking and PSU Fund,Open Ended Schemes,Aditya Birla Sun Life Mutual Fund,-0.3201498629183619
2019-12-06,153.1405,119551,Aditya Birla Sun Life Banking & PSU Debt Fund  - DIRECT - IDCW,Debt Scheme - Banking and PSU Fund,Open Ended Schemes,Aditya Birla Sun Life Mutual Fund,-0.0703433578056023
2019-12-09,153.1183,119551,Aditya Birla Sun Life Banking & PSU Debt Fund  - DIRECT - IDCW,Debt Scheme - Banking and PSU Fund,Open Ended Schemes,Aditya Birla Sun Life Mutual Fund,-0.014496491783688725
2019-12-10,153.0738,119551,Aditya Birla Sun Life Banking & PSU Debt Fund  - DIRECT - IDCW,Debt Scheme - Banking and PSU Fund,Open Ended Schemes,Aditya Birla Sun Life Mutual Fund,-0.029062496122278514
2019-12-11,152.9832,119551,Aditya Birla Sun Life Banking & PSU Debt Fund  - DIRECT - IDCW,Debt Scheme - Banking and PSU Fund,Open Ended Schemes,Aditya Birla Sun Life Mutual Fund,-0.05918713718480184
2019-12-12,152.9682,119551,Aditya Birla Sun Life Banking & PSU Debt Fund  - DIRECT - IDCW,Debt Scheme - Banking and PSU Fund,Open Ended Schemes,Aditya Birla Sun Life Mutual Fund,-0.009804998195894754
2019-12-13,152.8576,119551,Aditya Birla Sun Life Banking & PSU Debt Fund  - DIRECT - IDCW,Debt Scheme - Banking and PSU Fund,Open Ended Schemes,Aditya Birla Sun Life Mutual Fund,-0.07230260930050081
2019-12-16,152.9814,119551,Aditya Birla Sun Life Banking & PSU Debt Fund  - DIRECT - IDCW,Debt Scheme - Banking and PSU Fund,Open Ended Schemes,Aditya Birla Sun Life Mutual Fund,0.08099041199129964
2019-12-17,153.0346,119551,Aditya Birla Sun Life Banking & PSU Debt Fund  - DIRECT - IDCW,Debt Scheme - Banking and PSU Fund,Open Ended Schemes,Aditya Birla Sun Life Mutual Fund,0.034775469436154616
2019-12-18,153.1337,119551,Aditya Birla Sun Life Banking & PSU Debt Fund  - DIRECT - IDCW,Debt Scheme - Banking and PSU Fund,Open Ended Schemes,Aditya Birla Sun Life Mutual Fund,0.06475659752760432
2019-12-19,153.1526,119551,Aditya Birla Sun Life Banking & PSU Debt Fund  - DIRECT - IDCW,Debt Scheme - Banking and PSU Fund,Open Ended Schemes,Aditya Birla Sun Life Mutual Fund,0.012342155906908125
2019-12-20,153.4572,119551,Aditya Birla Sun Life Banking & PSU Debt Fund  - DIRECT - IDCW,Debt Scheme - Banking and PSU Fund,Open Ended Schemes,Aditya Birla Sun Life Mutual Fund,0.19888660068454467
2019-12-23,153.5537,119551,Aditya Birla Sun Life Banking & PSU Debt Fund  - DIRECT - IDCW,Debt Scheme - Banking and PSU Fund,Open Ended Schemes,Aditya Birla Sun Life Mutual Fund,0.06288398328653244
2019-12-24,153.5626,119551,Aditya Birla Sun Life Banking & PSU Debt Fund  - DIRECT - IDCW,Debt Scheme - Banking and PSU Fund,Open Ended Schemes,Aditya Birla Sun Life Mutual Fund,0.005796017940307152
2019-12-26,153.5576,119551,Aditya Birla Sun Life Banking & PSU Debt Fund  - DIRECT - IDCW,Debt Scheme - Banking and PSU Fund,Open Ended Schemes,Aditya Birla Sun Life Mutual Fund,-0.0032560011356874696
2019-12-27,153.6346,119551,Aditya Birla Sun Life Banking & PSU Debt Fund  - DIRECT - IDCW,Debt Scheme - Banking and PSU Fund,Open Ended Schemes,Aditya Birla Sun Life Mutual Fund,0.05014405018051171
2019-12-30,153.701,119551,Aditya Birla Sun Life Banking & PSU Debt Fund  - DIRECT - IDCW,Debt Scheme - Banking and PSU Fund,Open Ended Schemes,Aditya Birla Sun Life Mutual Fund,0.04321943103962056
2019-12-31,153.7054,119551,Aditya Birla Sun Life Banking & PSU Debt Fund  - DIRECT - IDCW,Debt Scheme - Banking and PSU Fund,Open Ended Schemes,Aditya Birla Sun Life Mutual Fund,0.002862700958350395
2020-01-01,153.8193,119551,Aditya Birla Sun Life Banking & PSU Debt Fund  - DIRECT - IDCW,Debt Scheme - Banking and PSU Fund,Open Ended Schemes,Aditya Birla Sun Life Mutual Fund,0.07410279664865627
2020-01-02,153.8742,119551,Aditya Birla Sun Life Banking & PSU Debt Fund  - DIRECT - IDCW,Debt Scheme - Banking and PSU Fund,Open Ended Schemes,Aditya Birla Sun Life Mutual Fund,0.03569122990418894
2020-01-03,154.0323,119551,Aditya Birla Sun Life Banking & PSU Debt Fund  - DIRECT - IDCW,Debt Scheme - Banking and PSU Fund,Open Ended Schemes,Aditya Birla Sun Life Mutual Fund,0.10274626935509179
2020-01-06,154.0036,119551,Aditya Birla Sun Life Banking & PSU Debt Fund  - DIRECT - IDCW,Debt Scheme - Banking and PSU Fund,Open Ended Schemes,Aditya Birla Sun Life Mutual Fund,-0.018632455660261282
2020-01-07,154.0751,119551,Aditya Birla Sun Life Banking & PSU Debt Fund  - DIRECT - IDCW,Debt Scheme - Banking and PSU Fund,Open Ended Schemes,Aditya Birla Sun Life Mutual Fund,0.04642748611070058
2020-01-08,154.127,119551,Aditya Birla Sun Life Banking & PSU Debt Fund  - DIRECT - IDCW,Debt Scheme - Banking and PSU Fund,Open Ended Schemes,Aditya Birla Sun Life Mutual Fund,0.03368487185795299
2020-01-09,154.2202,119551,Aditya Birla Sun Life Banking & PSU Debt Fund  - DIRECT - IDCW,Debt Scheme - Banking and PSU Fund,Open Ended Schemes,Aditya Birla Sun Life Mutual Fund,0.06046961272196949
2020-01-10,154.1672,119551,Aditya Birla Sun Life Banking & PSU Debt Fund  - DIRECT - IDCW,Debt Scheme - Banking and PSU Fund,Open Ended Schemes,Aditya Birla Sun Life Mutual Fund,-0.0343664448625991
2020-01-13,154.2362,119551,Aditya Birla Sun Life Banking & PSU Debt Fund  - DIRECT - IDCW,Debt Scheme - Banking and PSU Fund,Open Ended Schemes,Aditya Birla Sun Life Mutual Fund,0.0447566019230905
2020-01-14,154.1151,119551,Aditya Birla Sun Life Banking & PSU Debt Fund  - DIRECT - IDCW,Debt Scheme - Banking and PSU Fund,Open Ended Schemes,Aditya Birla Sun Life Mutual Fund,-0.0785159385410017
2020-01-15,154.1889,119551,Aditya Birla Sun Life Banking & PSU Debt Fund  - DIRECT - IDCW,Debt Scheme - Banking and PSU Fund,Open Ended Schemes,Aditya Birla Sun Life Mutual Fund,0.047886287586340615
2020-01-16,154.2713,119551,Aditya Birla Sun Life Banking & PSU Debt Fund  - DIRECT - IDCW,Debt Scheme - Banking and PSU Fund,Open Ended Schemes,Aditya Birla Sun Life Mutual Fund,0.05344094159827062
2020-01-17,154.3249,119551,Aditya Birla Sun Life Banking & PSU Debt Fund  - DIRECT - IDCW,Debt Scheme - Banking and PSU Fund,Open Ended Schemes,Aditya Birla Sun Life Mutual Fund,0.03474398672989043
2020-01-20,154.4228,119551,Aditya Birla Sun Life Banking & PSU Debt Fund  - DIRECT - IDCW,Debt Scheme - Banking and PSU Fund,Open Ended Schemes,Aditya Birla Sun Life Mutual Fund,0.06343759173015329
2020-01-21,154.4776,119551,Aditya Birla Sun Life Banking & PSU Debt Fund  - DIRECT - IDCW,Debt Scheme - Banking and PSU Fund,Open Ended Schemes,Aditya Birla Sun Life Mutual Fund,0.03548698767279479
2020-01-22,154.5903,119551,Aditya Birla Sun Life Banking & PSU Debt Fund  - DIRECT - IDCW,Debt Scheme - Banking and PSU Fund,Open Ended Schemes,Aditya Birla Sun Life Mutual Fund,0.07295556119464308
2020-01-23,154.6714,119551,Aditya Birla Sun Life Banking & PSU Debt Fund  - DIRECT - IDCW,Debt Scheme - Banking and PSU Fund,Open Ended Schemes,Aditya Birla Sun Life Mutual Fund,0.05246124756856929
2020-01-24,154.749,119551,Aditya Birla Sun Life Banking & PSU Debt Fund  - DIRECT - IDCW,Debt Scheme - Banking and PSU Fund,Open Ended Schemes,Aditya Birla Sun Life Mutual Fund,0.05017087839120915
2020-01-27,154.8703,119551,Aditya Birla Sun Life Banking & PSU Debt Fund  - DIRECT - IDCW,Debt Scheme - Banking and PSU Fund,Open Ended Schemes,Aditya Birla Sun Life Mutual Fund,0.07838499764134532
2020-01-28,154.9202,119551,Aditya Birla Sun Life Banking & PSU Debt Fund  - DIRECT - IDCW,Debt Scheme - Banking and PSU Fund,Open Ended Schemes,Aditya Birla Sun Life Mutual Fund,0.03222050967810475
2020-01-29,154.8904,119551,Aditya Birla Sun Life Banking & PSU Debt Fund  - DIRECT - IDCW,Debt Scheme - Banking and PSU Fund,Open Ended Schemes,Aditya Birla Sun Life Mutual Fund,-0.019235709739595652
2020-01-30,154.9146,119551,Aditya Birla Sun Life Banking & PSU Debt Fund  - DIRECT - IDCW,Debt Scheme - Banking and PSU Fund,Open Ended Schemes,Aditya Birla Sun Life Mutual Fund,0.015623950871068715
2020-01-31,154.9392,119551,Aditya Birla Sun Life Banking & PSU Debt Fund  - DIRECT - IDCW,Debt Scheme - Banking and PSU Fund,Open Ended Schemes,Aditya Birla Sun Life Mutual Fund,0.01587971695371504
2020-02-03,155.2432,119551,Aditya Birla Sun Life Banking & PSU Debt Fund  - DIRECT - IDCW,Debt Scheme - Banking and PSU Fund,Open Ended Schemes,Aditya Birla Sun Life Mutual Fund,0.19620599564216246
2020-02-04,155.3587,119551,Aditya Birla Sun Life Banking & PSU Debt Fund  - DIRECT - IDCW,Debt Scheme - Banking and PSU Fund,Open Ended Schemes,Aditya Birla Sun Life Mutual Fund,0.07439939398312667
2020-02-05,155.3768,119551,Aditya Birla Sun Life Banking & PSU Debt Fund  - DIRECT - IDCW,Debt Scheme - Banking and PSU Fund,Open Ended Schemes,Aditya Birla Sun Life Mutual Fund,0.01165045794024877
2020-02-06,155.9182,119551,Aditya Birla Sun Life Banking & PSU Debt Fund  - DIRECT - IDCW,Debt Scheme - Banking and PSU Fund,Open Ended Schemes,Aditya Birla Sun Life Mutual Fund,0.3484432682356653
2020-02-07,156.3627,119551,Aditya Birla Sun Life Banking & PSU Debt Fund  - DIRECT - IDCW,Debt Scheme - Banking and PSU Fund,Open Ended Schemes,Aditya Birla Sun Life Mutual Fund,0.2850853845157042
2020-02-10,156.5138,119551,Aditya Birla Sun Life Banking & PSU Debt Fund  - DIRECT - IDCW,Debt Scheme - Banking and PSU Fund,Open Ended Schemes,Aditya Birla Sun Life Mutual Fund,0.0966342996123748
2020-02-11,156.5581,119551,Aditya Birla Sun Life Banking & PSU Debt Fund  - DIRECT - IDCW,Debt Scheme - Banking and PSU Fund,Open Ended Schemes,Aditya Birla Sun Life Mutual Fund,0.028304213430385694
2020-02-12,156.5516,119551,Aditya Birla Sun Life Banking & PSU Debt Fund  - DIRECT - IDCW,Debt Scheme - Banking and PSU Fund,Open Ended Schemes,Aditya Birla Sun Life Mutual Fund,-0.00415181328847769
2020-02-13,156.7233,119551,Aditya Birla Sun Life Banking & PSU Debt Fund  - DIRECT - IDCW,Debt Scheme - Banking and PSU Fund,Open Ended Schemes,Aditya Birla Sun Life Mutual Fund,0.10967629842173476
2020-02-14,156.828,119551,Aditya Birla Sun Life Banking & PSU Debt Fund  - DIRECT - IDCW,Debt Scheme - Banking and PSU Fund,Open Ended Schemes,Aditya Birla Sun Life Mutual Fund,0.06680563770671277
2020-02-17,157.0124,119551,Aditya Birla Sun Life Banking & PSU Debt Fund  - DIRECT - IDCW,Debt Scheme - Banking and PSU Fund,Open Ended Schemes,Aditya Birla Sun Life Mutual Fund,0.11758104420129811
2020-02-18,156.9444,119551,Aditya Birla Sun Life Banking & PSU Debt Fund  - DIRECT - IDCW,Debt Scheme - Banking and PSU Fund,Open Ended Schemes,Aditya Birla Sun Life Mutual Fund,-0.04330868135256072
2020-02-20,156.9353,119551,Aditya Birla Sun Life Banking & PSU Debt Fund  - DIRECT - IDCW,Debt Scheme - Banking and PSU Fund,Open Ended Schemes,Aditya Birla Sun Life Mutual Fund,-0.00579823173046945
2020-02-24,157.1105,119551,Aditya Birla Sun Life Banking & PSU Debt Fund  - DIRECT - IDCW,Debt Scheme - Banking and PSU Fund,Open Ended Schemes,Aditya Birla Sun Life Mutual Fund,0.11163836307064301
2020-02-25,157.0423,119551,Aditya Birla Sun Life Banking & PSU Debt Fund  - DIRECT - IDCW,Debt Scheme - Banking and PSU Fund,Open Ended Schemes,Aditya Birla Sun Life Mutual Fund,-0.043408938295019794
2020-02-26,147.7681,119551,Aditya Birla Sun Life Banking & PSU Debt Fund  - DIRECT - IDCW,Debt Scheme - Banking and PSU Fund,Open Ended Schemes,Aditya Birla Sun Life Mutual Fund,-5.9055426467900745
2020-02-27,147.6783,119551,Aditya Birla Sun Life Banking & PSU Debt Fund  - DIRECT - IDCW,Debt Scheme - Banking and PSU Fund,Open Ended Schemes,Aditya Birla Sun Life Mutual Fund,-0.060770897101602994
2020-02-28,147.542,119551,Aditya Birla Sun Life Banking & PSU Debt Fund  - DIRECT - IDCW,Debt Scheme - Banking and PSU Fund,Open Ended Schemes,Aditya Birla Sun Life Mutual Fund,-0.09229521195734947
2020-03-02,147.6198,119551,Aditya Birla Sun Life Banking & PSU Debt Fund  - DIRECT - IDCW,Debt Scheme - Banking and PSU Fund,Open Ended Schemes,Aditya Birla Sun Life Mutual Fund,0.05273074785485665
2020-03-03,147.6457,119551,Aditya Birla Sun Life Banking & PSU Debt Fund  - DIRECT - IDCW,Debt Scheme - Banking and PSU Fund,Open Ended Schemes,Aditya Birla Sun Life Mutual Fund,0.017545071867064443
2020-03-04,148.0648,119551,Aditya Birla Sun Life Banking & PSU Debt Fund  - DIRECT - IDCW,Debt Scheme - Banking and PSU Fund,Open Ended Schemes,Aditya Birla Sun Life Mutual Fund,0.28385520201399395
2020-03-05,148.039,119551,Aditya Birla Sun Life Banking & PSU Debt Fund  - DIRECT - IDCW,Debt Scheme - Banking and PSU Fund,Open Ended Schemes,Aditya Birla Sun Life Mutual Fund,-0.017424803194276972
2020-03-06,148.22,119551,Aditya Birla Sun Life Banking & PSU Debt Fund  - DIRECT - IDCW,Debt Scheme - Banking and PSU Fund,Open Ended Schemes,Aditya Birla Sun Life Mutual Fund,0.1222650787968016
2020-03-09,148.1911,119551,Aditya Birla Sun Life Banking & PSU Debt Fund  - DIRECT - IDCW,Debt Scheme - Banking and PSU Fund,Open Ended Schemes,Aditya Birla Sun Life Mutual Fund,-0.019498043448917812
2020-03-11,147.9299,119551,Aditya Birla Sun Life Banking & PSU Debt Fund  - DIRECT - IDCW,Debt Scheme - Banking and PSU Fund,Open Ended Schemes,Aditya Birla Sun Life Mutual Fund,-0.176258898138959
2020-03-12,147.1302,119551,Aditya Birla Sun Life Banking & PSU Debt Fund  - DIRECT - IDCW,Debt Scheme - Banking and PSU Fund,Open Ended Schemes,Aditya Birla Sun Life Mutual Fund,-0.5405938894030182
2020-03-13,146.4248,119551,Aditya Birla Sun Life Banking & PSU Debt Fund  - DIRECT - IDCW,Debt Scheme - Banking and PSU Fund,Open Ended Schemes,Aditya Birla Sun Life Mutual Fund,-0.4794392993416663
2020-03-16,146.3857,119551,Aditya Birla Sun Life Banking & PSU Debt Fund  - DIRECT - IDCW,Debt Scheme - Banking and PSU Fund,Open Ended Schemes,Aditya Birla Sun Life Mutual Fund,-0.02670312679272646
2020-03-17,145.7796,119551,Aditya Birla Sun Life Banking & PSU Debt Fund  - DIRECT - IDCW,Debt Scheme - Banking and PSU Fund,Open Ended Schemes,Aditya Birla Sun Life Mutual Fund,-0.4140431749822704
2020-03-18,145.1779,119551,Aditya Birla Sun Life Banking & PSU Debt Fund  - DIRECT - IDCW,Debt Scheme - Banking and PSU Fund,Open Ended Schemes,Aditya Birla Sun Life Mutual Fund,-0.41274636506067885
2020-03-19,143.9765,119551,Aditya Birla Sun Life Banking & PSU Debt Fund  - DIRECT - IDCW,Debt Scheme - Banking and PSU Fund,Open Ended Schemes,Aditya Birla Sun Life Mutual Fund,-0.8275364225546755
2020-03-20,144.6272,119551,Aditya Birla Sun Life Banking & PSU Debt Fund  - DIRECT - IDCW,Debt Scheme - Banking and PSU Fund,Open Ended Schemes,Aditya Birla Sun Life Mutual Fund,0.45194875552607705
2020-03-23,143.7194,119551,Aditya Birla Sun Life Banking & PSU Debt Fund  - DIRECT - IDCW,Debt Scheme - Banking and PSU Fund,Open Ended Schemes,Aditya Birla Sun Life Mutual Fund,-0.62768275953623
2020-03-24,143.8304,119551,Aditya Birla Sun Life Banking & PSU Debt Fund  - DIRECT - IDCW,Debt Scheme - Banking and PSU Fund,Open Ended Schemes,Aditya Birla Sun Life Mutual Fund,0.07723383203659395
2020-03-26,144.1796,119551,Aditya Birla Sun Life Banking & PSU Debt Fund  - DIRECT - IDCW,Debt Scheme - Banking and PSU Fund,Open Ended Schemes,Aditya Birla Sun Life Mutual Fund,0.24278594789417518
2020-03-27,147.851,119551,Aditya Birla Sun Life Banking & PSU Debt Fund  - DIRECT - IDCW,Debt Scheme - Banking and PSU Fund,Open Ended Schemes,Aditya Birla Sun Life Mutual Fund,2.546407397440409
2020-03-30,147.6988,119551,Aditya Birla Sun Life Banking & PSU Debt Fund  - DIRECT - IDCW,Debt Scheme - Banking and PSU Fund,Open Ended Schemes,Aditya Birla Sun Life Mutual Fund,-0.10294147486320515
2020-03-31,148.1709,119551,Aditya Birla Sun Life Banking & PSU Debt Fund  - DIRECT - IDCW,Debt Scheme - Banking and PSU Fund,Open Ended Schemes,Aditya Birla Sun Life Mutual Fund,0.3196369909572505
2020-04-03,147.8815,119551,Aditya Birla Sun Life Banking & PSU Debt Fund  - DIRECT - IDCW,Debt Scheme - Banking and PSU Fund,Open Ended Schemes,Aditya Birla Sun Life Mutual Fund,-0.19531500449818662
2020-04-07,147.1769,119551,Aditya Birla Sun Life Banking & PSU Debt Fund  - DIRECT - IDCW,Debt Scheme - Banking and PSU Fund,Open Ended Schemes,Aditya Birla Sun Life Mutual Fund,-0.4764625730737104
2020-04-08,146.4112,119551,Aditya Birla Sun Life Banking & PSU Debt Fund  - DIRECT - IDCW,Debt Scheme - Banking and PSU Fund,Open Ended Schemes,Aditya Birla Sun Life Mutual Fund,-0.5202582742264483
2020-04-09,146.4196,119551,Aditya Birla Sun Life Banking & PSU Debt Fund  - DIRECT - IDCW,Debt Scheme - Banking and PSU Fund,Open Ended Schemes,Aditya Birla Sun Life Mutual Fund,0.00573726600150426
2020-04-13,146.5785,119551,Aditya Birla Sun Life Banking & PSU Debt Fund  - DIRECT - IDCW,Debt Scheme - Banking and PSU Fund,Open Ended Schemes,Aditya Birla Sun Life Mutual Fund,0.10852372223391082
2020-04-15,146.8633,119551,Aditya Birla Sun Life Banking & PSU Debt Fund  - DIRECT - IDCW,Debt Scheme - Banking and PSU Fund,Open Ended Schemes,Aditya Birla Sun Life Mutual Fund,0.19429861814659333
2020-04-16,147.1239,119551,Aditya Birla Sun Life Banking & PSU Debt Fund  - DIRECT - IDCW,Debt Scheme - Banking and PSU Fund,Open Ended Schemes,Aditya Birla Sun Life Mutual Fund,0.1774439223413804
2020-04-17,147.947,119551,Aditya Birla Sun Life Banking & PSU Debt Fund  - DIRECT - IDCW,Debt Scheme - Banking and PSU Fund,Open Ended Schemes,Aditya Birla Sun Life Mutual Fund,0.5594604275716009
2020-04-20,148.7201,119551,Aditya Birla Sun Life Banking & PSU Debt Fund  - DIRECT - IDCW,Debt Scheme - Banking and PSU Fund,Open Ended Schemes,Aditya Birla Sun Life Mutual Fund,0.5225519949711765
2020-04-21,149.0212,119551,Aditya Birla Sun Life Banking & PSU Debt Fund  - DIRECT - IDCW,Debt Scheme - Banking and PSU Fund,Open Ended Schemes,Aditya Birla Sun Life Mutual Fund,0.2024608644023207
2020-04-22,149.0793,119551,Aditya Birla Sun Life Banking & PSU Debt Fund  - DIRECT - IDCW,Debt Scheme - Banking and PSU Fund,Open Ended Schemes,Aditya Birla Sun Life Mutual Fund,0.03898774134150074
2020-04-23,149.5527,119551,Aditya Birla Sun Life Banking & PSU Debt Fund  - DIRECT - IDCW,Debt Scheme - Banking and PSU Fund,Open Ended Schemes,Aditya Birla Sun Life Mutual Fund,0.31754911647694506
2020-04-24,148.6647,119551,Aditya Birla Sun Life Banking & PSU Debt Fund  - DIRECT - IDCW,Debt Scheme - Banking and PSU Fund,Open Ended Schemes,Aditya Birla Sun Life Mutual Fund,-0.5937706240007556
2020-04-27,148.6922,119551,Aditya Birla Sun Life Banking & PSU Debt Fund  - DIRECT - IDCW,Debt Scheme - Banking and PSU Fund,Open Ended Schemes,Aditya Birla Sun Life Mutual Fund,0.018498002552047588
2020-04-28,148.5148,119551,Aditya Birla Sun Life Banking & PSU Debt Fund  - DIRECT - IDCW,Debt Scheme - Banking and PSU Fund,Open Ended Schemes,Aditya Birla Sun Life Mutual Fund,-0.1193068634400496
2020-04-29,148.549,119551,Aditya Birla Sun Life Banking & PSU Debt Fund  - DIRECT - IDCW,Debt Scheme - Banking and PSU Fund,Open Ended Schemes,Aditya Birla Sun Life Mutual Fund,0.023028007983039167
2020-04-30,148.6556,119551,Aditya Birla Sun Life Banking & PSU Debt Fund  - DIRECT - IDCW,Debt Scheme - Banking and PSU Fund,Open Ended Schemes,Aditya Birla Sun Life Mutual Fund,0.07176083312576687
2020-05-04,149.0855,119551,Aditya Birla Sun Life Banking & PSU Debt Fund  - DIRECT - IDCW,Debt Scheme - Banking and PSU Fund,Open Ended Schemes,Aditya Birla Sun Life Mutual Fund,0.2891919308791513
2020-05-05,149.4229,119551,Aditya Birla Sun Life Banking & PSU Debt Fund  - DIRECT - IDCW,Debt Scheme - Banking and PSU Fund,Open Ended Schemes,Aditya Birla Sun Life Mutual Fund,0.2263130887980358
2020-05-06,149.8549,119551,Aditya Birla Sun Life Banking & PSU Debt Fund  - DIRECT - IDCW,Debt Scheme - Banking and PSU Fund,Open Ended Schemes,Aditya Birla Sun Life Mutual Fund,0.28911231143284866
2020-05-08,150.1326,119551,Aditya Birla Sun Life Banking & PSU Debt Fund  - DIRECT - IDCW,Debt Scheme - Banking and PSU Fund,Open Ended Schemes,Aditya Birla Sun Life Mutual Fund,0.18531259238103726
2020-05-11,149.6699,119551,Aditya Birla Sun Life Banking & PSU Debt Fund  - DIRECT - IDCW,Debt Scheme - Banking and PSU Fund,Open Ended Schemes,Aditya Birla Sun Life Mutual Fund,-0.3081942229735457
2020-05-12,149.9687,119551,Aditya Birla Sun Life Banking & PSU Debt Fund  - DIRECT - IDCW,Debt Scheme - Banking and PSU Fund,Open Ended Schemes,Aditya Birla Sun Life Mutual Fund,0.19963933964011193
2020-05-13,150.1633,119551,Aditya Birla Sun Life Banking & PSU Debt Fund  - DIRECT - IDCW,Debt Scheme - Banking and PSU Fund,Open Ended Schemes,Aditya Birla Sun Life Mutual Fund,0.12976041000554162
2020-05-14,150.5497,119551,Aditya Birla Sun Life Banking & PSU Debt Fund  - DIRECT - IDCW,Debt Scheme - Banking and PSU Fund,Open Ended Schemes,Aditya Birla Sun Life Mutual Fund,0.25731986444090804
2020-05-15,150.5483,119551,Aditya Birla Sun Life Banking & PSU Debt Fund  - DIRECT - IDCW,Debt Scheme - Banking and PSU Fund,Open Ended Schemes,Aditya Birla Sun Life Mutual Fund,-0.0009299254664640877
2020-05-18,150.7375,119551,Aditya Birla Sun Life Banking & PSU Debt Fund  - DIRECT - IDCW,Debt Scheme - Banking and PSU Fund,Open Ended Schemes,Aditya Birla Sun Life Mutual Fund,0.12567395314326824
2020-05-19,150.8998,119551,Aditya Birla Sun Life Banking & PSU Debt Fund  - DIRECT - IDCW,Debt Scheme - Banking and PSU Fund,Open Ended Schemes,Aditya Birla Sun Life Mutual Fund,0.10767061945433642
2020-05-20,151.0347,119551,Aditya Birla Sun Life Banking & PSU Debt Fund  - DIRECT - IDCW,Debt Scheme - Banking and PSU Fund,Open Ended Schemes,Aditya Birla Sun Life Mutual Fund,0.08939707010877651
2020-05-21,151.1568,119551,Aditya Birla Sun Life Banking & PSU Debt Fund  - DIRECT - IDCW,Debt Scheme - Banking and PSU Fund,Open Ended Schemes,Aditya Birla Sun Life Mutual Fund,0.08084234947334235
2020-05-22,151.835,119551,Aditya Birla Sun Life Banking & PSU Debt Fund  - DIRECT - IDCW,Debt Scheme - Banking and PSU Fund,Open Ended Schemes,Aditya Birla Sun Life Mutual Fund,0.4486731658780885
2020-05-26,151.9123,119551,Aditya Birla Sun Life Banking & PSU Debt Fund  - DIRECT - IDCW,Debt Scheme - Banking and PSU Fund,Open Ended Schemes,Aditya Birla Sun Life Mutual Fund,0.050910527875647205
2020-05-27,151.8831,119551,Aditya Birla Sun Life Banking & PSU Debt Fund  - DIRECT - IDCW,Debt Scheme - Banking and PSU Fund,Open Ended Schemes,Aditya Birla Sun Life Mutual Fund,-0.01922161668276301
2020-05-28,151.8499,119551,Aditya Birla Sun Life Banking & PSU Debt Fund  - DIRECT - IDCW,Debt Scheme - Banking and PSU Fund,Open Ended Schemes,Aditya Birla Sun Life Mutual Fund,-0.02185891649566507
2020-05-29,151.8458,119551,Aditya Birla Sun Life Banking & PSU Debt Fund  - DIRECT - IDCW,Debt Scheme - Banking and PSU Fund,Open Ended Schemes,Aditya Birla Sun Life Mutual Fund,-0.002700034705316323
2020-06-01,151.7027,119551,Aditya Birla Sun Life Banking & PSU Debt Fund  - DIRECT - IDCW,Debt Scheme - Banking and PSU Fund,Open Ended Schemes,Aditya Birla Sun Life Mutual Fund,-0.09424034118823421
2020-06-02,151.5887,119551,Aditya Birla Sun Life Banking & PSU Debt Fund  - DIRECT - IDCW,Debt Scheme - Banking and PSU Fund,Open Ended Schemes,Aditya Birla Sun Life Mutual Fund,-0.07514698156327881
2020-06-03,151.7291,119551,Aditya Birla Sun Life Banking & PSU Debt Fund  - DIRECT - IDCW,Debt Scheme - Banking and PSU Fund,Open Ended Schemes,Aditya Birla Sun Life Mutual Fund,0.0926190408651939
2020-06-04,151.7144,119551,Aditya Birla Sun Life Banking & PSU Debt Fund  - DIRECT - IDCW,Debt Scheme - Banking and PSU Fund,Open Ended Schemes,Aditya Birla Sun Life Mutual Fund,-0.009688319511536037
2020-06-05,151.7947,119551,Aditya Birla Sun Life Banking & PSU Debt Fund  - DIRECT - IDCW,Debt Scheme - Banking and PSU Fund,Open Ended Schemes,Aditya Birla Sun Life Mutual Fund,0.05292839704074126
2020-06-08,151.7545,119551,Aditya Birla Sun Life Banking & PSU Debt Fund  - DIRECT - IDCW,Debt Scheme - Banking and PSU Fund,Open Ended Schemes,Aditya Birla Sun Life Mutual Fund,-0.02648313808057967
2020-06-09,151.8323,119551,Aditya Birla Sun Life Banking & PSU Debt Fund  - DIRECT - IDCW,Debt Scheme - Banking and PSU Fund,Open Ended Schemes,Aditya Birla Sun Life Mutual Fund,0.05126701349877916
2020-06-10,151.9285,119551,Aditya Birla Sun Life Banking & PSU Debt Fund  - DIRECT - IDCW,Debt Scheme - Banking and PSU Fund,Open Ended Schemes,Aditya Birla Sun Life Mutual Fund,0.0633593774183927
2020-06-11,152.0797,119551,Aditya Birla Sun Life Banking & PSU Debt Fund  - DIRECT - IDCW,Debt Scheme - Banking and PSU Fund,Open Ended Schemes,Aditya Birla Sun Life Mutual Fund,0.09952049812904651
2020-06-12,152.1202,119551,Aditya Birla Sun Life Banking & PSU Debt Fund  - DIRECT - IDCW,Debt Scheme - Banking and PSU Fund,Open Ended Schemes,Aditya Birla Sun Life Mutual Fund,0.02663077320641527
2020-06-15,152.2922,119551,Aditya Birla Sun Life Banking & PSU Debt Fund  - DIRECT - IDCW,Debt Scheme - Banking and PSU Fund,Open Ended Schemes,Aditya Birla Sun Life Mutual Fund,0.11306848137195846
2020-06-16,152.463,119551,Aditya Birla Sun Life Banking & PSU Debt Fund  - DIRECT - IDCW,Debt Scheme - Banking and PSU Fund,Open Ended Schemes,Aditya Birla Sun Life Mutual Fund,0.11215282200927046
2020-06-17,152.6873,119551,Aditya Birla Sun Life Banking & PSU Debt Fund  - DIRECT - IDCW,Debt Scheme - Banking and PSU Fund,Open Ended Schemes,Aditya Birla Sun Life Mutual Fund,0.14711766133421733
2020-06-18,152.9942,119551,Aditya Birla Sun Life Banking & PSU Debt Fund  - DIRECT - IDCW,Debt Scheme - Banking and PSU Fund,Open Ended Schemes,Aditya Birla Sun Life Mutual Fund,0.2009990352832336
2020-06-19,153.2792,119551,Aditya Birla Sun Life Banking & PSU Debt Fund  - DIRECT - IDCW,Debt Scheme - Banking and PSU Fund,Open Ended Schemes,Aditya Birla Sun Life Mutual Fund,0.18628157145825774
2020-06-22,153.438,119551,Aditya Birla Sun Life Banking & PSU Debt Fund  - DIRECT - IDCW,Debt Scheme - Banking and PSU Fund,Open Ended Schemes,Aditya Birla Sun Life Mutual Fund,0.10360179332875585
2020-06-23,153.6661,119551,Aditya Birla Sun Life Banking & PSU Debt Fund  - DIRECT - IDCW,Debt Scheme - Banking and PSU Fund,Open Ended Schemes,Aditya Birla Sun Life Mutual Fund,0.1486593933706093
2020-06-24,153.6871,119551,Aditya Birla Sun Life Banking & PSU Debt Fund  - DIRECT - IDCW,Debt Scheme - Banking and PSU Fund,Open Ended Schemes,Aditya Birla Sun Life Mutual Fund,0.013665993996059278
2020-06-25,153.8658,119551,Aditya Birla Sun Life Banking & PSU Debt Fund  - DIRECT - IDCW,Debt Scheme - Banking and PSU Fund,Open Ended Schemes,Aditya Birla Sun Life Mutual Fund,0.11627521112702599
2020-06-26,154.0384,119551,Aditya Birla Sun Life Banking & PSU Debt Fund  - DIRECT - IDCW,Debt Scheme - Banking and PSU Fund,Open Ended Schemes,Aditya Birla Sun Life Mutual Fund,0.11217567516628169
2020-06-29,154.1954,119551,Aditya Birla Sun Life Banking & PSU Debt Fund  - DIRECT - IDCW,Debt Scheme - Banking and PSU Fund,Open Ended Schemes,Aditya Birla Sun Life Mutual Fund,0.10192263747221819
2020-06-30,154.3407,119551,Aditya Birla Sun Life Banking & PSU Debt Fund  - DIRECT - IDCW,Debt Scheme - Banking and PSU Fund,Open Ended Schemes,Aditya Birla Sun Life Mutual Fund,0.09423108601163133
2020-07-01,154.4707,119551,Aditya Birla Sun Life Banking & PSU Debt Fund  - DIRECT - IDCW,Debt Scheme - Banking and PSU Fund,Open Ended Schemes,Aditya Birla Sun Life Mutual Fund,0.08422924089368511
2020-07-02,154.6381,119551,Aditya Birla Sun Life Banking & PSU Debt Fund  - DIRECT - IDCW,Debt Scheme - Banking and PSU Fund,Open Ended Schemes,Aditya Birla Sun Life Mutual Fund,0.10837006629738077
2020-07-03,154.7628,119551,Aditya Birla Sun Life Banking & PSU Debt Fund  - DIRECT - IDCW,Debt Scheme - Banking and PSU Fund,Open Ended Schemes,Aditya Birla Sun Life Mutual Fund,0.08063989404938354
2020-07-06,154.9799,119551,Aditya Birla Sun Life Banking & PSU Debt Fund  - DIRECT - IDCW,Debt Scheme - Banking and PSU Fund,Open Ended Schemes,Aditya Birla Sun Life Mutual Fund,0.1402791885388499
2020-07-07,155.2208,119551,Aditya Birla Sun Life Banking & PSU Debt Fund  - DIRECT - IDCW,Debt Scheme - Banking and PSU Fund,Open Ended Schemes,Aditya Birla Sun Life Mutual Fund,0.15543951183347726
2020-07-08,155.4959,119551,Aditya Birla Sun Life Banking & PSU Debt Fund  - DIRECT - IDCW,Debt Scheme - Banking and PSU Fund,Open Ended Schemes,Aditya Birla Sun Life Mutual Fund,0.17723140197705156
2020-07-09,155.6112,119551,Aditya Birla Sun Life Banking & PSU Debt Fund  - DIRECT - IDCW,Debt Scheme - Banking and PSU Fund,Open Ended Schemes,Aditya Birla Sun Life Mutual Fund,0.07414986504465926
2020-07-10,155.929,119551,Aditya Birla Sun Life Banking & PSU Debt Fund  - DIRECT - IDCW,Debt Scheme - Banking and PSU Fund,Open Ended Schemes,Aditya Birla Sun Life Mutual Fund,0.20422694510420225
2020-07-13,156.0307,119551,Aditya Birla Sun Life Banking & PSU Debt Fund  - DIRECT - IDCW,Debt Scheme - Banking and PSU Fund,Open Ended Schemes,Aditya Birla Sun Life Mutual Fund,0.0652219920604935
2020-07-14,155.9369,119551,Aditya Birla Sun Life Banking & PSU Debt Fund  - DIRECT - IDCW,Debt Scheme - Banking and PSU Fund,Open Ended Schemes,Aditya Birla Sun Life Mutual Fund,-0.060116374533980554
2020-07-15,156.1332,119551,Aditya Birla Sun Life Banking & PSU Debt Fund  - DIRECT - IDCW,Debt Scheme - Banking and PSU Fund,Open Ended Schemes,Aditya Birla Sun Life Mutual Fund,0.12588425189932195
2020-07-16,156.1683,119551,Aditya Birla Sun Life Banking & PSU Debt Fund  - DIRECT - IDCW,Debt Scheme - Banking and PSU Fund,Open Ended Schemes,Aditya Birla Sun Life Mutual Fund,0.022480804851232605
2020-07-17,156.2261,119551,Aditya Birla Sun Life Banking & PSU Debt Fund  - DIRECT - IDCW,Debt Scheme - Banking and PSU Fund,Open Ended Schemes,Aditya Birla Sun Life Mutual Fund,0.037011352496008065
2020-07-20,156.312,119551,Aditya Birla Sun Life Banking & PSU Debt Fund  - DIRECT - IDCW,Debt Scheme - Banking and PSU Fund,Open Ended Schemes,Aditya Birla Sun Life Mutual Fund,0.05498441041542623
2020-07-21,156.218,119551,Aditya Birla Sun Life Banking & PSU Debt Fund  - DIRECT - IDCW,Debt Scheme - Banking and PSU Fund,Open Ended Schemes,Aditya Birla Sun Life Mutual Fund,-0.060136137980459914
2020-07-22,156.1462,119551,Aditya Birla Sun Life Banking & PSU Debt Fund  - DIRECT - IDCW,Debt Scheme - Banking and PSU Fund,Open Ended Schemes,Aditya Birla Sun Life Mutual Fund,-0.045961412897355114
2020-07-23,156.2261,119551,Aditya Birla Sun Life Banking & PSU Debt Fund  - DIRECT - IDCW,Debt Scheme - Banking and PSU Fund,Open Ended Schemes,Aditya Birla Sun Life Mutual Fund,0.05116999324992211
2020-07-24,156.2363,119551,Aditya Birla Sun Life Banking & PSU Debt Fund  - DIRECT - IDCW,Debt Scheme - Banking and PSU Fund,Open Ended Schemes,Aditya Birla Sun Life Mutual Fund,0.006528998675636721
2020-07-27,156.1419,119551,Aditya Birla Sun Life Banking & PSU Debt Fund  - DIRECT - IDCW,Debt Scheme - Banking and PSU Fund,Open Ended Schemes,Aditya Birla Sun Life Mutual Fund,-0.06042129773938809
2020-07-28,156.0234,119551,Aditya Birla Sun Life Banking & PSU Debt Fund  - DIRECT - IDCW,Debt Scheme - Banking and PSU Fund,Open Ended Schemes,Aditya Birla Sun Life Mutual Fund,-0.07589250547097581
2020-07-29,156.0698,119551,Aditya Birla Sun Life Banking & PSU Debt Fund  - DIRECT - IDCW,Debt Scheme - Banking and PSU Fund,Open Ended Schemes,Aditya Birla Sun Life Mutual Fund,0.02973912887425101
2020-07-30,156.1385,119551,Aditya Birla Sun Life Banking & PSU Debt Fund  - DIRECT - IDCW,Debt Scheme - Banking and PSU Fund,Open Ended Schemes,Aditya Birla Sun Life Mutual Fund,0.04401876596240584
2020-07-31,156.2908,119551,Aditya Birla Sun Life Banking & PSU Debt Fund  - DIRECT - IDCW,Debt Scheme - Banking and PSU Fund,Open Ended Schemes,Aditya Birla Sun Life Mutual Fund,0.09754160568982151
2020-08-03,156.3569,119551,Aditya Birla Sun Life Banking & PSU Debt Fund  - DIRECT - IDCW,Debt Scheme - Banking and PSU Fund,Open Ended Schemes,Aditya Birla Sun Life Mutual Fund,0.042292956463207965
2020-08-04,156.4151,119551,Aditya Birla Sun Life Banking & PSU Debt Fund  - DIRECT - IDCW,Debt Scheme - Banking and PSU Fund,Open Ended Schemes,Aditya Birla Sun Life Mutual Fund,0.037222533831249294
2020-08-05,156.4515,119551,Aditya Birla Sun Life Banking & PSU Debt Fund  - DIRECT - IDCW,Debt Scheme - Banking and PSU Fund,Open Ended Schemes,Aditya Birla Sun Life Mutual Fund,0.023271410496827905
2020-08-06,156.273,119551,Aditya Birla Sun Life Banking & PSU Debt Fund  - DIRECT - IDCW,Debt Scheme - Banking and PSU Fund,Open Ended Schemes,Aditya Birla Sun Life Mutual Fund,-0.11409286584022071
2020-08-07,156.1963,119551,Aditya Birla Sun Life Banking & PSU Debt Fund  - DIRECT - IDCW,Debt Scheme - Banking and PSU Fund,Open Ended Schemes,Aditya Birla Sun Life Mutual Fund,-0.0490807753098621
2020-08-10,156.1579,119551,Aditya Birla Sun Life Banking & PSU Debt Fund  - DIRECT - IDCW,Debt Scheme - Banking and PSU Fund,Open Ended Schemes,Aditya Birla Sun Life Mutual Fund,-0.02458444918349567
2020-08-11,156.1703,119551,Aditya Birla Sun Life Banking & PSU Debt Fund  - DIRECT - IDCW,Debt Scheme - Banking and PSU Fund,Open Ended Schemes,Aditya Birla Sun Life Mutual Fund,0.007940680554741064
2020-08-12,156.1023,119551,Aditya Birla Sun Life Banking & PSU Debt Fund  - DIRECT - IDCW,Debt Scheme - Banking and PSU Fund,Open Ended Schemes,Aditya Birla Sun Life Mutual Fund,-0.04354221001047209
2020-08-13,156.2204,119551,Aditya Birla Sun Life Banking & PSU Debt Fund  - DIRECT - IDCW,Debt Scheme - Banking and PSU Fund,Open Ended Schemes,Aditya Birla Sun Life Mutual Fund,0.07565551564583384
2020-08-14,156.1109,119551,Aditya Birla Sun Life Banking & PSU Debt Fund  - DIRECT - IDCW,Debt Scheme - Banking and PSU Fund,Open Ended Schemes,Aditya Birla Sun Life Mutual Fund,-0.07009327847068425
2020-08-17,156.1178,119551,Aditya Birla Sun Life Banking & PSU Debt Fund  - DIRECT - IDCW,Debt Scheme - Banking and PSU Fund,Open Ended Schemes,Aditya Birla Sun Life Mutual Fund,0.004419934802757375
2020-08-18,156.0848,119551,Aditya Birla Sun Life Banking & PSU Debt Fund  - DIRECT - IDCW,Debt Scheme - Banking and PSU Fund,Open Ended Schemes,Aditya Birla Sun Life Mutual Fund,-0.021137884341171365
2020-08-19,156.0408,119551,Aditya Birla Sun Life Banking & PSU Debt Fund  - DIRECT - IDCW,Debt Scheme - Banking and PSU Fund,Open Ended Schemes,Aditya Birla Sun Life Mutual Fund,-0.028189804516531858
2020-08-20,156.1183,119551,Aditya Birla Sun Life Banking & PSU Debt Fund  - DIRECT - IDCW,Debt Scheme - Banking and PSU Fund,Open Ended Schemes,Aditya Birla Sun Life Mutual Fund,0.04966649748014973
2020-08-21,155.6426,119551,Aditya Birla Sun Life Banking & PSU Debt Fund  - DIRECT - IDCW,Debt Scheme - Banking and PSU Fund,Open Ended Schemes,Aditya Birla Sun Life Mutual Fund,-0.30470482960679446
2020-08-24,155.3393,119551,Aditya Birla Sun Life Banking & PSU Debt Fund  - DIRECT - IDCW,Debt Scheme - Banking and PSU Fund,Open Ended Schemes,Aditya Birla Sun Life Mutual Fund,-0.19486952800839008
2020-08-25,155.4841,119551,Aditya Birla Sun Life Banking & PSU Debt Fund  - DIRECT - IDCW,Debt Scheme - Banking and PSU Fund,Open Ended Schemes,Aditya Birla Sun Life Mutual Fund,0.09321530353232355
2020-08-26,155.3989,119551,Aditya Birla Sun Life Banking & PSU Debt Fund  - DIRECT - IDCW,Debt Scheme - Banking and PSU Fund,Open Ended Schemes,Aditya Birla Sun Life Mutual Fund,-0.05479659978094853
2020-08-27,155.293,119551,Aditya Birla Sun Life Banking & PSU Debt Fund  - DIRECT - IDCW,Debt Scheme - Banking and PSU Fund,Open Ended Schemes,Aditya Birla Sun Life Mutual Fund,-0.06814720052715773
2020-08-28,155.1542,119551,Aditya Birla Sun Life Banking & PSU Debt Fund  - DIRECT - IDCW,Debt Scheme - Banking and PSU Fund,Open Ended Schemes,Aditya Birla Sun Life Mutual Fund,-0.08937943113984659
2020-08-31,155.7972,119551,Aditya Birla Sun Life Banking & PSU Debt Fund  - DIRECT - IDCW,Debt Scheme - Banking and PSU Fund,Open Ended Schemes,Aditya Birla Sun Life Mutual Fund,0.41442642223026294
2020-09-01,156.4621,119551,Aditya Birla Sun Life Banking & PSU Debt Fund  - DIRECT - IDCW,Debt Scheme - Banking and PSU Fund,Open Ended Schemes,Aditya Birla Sun Life Mutual Fund,0.4267727532972332
2020-09-02,156.5163,119551,Aditya Birla Sun Life Banking & PSU Debt Fund  - DIRECT - IDCW,Debt Scheme - Banking and PSU Fund,Open Ended Schemes,Aditya Birla Sun Life Mutual Fund,0.034640976952249325
2020-09-03,156.7417,119551,Aditya Birla Sun Life Banking & PSU Debt Fund  - DIRECT - IDCW,Debt Scheme - Banking and PSU Fund,Open Ended Schemes,Aditya Birla Sun Life Mutual Fund,0.14401055992252498
2020-09-04,156.774,119551,Aditya Birla Sun Life Banking & PSU Debt Fund  - DIRECT - IDCW,Debt Scheme - Banking and PSU Fund,Open Ended Schemes,Aditya Birla Sun Life Mutual Fund,0.02060715176623873
2020-09-07,156.5535,119551,Aditya Birla Sun Life Banking & PSU Debt Fund  - DIRECT - IDCW,Debt Scheme - Banking and PSU Fund,Open Ended Schemes,Aditya Birla Sun Life Mutual Fund,-0.14064832178803943
2020-09-08,156.1916,119551,Aditya Birla Sun Life Banking & PSU Debt Fund  - DIRECT - IDCW,Debt Scheme - Banking and PSU Fund,Open Ended Schemes,Aditya Birla Sun Life Mutual Fund,-0.23116698125562607
2020-09-09,156.2123,119551,Aditya Birla Sun Life Banking & PSU Debt Fund  - DIRECT - IDCW,Debt Scheme - Banking and PSU Fund,Open Ended Schemes,Aditya Birla Sun Life Mutual Fund,0.013252953423870117
2020-09-10,156.1513,119551,Aditya Birla Sun Life Banking & PSU Debt Fund  - DIRECT - IDCW,Debt Scheme - Banking and PSU Fund,Open Ended Schemes,Aditya Birla Sun Life Mutual Fund,-0.03904942184450588
2020-09-11,156.1152,119551,Aditya Birla Sun Life Banking & PSU Debt Fund  - DIRECT - IDCW,Debt Scheme - Banking and PSU Fund,Open Ended Schemes,Aditya Birla Sun Life Mutual Fund,-0.023118603559502127
2020-09-14,156.1284,119551,Aditya Birla Sun Life Banking & PSU Debt Fund  - DIRECT - IDCW,Debt Scheme - Banking and PSU Fund,Open Ended Schemes,Aditya Birla Sun Life Mutual Fund,0.008455294551712456
2020-09-15,156.0004,119551,Aditya Birla Sun Life Banking & PSU Debt Fund  - DIRECT - IDCW,Debt Scheme - Banking and PSU Fund,Open Ended Schemes,Aditya Birla Sun Life Mutual Fund,-0.08198380307489206
2020-09-16,156.1146,119551,Aditya Birla Sun Life Banking & PSU Debt Fund  - DIRECT - IDCW,Debt Scheme - Banking and PSU Fund,Open Ended Schemes,Aditya Birla Sun Life Mutual Fund,0.07320494050013782
2020-09-17,156.1649,119551,Aditya Birla Sun Life Banking & PSU Debt Fund  - DIRECT - IDCW,Debt Scheme - Banking and PSU Fund,Open Ended Schemes,Aditya Birla Sun Life Mutual Fund,0.0322199204942919
2020-09-18,156.2039,119551,Aditya Birla Sun Life Banking & PSU Debt Fund  - DIRECT - IDCW,Debt Scheme - Banking and PSU Fund,Open Ended Schemes,Aditya Birla Sun Life Mutual Fund,0.02497360162239115
2020-09-21,156.2995,119551,Aditya Birla Sun Life Banking & PSU Debt Fund  - DIRECT - IDCW,Debt Scheme - Banking and PSU Fund,Open Ended Schemes,Aditya Birla Sun Life Mutual Fund,0.061202057054909886
2020-09-22,156.3459,119551,Aditya Birla Sun Life Banking & PSU Debt Fund  - DIRECT - IDCW,Debt Scheme - Banking and PSU Fund,Open Ended Schemes,Aditya Birla Sun Life Mutual Fund,0.029686595286615436
2020-09-23,156.4026,119551,Aditya Birla Sun Life Banking & PSU Debt Fund  - DIRECT - IDCW,Debt Scheme - Banking and PSU Fund,Open Ended Schemes,Aditya Birla Sun Life Mutual Fund,0.03626574153847706
2020-09-24,156.37,119551,Aditya Birla Sun Life Banking & PSU Debt Fund  - DIRECT - IDCW,Debt Scheme - Banking and PSU Fund,Open Ended Schemes,Aditya Birla Sun Life Mutual Fund,-0.020843643264245593
2020-09-25,156.3293,119551,Aditya Birla Sun Life Banking & PSU Debt Fund  - DIRECT - IDCW,Debt Scheme - Banking and PSU Fund,Open Ended Schemes,Aditya Birla Sun Life Mutual Fund,-0.02602801048795511
2020-09-28,156.3511,119551,Aditya Birla Sun Life Banking & PSU Debt Fund  - DIRECT - IDCW,Debt Scheme - Banking and PSU Fund,Open Ended Schemes,Aditya Birla Sun Life Mutual Fund,0.013944922672859406
2020-09-29,156.3187,119551,Aditya Birla Sun Life Banking & PSU Debt Fund  - DIRECT - IDCW,Debt Scheme - Banking and PSU Fund,Open Ended Schemes,Aditya Birla Sun Life Mutual Fund,-0.020722591654298572
2020-09-30,156.4483,119551,Aditya Birla Sun Life Banking & PSU Debt Fund  - DIRECT - IDCW,Debt Scheme - Banking and PSU Fund,Open Ended Schemes,Aditya Birla Sun Life Mutual Fund,0.0829075472096319
2020-10-01,156.6388,119551,Aditya Birla Sun Life Banking & PSU Debt Fund  - DIRECT - IDCW,Debt Scheme - Banking and PSU Fund,Open Ended Schemes,Aditya Birla Sun Life Mutual Fund,0.1217654650130573
2020-10-05,156.763,119551,Aditya Birla Sun Life Banking & PSU Debt Fund  - DIRECT - IDCW,Debt Scheme - Banking and PSU Fund,Open Ended Schemes,Aditya Birla Sun Life Mutual Fund,0.07929069936696287
2020-10-06,156.8394,119551,Aditya Birla Sun Life Banking & PSU Debt Fund  - DIRECT - IDCW,Debt Scheme - Banking and PSU Fund,Open Ended Schemes,Aditya Birla Sun Life Mutual Fund,0.04873598999763917
2020-10-07,156.9459,119551,Aditya Birla Sun Life Banking & PSU Debt Fund  - DIRECT - IDCW,Debt Scheme - Banking and PSU Fund,Open Ended Schemes,Aditya Birla Sun Life Mutual Fund,0.06790385579131808
2020-10-08,157.086,119551,Aditya Birla Sun Life Banking & PSU Debt Fund  - DIRECT - IDCW,Debt Scheme - Banking and PSU Fund,Open Ended Schemes,Aditya Birla Sun Life Mutual Fund,0.08926642875028978
2020-10-09,157.7498,119551,Aditya Birla Sun Life Banking & PSU Debt Fund  - DIRECT - IDCW,Debt Scheme - Banking and PSU Fund,Open Ended Schemes,Aditya Birla Sun Life Mutual Fund,0.42257107571648245
2020-10-12,157.882,119551,Aditya Birla Sun Life Banking & PSU Debt Fund  - DIRECT - IDCW,Debt Scheme - Banking and PSU Fund,Open Ended Schemes,Aditya Birla Sun Life Mutual Fund,0.08380359277793126
2020-10-13,158.0762,119551,Aditya Birla Sun Life Banking & PSU Debt Fund  - DIRECT - IDCW,Debt Scheme - Banking and PSU Fund,Open Ended Schemes,Aditya Birla Sun Life Mutual Fund,0.12300325559595482
2020-10-14,158.1982,119551,Aditya Birla Sun Life Banking & PSU Debt Fund  - DIRECT - IDCW,Debt Scheme - Banking and PSU Fund,Open Ended Schemes,Aditya Birla Sun Life Mutual Fund,0.07717796859996184
2020-10-15,158.3381,119551,Aditya Birla Sun Life Banking & PSU Debt Fund  - DIRECT - IDCW,Debt Scheme - Banking and PSU Fund,Open Ended Schemes,Aditya Birla Sun Life Mutual Fund,0.08843337029118548
2020-10-16,158.3327,119551,Aditya Birla Sun Life Banking & PSU Debt Fund  - DIRECT - IDCW,Debt Scheme - Banking and PSU Fund,Open Ended Schemes,Aditya Birla Sun Life Mutual Fund,-0.003410423644090166
2020-10-19,158.4601,119551,Aditya Birla Sun Life Banking & PSU Debt Fund  - DIRECT - IDCW,Debt Scheme - Banking and PSU Fund,Open Ended Schemes,Aditya Birla Sun Life Mutual Fund,0.0804634797486603
2020-10-20,158.5896,119551,Aditya Birla Sun Life Banking & PSU Debt Fund  - DIRECT - IDCW,Debt Scheme - Banking and PSU Fund,Open Ended Schemes,Aditya Birla Sun Life Mutual Fund,0.0817240428347521
2020-10-21,158.5983,119551,Aditya Birla Sun Life Banking & PSU Debt Fund  - DIRECT - IDCW,Debt Scheme - Banking and PSU Fund,Open Ended Schemes,Aditya Birla Sun Life Mutual Fund,0.005485857836839969
2020-10-22,158.5705,119551,Aditya Birla Sun Life Banking & PSU Debt Fund  - DIRECT - IDCW,Debt Scheme - Banking and PSU Fund,Open Ended Schemes,Aditya Birla Sun Life Mutual Fund,-0.017528561151025635
2020-10-23,158.6936,119551,Aditya Birla Sun Life Banking & PSU Debt Fund  - DIRECT - IDCW,Debt Scheme - Banking and PSU Fund,Open Ended Schemes,Aditya Birla Sun Life Mutual Fund,0.07763108522707007
2020-10-26,158.8975,119551,Aditya Birla Sun Life Banking & PSU Debt Fund  - DIRECT - IDCW,Debt Scheme - Banking and PSU Fund,Open Ended Schemes,Aditya Birla Sun Life Mutual Fund,0.12848659303210663
2020-10-27,158.8713,119551,Aditya Birla Sun Life Banking & PSU Debt Fund  - DIRECT - IDCW,Debt Scheme - Banking and PSU Fund,Open Ended Schemes,Aditya Birla Sun Life Mutual Fund,-0.016488616875665052
2020-10-28,158.857,119551,Aditya Birla Sun Life Banking & PSU Debt Fund  - DIRECT - IDCW,Debt Scheme - Banking and PSU Fund,Open Ended Schemes,Aditya Birla Sun Life Mutual Fund,-0.0090009964040072
2020-10-29,158.8367,119551,Aditya Birla Sun Life Banking & PSU Debt Fund  - DIRECT - IDCW,Debt Scheme - Banking and PSU Fund,Open Ended Schemes,Aditya Birla Sun Life Mutual Fund,-0.012778788470124702
2020-11-02,158.9295,119551,Aditya Birla Sun Life Banking & PSU Debt Fund  - DIRECT - IDCW,Debt Scheme - Banking and PSU Fund,Open Ended Schemes,Aditya Birla Sun Life Mutual Fund,0.058424784700239485
2020-11-03,158.9366,119551,Aditya Birla Sun Life Banking & PSU Debt Fund  - DIRECT - IDCW,Debt Scheme - Banking and PSU Fund,Open Ended Schemes,Aditya Birla Sun Life Mutual Fund,0.004467389628737273
2020-11-04,158.9374,119551,Aditya Birla Sun Life Banking & PSU Debt Fund  - DIRECT - IDCW,Debt Scheme - Banking and PSU Fund,Open Ended Schemes,Aditya Birla Sun Life Mutual Fund,0.0005033453590819192
2020-11-05,159.1355,119551,Aditya Birla Sun Life Banking & PSU Debt Fund  - DIRECT - IDCW,Debt Scheme - Banking and PSU Fund,Open Ended Schemes,Aditya Birla Sun Life Mutual Fund,0.1246402671743807
2020-11-06,159.2468,119551,Aditya Birla Sun Life Banking & PSU Debt Fund  - DIRECT - IDCW,Debt Scheme - Banking and PSU Fund,Open Ended Schemes,Aditya Birla Sun Life Mutual Fund,0.06994039670595864
2020-11-09,159.2568,119551,Aditya Birla Sun Life Banking & PSU Debt Fund  - DIRECT - IDCW,Debt Scheme - Banking and PSU Fund,Open Ended Schemes,Aditya Birla Sun Life Mutual Fund,0.006279561033561976
2020-11-10,159.229,119551,Aditya Birla Sun Life Banking & PSU Debt Fund  - DIRECT - IDCW,Debt Scheme - Banking and PSU Fund,Open Ended Schemes,Aditya Birla Sun Life Mutual Fund,-0.01745608350788297
2020-11-11,159.2531,119551,Aditya Birla Sun Life Banking & PSU Debt Fund  - DIRECT - IDCW,Debt Scheme - Banking and PSU Fund,Open Ended Schemes,Aditya Birla Sun Life Mutual Fund,0.015135433871948933
2020-11-12,159.3624,119551,Aditya Birla Sun Life Banking & PSU Debt Fund  - DIRECT - IDCW,Debt Scheme - Banking and PSU Fund,Open Ended Schemes,Aditya Birla Sun Life Mutual Fund,0.06863288689515912
2020-11-13,159.4146,119551,Aditya Birla Sun Life Banking & PSU Debt Fund  - DIRECT - IDCW,Debt Scheme - Banking and PSU Fund,Open Ended Schemes,Aditya Birla Sun Life Mutual Fund,0.03275553079020721
2020-11-17,159.5333,119551,Aditya Birla Sun Life Banking & PSU Debt Fund  - DIRECT - IDCW,Debt Scheme - Banking and PSU Fund,Open Ended Schemes,Aditya Birla Sun Life Mutual Fund,0.07445993026986564
2020-11-18,159.5898,119551,Aditya Birla Sun Life Banking & PSU Debt Fund  - DIRECT - IDCW,Debt Scheme - Banking and PSU Fund,Open Ended Schemes,Aditya Birla Sun Life Mutual Fund,0.035415803471749996
2020-11-19,159.7636,119551,Aditya Birla Sun Life Banking & PSU Debt Fund  - DIRECT - IDCW,Debt Scheme - Banking and PSU Fund,Open Ended Schemes,Aditya Birla Sun Life Mutual Fund,0.10890420315081695
2020-11-20,159.8527,119551,Aditya Birla Sun Life Banking & PSU Debt Fund  - DIRECT - IDCW,Debt Scheme - Banking and PSU Fund,Open Ended Schemes,Aditya Birla Sun Life Mutual Fund,0.05576990002729154
2020-11-23,159.9304,119551,Aditya Birla Sun Life Banking & PSU Debt Fund  - DIRECT - IDCW,Debt Scheme - Banking and PSU Fund,Open Ended Schemes,Aditya Birla Sun Life Mutual Fund,0.04860724904864888
2020-11-24,159.983,119551,Aditya Birla Sun Life Banking & PSU Debt Fund  - DIRECT - IDCW,Debt Scheme - Banking and PSU Fund,Open Ended Schemes,Aditya Birla Sun Life Mutual Fund,0.03288930684848257
2020-11-25,160.1039,119551,Aditya Birla Sun Life Banking & PSU Debt Fund  - DIRECT - IDCW,Debt Scheme - Banking and PSU Fund,Open Ended Schemes,Aditya Birla Sun Life Mutual Fund,0.07557052936875142
2020-11-26,160.2708,119551,Aditya Birla Sun Life Banking & PSU Debt Fund  - DIRECT - IDCW,Debt Scheme - Banking and PSU Fund,Open Ended Schemes,Aditya Birla Sun Life Mutual Fund,0.1042448060290857
2020-11-27,160.2778,119551,Aditya Birla Sun Life Banking & PSU Debt Fund  - DIRECT - IDCW,Debt Scheme - Banking and PSU Fund,Open Ended Schemes,Aditya Birla Sun Life Mutual Fund,0.004367607823763109
2020-12-01,160.2519,119551,Aditya Birla Sun Life Banking & PSU Debt Fund  - DIRECT - IDCW,Debt Scheme - Banking and PSU Fund,Open Ended Schemes,Aditya Birla Sun Life Mutual Fund,-0.01615944316680773
2020-12-02,160.1204,119551,Aditya Birla Sun Life Banking & PSU Debt Fund  - DIRECT - IDCW,Debt Scheme - Banking and PSU Fund,Open Ended Schemes,Aditya Birla Sun Life Mutual Fund,-0.08205830944907344
2020-12-03,160.1281,119551,Aditya Birla Sun Life Banking & PSU Debt Fund  - DIRECT - IDCW,Debt Scheme - Banking and PSU Fund,Open Ended Schemes,Aditya Birla Sun Life Mutual Fund,0.004808881316797908
2020-12-04,160.3103,119551,Aditya Birla Sun Life Banking & PSU Debt Fund  - DIRECT - IDCW,Debt Scheme - Banking and PSU Fund,Open Ended Schemes,Aditya Birla Sun Life Mutual Fund,0.11378390176366437
2020-12-07,160.3502,119551,Aditya Birla Sun Life Banking & PSU Debt Fund  - DIRECT - IDCW,Debt Scheme - Banking and PSU Fund,Open Ended Schemes,Aditya Birla Sun Life Mutual Fund,0.024889230448699173
2020-12-08,160.3514,119551,Aditya Birla Sun Life Banking & PSU Debt Fund  - DIRECT - IDCW,Debt Scheme - Banking and PSU Fund,Open Ended Schemes,Aditya Birla Sun Life Mutual Fund,0.0007483620226400589
2020-12-09,160.3147,119551,Aditya Birla Sun Life Banking & PSU Debt Fund  - DIRECT - IDCW,Debt Scheme - Banking and PSU Fund,Open Ended Schemes,Aditya Birla Sun Life Mutual Fund,-0.02288723391253855
2020-12-10,160.344,119551,Aditya Birla Sun Life Banking & PSU Debt Fund  - DIRECT - IDCW,Debt Scheme - Banking and PSU Fund,Open Ended Schemes,Aditya Birla Sun Life Mutual Fund,0.018276552306195626
2020-12-11,160.2922,119551,Aditya Birla Sun Life Banking & PSU Debt Fund  - DIRECT - IDCW,Debt Scheme - Banking and PSU Fund,Open Ended Schemes,Aditya Birla Sun Life Mutual Fund,-0.032305543082367105
2020-12-14,160.3316,119551,Aditya Birla Sun Life Banking & PSU Debt Fund  - DIRECT - IDCW,Debt Scheme - Banking and PSU Fund,Open Ended Schemes,Aditya Birla Sun Life Mutual Fund,0.02458011057306919
2020-12-15,160.3865,119551,Aditya Birla Sun Life Banking & PSU Debt Fund  - DIRECT - IDCW,Debt Scheme - Banking and PSU Fund,Open Ended Schemes,Aditya Birla Sun Life Mutual Fund,0.03424153441990985
2020-12-16,160.3832,119551,Aditya Birla Sun Life Banking & PSU Debt Fund  - DIRECT - IDCW,Debt Scheme - Banking and PSU Fund,Open Ended Schemes,Aditya Birla Sun Life Mutual Fund,-0.002057529779642131
2020-12-17,160.4015,119551,Aditya Birla Sun Life Banking & PSU Debt Fund  - DIRECT - IDCW,Debt Scheme - Banking and PSU Fund,Open Ended Schemes,Aditya Birla Sun Life Mutual Fund,0.011410172636550087
2020-12-18,160.4386,119551,Aditya Birla Sun Life Banking & PSU Debt Fund  - DIRECT - IDCW,Debt Scheme - Banking and PSU Fund,Open Ended Schemes,Aditya Birla Sun Life Mutual Fund,0.023129459512549744
2020-12-21,160.3923,119551,Aditya Birla Sun Life Banking & PSU Debt Fund  - DIRECT - IDCW,Debt Scheme - Banking and PSU Fund,Open Ended Schemes,Aditya Birla Sun Life Mutual Fund,-0.028858391933117566
2020-12-22,160.403,119551,Aditya Birla Sun Life Banking & PSU Debt Fund  - DIRECT - IDCW,Debt Scheme - Banking and PSU Fund,Open Ended Schemes,Aditya Birla Sun Life Mutual Fund,0.006671143190772888
2020-12-23,160.4658,119551,Aditya Birla Sun Life Banking & PSU Debt Fund  - DIRECT - IDCW,Debt Scheme - Banking and PSU Fund,Open Ended Schemes,Aditya Birla Sun Life Mutual Fund,0.03915138744288171
2020-12-24,160.516,119551,Aditya Birla Sun Life Banking & PSU Debt Fund  - DIRECT - IDCW,Debt Scheme - Banking and PSU Fund,Open Ended Schemes,Aditya Birla Sun Life Mutual Fund,0.03128392467428576
2020-12-28,160.6676,119551,Aditya Birla Sun Life Banking & PSU Debt Fund  - DIRECT - IDCW,Debt Scheme - Banking and PSU Fund,Open Ended Schemes,Aditya Birla Sun Life Mutual Fund,0.09444541354133307
2020-12-29,160.7133,119551,Aditya Birla Sun Life Banking & PSU Debt Fund  - DIRECT - IDCW,Debt Scheme - Banking and PSU Fund,Open Ended Schemes,Aditya Birla Sun Life Mutual Fund,0.028443818168688573
2020-12-30,160.7819,119551,Aditya Birla Sun Life Banking & PSU Debt Fund  - DIRECT - IDCW,Debt Scheme - Banking and PSU Fund,Open Ended Schemes,Aditya Birla Sun Life Mutual Fund,0.042684706243978354
2020-12-31,160.8071,119551,Aditya Birla Sun Life Banking & PSU Debt Fund  - DIRECT - IDCW,Debt Scheme - Banking and PSU Fund,Open Ended Schemes,Aditya Birla Sun Life Mutual Fund,0.015673406023930525
2021-01-01,160.8997,119551,Aditya Birla Sun Life Banking & PSU Debt Fund  - DIRECT - IDCW,Debt Scheme - Banking and PSU Fund,Open Ended Schemes,Aditya Birla Sun Life Mutual Fund,0.05758452207644815
2021-01-04,161.0439,119551,Aditya Birla Sun Life Banking & PSU Debt Fund  - DIRECT - IDCW,Debt Scheme - Banking and PSU Fund,Open Ended Schemes,Aditya Birla Sun Life Mutual Fund,0.08962104963528006
2021-01-05,161.2313,119551,Aditya Birla Sun Life Banking & PSU Debt Fund  - DIRECT - IDCW,Debt Scheme - Banking and PSU Fund,Open Ended Schemes,Aditya Birla Sun Life Mutual Fund,0.11636578597513658
2021-01-06,161.2295,119551,Aditya Birla Sun Life Banking & PSU Debt Fund  - DIRECT - IDCW,Debt Scheme - Banking and PSU Fund,Open Ended Schemes,Aditya Birla Sun Life Mutual Fund,-0.001116408538537339
2021-01-07,161.2821,119551,Aditya Birla Sun Life Banking & PSU Debt Fund  - DIRECT - IDCW,Debt Scheme - Banking and PSU Fund,Open Ended Schemes,Aditya Birla Sun Life Mutual Fund,0.032624302624517654
2021-01-08,161.3775,119551,Aditya Birla Sun Life Banking & PSU Debt Fund  - DIRECT - IDCW,Debt Scheme - Banking and PSU Fund,Open Ended Schemes,Aditya Birla Sun Life Mutual Fund,0.05915101551876578
2021-01-11,161.1259,119551,Aditya Birla Sun Life Banking & PSU Debt Fund  - DIRECT - IDCW,Debt Scheme - Banking and PSU Fund,Open Ended Schemes,Aditya Birla Sun Life Mutual Fund,-0.155907731870919
2021-01-12,160.9495,119551,Aditya Birla Sun Life Banking & PSU Debt Fund  - DIRECT - IDCW,Debt Scheme - Banking and PSU Fund,Open Ended Schemes,Aditya Birla Sun Life Mutual Fund,-0.10947960569964721
2021-01-13,160.9046,119551,Aditya Birla Sun Life Banking & PSU Debt Fund  - DIRECT - IDCW,Debt Scheme - Banking and PSU Fund,Open Ended Schemes,Aditya Birla Sun Life Mutual Fund,-0.027896949043026975
2021-01-14,160.6885,119551,Aditya Birla Sun Life Banking & PSU Debt Fund  - DIRECT - IDCW,Debt Scheme - Banking and PSU Fund,Open Ended Schemes,Aditya Birla Sun Life Mutual Fund,-0.13430318337697145
2021-01-15,160.6112,119551,Aditya Birla Sun Life Banking & PSU Debt Fund  - DIRECT - IDCW,Debt Scheme - Banking and PSU Fund,Open Ended Schemes,Aditya Birla Sun Life Mutual Fund,-0.048105496037365025
2021-01-18,160.3776,119551,Aditya Birla Sun Life Banking & PSU Debt Fund  - DIRECT - IDCW,Debt Scheme - Banking and PSU Fund,Open Ended Schemes,Aditya Birla Sun Life Mutual Fund,-0.14544440238289935
2021-01-19,160.3918,119551,Aditya Birla Sun Life Banking & PSU Debt Fund  - DIRECT - IDCW,Debt Scheme - Banking and PSU Fund,Open Ended Schemes,Aditya Birla Sun Life Mutual Fund,0.008854104313815725
2021-01-20,160.4846,119551,Aditya Birla Sun Life Banking & PSU Debt Fund  - DIRECT - IDCW,Debt Scheme - Banking and PSU Fund,Open Ended Schemes,Aditya Birla Sun Life Mutual Fund,0.05785831944027375
2021-01-21,160.5205,119551,Aditya Birla Sun Life Banking & PSU Debt Fund  - DIRECT - IDCW,Debt Scheme - Banking and PSU Fund,Open Ended Schemes,Aditya Birla Sun Life Mutual Fund,0.022369747626882486
2021-01-22,160.4748,119551,Aditya Birla Sun Life Banking & PSU Debt Fund  - DIRECT - IDCW,Debt Scheme - Banking and PSU Fund,Open Ended Schemes,Aditya Birla Sun Life Mutual Fund,-0.028469883908910365
2021-01-25,160.5232,119551,Aditya Birla Sun Life Banking & PSU Debt Fund  - DIRECT - IDCW,Debt Scheme - Banking and PSU Fund,Open Ended Schemes,Aditya Birla Sun Life Mutual Fund,0.030160498720066542
2021-01-27,160.5509,119551,Aditya Birla Sun Life Banking & PSU Debt Fund  - DIRECT - IDCW,Debt Scheme - Banking and PSU Fund,Open Ended Schemes,Aditya Birla Sun Life Mutual Fund,0.017256072642468645
2021-01-28,160.5833,119551,Aditya Birla Sun Life Banking & PSU Debt Fund  - DIRECT - IDCW,Debt Scheme - Banking and PSU Fund,Open Ended Schemes,Aditya Birla Sun Life Mutual Fund,0.02018051596097692
2021-01-29,160.5977,119551,Aditya Birla Sun Life Banking & PSU Debt Fund  - DIRECT - IDCW,Debt Scheme - Banking and PSU Fund,Open Ended Schemes,Aditya Birla Sun Life Mutual Fund,0.008967308555751785
2021-02-01,160.0612,119551,Aditya Birla Sun Life Banking & PSU Debt Fund  - DIRECT - IDCW,Debt Scheme - Banking and PSU Fund,Open Ended Schemes,Aditya Birla Sun Life Mutual Fund,-0.3340645600777514
2021-02-02,159.6745,119551,Aditya Birla Sun Life Banking & PSU Debt Fund  - DIRECT - IDCW,Debt Scheme - Banking and PSU Fund,Open Ended Schemes,Aditya Birla Sun Life Mutual Fund,-0.24159508987813272
2021-02-03,159.7469,119551,Aditya Birla Sun Life Banking & PSU Debt Fund  - DIRECT - IDCW,Debt Scheme - Banking and PSU Fund,Open Ended Schemes,Aditya Birla Sun Life Mutual Fund,0.045342243125867654
2021-02-04,159.7473,119551,Aditya Birla Sun Life Banking & PSU Debt Fund  - DIRECT - IDCW,Debt Scheme - Banking and PSU Fund,Open Ended Schemes,Aditya Birla Sun Life Mutual Fund,0.0002503960953248452
2021-02-05,159.5631,119551,Aditya Birla Sun Life Banking & PSU Debt Fund  - DIRECT - IDCW,Debt Scheme - Banking and PSU Fund,Open Ended Schemes,Aditya Birla Sun Life Mutual Fund,-0.1153071131718697
2021-02-08,159.6672,119551,Aditya Birla Sun Life Banking & PSU Debt Fund  - DIRECT - IDCW,Debt Scheme - Banking and PSU Fund,Open Ended Schemes,Aditya Birla Sun Life Mutual Fund,0.06524064774375837
2021-02-09,159.5233,119551,Aditya Birla Sun Life Banking & PSU Debt Fund  - DIRECT - IDCW,Debt Scheme - Banking and PSU Fund,Open Ended Schemes,Aditya Birla Sun Life Mutual Fund,-0.0901249599166265
2021-02-10,159.5324,119551,Aditya Birla Sun Life Banking & PSU Debt Fund  - DIRECT - IDCW,Debt Scheme - Banking and PSU Fund,Open Ended Schemes,Aditya Birla Sun Life Mutual Fund,0.005704495832259404
2021-02-11,159.676,119551,Aditya Birla Sun Life Banking & PSU Debt Fund  - DIRECT - IDCW,Debt Scheme - Banking and PSU Fund,Open Ended Schemes,Aditya Birla Sun Life Mutual Fund,0.09001306317713009
2021-02-12,159.745,119551,Aditya Birla Sun Life Banking & PSU Debt Fund  - DIRECT - IDCW,Debt Scheme - Banking and PSU Fund,Open Ended Schemes,Aditya Birla Sun Life Mutual Fund,0.0432125053232868
2021-02-15,159.817,119551,Aditya Birla Sun Life Banking & PSU Debt Fund  - DIRECT - IDCW,Debt Scheme - Banking and PSU Fund,Open Ended Schemes,Aditya Birla Sun Life Mutual Fund,0.04507183323421149
2021-02-16,159.8868,119551,Aditya Birla Sun Life Banking & PSU Debt Fund  - DIRECT - IDCW,Debt Scheme - Banking and PSU Fund,Open Ended Schemes,Aditya Birla Sun Life Mutual Fund,0.04367495322774584
2021-02-17,159.8489,119551,Aditya Birla Sun Life Banking & PSU Debt Fund  - DIRECT - IDCW,Debt Scheme - Banking and PSU Fund,Open Ended Schemes,Aditya Birla Sun Life Mutual Fund,-0.023704270771574
2021-02-18,159.7964,119551,Aditya Birla Sun Life Banking & PSU Debt Fund  - DIRECT - IDCW,Debt Scheme - Banking and PSU Fund,Open Ended Schemes,Aditya Birla Sun Life Mutual Fund,-0.03284351659597062
2021-02-22,159.5796,119551,Aditya Birla Sun Life Banking & PSU Debt Fund  - DIRECT - IDCW,Debt Scheme - Banking and PSU Fund,Open Ended Schemes,Aditya Birla Sun Life Mutual Fund,-0.13567264343877783
2021-02-23,159.4945,119551,Aditya Birla Sun Life Banking & PSU Debt Fund  - DIRECT - IDCW,Debt Scheme - Banking and PSU Fund,Open Ended Schemes,Aditya Birla Sun Life Mutual Fund,-0.05332761831713384
2021-02-24,159.5155,119551,Aditya Birla Sun Life Banking & PSU Debt Fund  - DIRECT - IDCW,Debt Scheme - Banking and PSU Fund,Open Ended Schemes,Aditya Birla Sun Life Mutual Fund,0.013166598221259207
2021-02-25,159.5286,119551,Aditya Birla Sun Life Banking & PSU Debt Fund  - DIRECT - IDCW,Debt Scheme - Banking and PSU Fund,Open Ended Schemes,Aditya Birla Sun Life Mutual Fund,0.008212368077087362
2021-02-26,151.4836,119551,Aditya Birla Sun Life Banking & PSU Debt Fund  - DIRECT - IDCW,Debt Scheme - Banking and PSU Fund,Open Ended Schemes,Aditya Birla Sun Life Mutual Fund,-5.042982888334768
2021-03-01,151.5474,119551,Aditya Birla Sun Life Banking & PSU Debt Fund  - DIRECT - IDCW,Debt Scheme - Banking and PSU Fund,Open Ended Schemes,Aditya Birla Sun Life Mutual Fund,0.04211677039627215
2021-03-02,151.6292,119551,Aditya Birla Sun Life Banking & PSU Debt Fund  - DIRECT - IDCW,Debt Scheme - Banking and PSU Fund,Open Ended Schemes,Aditya Birla Sun Life Mutual Fund,0.05397651163925321
2021-03-03,151.6682,119551,Aditya Birla Sun Life Banking & PSU Debt Fund  - DIRECT - IDCW,Debt Scheme - Banking and PSU Fund,Open Ended Schemes,Aditya Birla Sun Life Mutual Fund,0.025720639560211644
2021-03-04,151.6971,119551,Aditya Birla Sun Life Banking & PSU Debt Fund  - DIRECT - IDCW,Debt Scheme - Banking and PSU Fund,Open Ended Schemes,Aditya Birla Sun Life Mutual Fund,0.0190547524134832
2021-03-05,151.6682,119551,Aditya Birla Sun Life Banking & PSU Debt Fund  - DIRECT - IDCW,Debt Scheme - Banking and PSU Fund,Open Ended Schemes,Aditya Birla Sun Life Mutual Fund,-0.01905112226930905
2021-03-08,151.7216,119551,Aditya Birla Sun Life Banking & PSU Debt Fund  - DIRECT - IDCW,Debt Scheme - Banking and PSU Fund,Open Ended Schemes,Aditya Birla Sun Life Mutual Fund,0.03520843525537387
2021-03-09,151.7148,119551,Aditya Birla Sun Life Banking & PSU Debt Fund  - DIRECT - IDCW,Debt Scheme - Banking and PSU Fund,Open Ended Schemes,Aditya Birla Sun Life Mutual Fund,-0.004481893151664362
2021-03-10,151.712,119551,Aditya Birla Sun Life Banking & PSU Debt Fund  - DIRECT - IDCW,Debt Scheme - Banking and PSU Fund,Open Ended Schemes,Aditya Birla Sun Life Mutual Fund,-0.0018455681317863792
2021-03-12,151.6323,119551,Aditya Birla Sun Life Banking & PSU Debt Fund  - DIRECT - IDCW,Debt Scheme - Banking and PSU Fund,Open Ended Schemes,Aditya Birla Sun Life Mutual Fund,-0.05253374815440415
2021-03-15,151.3381,119551,Aditya Birla Sun Life Banking & PSU Debt Fund  - DIRECT - IDCW,Debt Scheme - Banking and PSU Fund,Open Ended Schemes,Aditya Birla Sun Life Mutual Fund,-0.19402198608079457
2021-03-16,151.3172,119551,Aditya Birla Sun Life Banking & PSU Debt Fund  - DIRECT - IDCW,Debt Scheme - Banking and PSU Fund,Open Ended Schemes,Aditya Birla Sun Life Mutual Fund,-0.013810137698300196
2021-03-17,151.3473,119551,Aditya Birla Sun Life Banking & PSU Debt Fund  - DIRECT - IDCW,Debt Scheme - Banking and PSU Fund,Open Ended Schemes,Aditya Birla Sun Life Mutual Fund,0.01989198848511009
2021-03-18,151.3901,119551,Aditya Birla Sun Life Banking & PSU Debt Fund  - DIRECT - IDCW,Debt Scheme - Banking and PSU Fund,Open Ended Schemes,Aditya Birla Sun Life Mutual Fund,0.028279328405589332
2021-03-19,151.6387,119551,Aditya Birla Sun Life Banking & PSU Debt Fund  - DIRECT - IDCW,Debt Scheme - Banking and PSU Fund,Open Ended Schemes,Aditya Birla Sun Life Mutual Fund,0.16421153034447133
2021-03-22,151.8479,119551,Aditya Birla Sun Life Banking & PSU Debt Fund  - DIRECT - IDCW,Debt Scheme - Banking and PSU Fund,Open Ended Schemes,Aditya Birla Sun Life Mutual Fund,0.13795950506039212
2021-03-23,152.2243,119551,Aditya Birla Sun Life Banking & PSU Debt Fund  - DIRECT - IDCW,Debt Scheme - Banking and PSU Fund,Open Ended Schemes,Aditya Birla Sun Life Mutual Fund,0.24787962164771749
2021-03-24,152.3847,119551,Aditya Birla Sun Life Banking & PSU Debt Fund  - DIRECT - IDCW,Debt Scheme - Banking and PSU Fund,Open Ended Schemes,Aditya Birla Sun Life Mutual Fund,0.10537082450043922
2021-03-25,152.4514,119551,Aditya Birla Sun Life Banking & PSU Debt Fund  - DIRECT - IDCW,Debt Scheme - Banking and PSU Fund,Open Ended Schemes,Aditya Birla Sun Life Mutual Fund,0.04377079851192178
2021-03-26,152.5344,119551,Aditya Birla Sun Life Banking & PSU Debt Fund  - DIRECT - IDCW,Debt Scheme - Banking and PSU Fund,Open Ended Schemes,Aditya Birla Sun Life Mutual Fund,0.05444358005239902
2021-03-30,152.6579,119551,Aditya Birla Sun Life Banking & PSU Debt Fund  - DIRECT - IDCW,Debt Scheme - Banking and PSU Fund,Open Ended Schemes,Aditya Birla Sun Life Mutual Fund,0.08096534289969703
2021-03-31,152.7457,119551,Aditya Birla Sun Life Banking & PSU Debt Fund  - DIRECT - IDCW,Debt Scheme - Banking and PSU Fund,Open Ended Schemes,Aditya Birla Sun Life Mutual Fund,0.057514219702992087
2021-04-05,153.0069,119551,Aditya Birla Sun Life Banking & PSU Debt Fund  - DIRECT - IDCW,Debt Scheme - Banking and PSU Fund,Open Ended Schemes,Aditya Birla Sun Life Mutual Fund,0.17100317717617664
2021-04-06,153.2101,119551,Aditya Birla Sun Life Banking & PSU Debt Fund  - DIRECT - IDCW,Debt Scheme - Banking and PSU Fund,Open Ended Schemes,Aditya Birla Sun Life Mutual Fund,0.1328044682952223
2021-04-07,153.1454,119551,Aditya Birla Sun Life Banking & PSU Debt Fund  - DIRECT - IDCW,Debt Scheme - Banking and PSU Fund,Open Ended Schemes,Aditya Birla Sun Life Mutual Fund,-0.0422295919133342
2021-04-08,153.1697,119551,Aditya Birla Sun Life Banking & PSU Debt Fund  - DIRECT - IDCW,Debt Scheme - Banking and PSU Fund,Open Ended Schemes,Aditya Birla Sun Life Mutual Fund,0.015867273845637797
2021-04-09,153.2609,119551,Aditya Birla Sun Life Banking & PSU Debt Fund  - DIRECT - IDCW,Debt Scheme - Banking and PSU Fund,Open Ended Schemes,Aditya Birla Sun Life Mutual Fund,0.059541802327744975
2021-04-12,153.3259,119551,Aditya Birla Sun Life Banking & PSU Debt Fund  - DIRECT - IDCW,Debt Scheme - Banking and PSU Fund,Open Ended Schemes,Aditya Birla Sun Life Mutual Fund,0.04241133909561601
2021-04-15,153.2182,119551,Aditya Birla Sun Life Banking & PSU Debt Fund  - DIRECT - IDCW,Debt Scheme - Banking and PSU Fund,Open Ended Schemes,Aditya Birla Sun Life Mutual Fund,-0.07024253567075034
2021-04-16,153.1445,119551,Aditya Birla Sun Life Banking & PSU Debt Fund  - DIRECT - IDCW,Debt Scheme - Banking and PSU Fund,Open Ended Schemes,Aditya Birla Sun Life Mutual Fund,-0.048101335219974395
2021-04-19,153.2788,119551,Aditya Birla Sun Life Banking & PSU Debt Fund  - DIRECT - IDCW,Debt Scheme - Banking and PSU Fund,Open Ended Schemes,Aditya Birla Sun Life Mutual Fund,0.0876949547649497
2021-04-20,153.322,119551,Aditya Birla Sun Life Banking & PSU Debt Fund  - DIRECT - IDCW,Debt Scheme - Banking and PSU Fund,Open Ended Schemes,Aditya Birla Sun Life Mutual Fund,0.02818393672185948
2021-04-22,153.3766,119551,Aditya Birla Sun Life Banking & PSU Debt Fund  - DIRECT - IDCW,Debt Scheme - Banking and PSU Fund,Open Ended Schemes,Aditya Birla Sun Life Mutual Fund,0.03561132779379417
2021-04-23,153.459,119551,Aditya Birla Sun Life Banking & PSU Debt Fund  - DIRECT - IDCW,Debt Scheme - Banking and PSU Fund,Open Ended Schemes,Aditya Birla Sun Life Mutual Fund,0.05372397093168502
2021-04-26,153.6353,119551,Aditya Birla Sun Life Banking & PSU Debt Fund  - DIRECT - IDCW,Debt Scheme - Banking and PSU Fund,Open Ended Schemes,Aditya Birla Sun Life Mutual Fund,0.1148841058523864
2021-04-27,153.7634,119551,Aditya Birla Sun Life Banking & PSU Debt Fund  - DIRECT - IDCW,Debt Scheme - Banking and PSU Fund,Open Ended Schemes,Aditya Birla Sun Life Mutual Fund,0.0833792754659779
2021-04-28,153.8557,119551,Aditya Birla Sun Life Banking & PSU Debt Fund  - DIRECT - IDCW,Debt Scheme - Banking and PSU Fund,Open Ended Schemes,Aditya Birla Sun Life Mutual Fund,0.06002728867859908
2021-04-29,153.8646,119551,Aditya Birla Sun Life Banking & PSU Debt Fund  - DIRECT - IDCW,Debt Scheme - Banking and PSU Fund,Open Ended Schemes,Aditya Birla Sun Life Mutual Fund,0.005784641063000251
2021-04-30,153.951,119551,Aditya Birla Sun Life Banking & PSU Debt Fund  - DIRECT - IDCW,Debt Scheme - Banking and PSU Fund,Open Ended Schemes,Aditya Birla Sun Life Mutual Fund,0.05615326722325786
2021-05-03,154.0501,119551,Aditya Birla Sun Life Banking & PSU Debt Fund  - DIRECT - IDCW,Debt Scheme - Banking and PSU Fund,Open Ended Schemes,Aditya Birla Sun Life Mutual Fund,0.06437113107415904
2021-05-04,154.0742,119551,Aditya Birla Sun Life Banking & PSU Debt Fund  - DIRECT - IDCW,Debt Scheme - Banking and PSU Fund,Open Ended Schemes,Aditya Birla Sun Life Mutual Fund,0.01564426118516593
2021-05-05,154.1232,119551,Aditya Birla Sun Life Banking & PSU Debt Fund  - DIRECT - IDCW,Debt Scheme - Banking and PSU Fund,Open Ended Schemes,Aditya Birla Sun Life Mutual Fund,0.031802858622675956
2021-05-06,154.1495,119551,Aditya Birla Sun Life Banking & PSU Debt Fund  - DIRECT - IDCW,Debt Scheme - Banking and PSU Fund,Open Ended Schemes,Aditya Birla Sun Life Mutual Fund,0.017064270661393266
2021-05-07,154.1903,119551,Aditya Birla Sun Life Banking & PSU Debt Fund  - DIRECT - IDCW,Debt Scheme - Banking and PSU Fund,Open Ended Schemes,Aditya Birla Sun Life Mutual Fund,0.026467812091524046
2021-05-10,154.2372,119551,Aditya Birla Sun Life Banking & PSU Debt Fund  - DIRECT - IDCW,Debt Scheme - Banking and PSU Fund,Open Ended Schemes,Aditya Birla Sun Life Mutual Fund,0.03041695878405193
2021-05-11,154.341,119551,Aditya Birla Sun Life Banking & PSU Debt Fund  - DIRECT - IDCW,Debt Scheme - Banking and PSU Fund,Open Ended Schemes,Aditya Birla Sun Life Mutual Fund,0.06729893955543798
2021-05-12,154.3311,119551,Aditya Birla Sun Life Banking & PSU Debt Fund  - DIRECT - IDCW,Debt Scheme - Banking and PSU Fund,Open Ended Schemes,Aditya Birla Sun Life Mutual Fund,-0.006414368184748387
2021-05-14,154.3309,119551,Aditya Birla Sun Life Banking & PSU Debt Fund  - DIRECT - IDCW,Debt Scheme - Banking and PSU Fund,Open Ended Schemes,Aditya Birla Sun Life Mutual Fund,-0.00012959150811342468
2021-05-17,154.4002,119551,Aditya Birla Sun Life Banking & PSU Debt Fund  - DIRECT - IDCW,Debt Scheme - Banking and PSU Fund,Open Ended Schemes,Aditya Birla Sun Life Mutual Fund,0.044903515757366286
2021-05-18,154.4638,119551,Aditya Birla Sun Life Banking & PSU Debt Fund  - DIRECT - IDCW,Debt Scheme - Banking and PSU Fund,Open Ended Schemes,Aditya Birla Sun Life Mutual Fund,0.041191656487482575
2021-05-19,154.599,119551,Aditya Birla Sun Life Banking & PSU Debt Fund  - DIRECT - IDCW,Debt Scheme - Banking and PSU Fund,Open Ended Schemes,Aditya Birla Sun Life Mutual Fund,0.08752859893386145
2021-05-20,154.6073,119551,Aditya Birla Sun Life Banking & PSU Debt Fund  - DIRECT - IDCW,Debt Scheme - Banking and PSU Fund,Open Ended Schemes,Aditya Birla Sun Life Mutual Fund,0.0053687281289072075
2021-05-21,154.6417,119551,Aditya Birla Sun Life Banking & PSU Debt Fund  - DIRECT - IDCW,Debt Scheme - Banking and PSU Fund,Open Ended Schemes,Aditya Birla Sun Life Mutual Fund,0.022249919635086712
2021-05-24,154.7069,119551,Aditya Birla Sun Life Banking & PSU Debt Fund  - DIRECT - IDCW,Debt Scheme - Banking and PSU Fund,Open Ended Schemes,Aditya Birla Sun Life Mutual Fund,0.04216197830211321
2021-05-25,154.783,119551,Aditya Birla Sun Life Banking & PSU Debt Fund  - DIRECT - IDCW,Debt Scheme - Banking and PSU Fund,Open Ended Schemes,Aditya Birla Sun Life Mutual Fund,0.04918979050061445
2021-05-27,154.8336,119551,Aditya Birla Sun Life Banking & PSU Debt Fund  - DIRECT - IDCW,Debt Scheme - Banking and PSU Fund,Open Ended Schemes,Aditya Birla Sun Life Mutual Fund,0.03269092859035094
2021-05-28,154.8325,119551,Aditya Birla Sun Life Banking & PSU Debt Fund  - DIRECT - IDCW,Debt Scheme - Banking and PSU Fund,Open Ended Schemes,Aditya Birla Sun Life Mutual Fund,-0.0007104401111734937
2021-05-31,154.8591,119551,Aditya Birla Sun Life Banking & PSU Debt Fund  - DIRECT - IDCW,Debt Scheme - Banking and PSU Fund,Open Ended Schemes,Aditya Birla Sun Life Mutual Fund,0.017179855650462095
2021-06-01,154.8506,119551,Aditya Birla Sun Life Banking & PSU Debt Fund  - DIRECT - IDCW,Debt Scheme - Banking and PSU Fund,Open Ended Schemes,Aditya Birla Sun Life Mutual Fund,-0.005488860519031746
2021-06-02,154.8632,119551,Aditya Birla Sun Life Banking & PSU Debt Fund  - DIRECT - IDCW,Debt Scheme - Banking and PSU Fund,Open Ended Schemes,Aditya Birla Sun Life Mutual Fund,0.008136875155817513
2021-06-03,154.9384,119551,Aditya Birla Sun Life Banking & PSU Debt Fund  - DIRECT - IDCW,Debt Scheme - Banking and PSU Fund,Open Ended Schemes,Aditya Birla Sun Life Mutual Fund,0.04855898625366617
2021-06-04,154.9869,119551,Aditya Birla Sun Life Banking & PSU Debt Fund  - DIRECT - IDCW,Debt Scheme - Banking and PSU Fund,Open Ended Schemes,Aditya Birla Sun Life Mutual Fund,0.03130276290448375
2021-06-07,155.1117,119551,Aditya Birla Sun Life Banking & PSU Debt Fund  - DIRECT - IDCW,Debt Scheme - Banking and PSU Fund,Open Ended Schemes,Aditya Birla Sun Life Mutual Fund,0.08052293451898951
2021-06-08,155.1383,119551,Aditya Birla Sun Life Banking & PSU Debt Fund  - DIRECT - IDCW,Debt Scheme - Banking and PSU Fund,Open Ended Schemes,Aditya Birla Sun Life Mutual Fund,0.01714893202766632
2021-06-09,155.2699,119551,Aditya Birla Sun Life Banking & PSU Debt Fund  - DIRECT - IDCW,Debt Scheme - Banking and PSU Fund,Open Ended Schemes,Aditya Birla Sun Life Mutual Fund,0.08482753775180818
2021-06-10,155.3161,119551,Aditya Birla Sun Life Banking & PSU Debt Fund  - DIRECT - IDCW,Debt Scheme - Banking and PSU Fund,Open Ended Schemes,Aditya Birla Sun Life Mutual Fund,0.02975464014596252
2021-06-11,155.3755,119551,Aditya Birla Sun Life Banking & PSU Debt Fund  - DIRECT - IDCW,Debt Scheme - Banking and PSU Fund,Open Ended Schemes,Aditya Birla Sun Life Mutual Fund,0.03824458636290107
2021-06-14,155.429,119551,Aditya Birla Sun Life Banking & PSU Debt Fund  - DIRECT - IDCW,Debt Scheme - Banking and PSU Fund,Open Ended Schemes,Aditya Birla Sun Life Mutual Fund,0.03443271300818118
2021-06-15,155.2961,119551,Aditya Birla Sun Life Banking & PSU Debt Fund  - DIRECT - IDCW,Debt Scheme - Banking and PSU Fund,Open Ended Schemes,Aditya Birla Sun Life Mutual Fund,-0.08550527893765869
2021-06-16,155.0843,119551,Aditya Birla Sun Life Banking & PSU Debt Fund  - DIRECT - IDCW,Debt Scheme - Banking and PSU Fund,Open Ended Schemes,Aditya Birla Sun Life Mutual Fund,-0.13638462266597484
2021-06-17,155.0726,119551,Aditya Birla Sun Life Banking & PSU Debt Fund  - DIRECT - IDCW,Debt Scheme - Banking and PSU Fund,Open Ended Schemes,Aditya Birla Sun Life Mutual Fund,-0.007544283979754596
2021-06-18,155.1221,119551,Aditya Birla Sun Life Banking & PSU Debt Fund  - DIRECT - IDCW,Debt Scheme - Banking and PSU Fund,Open Ended Schemes,Aditya Birla Sun Life Mutual Fund,0.031920532705331794
2021-06-21,155.1952,119551,Aditya Birla Sun Life Banking & PSU Debt Fund  - DIRECT - IDCW,Debt Scheme - Banking and PSU Fund,Open Ended Schemes,Aditya Birla Sun Life Mutual Fund,0.047124168638768005
2021-06-22,155.1506,119551,Aditya Birla Sun Life Banking & PSU Debt Fund  - DIRECT - IDCW,Debt Scheme - Banking and PSU Fund,Open Ended Schemes,Aditya Birla Sun Life Mutual Fund,-0.028738002206252222
2021-06-23,155.1573,119551,Aditya Birla Sun Life Banking & PSU Debt Fund  - DIRECT - IDCW,Debt Scheme - Banking and PSU Fund,Open Ended Schemes,Aditya Birla Sun Life Mutual Fund,0.004318384846713208
2021-06-24,155.1814,119551,Aditya Birla Sun Life Banking & PSU Debt Fund  - DIRECT - IDCW,Debt Scheme - Banking and PSU Fund,Open Ended Schemes,Aditya Birla Sun Life Mutual Fund,0.015532623988701033
2021-06-25,155.1462,119551,Aditya Birla Sun Life Banking & PSU Debt Fund  - DIRECT - IDCW,Debt Scheme - Banking and PSU Fund,Open Ended Schemes,Aditya Birla Sun Life Mutual Fund,-0.02268313083914064
2021-06-28,155.1258,119551,Aditya Birla Sun Life Banking & PSU Debt Fund  - DIRECT - IDCW,Debt Scheme - Banking and PSU Fund,Open Ended Schemes,Aditya Birla Sun Life Mutual Fund,-0.013148887952130206
2021-06-29,155.1137,119551,Aditya Birla Sun Life Banking & PSU Debt Fund  - DIRECT - IDCW,Debt Scheme - Banking and PSU Fund,Open Ended Schemes,Aditya Birla Sun Life Mutual Fund,-0.007800120934109422
2021-06-30,141.9021,119551,Aditya Birla Sun Life Banking & PSU Debt Fund  - DIRECT - IDCW,Debt Scheme - Banking and PSU Fund,Open Ended Schemes,Aditya Birla Sun Life Mutual Fund,-8.517365003864906
2021-07-01,141.9515,119551,Aditya Birla Sun Life Banking & PSU Debt Fund  - DIRECT - IDCW,Debt Scheme - Banking and PSU Fund,Open Ended Schemes,Aditya Birla Sun Life Mutual Fund,0.034812733567735066
2021-07-02,141.9245,119551,Aditya Birla Sun Life Banking & PSU Debt Fund  - DIRECT - IDCW,Debt Scheme - Banking and PSU Fund,Open Ended Schemes,Aditya Birla Sun Life Mutual Fund,-0.01902058097309478
2021-07-05,142.0229,119551,Aditya Birla Sun Life Banking & PSU Debt Fund  - DIRECT - IDCW,Debt Scheme - Banking and PSU Fund,Open Ended Schemes,Aditya Birla Sun Life Mutual Fund,0.06933263812802792
2021-07-06,141.942,119551,Aditya Birla Sun Life Banking & PSU Debt Fund  - DIRECT - IDCW,Debt Scheme - Banking and PSU Fund,Open Ended Schemes,Aditya Birla Sun Life Mutual Fund,-0.0569626447565752
2021-07-07,142.0218,119551,Aditya Birla Sun Life Banking & PSU Debt Fund  - DIRECT - IDCW,Debt Scheme - Banking and PSU Fund,Open Ended Schemes,Aditya Birla Sun Life Mutual Fund,0.05622014625692451
2021-07-08,142.1696,119551,Aditya Birla Sun Life Banking & PSU Debt Fund  - DIRECT - IDCW,Debt Scheme - Banking and PSU Fund,Open Ended Schemes,Aditya Birla Sun Life Mutual Fund,0.10406853032420837
2021-07-09,142.2029,119551,Aditya Birla Sun Life Banking & PSU Debt Fund  - DIRECT - IDCW,Debt Scheme - Banking and PSU Fund,Open Ended Schemes,Aditya Birla Sun Life Mutual Fund,0.023422728909694435
2021-07-12,142.1602,119551,Aditya Birla Sun Life Banking & PSU Debt Fund  - DIRECT - IDCW,Debt Scheme - Banking and PSU Fund,Open Ended Schemes,Aditya Birla Sun Life Mutual Fund,-0.030027517019692862
2021-07-13,142.2948,119551,Aditya Birla Sun Life Banking & PSU Debt Fund  - DIRECT - IDCW,Debt Scheme - Banking and PSU Fund,Open Ended Schemes,Aditya Birla Sun Life Mutual Fund,0.09468191519146352
2021-07-14,142.2968,119551,Aditya Birla Sun Life Banking & PSU Debt Fund  - DIRECT - IDCW,Debt Scheme - Banking and PSU Fund,Open Ended Schemes,Aditya Birla Sun Life Mutual Fund,0.0014055327390627426
2021-07-15,142.3806,119551,Aditya Birla Sun Life Banking & PSU Debt Fund  - DIRECT - IDCW,Debt Scheme - Banking and PSU Fund,Open Ended Schemes,Aditya Birla Sun Life Mutual Fund,0.05889099403499909
2021-07-16,142.5092,119551,Aditya Birla Sun Life Banking & PSU Debt Fund  - DIRECT - IDCW,Debt Scheme - Banking and PSU Fund,Open Ended Schemes,Aditya Birla Sun Life Mutual Fund,0.09032129377177789
2021-07-19,142.5654,119551,Aditya Birla Sun Life Banking & PSU Debt Fund  - DIRECT - IDCW,Debt Scheme - Banking and PSU Fund,Open Ended Schemes,Aditya Birla Sun Life Mutual Fund,0.039436050444474624
2021-07-20,142.6213,119551,Aditya Birla Sun Life Banking & PSU Debt Fund  - DIRECT - IDCW,Debt Scheme - Banking and PSU Fund,Open Ended Schemes,Aditya Birla Sun Life Mutual Fund,0.03921007481477723
2021-07-22,142.6239,119551,Aditya Birla Sun Life Banking & PSU Debt Fund  - DIRECT - IDCW,Debt Scheme - Banking and PSU Fund,Open Ended Schemes,Aditya Birla Sun Life Mutual Fund,0.0018230096065607881
2021-07-23,142.6218,119551,Aditya Birla Sun Life Banking & PSU Debt Fund  - DIRECT - IDCW,Debt Scheme - Banking and PSU Fund,Open Ended Schemes,Aditya Birla Sun Life Mutual Fund,-0.001472403993985072
2021-07-26,142.719,119551,Aditya Birla Sun Life Banking & PSU Debt Fund  - DIRECT - IDCW,Debt Scheme - Banking and PSU Fund,Open Ended Schemes,Aditya Birla Sun Life Mutual Fund,0.06815227405627677
2021-07-27,142.7747,119551,Aditya Birla Sun Life Banking & PSU Debt Fund  - DIRECT - IDCW,Debt Scheme - Banking and PSU Fund,Open Ended Schemes,Aditya Birla Sun Life Mutual Fund,0.03902773982440433
2021-07-28,142.8006,119551,Aditya Birla Sun Life Banking & PSU Debt Fund  - DIRECT - IDCW,Debt Scheme - Banking and PSU Fund,Open Ended Schemes,Aditya Birla Sun Life Mutual Fund,0.01814046886459142
2021-07-29,142.8184,119551,Aditya Birla Sun Life Banking & PSU Debt Fund  - DIRECT - IDCW,Debt Scheme - Banking and PSU Fund,Open Ended Schemes,Aditya Birla Sun Life Mutual Fund,0.012464933620726093
2021-07-30,142.839,119551,Aditya Birla Sun Life Banking & PSU Debt Fund  - DIRECT - IDCW,Debt Scheme - Banking and PSU Fund,Open Ended Schemes,Aditya Birla Sun Life Mutual Fund,0.014423911764871455
2021-08-02,142.9005,119551,Aditya Birla Sun Life Banking & PSU Debt Fund  - DIRECT - IDCW,Debt Scheme - Banking and PSU Fund,Open Ended Schemes,Aditya Birla Sun Life Mutual Fund,0.04305546804443949
2021-08-03,142.9404,119551,Aditya Birla Sun Life Banking & PSU Debt Fund  - DIRECT - IDCW,Debt Scheme - Banking and PSU Fund,Open Ended Schemes,Aditya Birla Sun Life Mutual Fund,0.027921525816920756
2021-08-04,142.9647,119551,Aditya Birla Sun Life Banking & PSU Debt Fund  - DIRECT - IDCW,Debt Scheme - Banking and PSU Fund,Open Ended Schemes,Aditya Birla Sun Life Mutual Fund,0.0170000923461755
2021-08-05,143.021,119551,Aditya Birla Sun Life Banking & PSU Debt Fund  - DIRECT - IDCW,Debt Scheme - Banking and PSU Fund,Open Ended Schemes,Aditya Birla Sun Life Mutual Fund,0.03938035053407951
2021-08-06,142.91,119551,Aditya Birla Sun Life Banking & PSU Debt Fund  - DIRECT - IDCW,Debt Scheme - Banking and PSU Fund,Open Ended Schemes,Aditya Birla Sun Life Mutual Fund,-0.07761098020570012
2021-08-09,142.9661,119551,Aditya Birla Sun Life Banking & PSU Debt Fund  - DIRECT - IDCW,Debt Scheme - Banking and PSU Fund,Open Ended Schemes,Aditya Birla Sun Life Mutual Fund,0.03925547547407593
2021-08-10,143.0486,119551,Aditya Birla Sun Life Banking & PSU Debt Fund  - DIRECT - IDCW,Debt Scheme - Banking and PSU Fund,Open Ended Schemes,Aditya Birla Sun Life Mutual Fund,0.057705987643208445
2021-08-11,143.0625,119551,Aditya Birla Sun Life Banking & PSU Debt Fund  - DIRECT - IDCW,Debt Scheme - Banking and PSU Fund,Open Ended Schemes,Aditya Birla Sun Life Mutual Fund,0.009716977307028252
2021-08-12,143.136,119551,Aditya Birla Sun Life Banking & PSU Debt Fund  - DIRECT - IDCW,Debt Scheme - Banking and PSU Fund,Open Ended Schemes,Aditya Birla Sun Life Mutual Fund,0.051376146788983945
2021-08-13,143.2392,119551,Aditya Birla Sun Life Banking & PSU Debt Fund  - DIRECT - IDCW,Debt Scheme - Banking and PSU Fund,Open Ended Schemes,Aditya Birla Sun Life Mutual Fund,0.07209926224012175
2021-08-17,143.3696,119551,Aditya Birla Sun Life Banking & PSU Debt Fund  - DIRECT - IDCW,Debt Scheme - Banking and PSU Fund,Open Ended Schemes,Aditya Birla Sun Life Mutual Fund,0.09103653189908023
2021-08-18,143.4818,119551,Aditya Birla Sun Life Banking & PSU Debt Fund  - DIRECT - IDCW,Debt Scheme - Banking and PSU Fund,Open Ended Schemes,Aditya Birla Sun Life Mutual Fund,0.07825926835256514
2021-08-20,143.5164,119551,Aditya Birla Sun Life Banking & PSU Debt Fund  - DIRECT - IDCW,Debt Scheme - Banking and PSU Fund,Open Ended Schemes,Aditya Birla Sun Life Mutual Fund,0.024114556689425193
2021-08-23,143.5597,119551,Aditya Birla Sun Life Banking & PSU Debt Fund  - DIRECT - IDCW,Debt Scheme - Banking and PSU Fund,Open Ended Schemes,Aditya Birla Sun Life Mutual Fund,0.030170767940096432
2021-08-24,143.5629,119551,Aditya Birla Sun Life Banking & PSU Debt Fund  - DIRECT - IDCW,Debt Scheme - Banking and PSU Fund,Open Ended Schemes,Aditya Birla Sun Life Mutual Fund,0.0022290378149492085
2021-08-25,143.5853,119551,Aditya Birla Sun Life Banking & PSU Debt Fund  - DIRECT - IDCW,Debt Scheme - Banking and PSU Fund,Open Ended Schemes,Aditya Birla Sun Life Mutual Fund,0.01560291690958504
2021-08-26,143.5893,119551,Aditya Birla Sun Life Banking & PSU Debt Fund  - DIRECT - IDCW,Debt Scheme - Banking and PSU Fund,Open Ended Schemes,Aditya Birla Sun Life Mutual Fund,0.002785800496307722
2021-08-27,143.6277,119551,Aditya Birla Sun Life Banking & PSU Debt Fund  - DIRECT - IDCW,Debt Scheme - Banking and PSU Fund,Open Ended Schemes,Aditya Birla Sun Life Mutual Fund,0.026742939759438755
2021-08-30,143.7535,119551,Aditya Birla Sun Life Banking & PSU Debt Fund  - DIRECT - IDCW,Debt Scheme - Banking and PSU Fund,Open Ended Schemes,Aditya Birla Sun Life Mutual Fund,0.08758756145228475
2021-08-31,143.7984,119551,Aditya Birla Sun Life Banking & PSU Debt Fund  - DIRECT - IDCW,Debt Scheme - Banking and PSU Fund,Open Ended Schemes,Aditya Birla Sun Life Mutual Fund,0.031234022128145966
2021-09-01,143.8746,119551,Aditya Birla Sun Life Banking & PSU Debt Fund  - DIRECT - IDCW,Debt Scheme - Banking and PSU Fund,Open Ended Schemes,Aditya Birla Sun Life Mutual Fund,0.05299085386207825
2021-09-02,143.9444,119551,Aditya Birla Sun Life Banking & PSU Debt Fund  - DIRECT - IDCW,Debt Scheme - Banking and PSU Fund,Open Ended Schemes,Aditya Birla Sun Life Mutual Fund,0.048514470240057506
2021-09-03,143.9699,119551,Aditya Birla Sun Life Banking & PSU Debt Fund  - DIRECT - IDCW,Debt Scheme - Banking and PSU Fund,Open Ended Schemes,Aditya Birla Sun Life Mutual Fund,0.017715173358601177
2021-09-06,144.0148,119551,Aditya Birla Sun Life Banking & PSU Debt Fund  - DIRECT - IDCW,Debt Scheme - Banking and PSU Fund,Open Ended Schemes,Aditya Birla Sun Life Mutual Fund,0.03118707452045566
2021-09-07,144.0042,119551,Aditya Birla Sun Life Banking & PSU Debt Fund  - DIRECT - IDCW,Debt Scheme - Banking and PSU Fund,Open Ended Schemes,Aditya Birla Sun Life Mutual Fund,-0.007360354630225885
2021-09-08,144.0275,119551,Aditya Birla Sun Life Banking & PSU Debt Fund  - DIRECT - IDCW,Debt Scheme - Banking and PSU Fund,Open Ended Schemes,Aditya Birla Sun Life Mutual Fund,0.016180083636463394
2021-09-09,144.0574,119551,Aditya Birla Sun Life Banking & PSU Debt Fund  - DIRECT - IDCW,Debt Scheme - Banking and PSU Fund,Open Ended Schemes,Aditya Birla Sun Life Mutual Fund,0.020759924320001844
2021-09-13,144.1118,119551,Aditya Birla Sun Life Banking & PSU Debt Fund  - DIRECT - IDCW,Debt Scheme - Banking and PSU Fund,Open Ended Schemes,Aditya Birla Sun Life Mutual Fund,0.037762725135936925
2021-09-14,144.1251,119551,Aditya Birla Sun Life Banking & PSU Debt Fund  - DIRECT - IDCW,Debt Scheme - Banking and PSU Fund,Open Ended Schemes,Aditya Birla Sun Life Mutual Fund,0.009228945860106919
2021-09-15,131.1996,119551,Aditya Birla Sun Life Banking & PSU Debt Fund  - DIRECT - IDCW,Debt Scheme - Banking and PSU Fund,Open Ended Schemes,Aditya Birla Sun Life Mutual Fund,-8.968250499045617
2021-09-16,131.2345,119551,Aditya Birla Sun Life Banking & PSU Debt Fund  - DIRECT - IDCW,Debt Scheme - Banking and PSU Fund,Open Ended Schemes,Aditya Birla Sun Life Mutual Fund,0.026600690855760334
2021-09-17,131.2591,119551,Aditya Birla Sun Life Banking & PSU Debt Fund  - DIRECT - IDCW,Debt Scheme - Banking and PSU Fund,Open Ended Schemes,Aditya Birla Sun Life Mutual Fund,0.01874507084644872
2021-09-20,131.3222,119551,Aditya Birla Sun Life Banking & PSU Debt Fund  - DIRECT - IDCW,Debt Scheme - Banking and PSU Fund,Open Ended Schemes,Aditya Birla Sun Life Mutual Fund,0.048072857424763527
2021-09-21,131.3316,119551,Aditya Birla Sun Life Banking & PSU Debt Fund  - DIRECT - IDCW,Debt Scheme - Banking and PSU Fund,Open Ended Schemes,Aditya Birla Sun Life Mutual Fund,0.007157967198234694
2021-09-22,131.3513,119551,Aditya Birla Sun Life Banking & PSU Debt Fund  - DIRECT - IDCW,Debt Scheme - Banking and PSU Fund,Open Ended Schemes,Aditya Birla Sun Life Mutual Fund,0.015000197972159235
2021-09-23,131.3554,119551,Aditya Birla Sun Life Banking & PSU Debt Fund  - DIRECT - IDCW,Debt Scheme - Banking and PSU Fund,Open Ended Schemes,Aditya Birla Sun Life Mutual Fund,0.0031214003972435123
2021-09-24,131.2694,119551,Aditya Birla Sun Life Banking & PSU Debt Fund  - DIRECT - IDCW,Debt Scheme - Banking and PSU Fund,Open Ended Schemes,Aditya Birla Sun Life Mutual Fund,-0.06547123300604252
2021-09-27,131.258,119551,Aditya Birla Sun Life Banking & PSU Debt Fund  - DIRECT - IDCW,Debt Scheme - Banking and PSU Fund,Open Ended Schemes,Aditya Birla Sun Life Mutual Fund,-0.008684430644145813
2021-09-28,131.3044,119551,Aditya Birla Sun Life Banking & PSU Debt Fund  - DIRECT - IDCW,Debt Scheme - Banking and PSU Fund,Open Ended Schemes,Aditya Birla Sun Life Mutual Fund,0.035350226271901874
2021-09-29,131.2328,119551,Aditya Birla Sun Life Banking & PSU Debt Fund  - DIRECT - IDCW,Debt Scheme - Banking and PSU Fund,Open Ended Schemes,Aditya Birla Sun Life Mutual Fund,-0.054529779657030986
2021-09-30,131.2526,119551,Aditya Birla Sun Life Banking & PSU Debt Fund  - DIRECT - IDCW,Debt Scheme - Banking and PSU Fund,Open Ended Schemes,Aditya Birla Sun Life Mutual Fund,0.015087691491766364
2021-10-01,131.2393,119551,Aditya Birla Sun Life Banking & PSU Debt Fund  - DIRECT - IDCW,Debt Scheme - Banking and PSU Fund,Open Ended Schemes,Aditya Birla Sun Life Mutual Fund,-0.01013313260080917
2021-10-04,131.3094,119551,Aditya Birla Sun Life Banking & PSU Debt Fund  - DIRECT - IDCW,Debt Scheme - Banking and PSU Fund,Open Ended Schemes,Aditya Birla Sun Life Mutual Fund,0.05341387831239164
2021-10-05,131.2616,119551,Aditya Birla Sun Life Banking & PSU Debt Fund  - DIRECT - IDCW,Debt Scheme - Banking and PSU Fund,Open Ended Schemes,Aditya Birla Sun Life Mutual Fund,-0.03640257285466575
2021-10-06,131.2459,119551,Aditya Birla Sun Life Banking & PSU Debt Fund  - DIRECT - IDCW,Debt Scheme - Banking and PSU Fund,Open Ended Schemes,Aditya Birla Sun Life Mutual Fund,-0.011960847650782647
2021-10-07,131.2265,119551,Aditya Birla Sun Life Banking & PSU Debt Fund  - DIRECT - IDCW,Debt Scheme - Banking and PSU Fund,Open Ended Schemes,Aditya Birla Sun Life Mutual Fund,-0.014781414124187542
2021-10-08,131.2335,119551,Aditya Birla Sun Life Banking & PSU Debt Fund  - DIRECT - IDCW,Debt Scheme - Banking and PSU Fund,Open Ended Schemes,Aditya Birla Sun Life Mutual Fund,0.005334288424974076
2021-10-11,131.2562,119551,Aditya Birla Sun Life Banking & PSU Debt Fund  - DIRECT - IDCW,Debt Scheme - Banking and PSU Fund,Open Ended Schemes,Aditya Birla Sun Life Mutual Fund,0.017297412627126363
2021-10-12,131.2981,119551,Aditya Birla Sun Life Banking & PSU Debt Fund  - DIRECT - IDCW,Debt Scheme - Banking and PSU Fund,Open Ended Schemes,Aditya Birla Sun Life Mutual Fund,0.03192230157509357
2021-10-13,131.3582,119551,Aditya Birla Sun Life Banking & PSU Debt Fund  - DIRECT - IDCW,Debt Scheme - Banking and PSU Fund,Open Ended Schemes,Aditya Birla Sun Life Mutual Fund,0.04577370121883195
2021-10-14,131.3603,119551,Aditya Birla Sun Life Banking & PSU Debt Fund  - DIRECT - IDCW,Debt Scheme - Banking and PSU Fund,Open Ended Schemes,Aditya Birla Sun Life Mutual Fund,0.0015986820769420262
2021-10-18,131.3686,119551,Aditya Birla Sun Life Banking & PSU Debt Fund  - DIRECT - IDCW,Debt Scheme - Banking and PSU Fund,Open Ended Schemes,Aditya Birla Sun Life Mutual Fund,0.006318499577107062
2021-10-20,131.3437,119551,Aditya Birla Sun Life Banking & PSU Debt Fund  - DIRECT - IDCW,Debt Scheme - Banking and PSU Fund,Open Ended Schemes,Aditya Birla Sun Life Mutual Fund,-0.018954301103901727
2021-10-21,131.4413,119551,Aditya Birla Sun Life Banking & PSU Debt Fund  - DIRECT - IDCW,Debt Scheme - Banking and PSU Fund,Open Ended Schemes,Aditya Birla Sun Life Mutual Fund,0.07430885531625187
2021-10-22,131.4697,119551,Aditya Birla Sun Life Banking & PSU Debt Fund  - DIRECT - IDCW,Debt Scheme - Banking and PSU Fund,Open Ended Schemes,Aditya Birla Sun Life Mutual Fund,0.021606603099622035
2021-10-25,131.5009,119551,Aditya Birla Sun Life Banking & PSU Debt Fund  - DIRECT - IDCW,Debt Scheme - Banking and PSU Fund,Open Ended Schemes,Aditya Birla Sun Life Mutual Fund,0.023731703959173345
2021-10-26,131.4286,119551,Aditya Birla Sun Life Banking & PSU Debt Fund  - DIRECT - IDCW,Debt Scheme - Banking and PSU Fund,Open Ended Schemes,Aditya Birla Sun Life Mutual Fund,-0.05498061230000406
2021-10-27,131.4254,119551,Aditya Birla Sun Life Banking & PSU Debt Fund  - DIRECT - IDCW,Debt Scheme - Banking and PSU Fund,Open Ended Schemes,Aditya Birla Sun Life Mutual Fund,-0.0024347820793857444
2021-10-28,131.396,119551,Aditya Birla Sun Life Banking & PSU Debt Fund  - DIRECT - IDCW,Debt Scheme - Banking and PSU Fund,Open Ended Schemes,Aditya Birla Sun Life Mutual Fund,-0.022370105017754938
2021-10-29,131.3687,119551,Aditya Birla Sun Life Banking & PSU Debt Fund  - DIRECT - IDCW,Debt Scheme - Banking and PSU Fund,Open Ended Schemes,Aditya Birla Sun Life Mutual Fund,-0.020776888185325415
2021-11-01,131.3951,119551,Aditya Birla Sun Life Banking & PSU Debt Fund  - DIRECT - IDCW,Debt Scheme - Banking and PSU Fund,Open Ended Schemes,Aditya Birla Sun Life Mutual Fund,0.020096111174150444
2021-11-02,131.3907,119551,Aditya Birla Sun Life Banking & PSU Debt Fund  - DIRECT - IDCW,Debt Scheme - Banking and PSU Fund,Open Ended Schemes,Aditya Birla Sun Life Mutual Fund,-0.0033486789081216273
2021-11-03,131.4386,119551,Aditya Birla Sun Life Banking & PSU Debt Fund  - DIRECT - IDCW,Debt Scheme - Banking and PSU Fund,Open Ended Schemes,Aditya Birla Sun Life Mutual Fund,0.03645615709482186
2021-11-08,131.6163,119551,Aditya Birla Sun Life Banking & PSU Debt Fund  - DIRECT - IDCW,Debt Scheme - Banking and PSU Fund,Open Ended Schemes,Aditya Birla Sun Life Mutual Fund,0.1351962056808098
2021-11-09,131.6599,119551,Aditya Birla Sun Life Banking & PSU Debt Fund  - DIRECT - IDCW,Debt Scheme - Banking and PSU Fund,Open Ended Schemes,Aditya Birla Sun Life Mutual Fund,0.03312659602192625
2021-11-10,131.659,119551,Aditya Birla Sun Life Banking & PSU Debt Fund  - DIRECT - IDCW,Debt Scheme - Banking and PSU Fund,Open Ended Schemes,Aditya Birla Sun Life Mutual Fund,-0.00068357943459052
2021-11-11,131.6866,119551,Aditya Birla Sun Life Banking & PSU Debt Fund  - DIRECT - IDCW,Debt Scheme - Banking and PSU Fund,Open Ended Schemes,Aditya Birla Sun Life Mutual Fund,0.02096324596116972
2021-11-12,131.6894,119551,Aditya Birla Sun Life Banking & PSU Debt Fund  - DIRECT - IDCW,Debt Scheme - Banking and PSU Fund,Open Ended Schemes,Aditya Birla Sun Life Mutual Fund,0.0021262603788096968
2021-11-15,131.7417,119551,Aditya Birla Sun Life Banking & PSU Debt Fund  - DIRECT - IDCW,Debt Scheme - Banking and PSU Fund,Open Ended Schemes,Aditya Birla Sun Life Mutual Fund,0.03971466192420614
2021-11-16,131.7479,119551,Aditya Birla Sun Life Banking & PSU Debt Fund  - DIRECT - IDCW,Debt Scheme - Banking and PSU Fund,Open Ended Schemes,Aditya Birla Sun Life Mutual Fund,0.004706178833258079
2021-11-17,131.7489,119551,Aditya Birla Sun Life Banking & PSU Debt Fund  - DIRECT - IDCW,Debt Scheme - Banking and PSU Fund,Open Ended Schemes,Aditya Birla Sun Life Mutual Fund,0.0007590253810585423
2021-11-18,131.7944,119551,Aditya Birla Sun Life Banking & PSU Debt Fund  - DIRECT - IDCW,Debt Scheme - Banking and PSU Fund,Open Ended Schemes,Aditya Birla Sun Life Mutual Fund,0.03453539270537043
2021-11-22,131.858,119551,Aditya Birla Sun Life Banking & PSU Debt Fund  - DIRECT - IDCW,Debt Scheme - Banking and PSU Fund,Open Ended Schemes,Aditya Birla Sun Life Mutual Fund,0.04825698208725804
2021-11-23,131.8686,119551,Aditya Birla Sun Life Banking & PSU Debt Fund  - DIRECT - IDCW,Debt Scheme - Banking and PSU Fund,Open Ended Schemes,Aditya Birla Sun Life Mutual Fund,0.008038950992728111
2021-11-24,131.8645,119551,Aditya Birla Sun Life Banking & PSU Debt Fund  - DIRECT - IDCW,Debt Scheme - Banking and PSU Fund,Open Ended Schemes,Aditya Birla Sun Life Mutual Fund,-0.003109155629155147
2021-11-25,131.8704,119551,Aditya Birla Sun Life Banking & PSU Debt Fund  - DIRECT - IDCW,Debt Scheme - Banking and PSU Fund,Open Ended Schemes,Aditya Birla Sun Life Mutual Fund,0.00447428989607257
2021-11-26,131.8818,119551,Aditya Birla Sun Life Banking & PSU Debt Fund  - DIRECT - IDCW,Debt Scheme - Banking and PSU Fund,Open Ended Schemes,Aditya Birla Sun Life Mutual Fund,0.008644851308559076
2021-11-29,131.9194,119551,Aditya Birla Sun Life Banking & PSU Debt Fund  - DIRECT - IDCW,Debt Scheme - Banking and PSU Fund,Open Ended Schemes,Aditya Birla Sun Life Mutual Fund,0.028510378232637912
2021-11-30,131.9668,119551,Aditya Birla Sun Life Banking & PSU Debt Fund  - DIRECT - IDCW,Debt Scheme - Banking and PSU Fund,Open Ended Schemes,Aditya Birla Sun Life Mutual Fund,0.03593103061414471
2021-12-01,131.9697,119551,Aditya Birla Sun Life Banking & PSU Debt Fund  - DIRECT - IDCW,Debt Scheme - Banking and PSU Fund,Open Ended Schemes,Aditya Birla Sun Life Mutual Fund,0.002197522407132446
2021-12-02,132.0146,119551,Aditya Birla Sun Life Banking & PSU Debt Fund  - DIRECT - IDCW,Debt Scheme - Banking and PSU Fund,Open Ended Schemes,Aditya Birla Sun Life Mutual Fund,0.034022961331281465
2021-12-03,132.0162,119551,Aditya Birla Sun Life Banking & PSU Debt Fund  - DIRECT - IDCW,Debt Scheme - Banking and PSU Fund,Open Ended Schemes,Aditya Birla Sun Life Mutual Fund,0.0012119871589888476
2021-12-06,132.0903,119551,Aditya Birla Sun Life Banking & PSU Debt Fund  - DIRECT - IDCW,Debt Scheme - Banking and PSU Fund,Open Ended Schemes,Aditya Birla Sun Life Mutual Fund,0.056129475018984465
2021-12-07,132.0998,119551,Aditya Birla Sun Life Banking & PSU Debt Fund  - DIRECT - IDCW,Debt Scheme - Banking and PSU Fund,Open Ended Schemes,Aditya Birla Sun Life Mutual Fund,0.007192049681137291
2021-12-08,132.1611,119551,Aditya Birla Sun Life Banking & PSU Debt Fund  - DIRECT - IDCW,Debt Scheme - Banking and PSU Fund,Open Ended Schemes,Aditya Birla Sun Life Mutual Fund,0.04640430946907248
2021-12-09,132.162,119551,Aditya Birla Sun Life Banking & PSU Debt Fund  - DIRECT - IDCW,Debt Scheme - Banking and PSU Fund,Open Ended Schemes,Aditya Birla Sun Life Mutual Fund,0.0006809870680468677
2021-12-10,132.1656,119551,Aditya Birla Sun Life Banking & PSU Debt Fund  - DIRECT - IDCW,Debt Scheme - Banking and PSU Fund,Open Ended Schemes,Aditya Birla Sun Life Mutual Fund,0.0027239297226255843
2021-12-13,132.1789,119551,Aditya Birla Sun Life Banking & PSU Debt Fund  - DIRECT - IDCW,Debt Scheme - Banking and PSU Fund,Open Ended Schemes,Aditya Birla Sun Life Mutual Fund,0.010063132918092244
2021-12-14,132.2368,119551,Aditya Birla Sun Life Banking & PSU Debt Fund  - DIRECT - IDCW,Debt Scheme - Banking and PSU Fund,Open Ended Schemes,Aditya Birla Sun Life Mutual Fund,0.04380426830605799
2021-12-15,132.2563,119551,Aditya Birla Sun Life Banking & PSU Debt Fund  - DIRECT - IDCW,Debt Scheme - Banking and PSU Fund,Open Ended Schemes,Aditya Birla Sun Life Mutual Fund,0.014746273352073125
2021-12-16,132.2637,119551,Aditya Birla Sun Life Banking & PSU Debt Fund  - DIRECT - IDCW,Debt Scheme - Banking and PSU Fund,Open Ended Schemes,Aditya Birla Sun Life Mutual Fund,0.005595196599328389
2021-12-17,132.2288,119551,Aditya Birla Sun Life Banking & PSU Debt Fund  - DIRECT - IDCW,Debt Scheme - Banking and PSU Fund,Open Ended Schemes,Aditya Birla Sun Life Mutual Fund,-0.026386680548018404
2021-12-20,132.1983,119551,Aditya Birla Sun Life Banking & PSU Debt Fund  - DIRECT - IDCW,Debt Scheme - Banking and PSU Fund,Open Ended Schemes,Aditya Birla Sun Life Mutual Fund,-0.02306607940177896
2021-12-21,132.1135,119551,Aditya Birla Sun Life Banking & PSU Debt Fund  - DIRECT - IDCW,Debt Scheme - Banking and PSU Fund,Open Ended Schemes,Aditya Birla Sun Life Mutual Fund,-0.06414605936687634
2021-12-22,120.8645,119551,Aditya Birla Sun Life Banking & PSU Debt Fund  - DIRECT - IDCW,Debt Scheme - Banking and PSU Fund,Open Ended Schemes,Aditya Birla Sun Life Mutual Fund,-8.514648389452994
2021-12-23,120.8813,119551,Aditya Birla Sun Life Banking & PSU Debt Fund  - DIRECT - IDCW,Debt Scheme - Banking and PSU Fund,Open Ended Schemes,Aditya Birla Sun Life Mutual Fund,0.01389986306978841
2021-12-24,120.886,119551,Aditya Birla Sun Life Banking & PSU Debt Fund  - DIRECT - IDCW,Debt Scheme - Banking and PSU Fund,Open Ended Schemes,Aditya Birla Sun Life Mutual Fund,0.00388811172613579
2021-12-27,120.9367,119551,Aditya Birla Sun Life Banking & PSU Debt Fund  - DIRECT - IDCW,Debt Scheme - Banking and PSU Fund,Open Ended Schemes,Aditya Birla Sun Life Mutual Fund,0.04194034048607964
2021-12-28,120.8977,119551,Aditya Birla Sun Life Banking & PSU Debt Fund  - DIRECT - IDCW,Debt Scheme - Banking and PSU Fund,Open Ended Schemes,Aditya Birla Sun Life Mutual Fund,-0.03224827533743202
2021-12-29,120.9039,119551,Aditya Birla Sun Life Banking & PSU Debt Fund  - DIRECT - IDCW,Debt Scheme - Banking and PSU Fund,Open Ended Schemes,Aditya Birla Sun Life Mutual Fund,0.005128302688972575
2021-12-30,120.9049,119551,Aditya Birla Sun Life Banking & PSU Debt Fund  - DIRECT - IDCW,Debt Scheme - Banking and PSU Fund,Open Ended Schemes,Aditya Birla Sun Life Mutual Fund,0.0008271031786355465
2021-12-31,120.9424,119551,Aditya Birla Sun Life Banking & PSU Debt Fund  - DIRECT - IDCW,Debt Scheme - Banking and PSU Fund,Open Ended Schemes,Aditya Birla Sun Life Mutual Fund,0.03101611266376203
2022-01-03,120.9791,119551,Aditya Birla Sun Life Banking & PSU Debt Fund  - DIRECT - IDCW,Debt Scheme - Banking and PSU Fund,Open Ended Schemes,Aditya Birla Sun Life Mutual Fund,0.03034502374683612
2022-01-04,120.9326,119551,Aditya Birla Sun Life Banking & PSU Debt Fund  - DIRECT - IDCW,Debt Scheme - Banking and PSU Fund,Open Ended Schemes,Aditya Birla Sun Life Mutual Fund,-0.03843639107913299
2022-01-05,120.9314,119551,Aditya Birla Sun Life Banking & PSU Debt Fund  - DIRECT - IDCW,Debt Scheme - Banking and PSU Fund,Open Ended Schemes,Aditya Birla Sun Life Mutual Fund,-0.0009922882663548904
2022-01-06,120.9577,119551,Aditya Birla Sun Life Banking & PSU Debt Fund  - DIRECT - IDCW,Debt Scheme - Banking and PSU Fund,Open Ended Schemes,Aditya Birla Sun Life Mutual Fund,0.021747866972510188
2022-01-07,120.9547,119551,Aditya Birla Sun Life Banking & PSU Debt Fund  - DIRECT - IDCW,Debt Scheme - Banking and PSU Fund,Open Ended Schemes,Aditya Birla Sun Life Mutual Fund,-0.0024802058901540747
2022-01-10,120.9198,119551,Aditya Birla Sun Life Banking & PSU Debt Fund  - DIRECT - IDCW,Debt Scheme - Banking and PSU Fund,Open Ended Schemes,Aditya Birla Sun Life Mutual Fund,-0.028853777488602184
2022-01-11,120.9723,119551,Aditya Birla Sun Life Banking & PSU Debt Fund  - DIRECT - IDCW,Debt Scheme - Banking and PSU Fund,Open Ended Schemes,Aditya Birla Sun Life Mutual Fund,0.04341720710752117
2022-01-12,121.0236,119551,Aditya Birla Sun Life Banking & PSU Debt Fund  - DIRECT - IDCW,Debt Scheme - Banking and PSU Fund,Open Ended Schemes,Aditya Birla Sun Life Mutual Fund,0.04240640212676006
2022-01-13,121.0679,119551,Aditya Birla Sun Life Banking & PSU Debt Fund  - DIRECT - IDCW,Debt Scheme - Banking and PSU Fund,Open Ended Schemes,Aditya Birla Sun Life Mutual Fund,0.036604430871323146
2022-01-14,121.0906,119551,Aditya Birla Sun Life Banking & PSU Debt Fund  - DIRECT - IDCW,Debt Scheme - Banking and PSU Fund,Open Ended Schemes,Aditya Birla Sun Life Mutual Fund,0.0187498089914806
2022-01-17,121.0746,119551,Aditya Birla Sun Life Banking & PSU Debt Fund  - DIRECT - IDCW,Debt Scheme - Banking and PSU Fund,Open Ended Schemes,Aditya Birla Sun Life Mutual Fund,-0.01321324694071313
2022-01-18,121.0769,119551,Aditya Birla Sun Life Banking & PSU Debt Fund  - DIRECT - IDCW,Debt Scheme - Banking and PSU Fund,Open Ended Schemes,Aditya Birla Sun Life Mutual Fund,0.0018996552538563805
2022-01-19,121.0829,119551,Aditya Birla Sun Life Banking & PSU Debt Fund  - DIRECT - IDCW,Debt Scheme - Banking and PSU Fund,Open Ended Schemes,Aditya Birla Sun Life Mutual Fund,0.0049555282634505815
2022-01-20,121.1056,119551,Aditya Birla Sun Life Banking & PSU Debt Fund  - DIRECT - IDCW,Debt Scheme - Banking and PSU Fund,Open Ended Schemes,Aditya Birla Sun Life Mutual Fund,0.01874748622638922
2022-01-21,121.133,119551,Aditya Birla Sun Life Banking & PSU Debt Fund  - DIRECT - IDCW,Debt Scheme - Banking and PSU Fund,Open Ended Schemes,Aditya Birla Sun Life Mutual Fund,0.02262488274695773
2022-01-24,121.1248,119551,Aditya Birla Sun Life Banking & PSU Debt Fund  - DIRECT - IDCW,Debt Scheme - Banking and PSU Fund,Open Ended Schemes,Aditya Birla Sun Life Mutual Fund,-0.00676941873808401
2022-01-25,121.1535,119551,Aditya Birla Sun Life Banking & PSU Debt Fund  - DIRECT - IDCW,Debt Scheme - Banking and PSU Fund,Open Ended Schemes,Aditya Birla Sun Life Mutual Fund,0.023694569567922485
2022-01-27,121.1095,119551,Aditya Birla Sun Life Banking & PSU Debt Fund  - DIRECT - IDCW,Debt Scheme - Banking and PSU Fund,Open Ended Schemes,Aditya Birla Sun Life Mutual Fund,-0.03631756408192244
2022-01-28,121.1287,119551,Aditya Birla Sun Life Banking & PSU Debt Fund  - DIRECT - IDCW,Debt Scheme - Banking and PSU Fund,Open Ended Schemes,Aditya Birla Sun Life Mutual Fund,0.015853421903311293
2022-01-31,121.2264,119551,Aditya Birla Sun Life Banking & PSU Debt Fund  - DIRECT - IDCW,Debt Scheme - Banking and PSU Fund,Open Ended Schemes,Aditya Birla Sun Life Mutual Fund,0.08065801085952451
2022-02-01,121.041,119551,Aditya Birla Sun Life Banking & PSU Debt Fund  - DIRECT - IDCW,Debt Scheme - Banking and PSU Fund,Open Ended Schemes,Aditya Birla Sun Life Mutual Fund,-0.1529369840232886
2022-02-02,120.9797,119551,Aditya Birla Sun Life Banking & PSU Debt Fund  - DIRECT - IDCW,Debt Scheme - Banking and PSU Fund,Open Ended Schemes,Aditya Birla Sun Life Mutual Fund,-0.0506439966622918
2022-02-03,121.0079,119551,Aditya Birla Sun Life Banking & PSU Debt Fund  - DIRECT - IDCW,Debt Scheme - Banking and PSU Fund,Open Ended Schemes,Aditya Birla Sun Life Mutual Fund,0.023309695758877425
2022-02-04,121.0091,119551,Aditya Birla Sun Life Banking & PSU Debt Fund  - DIRECT - IDCW,Debt Scheme - Banking and PSU Fund,Open Ended Schemes,Aditya Birla Sun Life Mutual Fund,0.00099167079175011
2022-02-08,121.1629,119551,Aditya Birla Sun Life Banking & PSU Debt Fund  - DIRECT - IDCW,Debt Scheme - Banking and PSU Fund,Open Ended Schemes,Aditya Birla Sun Life Mutual Fund,0.12709787941567185
2022-02-09,121.2257,119551,Aditya Birla Sun Life Banking & PSU Debt Fund  - DIRECT - IDCW,Debt Scheme - Banking and PSU Fund,Open Ended Schemes,Aditya Birla Sun Life Mutual Fund,0.051831047292538734
2022-02-10,121.4458,119551,Aditya Birla Sun Life Banking & PSU Debt Fund  - DIRECT - IDCW,Debt Scheme - Banking and PSU Fund,Open Ended Schemes,Aditya Birla Sun Life Mutual Fund,0.18156216049898255
2022-02-11,121.5265,119551,Aditya Birla Sun Life Banking & PSU Debt Fund  - DIRECT - IDCW,Debt Scheme - Banking and PSU Fund,Open Ended Schemes,Aditya Birla Sun Life Mutual Fund,0.06644939553281937
2022-02-14,121.6236,119551,Aditya Birla Sun Life Banking & PSU Debt Fund  - DIRECT - IDCW,Debt Scheme - Banking and PSU Fund,Open Ended Schemes,Aditya Birla Sun Life Mutual Fund,0.07990026866568911
2022-02-15,121.6181,119551,Aditya Birla Sun Life Banking & PSU Debt Fund  - DIRECT - IDCW,Debt Scheme - Banking and PSU Fund,Open Ended Schemes,Aditya Birla Sun Life Mutual Fund,-0.004522148661934011
2022-02-16,121.6448,119551,Aditya Birla Sun Life Banking & PSU Debt Fund  - DIRECT - IDCW,Debt Scheme - Banking and PSU Fund,Open Ended Schemes,Aditya Birla Sun Life Mutual Fund,0.021953969022714404
2022-02-17,121.6561,119551,Aditya Birla Sun Life Banking & PSU Debt Fund  - DIRECT - IDCW,Debt Scheme - Banking and PSU Fund,Open Ended Schemes,Aditya Birla Sun Life Mutual Fund,0.009289340769180754
2022-02-18,121.6824,119551,Aditya Birla Sun Life Banking & PSU Debt Fund  - DIRECT - IDCW,Debt Scheme - Banking and PSU Fund,Open Ended Schemes,Aditya Birla Sun Life Mutual Fund,0.02161831589209129
2022-02-21,121.7193,119551,Aditya Birla Sun Life Banking & PSU Debt Fund  - DIRECT - IDCW,Debt Scheme - Banking and PSU Fund,Open Ended Schemes,Aditya Birla Sun Life Mutual Fund,0.030324845663787237
2022-02-22,121.6893,119551,Aditya Birla Sun Life Banking & PSU Debt Fund  - DIRECT - IDCW,Debt Scheme - Banking and PSU Fund,Open Ended Schemes,Aditya Birla Sun Life Mutual Fund,-0.024646871942246573
2022-02-23,121.7264,119551,Aditya Birla Sun Life Banking & PSU Debt Fund  - DIRECT - IDCW,Debt Scheme - Banking and PSU Fund,Open Ended Schemes,Aditya Birla Sun Life Mutual Fund,0.03048747917853145
2022-02-24,121.7161,119551,Aditya Birla Sun Life Banking & PSU Debt Fund  - DIRECT - IDCW,Debt Scheme - Banking and PSU Fund,Open Ended Schemes,Aditya Birla Sun Life Mutual Fund,-0.008461599127218555
2022-02-25,121.7161,119551,Aditya Birla Sun Life Banking & PSU Debt Fund  - DIRECT - IDCW,Debt Scheme - Banking and PSU Fund,Open Ended Schemes,Aditya Birla Sun Life Mutual Fund,0.0
2022-02-28,121.7348,119551,Aditya Birla Sun Life Banking & PSU Debt Fund  - DIRECT - IDCW,Debt Scheme - Banking and PSU Fund,Open Ended Schemes,Aditya Birla Sun Life Mutual Fund,0.015363620753539031
2022-03-02,121.665,119551,Aditya Birla Sun Life Banking & PSU Debt Fund  - DIRECT - IDCW,Debt Scheme - Banking and PSU Fund,Open Ended Schemes,Aditya Birla Sun Life Mutual Fund,-0.057337753871533614
2022-03-03,121.6296,119551,Aditya Birla Sun Life Banking & PSU Debt Fund  - DIRECT - IDCW,Debt Scheme - Banking and PSU Fund,Open Ended Schemes,Aditya Birla Sun Life Mutual Fund,-0.02909628899027128
2022-03-04,121.6603,119551,Aditya Birla Sun Life Banking & PSU Debt Fund  - DIRECT - IDCW,Debt Scheme - Banking and PSU Fund,Open Ended Schemes,Aditya Birla Sun Life Mutual Fund,0.02524056644106487
2022-03-07,121.6023,119551,Aditya Birla Sun Life Banking & PSU Debt Fund  - DIRECT - IDCW,Debt Scheme - Banking and PSU Fund,Open Ended Schemes,Aditya Birla Sun Life Mutual Fund,-0.047673727584107706
2022-03-08,121.5935,119551,Aditya Birla Sun Life Banking & PSU Debt Fund  - DIRECT - IDCW,Debt Scheme - Banking and PSU Fund,Open Ended Schemes,Aditya Birla Sun Life Mutual Fund,-0.007236705226787432
2022-03-09,121.6144,119551,Aditya Birla Sun Life Banking & PSU Debt Fund  - DIRECT - IDCW,Debt Scheme - Banking and PSU Fund,Open Ended Schemes,Aditya Birla Sun Life Mutual Fund,0.017188418788838256
2022-03-10,121.6699,119551,Aditya Birla Sun Life Banking & PSU Debt Fund  - DIRECT - IDCW,Debt Scheme - Banking and PSU Fund,Open Ended Schemes,Aditya Birla Sun Life Mutual Fund,0.045636043100150125
2022-03-11,121.6652,119551,Aditya Birla Sun Life Banking & PSU Debt Fund  - DIRECT - IDCW,Debt Scheme - Banking and PSU Fund,Open Ended Schemes,Aditya Birla Sun Life Mutual Fund,-0.0038629110404420075
2022-03-14,121.7179,119551,Aditya Birla Sun Life Banking & PSU Debt Fund  - DIRECT - IDCW,Debt Scheme - Banking and PSU Fund,Open Ended Schemes,Aditya Birla Sun Life Mutual Fund,0.04331559065369195
2022-03-15,121.8177,119551,Aditya Birla Sun Life Banking & PSU Debt Fund  - DIRECT - IDCW,Debt Scheme - Banking and PSU Fund,Open Ended Schemes,Aditya Birla Sun Life Mutual Fund,0.08199287039951653
2022-03-16,121.7919,119551,Aditya Birla Sun Life Banking & PSU Debt Fund  - DIRECT - IDCW,Debt Scheme - Banking and PSU Fund,Open Ended Schemes,Aditya Birla Sun Life Mutual Fund,-0.021179188246045477
2022-03-17,121.8816,119551,Aditya Birla Sun Life Banking & PSU Debt Fund  - DIRECT - IDCW,Debt Scheme - Banking and PSU Fund,Open Ended Schemes,Aditya Birla Sun Life Mutual Fund,0.07365021811795991
2022-03-21,121.9474,119551,Aditya Birla Sun Life Banking & PSU Debt Fund  - DIRECT - IDCW,Debt Scheme - Banking and PSU Fund,Open Ended Schemes,Aditya Birla Sun Life Mutual Fund,0.05398681999579935
2022-03-22,121.9441,119551,Aditya Birla Sun Life Banking & PSU Debt Fund  - DIRECT - IDCW,Debt Scheme - Banking and PSU Fund,Open Ended Schemes,Aditya Birla Sun Life Mutual Fund,-0.0027060847545667954
2022-03-23,112.8231,119551,Aditya Birla Sun Life Banking & PSU Debt Fund  - DIRECT - IDCW,Debt Scheme - Banking and PSU Fund,Open Ended Schemes,Aditya Birla Sun Life Mutual Fund,-7.479656662355961
2022-03-24,112.8542,119551,Aditya Birla Sun Life Banking & PSU Debt Fund  - DIRECT - IDCW,Debt Scheme - Banking and PSU Fund,Open Ended Schemes,Aditya Birla Sun Life Mutual Fund,0.02756527696898825
2022-03-25,112.9034,119551,Aditya Birla Sun Life Banking & PSU Debt Fund  - DIRECT - IDCW,Debt Scheme - Banking and PSU Fund,Open Ended Schemes,Aditya Birla Sun Life Mutual Fund,0.04359607351787087
2022-03-28,112.9448,119551,Aditya Birla Sun Life Banking & PSU Debt Fund  - DIRECT - IDCW,Debt Scheme - Banking and PSU Fund,Open Ended Schemes,Aditya Birla Sun Life Mutual Fund,0.03666851485428779
2022-03-29,112.9912,119551,Aditya Birla Sun Life Banking & PSU Debt Fund  - DIRECT - IDCW,Debt Scheme - Banking and PSU Fund,Open Ended Schemes,Aditya Birla Sun Life Mutual Fund,0.041082015285343054
2022-03-30,113.0255,119551,Aditya Birla Sun Life Banking & PSU Debt Fund  - DIRECT - IDCW,Debt Scheme - Banking and PSU Fund,Open Ended Schemes,Aditya Birla Sun Life Mutual Fund,0.030356346334925455
2022-03-31,113.0782,119551,Aditya Birla Sun Life Banking & PSU Debt Fund  - DIRECT - IDCW,Debt Scheme - Banking and PSU Fund,Open Ended Schemes,Aditya Birla Sun Life Mutual Fund,0.04662664619932144
2022-04-04,113.1171,119551,Aditya Birla Sun Life Banking & PSU Debt Fund  - DIRECT - IDCW,Debt Scheme - Banking and PSU Fund,Open Ended Schemes,Aditya Birla Sun Life Mutual Fund,0.0344009720706584
2022-04-05,113.1661,119551,Aditya Birla Sun Life Banking & PSU Debt Fund  - DIRECT - IDCW,Debt Scheme - Banking and PSU Fund,Open Ended Schemes,Aditya Birla Sun Life Mutual Fund,0.04331794220326923
2022-04-06,113.1607,119551,Aditya Birla Sun Life Banking & PSU Debt Fund  - DIRECT - IDCW,Debt Scheme - Banking and PSU Fund,Open Ended Schemes,Aditya Birla Sun Life Mutual Fund,-0.004771747016107941
2022-04-07,113.1825,119551,Aditya Birla Sun Life Banking & PSU Debt Fund  - DIRECT - IDCW,Debt Scheme - Banking and PSU Fund,Open Ended Schemes,Aditya Birla Sun Life Mutual Fund,0.019264638695237757
2022-04-08,112.9062,119551,Aditya Birla Sun Life Banking & PSU Debt Fund  - DIRECT - IDCW,Debt Scheme - Banking and PSU Fund,Open Ended Schemes,Aditya Birla Sun Life Mutual Fund,-0.24411901133126745
2022-04-11,112.8479,119551,Aditya Birla Sun Life Banking & PSU Debt Fund  - DIRECT - IDCW,Debt Scheme - Banking and PSU Fund,Open Ended Schemes,Aditya Birla Sun Life Mutual Fund,-0.051635782623105086
2022-04-12,112.8405,119551,Aditya Birla Sun Life Banking & PSU Debt Fund  - DIRECT - IDCW,Debt Scheme - Banking and PSU Fund,Open Ended Schemes,Aditya Birla Sun Life Mutual Fund,-0.00655749907617631
2022-04-13,112.6844,119551,Aditya Birla Sun Life Banking & PSU Debt Fund  - DIRECT - IDCW,Debt Scheme - Banking and PSU Fund,Open Ended Schemes,Aditya Birla Sun Life Mutual Fund,-0.13833685600472823
2022-04-18,112.8584,119551,Aditya Birla Sun Life Banking & PSU Debt Fund  - DIRECT - IDCW,Debt Scheme - Banking and PSU Fund,Open Ended Schemes,Aditya Birla Sun Life Mutual Fund,0.15441356567547082
2022-04-19,112.9046,119551,Aditya Birla Sun Life Banking & PSU Debt Fund  - DIRECT - IDCW,Debt Scheme - Banking and PSU Fund,Open Ended Schemes,Aditya Birla Sun Life Mutual Fund,0.04093625286198943
2022-04-20,112.936,119551,Aditya Birla Sun Life Banking & PSU Debt Fund  - DIRECT - IDCW,Debt Scheme - Banking and PSU Fund,Open Ended Schemes,Aditya Birla Sun Life Mutual Fund,0.02781109007072846
2022-04-21,112.956,119551,Aditya Birla Sun Life Banking & PSU Debt Fund  - DIRECT - IDCW,Debt Scheme - Banking and PSU Fund,Open Ended Schemes,Aditya Birla Sun Life Mutual Fund,0.01770914500247578
2022-04-22,112.959,119551,Aditya Birla Sun Life Banking & PSU Debt Fund  - DIRECT - IDCW,Debt Scheme - Banking and PSU Fund,Open Ended Schemes,Aditya Birla Sun Life Mutual Fund,0.0026559014129290404
2022-04-25,113.0615,119551,Aditya Birla Sun Life Banking & PSU Debt Fund  - DIRECT - IDCW,Debt Scheme - Banking and PSU Fund,Open Ended Schemes,Aditya Birla Sun Life Mutual Fund,0.09074088828688875
2022-04-26,113.0579,119551,Aditya Birla Sun Life Banking & PSU Debt Fund  - DIRECT - IDCW,Debt Scheme - Banking and PSU Fund,Open Ended Schemes,Aditya Birla Sun Life Mutual Fund,-0.0031841077643535165
2022-04-27,113.0954,119551,Aditya Birla Sun Life Banking & PSU Debt Fund  - DIRECT - IDCW,Debt Scheme - Banking and PSU Fund,Open Ended Schemes,Aditya Birla Sun Life Mutual Fund,0.03316884534383391
2022-04-28,113.0848,119551,Aditya Birla Sun Life Banking & PSU Debt Fund  - DIRECT - IDCW,Debt Scheme - Banking and PSU Fund,Open Ended Schemes,Aditya Birla Sun Life Mutual Fund,-0.009372618161296309
2022-04-29,113.0956,119551,Aditya Birla Sun Life Banking & PSU Debt Fund  - DIRECT - IDCW,Debt Scheme - Banking and PSU Fund,Open Ended Schemes,Aditya Birla Sun Life Mutual Fund,0.00955035513172664
2022-05-02,113.1319,119551,Aditya Birla Sun Life Banking & PSU Debt Fund  - DIRECT - IDCW,Debt Scheme - Banking and PSU Fund,Open Ended Schemes,Aditya Birla Sun Life Mutual Fund,0.0320967393957039
2022-05-04,112.4331,119551,Aditya Birla Sun Life Banking & PSU Debt Fund  - DIRECT - IDCW,Debt Scheme - Banking and PSU Fund,Open Ended Schemes,Aditya Birla Sun Life Mutual Fund,-0.6176860814677387
2022-05-05,112.3588,119551,Aditya Birla Sun Life Banking & PSU Debt Fund  - DIRECT - IDCW,Debt Scheme - Banking and PSU Fund,Open Ended Schemes,Aditya Birla Sun Life Mutual Fund,-0.06608374224316149
2022-05-06,112.244,119551,Aditya Birla Sun Life Banking & PSU Debt Fund  - DIRECT - IDCW,Debt Scheme - Banking and PSU Fund,Open Ended Schemes,Aditya Birla Sun Life Mutual Fund,-0.10217268251352385
2022-05-09,112.2672,119551,Aditya Birla Sun Life Banking & PSU Debt Fund  - DIRECT - IDCW,Debt Scheme - Banking and PSU Fund,Open Ended Schemes,Aditya Birla Sun Life Mutual Fund,0.020669256263139424
2022-05-10,112.3479,119551,Aditya Birla Sun Life Banking & PSU Debt Fund  - DIRECT - IDCW,Debt Scheme - Banking and PSU Fund,Open Ended Schemes,Aditya Birla Sun Life Mutual Fund,0.07188208132027363
2022-05-11,112.3991,119551,Aditya Birla Sun Life Banking & PSU Debt Fund  - DIRECT - IDCW,Debt Scheme - Banking and PSU Fund,Open Ended Schemes,Aditya Birla Sun Life Mutual Fund,0.04557272543590507
2022-05-12,112.433,119551,Aditya Birla Sun Life Banking & PSU Debt Fund  - DIRECT - IDCW,Debt Scheme - Banking and PSU Fund,Open Ended Schemes,Aditya Birla Sun Life Mutual Fund,0.030160383846489225
2022-05-13,112.3647,119551,Aditya Birla Sun Life Banking & PSU Debt Fund  - DIRECT - IDCW,Debt Scheme - Banking and PSU Fund,Open Ended Schemes,Aditya Birla Sun Life Mutual Fund,-0.06074728949686525
2022-05-17,112.4137,119551,Aditya Birla Sun Life Banking & PSU Debt Fund  - DIRECT - IDCW,Debt Scheme - Banking and PSU Fund,Open Ended Schemes,Aditya Birla Sun Life Mutual Fund,0.04360800144529442
2022-05-18,112.4368,119551,Aditya Birla Sun Life Banking & PSU Debt Fund  - DIRECT - IDCW,Debt Scheme - Banking and PSU Fund,Open Ended Schemes,Aditya Birla Sun Life Mutual Fund,0.020549096773780917
2022-05-19,112.4539,119551,Aditya Birla Sun Life Banking & PSU Debt Fund  - DIRECT - IDCW,Debt Scheme - Banking and PSU Fund,Open Ended Schemes,Aditya Birla Sun Life Mutual Fund,0.015208543821954024
2022-05-20,112.4374,119551,Aditya Birla Sun Life Banking & PSU Debt Fund  - DIRECT - IDCW,Debt Scheme - Banking and PSU Fund,Open Ended Schemes,Aditya Birla Sun Life Mutual Fund,-0.014672679204552619
2022-05-23,112.5061,119551,Aditya Birla Sun Life Banking & PSU Debt Fund  - DIRECT - IDCW,Debt Scheme - Banking and PSU Fund,Open Ended Schemes,Aditya Birla Sun Life Mutual Fund,0.06110066579270157
2022-05-24,112.5432,119551,Aditya Birla Sun Life Banking & PSU Debt Fund  - DIRECT - IDCW,Debt Scheme - Banking and PSU Fund,Open Ended Schemes,Aditya Birla Sun Life Mutual Fund,0.03297598974631999
2022-05-25,112.5511,119551,Aditya Birla Sun Life Banking & PSU Debt Fund  - DIRECT - IDCW,Debt Scheme - Banking and PSU Fund,Open Ended Schemes,Aditya Birla Sun Life Mutual Fund,0.007019526723972547
2022-05-26,112.5751,119551,Aditya Birla Sun Life Banking & PSU Debt Fund  - DIRECT - IDCW,Debt Scheme - Banking and PSU Fund,Open Ended Schemes,Aditya Birla Sun Life Mutual Fund,0.021323647658699763
2022-05-27,112.5875,119551,Aditya Birla Sun Life Banking & PSU Debt Fund  - DIRECT - IDCW,Debt Scheme - Banking and PSU Fund,Open Ended Schemes,Aditya Birla Sun Life Mutual Fund,0.011014869185110854
2022-05-30,112.6166,119551,Aditya Birla Sun Life Banking & PSU Debt Fund  - DIRECT - IDCW,Debt Scheme - Banking and PSU Fund,Open Ended Schemes,Aditya Birla Sun Life Mutual Fund,0.02584656378372685
2022-05-31,112.6801,119551,Aditya Birla Sun Life Banking & PSU Debt Fund  - DIRECT - IDCW,Debt Scheme - Banking and PSU Fund,Open Ended Schemes,Aditya Birla Sun Life Mutual Fund,0.056386003484387714
2022-06-01,112.5519,119551,Aditya Birla Sun Life Banking & PSU Debt Fund  - DIRECT - IDCW,Debt Scheme - Banking and PSU Fund,Open Ended Schemes,Aditya Birla Sun Life Mutual Fund,-0.11377341695649745
2022-06-02,112.579,119551,Aditya Birla Sun Life Banking & PSU Debt Fund  - DIRECT - IDCW,Debt Scheme - Banking and PSU Fund,Open Ended Schemes,Aditya Birla Sun Life Mutual Fund,0.02407778100590452
2022-06-03,112.5469,119551,Aditya Birla Sun Life Banking & PSU Debt Fund  - DIRECT - IDCW,Debt Scheme - Banking and PSU Fund,Open Ended Schemes,Aditya Birla Sun Life Mutual Fund,-0.028513310652966695
2022-06-06,112.53,119551,Aditya Birla Sun Life Banking & PSU Debt Fund  - DIRECT - IDCW,Debt Scheme - Banking and PSU Fund,Open Ended Schemes,Aditya Birla Sun Life Mutual Fund,-0.015015962234399272
2022-06-07,112.4553,119551,Aditya Birla Sun Life Banking & PSU Debt Fund  - DIRECT - IDCW,Debt Scheme - Banking and PSU Fund,Open Ended Schemes,Aditya Birla Sun Life Mutual Fund,-0.06638229805385754
2022-06-08,112.5902,119551,Aditya Birla Sun Life Banking & PSU Debt Fund  - DIRECT - IDCW,Debt Scheme - Banking and PSU Fund,Open Ended Schemes,Aditya Birla Sun Life Mutual Fund,0.11995877473094385
2022-06-09,112.6487,119551,Aditya Birla Sun Life Banking & PSU Debt Fund  - DIRECT - IDCW,Debt Scheme - Banking and PSU Fund,Open Ended Schemes,Aditya Birla Sun Life Mutual Fund,0.05195834095685914
2022-06-10,112.6848,119551,Aditya Birla Sun Life Banking & PSU Debt Fund  - DIRECT - IDCW,Debt Scheme - Banking and PSU Fund,Open Ended Schemes,Aditya Birla Sun Life Mutual Fund,0.032046530497020775
2022-06-13,112.5985,119551,Aditya Birla Sun Life Banking & PSU Debt Fund  - DIRECT - IDCW,Debt Scheme - Banking and PSU Fund,Open Ended Schemes,Aditya Birla Sun Life Mutual Fund,-0.0765853069801703
2022-06-14,112.583,119551,Aditya Birla Sun Life Banking & PSU Debt Fund  - DIRECT - IDCW,Debt Scheme - Banking and PSU Fund,Open Ended Schemes,Aditya Birla Sun Life Mutual Fund,-0.013765725120673533
2022-06-15,112.5757,119551,Aditya Birla Sun Life Banking & PSU Debt Fund  - DIRECT - IDCW,Debt Scheme - Banking and PSU Fund,Open Ended Schemes,Aditya Birla Sun Life Mutual Fund,-0.006484105060267087
2022-06-16,112.5715,119551,Aditya Birla Sun Life Banking & PSU Debt Fund  - DIRECT - IDCW,Debt Scheme - Banking and PSU Fund,Open Ended Schemes,Aditya Birla Sun Life Mutual Fund,-0.0037308229040577956
2022-06-17,112.5783,119551,Aditya Birla Sun Life Banking & PSU Debt Fund  - DIRECT - IDCW,Debt Scheme - Banking and PSU Fund,Open Ended Schemes,Aditya Birla Sun Life Mutual Fund,0.006040605304180602
2022-06-20,112.7336,119551,Aditya Birla Sun Life Banking & PSU Debt Fund  - DIRECT - IDCW,Debt Scheme - Banking and PSU Fund,Open Ended Schemes,Aditya Birla Sun Life Mutual Fund,0.137948432335544
2022-06-21,112.757,119551,Aditya Birla Sun Life Banking & PSU Debt Fund  - DIRECT - IDCW,Debt Scheme - Banking and PSU Fund,Open Ended Schemes,Aditya Birla Sun Life Mutual Fund,0.020756899451468414
2022-06-22,105.1767,119551,Aditya Birla Sun Life Banking & PSU Debt Fund  - DIRECT - IDCW,Debt Scheme - Banking and PSU Fund,Open Ended Schemes,Aditya Birla Sun Life Mutual Fund,-6.72268683984144
2022-06-23,105.2106,119551,Aditya Birla Sun Life Banking & PSU Debt Fund  - DIRECT - IDCW,Debt Scheme - Banking and PSU Fund,Open Ended Schemes,Aditya Birla Sun Life Mutual Fund,0.032231473320609716
2022-06-24,105.1971,119551,Aditya Birla Sun Life Banking & PSU Debt Fund  - DIRECT - IDCW,Debt Scheme - Banking and PSU Fund,Open Ended Schemes,Aditya Birla Sun Life Mutual Fund,-0.012831406721369731
2022-06-27,105.2922,119551,Aditya Birla Sun Life Banking & PSU Debt Fund  - DIRECT - IDCW,Debt Scheme - Banking and PSU Fund,Open Ended Schemes,Aditya Birla Sun Life Mutual Fund,0.09040173160665965
2022-06-28,105.2771,119551,Aditya Birla Sun Life Banking & PSU Debt Fund  - DIRECT - IDCW,Debt Scheme - Banking and PSU Fund,Open Ended Schemes,Aditya Birla Sun Life Mutual Fund,-0.014341043306143053
2022-06-29,105.2859,119551,Aditya Birla Sun Life Banking & PSU Debt Fund  - DIRECT - IDCW,Debt Scheme - Banking and PSU Fund,Open Ended Schemes,Aditya Birla Sun Life Mutual Fund,0.008358892864634981
2022-06-30,105.3199,119551,Aditya Birla Sun Life Banking & PSU Debt Fund  - DIRECT - IDCW,Debt Scheme - Banking and PSU Fund,Open Ended Schemes,Aditya Birla Sun Life Mutual Fund,0.03229302309235571
2022-07-01,105.3963,119551,Aditya Birla Sun Life Banking & PSU Debt Fund  - DIRECT - IDCW,Debt Scheme - Banking and PSU Fund,Open Ended Schemes,Aditya Birla Sun Life Mutual Fund,0.07254089682955378
2022-07-04,105.4884,119551,Aditya Birla Sun Life Banking & PSU Debt Fund  - DIRECT - IDCW,Debt Scheme - Banking and PSU Fund,Open Ended Schemes,Aditya Birla Sun Life Mutual Fund,0.08738447175091757
2022-07-05,105.5371,119551,Aditya Birla Sun Life Banking & PSU Debt Fund  - DIRECT - IDCW,Debt Scheme - Banking and PSU Fund,Open Ended Schemes,Aditya Birla Sun Life Mutual Fund,0.04616621353628059
2022-07-06,105.7065,119551,Aditya Birla Sun Life Banking & PSU Debt Fund  - DIRECT - IDCW,Debt Scheme - Banking and PSU Fund,Open Ended Schemes,Aditya Birla Sun Life Mutual Fund,0.16051227483038222
2022-07-07,105.7041,119551,Aditya Birla Sun Life Banking & PSU Debt Fund  - DIRECT - IDCW,Debt Scheme - Banking and PSU Fund,Open Ended Schemes,Aditya Birla Sun Life Mutual Fund,-0.0022704374849302766
2022-07-08,105.6723,119551,Aditya Birla Sun Life Banking & PSU Debt Fund  - DIRECT - IDCW,Debt Scheme - Banking and PSU Fund,Open Ended Schemes,Aditya Birla Sun Life Mutual Fund,-0.030083979713169118
2022-07-11,105.672,119551,Aditya Birla Sun Life Banking & PSU Debt Fund  - DIRECT - IDCW,Debt Scheme - Banking and PSU Fund,Open Ended Schemes,Aditya Birla Sun Life Mutual Fund,-0.0002838965367568669
2022-07-12,105.7093,119551,Aditya Birla Sun Life Banking & PSU Debt Fund  - DIRECT - IDCW,Debt Scheme - Banking and PSU Fund,Open Ended Schemes,Aditya Birla Sun Life Mutual Fund,0.035297902944964044
2022-07-13,105.7695,119551,Aditya Birla Sun Life Banking & PSU Debt Fund  - DIRECT - IDCW,Debt Scheme - Banking and PSU Fund,Open Ended Schemes,Aditya Birla Sun Life Mutual Fund,0.056948631766551294
2022-07-14,105.776,119551,Aditya Birla Sun Life Banking & PSU Debt Fund  - DIRECT - IDCW,Debt Scheme - Banking and PSU Fund,Open Ended Schemes,Aditya Birla Sun Life Mutual Fund,0.006145438902516176
2022-07-15,105.776,119551,Aditya Birla Sun Life Banking & PSU Debt Fund  - DIRECT - IDCW,Debt Scheme - Banking and PSU Fund,Open Ended Schemes,Aditya Birla Sun Life Mutual Fund,0.0
2022-07-18,105.788,119551,Aditya Birla Sun Life Banking & PSU Debt Fund  - DIRECT - IDCW,Debt Scheme - Banking and PSU Fund,Open Ended Schemes,Aditya Birla Sun Life Mutual Fund,0.011344728482831634
2022-07-19,105.7996,119551,Aditya Birla Sun Life Banking & PSU Debt Fund  - DIRECT - IDCW,Debt Scheme - Banking and PSU Fund,Open Ended Schemes,Aditya Birla Sun Life Mutual Fund,0.0109653268801857
2022-07-20,105.8304,119551,Aditya Birla Sun Life Banking & PSU Debt Fund  - DIRECT - IDCW,Debt Scheme - Banking and PSU Fund,Open Ended Schemes,Aditya Birla Sun Life Mutual Fund,0.0291116412538317
2022-07-21,105.8401,119551,Aditya Birla Sun Life Banking & PSU Debt Fund  - DIRECT - IDCW,Debt Scheme - Banking and PSU Fund,Open Ended Schemes,Aditya Birla Sun Life Mutual Fund,0.009165608369632317
2022-07-22,105.8449,119551,Aditya Birla Sun Life Banking & PSU Debt Fund  - DIRECT - IDCW,Debt Scheme - Banking and PSU Fund,Open Ended Schemes,Aditya Birla Sun Life Mutual Fund,0.004535143107364803
2022-07-25,105.9141,119551,Aditya Birla Sun Life Banking & PSU Debt Fund  - DIRECT - IDCW,Debt Scheme - Banking and PSU Fund,Open Ended Schemes,Aditya Birla Sun Life Mutual Fund,0.06537868144804726
2022-07-26,105.9161,119551,Aditya Birla Sun Life Banking & PSU Debt Fund  - DIRECT - IDCW,Debt Scheme - Banking and PSU Fund,Open Ended Schemes,Aditya Birla Sun Life Mutual Fund,0.0018883227068000608
2022-07-27,105.9293,119551,Aditya Birla Sun Life Banking & PSU Debt Fund  - DIRECT - IDCW,Debt Scheme - Banking and PSU Fund,Open Ended Schemes,Aditya Birla Sun Life Mutual Fund,0.012462694528969642
2022-07-28,105.9484,119551,Aditya Birla Sun Life Banking & PSU Debt Fund  - DIRECT - IDCW,Debt Scheme - Banking and PSU Fund,Open Ended Schemes,Aditya Birla Sun Life Mutual Fund,0.018030894190745883
2022-07-29,106.0066,119551,Aditya Birla Sun Life Banking & PSU Debt Fund  - DIRECT - IDCW,Debt Scheme - Banking and PSU Fund,Open Ended Schemes,Aditya Birla Sun Life Mutual Fund,0.05493240105560737
2022-08-01,106.1219,119551,Aditya Birla Sun Life Banking & PSU Debt Fund  - DIRECT - IDCW,Debt Scheme - Banking and PSU Fund,Open Ended Schemes,Aditya Birla Sun Life Mutual Fund,0.10876681263241039
2022-08-02,106.1993,119551,Aditya Birla Sun Life Banking & PSU Debt Fund  - DIRECT - IDCW,Debt Scheme - Banking and PSU Fund,Open Ended Schemes,Aditya Birla Sun Life Mutual Fund,0.07293499268294923
2022-08-03,106.15,119551,Aditya Birla Sun Life Banking & PSU Debt Fund  - DIRECT - IDCW,Debt Scheme - Banking and PSU Fund,Open Ended Schemes,Aditya Birla Sun Life Mutual Fund,-0.046422151558422886
2022-08-04,106.2254,119551,Aditya Birla Sun Life Banking & PSU Debt Fund  - DIRECT - IDCW,Debt Scheme - Banking and PSU Fund,Open Ended Schemes,Aditya Birla Sun Life Mutual Fund,0.07103155911445391
2022-08-05,106.1086,119551,Aditya Birla Sun Life Banking & PSU Debt Fund  - DIRECT - IDCW,Debt Scheme - Banking and PSU Fund,Open Ended Schemes,Aditya Birla Sun Life Mutual Fund,-0.10995486955097666
2022-08-08,106.1541,119551,Aditya Birla Sun Life Banking & PSU Debt Fund  - DIRECT - IDCW,Debt Scheme - Banking and PSU Fund,Open Ended Schemes,Aditya Birla Sun Life Mutual Fund,0.04288059591777138
2022-08-10,106.2542,119551,Aditya Birla Sun Life Banking & PSU Debt Fund  - DIRECT - IDCW,Debt Scheme - Banking and PSU Fund,Open Ended Schemes,Aditya Birla Sun Life Mutual Fund,0.0942968759567453
2022-08-11,106.3209,119551,Aditya Birla Sun Life Banking & PSU Debt Fund  - DIRECT - IDCW,Debt Scheme - Banking and PSU Fund,Open Ended Schemes,Aditya Birla Sun Life Mutual Fund,0.06277398916936239
2022-08-12,106.3294,119551,Aditya Birla Sun Life Banking & PSU Debt Fund  - DIRECT - IDCW,Debt Scheme - Banking and PSU Fund,Open Ended Schemes,Aditya Birla Sun Life Mutual Fund,0.007994665206956242
2022-08-17,106.5092,119551,Aditya Birla Sun Life Banking & PSU Debt Fund  - DIRECT - IDCW,Debt Scheme - Banking and PSU Fund,Open Ended Schemes,Aditya Birla Sun Life Mutual Fund,0.16909716409572173
2022-08-18,106.5141,119551,Aditya Birla Sun Life Banking & PSU Debt Fund  - DIRECT - IDCW,Debt Scheme - Banking and PSU Fund,Open Ended Schemes,Aditya Birla Sun Life Mutual Fund,0.004600541549448778
2022-08-19,106.5072,119551,Aditya Birla Sun Life Banking & PSU Debt Fund  - DIRECT - IDCW,Debt Scheme - Banking and PSU Fund,Open Ended Schemes,Aditya Birla Sun Life Mutual Fund,-0.0064780155866750455
2022-08-22,106.5568,119551,Aditya Birla Sun Life Banking & PSU Debt Fund  - DIRECT - IDCW,Debt Scheme - Banking and PSU Fund,Open Ended Schemes,Aditya Birla Sun Life Mutual Fund,0.04656962158426925
2022-08-23,106.5597,119551,Aditya Birla Sun Life Banking & PSU Debt Fund  - DIRECT - IDCW,Debt Scheme - Banking and PSU Fund,Open Ended Schemes,Aditya Birla Sun Life Mutual Fund,0.0027215531998026066
2022-08-24,106.599,119551,Aditya Birla Sun Life Banking & PSU Debt Fund  - DIRECT - IDCW,Debt Scheme - Banking and PSU Fund,Open Ended Schemes,Aditya Birla Sun Life Mutual Fund,0.03688073446153073
2022-08-25,106.5824,119551,Aditya Birla Sun Life Banking & PSU Debt Fund  - DIRECT - IDCW,Debt Scheme - Banking and PSU Fund,Open Ended Schemes,Aditya Birla Sun Life Mutual Fund,-0.015572378727757297
2022-08-26,106.6296,119551,Aditya Birla Sun Life Banking & PSU Debt Fund  - DIRECT - IDCW,Debt Scheme - Banking and PSU Fund,Open Ended Schemes,Aditya Birla Sun Life Mutual Fund,0.044284985138243194
2022-08-29,106.6906,119551,Aditya Birla Sun Life Banking & PSU Debt Fund  - DIRECT - IDCW,Debt Scheme - Banking and PSU Fund,Open Ended Schemes,Aditya Birla Sun Life Mutual Fund,0.05720737956440569
2022-08-30,106.7038,119551,Aditya Birla Sun Life Banking & PSU Debt Fund  - DIRECT - IDCW,Debt Scheme - Banking and PSU Fund,Open Ended Schemes,Aditya Birla Sun Life Mutual Fund,0.012372223982248798
2022-09-01,106.7475,119551,Aditya Birla Sun Life Banking & PSU Debt Fund  - DIRECT - IDCW,Debt Scheme - Banking and PSU Fund,Open Ended Schemes,Aditya Birla Sun Life Mutual Fund,0.04095449271721563
2022-09-02,106.7705,119551,Aditya Birla Sun Life Banking & PSU Debt Fund  - DIRECT - IDCW,Debt Scheme - Banking and PSU Fund,Open Ended Schemes,Aditya Birla Sun Life Mutual Fund,0.021546172041486678
2022-09-05,106.8191,119551,Aditya Birla Sun Life Banking & PSU Debt Fund  - DIRECT - IDCW,Debt Scheme - Banking and PSU Fund,Open Ended Schemes,Aditya Birla Sun Life Mutual Fund,0.04551819088607356
2022-09-06,106.8291,119551,Aditya Birla Sun Life Banking & PSU Debt Fund  - DIRECT - IDCW,Debt Scheme - Banking and PSU Fund,Open Ended Schemes,Aditya Birla Sun Life Mutual Fund,0.009361621657544283
2022-09-07,106.8681,119551,Aditya Birla Sun Life Banking & PSU Debt Fund  - DIRECT - IDCW,Debt Scheme - Banking and PSU Fund,Open Ended Schemes,Aditya Birla Sun Life Mutual Fund,0.03650690682595048
2022-09-08,106.9005,119551,Aditya Birla Sun Life Banking & PSU Debt Fund  - DIRECT - IDCW,Debt Scheme - Banking and PSU Fund,Open Ended Schemes,Aditya Birla Sun Life Mutual Fund,0.030317746829977565
2022-09-09,106.9116,119551,Aditya Birla Sun Life Banking & PSU Debt Fund  - DIRECT - IDCW,Debt Scheme - Banking and PSU Fund,Open Ended Schemes,Aditya Birla Sun Life Mutual Fund,0.010383487448617501
2022-09-12,106.954,119551,Aditya Birla Sun Life Banking & PSU Debt Fund  - DIRECT - IDCW,Debt Scheme - Banking and PSU Fund,Open Ended Schemes,Aditya Birla Sun Life Mutual Fund,0.039658933174679944
2022-09-13,106.9983,119551,Aditya Birla Sun Life Banking & PSU Debt Fund  - DIRECT - IDCW,Debt Scheme - Banking and PSU Fund,Open Ended Schemes,Aditya Birla Sun Life Mutual Fund,0.04141967574846639
2022-09-14,106.9625,119551,Aditya Birla Sun Life Banking & PSU Debt Fund  - DIRECT - IDCW,Debt Scheme - Banking and PSU Fund,Open Ended Schemes,Aditya Birla Sun Life Mutual Fund,-0.033458475508485463
2022-09-15,106.9084,119551,Aditya Birla Sun Life Banking & PSU Debt Fund  - DIRECT - IDCW,Debt Scheme - Banking and PSU Fund,Open Ended Schemes,Aditya Birla Sun Life Mutual Fund,-0.05057847376417346
2022-09-16,106.8585,119551,Aditya Birla Sun Life Banking & PSU Debt Fund  - DIRECT - IDCW,Debt Scheme - Banking and PSU Fund,Open Ended Schemes,Aditya Birla Sun Life Mutual Fund,-0.04667547171222086
2022-09-19,106.8748,119551,Aditya Birla Sun Life Banking & PSU Debt Fund  - DIRECT - IDCW,Debt Scheme - Banking and PSU Fund,Open Ended Schemes,Aditya Birla Sun Life Mutual Fund,0.01525381696354522
2022-09-20,106.824,119551,Aditya Birla Sun Life Banking & PSU Debt Fund  - DIRECT - IDCW,Debt Scheme - Banking and PSU Fund,Open Ended Schemes,Aditya Birla Sun Life Mutual Fund,-0.04753225269192862
2022-09-21,106.8072,119551,Aditya Birla Sun Life Banking & PSU Debt Fund  - DIRECT - IDCW,Debt Scheme - Banking and PSU Fund,Open Ended Schemes,Aditya Birla Sun Life Mutual Fund,-0.015726802965632114
2022-09-22,106.7549,119551,Aditya Birla Sun Life Banking & PSU Debt Fund  - DIRECT - IDCW,Debt Scheme - Banking and PSU Fund,Open Ended Schemes,Aditya Birla Sun Life Mutual Fund,-0.048966736324884685
2022-09-23,106.6333,119551,Aditya Birla Sun Life Banking & PSU Debt Fund  - DIRECT - IDCW,Debt Scheme - Banking and PSU Fund,Open Ended Schemes,Aditya Birla Sun Life Mutual Fund,-0.11390577856379425
2022-09-26,106.6784,119551,Aditya Birla Sun Life Banking & PSU Debt Fund  - DIRECT - IDCW,Debt Scheme - Banking and PSU Fund,Open Ended Schemes,Aditya Birla Sun Life Mutual Fund,0.04229448024208882
2022-09-27,106.6575,119551,Aditya Birla Sun Life Banking & PSU Debt Fund  - DIRECT - IDCW,Debt Scheme - Banking and PSU Fund,Open Ended Schemes,Aditya Birla Sun Life Mutual Fund,-0.019591594924550648
2022-09-28,106.6485,119551,Aditya Birla Sun Life Banking & PSU Debt Fund  - DIRECT - IDCW,Debt Scheme - Banking and PSU Fund,Open Ended Schemes,Aditya Birla Sun Life Mutual Fund,-0.008438225159979051
2022-09-29,106.7145,119551,Aditya Birla Sun Life Banking & PSU Debt Fund  - DIRECT - IDCW,Debt Scheme - Banking and PSU Fund,Open Ended Schemes,Aditya Birla Sun Life Mutual Fund,0.06188553988102363
2022-09-30,106.7948,119551,Aditya Birla Sun Life Banking & PSU Debt Fund  - DIRECT - IDCW,Debt Scheme - Banking and PSU Fund,Open Ended Schemes,Aditya Birla Sun Life Mutual Fund,0.07524750619642973
2022-10-03,106.8261,119551,Aditya Birla Sun Life Banking & PSU Debt Fund  - DIRECT - IDCW,Debt Scheme - Banking and PSU Fund,Open Ended Schemes,Aditya Birla Sun Life Mutual Fund,0.029308543112582797
2022-10-04,106.8856,119551,Aditya Birla Sun Life Banking & PSU Debt Fund  - DIRECT - IDCW,Debt Scheme - Banking and PSU Fund,Open Ended Schemes,Aditya Birla Sun Life Mutual Fund,0.0556979988972639
2022-10-06,106.8875,119551,Aditya Birla Sun Life Banking & PSU Debt Fund  - DIRECT - IDCW,Debt Scheme - Banking and PSU Fund,Open Ended Schemes,Aditya Birla Sun Life Mutual Fund,0.0017776014729742329
2022-10-07,106.8408,119551,Aditya Birla Sun Life Banking & PSU Debt Fund  - DIRECT - IDCW,Debt Scheme - Banking and PSU Fund,Open Ended Schemes,Aditya Birla Sun Life Mutual Fund,-0.04369079639808815
2022-10-10,106.8233,119551,Aditya Birla Sun Life Banking & PSU Debt Fund  - DIRECT - IDCW,Debt Scheme - Banking and PSU Fund,Open Ended Schemes,Aditya Birla Sun Life Mutual Fund,-0.016379510449193724
2022-10-11,106.782,119551,Aditya Birla Sun Life Banking & PSU Debt Fund  - DIRECT - IDCW,Debt Scheme - Banking and PSU Fund,Open Ended Schemes,Aditya Birla Sun Life Mutual Fund,-0.038661977302711925
2022-10-12,106.808,119551,Aditya Birla Sun Life Banking & PSU Debt Fund  - DIRECT - IDCW,Debt Scheme - Banking and PSU Fund,Open Ended Schemes,Aditya Birla Sun Life Mutual Fund,0.024348672997320797
2022-10-13,106.812,119551,Aditya Birla Sun Life Banking & PSU Debt Fund  - DIRECT - IDCW,Debt Scheme - Banking and PSU Fund,Open Ended Schemes,Aditya Birla Sun Life Mutual Fund,0.0037450378248760074
2022-10-14,106.7922,119551,Aditya Birla Sun Life Banking & PSU Debt Fund  - DIRECT - IDCW,Debt Scheme - Banking and PSU Fund,Open Ended Schemes,Aditya Birla Sun Life Mutual Fund,-0.01853724300641124
2022-10-17,106.9437,119551,Aditya Birla Sun Life Banking & PSU Debt Fund  - DIRECT - IDCW,Debt Scheme - Banking and PSU Fund,Open Ended Schemes,Aditya Birla Sun Life Mutual Fund,0.14186429345963703
2022-10-18,106.9767,119551,Aditya Birla Sun Life Banking & PSU Debt Fund  - DIRECT - IDCW,Debt Scheme - Banking and PSU Fund,Open Ended Schemes,Aditya Birla Sun Life Mutual Fund,0.030857357656399742
2022-10-19,106.997,119551,Aditya Birla Sun Life Banking & PSU Debt Fund  - DIRECT - IDCW,Debt Scheme - Banking and PSU Fund,Open Ended Schemes,Aditya Birla Sun Life Mutual Fund,0.018976094794487253
2022-10-20,106.9757,119551,Aditya Birla Sun Life Banking & PSU Debt Fund  - DIRECT - IDCW,Debt Scheme - Banking and PSU Fund,Open Ended Schemes,Aditya Birla Sun Life Mutual Fund,-0.01990710019906805
2022-10-21,106.9649,119551,Aditya Birla Sun Life Banking & PSU Debt Fund  - DIRECT - IDCW,Debt Scheme - Banking and PSU Fund,Open Ended Schemes,Aditya Birla Sun Life Mutual Fund,-0.010095750717220575
2022-10-25,107.112,119551,Aditya Birla Sun Life Banking & PSU Debt Fund  - DIRECT - IDCW,Debt Scheme - Banking and PSU Fund,Open Ended Schemes,Aditya Birla Sun Life Mutual Fund,0.13752174778829396
2022-10-27,107.2349,119551,Aditya Birla Sun Life Banking & PSU Debt Fund  - DIRECT - IDCW,Debt Scheme - Banking and PSU Fund,Open Ended Schemes,Aditya Birla Sun Life Mutual Fund,0.1147397117036375
2022-10-28,107.2137,119551,Aditya Birla Sun Life Banking & PSU Debt Fund  - DIRECT - IDCW,Debt Scheme - Banking and PSU Fund,Open Ended Schemes,Aditya Birla Sun Life Mutual Fund,-0.019769683190817844
2022-10-31,107.2729,119551,Aditya Birla Sun Life Banking & PSU Debt Fund  - DIRECT - IDCW,Debt Scheme - Banking and PSU Fund,Open Ended Schemes,Aditya Birla Sun Life Mutual Fund,0.05521682396933958
2022-11-01,107.2818,119551,Aditya Birla Sun Life Banking & PSU Debt Fund  - DIRECT - IDCW,Debt Scheme - Banking and PSU Fund,Open Ended Schemes,Aditya Birla Sun Life Mutual Fund,0.00829659681056416
2022-11-02,107.303,119551,Aditya Birla Sun Life Banking & PSU Debt Fund  - DIRECT - IDCW,Debt Scheme - Banking and PSU Fund,Open Ended Schemes,Aditya Birla Sun Life Mutual Fund,0.019761040549282072
2022-11-03,107.2944,119551,Aditya Birla Sun Life Banking & PSU Debt Fund  - DIRECT - IDCW,Debt Scheme - Banking and PSU Fund,Open Ended Schemes,Aditya Birla Sun Life Mutual Fund,-0.008014687380597518
2022-11-04,107.307,119551,Aditya Birla Sun Life Banking & PSU Debt Fund  - DIRECT - IDCW,Debt Scheme - Banking and PSU Fund,Open Ended Schemes,Aditya Birla Sun Life Mutual Fund,0.011743390148977184
2022-11-07,107.3633,119551,Aditya Birla Sun Life Banking & PSU Debt Fund  - DIRECT - IDCW,Debt Scheme - Banking and PSU Fund,Open Ended Schemes,Aditya Birla Sun Life Mutual Fund,0.052466288312968956
2022-11-09,107.4581,119551,Aditya Birla Sun Life Banking & PSU Debt Fund  - DIRECT - IDCW,Debt Scheme - Banking and PSU Fund,Open Ended Schemes,Aditya Birla Sun Life Mutual Fund,0.08829832913108682
2022-11-10,107.5243,119551,Aditya Birla Sun Life Banking & PSU Debt Fund  - DIRECT - IDCW,Debt Scheme - Banking and PSU Fund,Open Ended Schemes,Aditya Birla Sun Life Mutual Fund,0.06160540713078255
2022-11-11,107.6105,119551,Aditya Birla Sun Life Banking & PSU Debt Fund  - DIRECT - IDCW,Debt Scheme - Banking and PSU Fund,Open Ended Schemes,Aditya Birla Sun Life Mutual Fund,0.0801679248318754
2022-11-14,107.6593,119551,Aditya Birla Sun Life Banking & PSU Debt Fund  - DIRECT - IDCW,Debt Scheme - Banking and PSU Fund,Open Ended Schemes,Aditya Birla Sun Life Mutual Fund,0.045348734556571735
2022-11-15,107.709,119551,Aditya Birla Sun Life Banking & PSU Debt Fund  - DIRECT - IDCW,Debt Scheme - Banking and PSU Fund,Open Ended Schemes,Aditya Birla Sun Life Mutual Fund,0.04616414931175594
2022-11-16,107.7065,119551,Aditya Birla Sun Life Banking & PSU Debt Fund  - DIRECT - IDCW,Debt Scheme - Banking and PSU Fund,Open Ended Schemes,Aditya Birla Sun Life Mutual Fund,-0.002321068805766213
2022-11-17,107.7346,119551,Aditya Birla Sun Life Banking & PSU Debt Fund  - DIRECT - IDCW,Debt Scheme - Banking and PSU Fund,Open Ended Schemes,Aditya Birla Sun Life Mutual Fund,0.02608941893014194
2022-11-18,107.7527,119551,Aditya Birla Sun Life Banking & PSU Debt Fund  - DIRECT - IDCW,Debt Scheme - Banking and PSU Fund,Open Ended Schemes,Aditya Birla Sun Life Mutual Fund,0.01680054504309414
2022-11-21,107.8002,119551,Aditya Birla Sun Life Banking & PSU Debt Fund  - DIRECT - IDCW,Debt Scheme - Banking and PSU Fund,Open Ended Schemes,Aditya Birla Sun Life Mutual Fund,0.04408242206459523
2022-11-22,107.8369,119551,Aditya Birla Sun Life Banking & PSU Debt Fund  - DIRECT - IDCW,Debt Scheme - Banking and PSU Fund,Open Ended Schemes,Aditya Birla Sun Life Mutual Fund,0.034044463739402175
2022-11-23,107.8393,119551,Aditya Birla Sun Life Banking & PSU Debt Fund  - DIRECT - IDCW,Debt Scheme - Banking and PSU Fund,Open Ended Schemes,Aditya Birla Sun Life Mutual Fund,0.002225583265103026
2022-11-24,107.8882,119551,Aditya Birla Sun Life Banking & PSU Debt Fund  - DIRECT - IDCW,Debt Scheme - Banking and PSU Fund,Open Ended Schemes,Aditya Birla Sun Life Mutual Fund,0.04534524983006438
2022-11-25,107.9066,119551,Aditya Birla Sun Life Banking & PSU Debt Fund  - DIRECT - IDCW,Debt Scheme - Banking and PSU Fund,Open Ended Schemes,Aditya Birla Sun Life Mutual Fund,0.017054691801332567
2022-11-28,107.9959,119551,Aditya Birla Sun Life Banking & PSU Debt Fund  - DIRECT - IDCW,Debt Scheme - Banking and PSU Fund,Open Ended Schemes,Aditya Birla Sun Life Mutual Fund,0.08275675445246211
2022-11-29,107.99,119551,Aditya Birla Sun Life Banking & PSU Debt Fund  - DIRECT - IDCW,Debt Scheme - Banking and PSU Fund,Open Ended Schemes,Aditya Birla Sun Life Mutual Fund,-0.005463170361108549
2022-11-30,108.0334,119551,Aditya Birla Sun Life Banking & PSU Debt Fund  - DIRECT - IDCW,Debt Scheme - Banking and PSU Fund,Open Ended Schemes,Aditya Birla Sun Life Mutual Fund,0.04018890638022299
2022-12-01,108.0832,119551,Aditya Birla Sun Life Banking & PSU Debt Fund  - DIRECT - IDCW,Debt Scheme - Banking and PSU Fund,Open Ended Schemes,Aditya Birla Sun Life Mutual Fund,0.04609685523180307
2022-12-02,108.0988,119551,Aditya Birla Sun Life Banking & PSU Debt Fund  - DIRECT - IDCW,Debt Scheme - Banking and PSU Fund,Open Ended Schemes,Aditya Birla Sun Life Mutual Fund,0.01443332543817899
2022-12-05,108.1499,119551,Aditya Birla Sun Life Banking & PSU Debt Fund  - DIRECT - IDCW,Debt Scheme - Banking and PSU Fund,Open Ended Schemes,Aditya Birla Sun Life Mutual Fund,0.047271570082196845
2022-12-06,108.1762,119551,Aditya Birla Sun Life Banking & PSU Debt Fund  - DIRECT - IDCW,Debt Scheme - Banking and PSU Fund,Open Ended Schemes,Aditya Birla Sun Life Mutual Fund,0.0243180992307801
2022-12-07,108.1551,119551,Aditya Birla Sun Life Banking & PSU Debt Fund  - DIRECT - IDCW,Debt Scheme - Banking and PSU Fund,Open Ended Schemes,Aditya Birla Sun Life Mutual Fund,-0.01950521464054722
2022-12-08,108.1783,119551,Aditya Birla Sun Life Banking & PSU Debt Fund  - DIRECT - IDCW,Debt Scheme - Banking and PSU Fund,Open Ended Schemes,Aditya Birla Sun Life Mutual Fund,0.021450675927425777
2022-12-09,108.1868,119551,Aditya Birla Sun Life Banking & PSU Debt Fund  - DIRECT - IDCW,Debt Scheme - Banking and PSU Fund,Open Ended Schemes,Aditya Birla Sun Life Mutual Fund,0.007857398387667303
2022-12-12,108.2614,119551,Aditya Birla Sun Life Banking & PSU Debt Fund  - DIRECT - IDCW,Debt Scheme - Banking and PSU Fund,Open Ended Schemes,Aditya Birla Sun Life Mutual Fund,0.06895480779538499
2022-12-13,108.2884,119551,Aditya Birla Sun Life Banking & PSU Debt Fund  - DIRECT - IDCW,Debt Scheme - Banking and PSU Fund,Open Ended Schemes,Aditya Birla Sun Life Mutual Fund,0.02493963684193634
2022-12-14,108.3488,119551,Aditya Birla Sun Life Banking & PSU Debt Fund  - DIRECT - IDCW,Debt Scheme - Banking and PSU Fund,Open Ended Schemes,Aditya Birla Sun Life Mutual Fund,0.05577698072924964
2022-12-15,108.3336,119551,Aditya Birla Sun Life Banking & PSU Debt Fund  - DIRECT - IDCW,Debt Scheme - Banking and PSU Fund,Open Ended Schemes,Aditya Birla Sun Life Mutual Fund,-0.014028766354579059
2022-12-16,108.3466,119551,Aditya Birla Sun Life Banking & PSU Debt Fund  - DIRECT - IDCW,Debt Scheme - Banking and PSU Fund,Open Ended Schemes,Aditya Birla Sun Life Mutual Fund,0.011999970461595844
2022-12-19,108.3837,119551,Aditya Birla Sun Life Banking & PSU Debt Fund  - DIRECT - IDCW,Debt Scheme - Banking and PSU Fund,Open Ended Schemes,Aditya Birla Sun Life Mutual Fund,0.034241960522995996
2022-12-20,108.4123,119551,Aditya Birla Sun Life Banking & PSU Debt Fund  - DIRECT - IDCW,Debt Scheme - Banking and PSU Fund,Open Ended Schemes,Aditya Birla Sun Life Mutual Fund,0.02638773173455622
2022-12-21,108.3843,119551,Aditya Birla Sun Life Banking & PSU Debt Fund  - DIRECT - IDCW,Debt Scheme - Banking and PSU Fund,Open Ended Schemes,Aditya Birla Sun Life Mutual Fund,-0.02582732771096996
2022-12-22,108.3903,119551,Aditya Birla Sun Life Banking & PSU Debt Fund  - DIRECT - IDCW,Debt Scheme - Banking and PSU Fund,Open Ended Schemes,Aditya Birla Sun Life Mutual Fund,0.005535857130589683
2022-12-23,108.4095,119551,Aditya Birla Sun Life Banking & PSU Debt Fund  - DIRECT - IDCW,Debt Scheme - Banking and PSU Fund,Open Ended Schemes,Aditya Birla Sun Life Mutual Fund,0.01771376220933707
2022-12-26,108.4303,119551,Aditya Birla Sun Life Banking & PSU Debt Fund  - DIRECT - IDCW,Debt Scheme - Banking and PSU Fund,Open Ended Schemes,Aditya Birla Sun Life Mutual Fund,0.019186510407309676
2022-12-27,108.472,119551,Aditya Birla Sun Life Banking & PSU Debt Fund  - DIRECT - IDCW,Debt Scheme - Banking and PSU Fund,Open Ended Schemes,Aditya Birla Sun Life Mutual Fund,0.038457884927001196
2022-12-28,108.4921,119551,Aditya Birla Sun Life Banking & PSU Debt Fund  - DIRECT - IDCW,Debt Scheme - Banking and PSU Fund,Open Ended Schemes,Aditya Birla Sun Life Mutual Fund,0.018530127590521417
2022-12-29,108.4982,119551,Aditya Birla Sun Life Banking & PSU Debt Fund  - DIRECT - IDCW,Debt Scheme - Banking and PSU Fund,Open Ended Schemes,Aditya Birla Sun Life Mutual Fund,0.005622529197979453
2022-12-30,108.5225,119551,Aditya Birla Sun Life Banking & PSU Debt Fund  - DIRECT - IDCW,Debt Scheme - Banking and PSU Fund,Open Ended Schemes,Aditya Birla Sun Life Mutual Fund,0.022396684921965893
2023-01-02,108.5922,119551,Aditya Birla Sun Life Banking & PSU Debt Fund  - DIRECT - IDCW,Debt Scheme - Banking and PSU Fund,Open Ended Schemes,Aditya Birla Sun Life Mutual Fund,0.0642263125158582
2023-01-03,108.627,119551,Aditya Birla Sun Life Banking & PSU Debt Fund  - DIRECT - IDCW,Debt Scheme - Banking and PSU Fund,Open Ended Schemes,Aditya Birla Sun Life Mutual Fund,0.032046500577376236
2023-01-04,108.6262,119551,Aditya Birla Sun Life Banking & PSU Debt Fund  - DIRECT - IDCW,Debt Scheme - Banking and PSU Fund,Open Ended Schemes,Aditya Birla Sun Life Mutual Fund,-0.0007364651513852571
2023-01-05,108.6405,119551,Aditya Birla Sun Life Banking & PSU Debt Fund  - DIRECT - IDCW,Debt Scheme - Banking and PSU Fund,Open Ended Schemes,Aditya Birla Sun Life Mutual Fund,0.013164411532406994
2023-01-06,108.6235,119551,Aditya Birla Sun Life Banking & PSU Debt Fund  - DIRECT - IDCW,Debt Scheme - Banking and PSU Fund,Open Ended Schemes,Aditya Birla Sun Life Mutual Fund,-0.015647939764629193
2023-01-09,108.7189,119551,Aditya Birla Sun Life Banking & PSU Debt Fund  - DIRECT - IDCW,Debt Scheme - Banking and PSU Fund,Open Ended Schemes,Aditya Birla Sun Life Mutual Fund,0.08782629909733775
2023-01-10,108.7409,119551,Aditya Birla Sun Life Banking & PSU Debt Fund  - DIRECT - IDCW,Debt Scheme - Banking and PSU Fund,Open Ended Schemes,Aditya Birla Sun Life Mutual Fund,0.02023567199447296
2023-01-11,108.7682,119551,Aditya Birla Sun Life Banking & PSU Debt Fund  - DIRECT - IDCW,Debt Scheme - Banking and PSU Fund,Open Ended Schemes,Aditya Birla Sun Life Mutual Fund,0.025105549062032217
2023-01-12,108.8154,119551,Aditya Birla Sun Life Banking & PSU Debt Fund  - DIRECT - IDCW,Debt Scheme - Banking and PSU Fund,Open Ended Schemes,Aditya Birla Sun Life Mutual Fund,0.04339503641690445
2023-01-13,108.8441,119551,Aditya Birla Sun Life Banking & PSU Debt Fund  - DIRECT - IDCW,Debt Scheme - Banking and PSU Fund,Open Ended Schemes,Aditya Birla Sun Life Mutual Fund,0.026374943252527316
2023-01-16,108.8945,119551,Aditya Birla Sun Life Banking & PSU Debt Fund  - DIRECT - IDCW,Debt Scheme - Banking and PSU Fund,Open Ended Schemes,Aditya Birla Sun Life Mutual Fund,0.046304760662274624
2023-01-17,108.9098,119551,Aditya Birla Sun Life Banking & PSU Debt Fund  - DIRECT - IDCW,Debt Scheme - Banking and PSU Fund,Open Ended Schemes,Aditya Birla Sun Life Mutual Fund,0.014050296387790873
2023-01-18,108.929,119551,Aditya Birla Sun Life Banking & PSU Debt Fund  - DIRECT - IDCW,Debt Scheme - Banking and PSU Fund,Open Ended Schemes,Aditya Birla Sun Life Mutual Fund,0.017629267522289993
2023-01-19,108.9578,119551,Aditya Birla Sun Life Banking & PSU Debt Fund  - DIRECT - IDCW,Debt Scheme - Banking and PSU Fund,Open Ended Schemes,Aditya Birla Sun Life Mutual Fund,0.0264392402390623
2023-01-20,108.9335,119551,Aditya Birla Sun Life Banking & PSU Debt Fund  - DIRECT - IDCW,Debt Scheme - Banking and PSU Fund,Open Ended Schemes,Aditya Birla Sun Life Mutual Fund,-0.022302212416192013
2023-01-23,108.9803,119551,Aditya Birla Sun Life Banking & PSU Debt Fund  - DIRECT - IDCW,Debt Scheme - Banking and PSU Fund,Open Ended Schemes,Aditya Birla Sun Life Mutual Fund,0.04296199057223227
2023-01-24,108.9995,119551,Aditya Birla Sun Life Banking & PSU Debt Fund  - DIRECT - IDCW,Debt Scheme - Banking and PSU Fund,Open Ended Schemes,Aditya Birla Sun Life Mutual Fund,0.017617863044971926
2023-01-25,108.9962,119551,Aditya Birla Sun Life Banking & PSU Debt Fund  - DIRECT - IDCW,Debt Scheme - Banking and PSU Fund,Open Ended Schemes,Aditya Birla Sun Life Mutual Fund,-0.0030275368235632705
2023-01-27,108.9787,119551,Aditya Birla Sun Life Banking & PSU Debt Fund  - DIRECT - IDCW,Debt Scheme - Banking and PSU Fund,Open Ended Schemes,Aditya Birla Sun Life Mutual Fund,-0.016055605608267243
2023-01-30,109.0072,119551,Aditya Birla Sun Life Banking & PSU Debt Fund  - DIRECT - IDCW,Debt Scheme - Banking and PSU Fund,Open Ended Schemes,Aditya Birla Sun Life Mutual Fund,0.026151899407866885
2023-01-31,109.0678,119551,Aditya Birla Sun Life Banking & PSU Debt Fund  - DIRECT - IDCW,Debt Scheme - Banking and PSU Fund,Open Ended Schemes,Aditya Birla Sun Life Mutual Fund,0.05559265809964575
2023-02-01,109.1849,119551,Aditya Birla Sun Life Banking & PSU Debt Fund  - DIRECT - IDCW,Debt Scheme - Banking and PSU Fund,Open Ended Schemes,Aditya Birla Sun Life Mutual Fund,0.10736441002752173
2023-02-02,109.2186,119551,Aditya Birla Sun Life Banking & PSU Debt Fund  - DIRECT - IDCW,Debt Scheme - Banking and PSU Fund,Open Ended Schemes,Aditya Birla Sun Life Mutual Fund,0.03086507383347481
2023-02-03,109.2425,119551,Aditya Birla Sun Life Banking & PSU Debt Fund  - DIRECT - IDCW,Debt Scheme - Banking and PSU Fund,Open Ended Schemes,Aditya Birla Sun Life Mutual Fund,0.02188271961003352
2023-02-06,109.2662,119551,Aditya Birla Sun Life Banking & PSU Debt Fund  - DIRECT - IDCW,Debt Scheme - Banking and PSU Fund,Open Ended Schemes,Aditya Birla Sun Life Mutual Fund,0.021694853193565677
2023-02-07,109.2826,119551,Aditya Birla Sun Life Banking & PSU Debt Fund  - DIRECT - IDCW,Debt Scheme - Banking and PSU Fund,Open Ended Schemes,Aditya Birla Sun Life Mutual Fund,0.015009216024730598
2023-02-08,109.2472,119551,Aditya Birla Sun Life Banking & PSU Debt Fund  - DIRECT - IDCW,Debt Scheme - Banking and PSU Fund,Open Ended Schemes,Aditya Birla Sun Life Mutual Fund,-0.032393079959658344
2023-02-09,109.2446,119551,Aditya Birla Sun Life Banking & PSU Debt Fund  - DIRECT - IDCW,Debt Scheme - Banking and PSU Fund,Open Ended Schemes,Aditya Birla Sun Life Mutual Fund,-0.002379923695983166
2023-02-10,109.2412,119551,Aditya Birla Sun Life Banking & PSU Debt Fund  - DIRECT - IDCW,Debt Scheme - Banking and PSU Fund,Open Ended Schemes,Aditya Birla Sun Life Mutual Fund,-0.0031122819800666335
2023-02-13,109.2826,119551,Aditya Birla Sun Life Banking & PSU Debt Fund  - DIRECT - IDCW,Debt Scheme - Banking and PSU Fund,Open Ended Schemes,Aditya Birla Sun Life Mutual Fund,0.03789778947869138
2023-02-14,109.248,119551,Aditya Birla Sun Life Banking & PSU Debt Fund  - DIRECT - IDCW,Debt Scheme - Banking and PSU Fund,Open Ended Schemes,Aditya Birla Sun Life Mutual Fund,-0.03166103295492162
2023-02-15,109.2929,119551,Aditya Birla Sun Life Banking & PSU Debt Fund  - DIRECT - IDCW,Debt Scheme - Banking and PSU Fund,Open Ended Schemes,Aditya Birla Sun Life Mutual Fund,0.0410991505565228
2023-02-16,109.3243,119551,Aditya Birla Sun Life Banking & PSU Debt Fund  - DIRECT - IDCW,Debt Scheme - Banking and PSU Fund,Open Ended Schemes,Aditya Birla Sun Life Mutual Fund,0.028730137090327013
2023-02-17,109.2924,119551,Aditya Birla Sun Life Banking & PSU Debt Fund  - DIRECT - IDCW,Debt Scheme - Banking and PSU Fund,Open Ended Schemes,Aditya Birla Sun Life Mutual Fund,-0.02917924011404116
2023-02-20,109.378,119551,Aditya Birla Sun Life Banking & PSU Debt Fund  - DIRECT - IDCW,Debt Scheme - Banking and PSU Fund,Open Ended Schemes,Aditya Birla Sun Life Mutual Fund,0.07832200592172711
2023-02-21,109.4182,119551,Aditya Birla Sun Life Banking & PSU Debt Fund  - DIRECT - IDCW,Debt Scheme - Banking and PSU Fund,Open Ended Schemes,Aditya Birla Sun Life Mutual Fund,0.03675327762437952
2023-02-22,109.3818,119551,Aditya Birla Sun Life Banking & PSU Debt Fund  - DIRECT - IDCW,Debt Scheme - Banking and PSU Fund,Open Ended Schemes,Aditya Birla Sun Life Mutual Fund,-0.0332668605405706
2023-02-23,109.409,119551,Aditya Birla Sun Life Banking & PSU Debt Fund  - DIRECT - IDCW,Debt Scheme - Banking and PSU Fund,Open Ended Schemes,Aditya Birla Sun Life Mutual Fund,0.024867025410091337
2023-02-24,109.4234,119551,Aditya Birla Sun Life Banking & PSU Debt Fund  - DIRECT - IDCW,Debt Scheme - Banking and PSU Fund,Open Ended Schemes,Aditya Birla Sun Life Mutual Fund,0.013161622901214365
2023-02-27,109.4341,119551,Aditya Birla Sun Life Banking & PSU Debt Fund  - DIRECT - IDCW,Debt Scheme - Banking and PSU Fund,Open Ended Schemes,Aditya Birla Sun Life Mutual Fund,0.0097785300036346
2023-02-28,109.4442,119551,Aditya Birla Sun Life Banking & PSU Debt Fund  - DIRECT - IDCW,Debt Scheme - Banking and PSU Fund,Open Ended Schemes,Aditya Birla Sun Life Mutual Fund,0.00922929872864131
2023-03-01,109.43,119551,Aditya Birla Sun Life Banking & PSU Debt Fund  - DIRECT - IDCW,Debt Scheme - Banking and PSU Fund,Open Ended Schemes,Aditya Birla Sun Life Mutual Fund,-0.01297464826823802
2023-03-02,109.447,119551,Aditya Birla Sun Life Banking & PSU Debt Fund  - DIRECT - IDCW,Debt Scheme - Banking and PSU Fund,Open Ended Schemes,Aditya Birla Sun Life Mutual Fund,0.015535045234393863
2023-03-03,109.4874,119551,Aditya Birla Sun Life Banking & PSU Debt Fund  - DIRECT - IDCW,Debt Scheme - Banking and PSU Fund,Open Ended Schemes,Aditya Birla Sun Life Mutual Fund,0.03691284365947567
2023-03-06,109.5313,119551,Aditya Birla Sun Life Banking & PSU Debt Fund  - DIRECT - IDCW,Debt Scheme - Banking and PSU Fund,Open Ended Schemes,Aditya Birla Sun Life Mutual Fund,0.04009593798008915
2023-03-08,109.5103,119551,Aditya Birla Sun Life Banking & PSU Debt Fund  - DIRECT - IDCW,Debt Scheme - Banking and PSU Fund,Open Ended Schemes,Aditya Birla Sun Life Mutual Fund,-0.019172601804229306
2023-03-09,109.541,119551,Aditya Birla Sun Life Banking & PSU Debt Fund  - DIRECT - IDCW,Debt Scheme - Banking and PSU Fund,Open Ended Schemes,Aditya Birla Sun Life Mutual Fund,0.028033892702317154
2023-03-10,109.5769,119551,Aditya Birla Sun Life Banking & PSU Debt Fund  - DIRECT - IDCW,Debt Scheme - Banking and PSU Fund,Open Ended Schemes,Aditya Birla Sun Life Mutual Fund,0.03277311691511908
2023-03-13,109.7345,119551,Aditya Birla Sun Life Banking & PSU Debt Fund  - DIRECT - IDCW,Debt Scheme - Banking and PSU Fund,Open Ended Schemes,Aditya Birla Sun Life Mutual Fund,0.14382593411568223
2023-03-14,109.7889,119551,Aditya Birla Sun Life Banking & PSU Debt Fund  - DIRECT - IDCW,Debt Scheme - Banking and PSU Fund,Open Ended Schemes,Aditya Birla Sun Life Mutual Fund,0.049574199545276976
2023-03-15,109.8123,119551,Aditya Birla Sun Life Banking & PSU Debt Fund  - DIRECT - IDCW,Debt Scheme - Banking and PSU Fund,Open Ended Schemes,Aditya Birla Sun Life Mutual Fund,0.021313630066432943
2023-03-16,109.7988,119551,Aditya Birla Sun Life Banking & PSU Debt Fund  - DIRECT - IDCW,Debt Scheme - Banking and PSU Fund,Open Ended Schemes,Aditya Birla Sun Life Mutual Fund,-0.012293704803556516
2023-03-17,109.8366,119551,Aditya Birla Sun Life Banking & PSU Debt Fund  - DIRECT - IDCW,Debt Scheme - Banking and PSU Fund,Open Ended Schemes,Aditya Birla Sun Life Mutual Fund,0.03442660575525558
2023-03-20,109.9509,119551,Aditya Birla Sun Life Banking & PSU Debt Fund  - DIRECT - IDCW,Debt Scheme - Banking and PSU Fund,Open Ended Schemes,Aditya Birla Sun Life Mutual Fund,0.10406367276480921
2023-03-21,109.981,119551,Aditya Birla Sun Life Banking & PSU Debt Fund  - DIRECT - IDCW,Debt Scheme - Banking and PSU Fund,Open Ended Schemes,Aditya Birla Sun Life Mutual Fund,0.027375855950229067
2023-03-23,110.0625,119551,Aditya Birla Sun Life Banking & PSU Debt Fund  - DIRECT - IDCW,Debt Scheme - Banking and PSU Fund,Open Ended Schemes,Aditya Birla Sun Life Mutual Fund,0.07410370882243722
2023-03-24,110.0794,119551,Aditya Birla Sun Life Banking & PSU Debt Fund  - DIRECT - IDCW,Debt Scheme - Banking and PSU Fund,Open Ended Schemes,Aditya Birla Sun Life Mutual Fund,0.01535491198183525
2023-03-27,110.1469,119551,Aditya Birla Sun Life Banking & PSU Debt Fund  - DIRECT - IDCW,Debt Scheme - Banking and PSU Fund,Open Ended Schemes,Aditya Birla Sun Life Mutual Fund,0.061319374923907155
2023-03-28,110.1156,119551,Aditya Birla Sun Life Banking & PSU Debt Fund  - DIRECT - IDCW,Debt Scheme - Banking and PSU Fund,Open Ended Schemes,Aditya Birla Sun Life Mutual Fund,-0.028416596381741765
2023-03-29,110.2525,119551,Aditya Birla Sun Life Banking & PSU Debt Fund  - DIRECT - IDCW,Debt Scheme - Banking and PSU Fund,Open Ended Schemes,Aditya Birla Sun Life Mutual Fund,0.12432389234586783
2023-03-31,110.3887,119551,Aditya Birla Sun Life Banking & PSU Debt Fund  - DIRECT - IDCW,Debt Scheme - Banking and PSU Fund,Open Ended Schemes,Aditya Birla Sun Life Mutual Fund,0.12353461372758279
2023-04-03,110.4369,119551,Aditya Birla Sun Life Banking & PSU Debt Fund  - DIRECT - IDCW,Debt Scheme - Banking and PSU Fund,Open Ended Schemes,Aditya Birla Sun Life Mutual Fund,0.04366388951042577
2023-04-05,110.5493,119551,Aditya Birla Sun Life Banking & PSU Debt Fund  - DIRECT - IDCW,Debt Scheme - Banking and PSU Fund,Open Ended Schemes,Aditya Birla Sun Life Mutual Fund,0.10177757615434935
2023-04-06,110.7692,119551,Aditya Birla Sun Life Banking & PSU Debt Fund  - DIRECT - IDCW,Debt Scheme - Banking and PSU Fund,Open Ended Schemes,Aditya Birla Sun Life Mutual Fund,0.19891577784751924
2023-04-10,110.8339,119551,Aditya Birla Sun Life Banking & PSU Debt Fund  - DIRECT - IDCW,Debt Scheme - Banking and PSU Fund,Open Ended Schemes,Aditya Birla Sun Life Mutual Fund,0.05840973844715158
2023-04-11,110.847,119551,Aditya Birla Sun Life Banking & PSU Debt Fund  - DIRECT - IDCW,Debt Scheme - Banking and PSU Fund,Open Ended Schemes,Aditya Birla Sun Life Mutual Fund,0.011819488441711101
2023-04-12,110.9134,119551,Aditya Birla Sun Life Banking & PSU Debt Fund  - DIRECT - IDCW,Debt Scheme - Banking and PSU Fund,Open Ended Schemes,Aditya Birla Sun Life Mutual Fund,0.059902387976218385
2023-04-13,110.9273,119551,Aditya Birla Sun Life Banking & PSU Debt Fund  - DIRECT - IDCW,Debt Scheme - Banking and PSU Fund,Open Ended Schemes,Aditya Birla Sun Life Mutual Fund,0.012532299974576944
2023-04-17,110.9947,119551,Aditya Birla Sun Life Banking & PSU Debt Fund  - DIRECT - IDCW,Debt Scheme - Banking and PSU Fund,Open Ended Schemes,Aditya Birla Sun Life Mutual Fund,0.060760516121805
2023-04-18,111.029,119551,Aditya Birla Sun Life Banking & PSU Debt Fund  - DIRECT - IDCW,Debt Scheme - Banking and PSU Fund,Open Ended Schemes,Aditya Birla Sun Life Mutual Fund,0.03090237641978355
2023-04-19,111.0669,119551,Aditya Birla Sun Life Banking & PSU Debt Fund  - DIRECT - IDCW,Debt Scheme - Banking and PSU Fund,Open Ended Schemes,Aditya Birla Sun Life Mutual Fund,0.03413522593196383
2023-04-20,111.0695,119551,Aditya Birla Sun Life Banking & PSU Debt Fund  - DIRECT - IDCW,Debt Scheme - Banking and PSU Fund,Open Ended Schemes,Aditya Birla Sun Life Mutual Fund,0.0023409314566347206
2023-04-21,111.1177,119551,Aditya Birla Sun Life Banking & PSU Debt Fund  - DIRECT - IDCW,Debt Scheme - Banking and PSU Fund,Open Ended Schemes,Aditya Birla Sun Life Mutual Fund,0.04339625189633267
2023-04-24,111.2444,119551,Aditya Birla Sun Life Banking & PSU Debt Fund  - DIRECT - IDCW,Debt Scheme - Banking and PSU Fund,Open Ended Schemes,Aditya Birla Sun Life Mutual Fund,0.11402323842195639
2023-04-25,111.2845,119551,Aditya Birla Sun Life Banking & PSU Debt Fund  - DIRECT - IDCW,Debt Scheme - Banking and PSU Fund,Open Ended Schemes,Aditya Birla Sun Life Mutual Fund,0.03604675830872761
2023-04-26,111.3157,119551,Aditya Birla Sun Life Banking & PSU Debt Fund  - DIRECT - IDCW,Debt Scheme - Banking and PSU Fund,Open Ended Schemes,Aditya Birla Sun Life Mutual Fund,0.028036249432772387
2023-04-27,111.3747,119551,Aditya Birla Sun Life Banking & PSU Debt Fund  - DIRECT - IDCW,Debt Scheme - Banking and PSU Fund,Open Ended Schemes,Aditya Birla Sun Life Mutual Fund,0.053002406668589686
2023-04-28,111.3814,119551,Aditya Birla Sun Life Banking & PSU Debt Fund  - DIRECT - IDCW,Debt Scheme - Banking and PSU Fund,Open Ended Schemes,Aditya Birla Sun Life Mutual Fund,0.006015728886366034
2023-05-02,111.4551,119551,Aditya Birla Sun Life Banking & PSU Debt Fund  - DIRECT - IDCW,Debt Scheme - Banking and PSU Fund,Open Ended Schemes,Aditya Birla Sun Life Mutual Fund,0.06616903720011447
2023-05-03,111.534,119551,Aditya Birla Sun Life Banking & PSU Debt Fund  - DIRECT - IDCW,Debt Scheme - Banking and PSU Fund,Open Ended Schemes,Aditya Birla Sun Life Mutual Fund,0.07079083864265368
2023-05-04,111.556,119551,Aditya Birla Sun Life Banking & PSU Debt Fund  - DIRECT - IDCW,Debt Scheme - Banking and PSU Fund,Open Ended Schemes,Aditya Birla Sun Life Mutual Fund,0.019724926928099684
2023-05-08,111.6462,119551,Aditya Birla Sun Life Banking & PSU Debt Fund  - DIRECT - IDCW,Debt Scheme - Banking and PSU Fund,Open Ended Schemes,Aditya Birla Sun Life Mutual Fund,0.08085625156870613
2023-05-09,111.6494,119551,Aditya Birla Sun Life Banking & PSU Debt Fund  - DIRECT - IDCW,Debt Scheme - Banking and PSU Fund,Open Ended Schemes,Aditya Birla Sun Life Mutual Fund,0.002866196968653867
2023-05-10,111.6632,119551,Aditya Birla Sun Life Banking & PSU Debt Fund  - DIRECT - IDCW,Debt Scheme - Banking and PSU Fund,Open Ended Schemes,Aditya Birla Sun Life Mutual Fund,0.01236012016185839
2023-05-11,111.6912,119551,Aditya Birla Sun Life Banking & PSU Debt Fund  - DIRECT - IDCW,Debt Scheme - Banking and PSU Fund,Open Ended Schemes,Aditya Birla Sun Life Mutual Fund,0.025075405326013822
2023-05-12,111.7357,119551,Aditya Birla Sun Life Banking & PSU Debt Fund  - DIRECT - IDCW,Debt Scheme - Banking and PSU Fund,Open Ended Schemes,Aditya Birla Sun Life Mutual Fund,0.039841992923350666
2023-05-15,111.8017,119551,Aditya Birla Sun Life Banking & PSU Debt Fund  - DIRECT - IDCW,Debt Scheme - Banking and PSU Fund,Open Ended Schemes,Aditya Birla Sun Life Mutual Fund,0.05906796126931013
2023-05-16,111.8439,119551,Aditya Birla Sun Life Banking & PSU Debt Fund  - DIRECT - IDCW,Debt Scheme - Banking and PSU Fund,Open Ended Schemes,Aditya Birla Sun Life Mutual Fund,0.03774540100911494
2023-05-17,111.8786,119551,Aditya Birla Sun Life Banking & PSU Debt Fund  - DIRECT - IDCW,Debt Scheme - Banking and PSU Fund,Open Ended Schemes,Aditya Birla Sun Life Mutual Fund,0.031025384486782492
2023-05-18,111.9625,119551,Aditya Birla Sun Life Banking & PSU Debt Fund  - DIRECT - IDCW,Debt Scheme - Banking and PSU Fund,Open Ended Schemes,Aditya Birla Sun Life Mutual Fund,0.07499200025742336
2023-05-19,111.9729,119551,Aditya Birla Sun Life Banking & PSU Debt Fund  - DIRECT - IDCW,Debt Scheme - Banking and PSU Fund,Open Ended Schemes,Aditya Birla Sun Life Mutual Fund,0.009288824383157923
2023-05-22,112.1196,119551,Aditya Birla Sun Life Banking & PSU Debt Fund  - DIRECT - IDCW,Debt Scheme - Banking and PSU Fund,Open Ended Schemes,Aditya Birla Sun Life Mutual Fund,0.1310138435282271
2023-05-23,112.1072,119551,Aditya Birla Sun Life Banking & PSU Debt Fund  - DIRECT - IDCW,Debt Scheme - Banking and PSU Fund,Open Ended Schemes,Aditya Birla Sun Life Mutual Fund,-0.011059618478836963
2023-05-24,112.1392,119551,Aditya Birla Sun Life Banking & PSU Debt Fund  - DIRECT - IDCW,Debt Scheme - Banking and PSU Fund,Open Ended Schemes,Aditya Birla Sun Life Mutual Fund,0.02854410778254657
2023-05-25,112.1468,119551,Aditya Birla Sun Life Banking & PSU Debt Fund  - DIRECT - IDCW,Debt Scheme - Banking and PSU Fund,Open Ended Schemes,Aditya Birla Sun Life Mutual Fund,0.006777291081072612
2023-05-26,112.1609,119551,Aditya Birla Sun Life Banking & PSU Debt Fund  - DIRECT - IDCW,Debt Scheme - Banking and PSU Fund,Open Ended Schemes,Aditya Birla Sun Life Mutual Fund,0.01257280635738045
2023-05-29,112.1994,119551,Aditya Birla Sun Life Banking & PSU Debt Fund  - DIRECT - IDCW,Debt Scheme - Banking and PSU Fund,Open Ended Schemes,Aditya Birla Sun Life Mutual Fund,0.034325687472192
2023-05-30,112.2149,119551,Aditya Birla Sun Life Banking & PSU Debt Fund  - DIRECT - IDCW,Debt Scheme - Banking and PSU Fund,Open Ended Schemes,Aditya Birla Sun Life Mutual Fund,0.013814690631153148
2023-05-31,112.2328,119551,Aditya Birla Sun Life Banking & PSU Debt Fund  - DIRECT - IDCW,Debt Scheme - Banking and PSU Fund,Open Ended Schemes,Aditya Birla Sun Life Mutual Fund,0.015951535847724685
2023-06-01,112.3041,119551,Aditya Birla Sun Life Banking & PSU Debt Fund  - DIRECT - IDCW,Debt Scheme - Banking and PSU Fund,Open Ended Schemes,Aditya Birla Sun Life Mutual Fund,0.06352866541690094
2023-06-02,112.3136,119551,Aditya Birla Sun Life Banking & PSU Debt Fund  - DIRECT - IDCW,Debt Scheme - Banking and PSU Fund,Open Ended Schemes,Aditya Birla Sun Life Mutual Fund,0.008459174687280857
2023-06-05,112.35,119551,Aditya Birla Sun Life Banking & PSU Debt Fund  - DIRECT - IDCW,Debt Scheme - Banking and PSU Fund,Open Ended Schemes,Aditya Birla Sun Life Mutual Fund,0.03240925408856121
2023-06-06,112.3976,119551,Aditya Birla Sun Life Banking & PSU Debt Fund  - DIRECT - IDCW,Debt Scheme - Banking and PSU Fund,Open Ended Schemes,Aditya Birla Sun Life Mutual Fund,0.04236760124611827
2023-06-07,112.4241,119551,Aditya Birla Sun Life Banking & PSU Debt Fund  - DIRECT - IDCW,Debt Scheme - Banking and PSU Fund,Open Ended Schemes,Aditya Birla Sun Life Mutual Fund,0.023577015879339136
2023-06-08,112.3995,119551,Aditya Birla Sun Life Banking & PSU Debt Fund  - DIRECT - IDCW,Debt Scheme - Banking and PSU Fund,Open Ended Schemes,Aditya Birla Sun Life Mutual Fund,-0.02188142933765569
2023-06-09,112.3662,119551,Aditya Birla Sun Life Banking & PSU Debt Fund  - DIRECT - IDCW,Debt Scheme - Banking and PSU Fund,Open Ended Schemes,Aditya Birla Sun Life Mutual Fund,-0.029626466309895516
2023-06-12,112.4181,119551,Aditya Birla Sun Life Banking & PSU Debt Fund  - DIRECT - IDCW,Debt Scheme - Banking and PSU Fund,Open Ended Schemes,Aditya Birla Sun Life Mutual Fund,0.04618826657838415
2023-06-13,112.4564,119551,Aditya Birla Sun Life Banking & PSU Debt Fund  - DIRECT - IDCW,Debt Scheme - Banking and PSU Fund,Open Ended Schemes,Aditya Birla Sun Life Mutual Fund,0.03406924685616097
2023-06-14,112.4522,119551,Aditya Birla Sun Life Banking & PSU Debt Fund  - DIRECT - IDCW,Debt Scheme - Banking and PSU Fund,Open Ended Schemes,Aditya Birla Sun Life Mutual Fund,-0.0037347807683718592
2023-06-15,112.4579,119551,Aditya Birla Sun Life Banking & PSU Debt Fund  - DIRECT - IDCW,Debt Scheme - Banking and PSU Fund,Open Ended Schemes,Aditya Birla Sun Life Mutual Fund,0.005068820352094328
2023-06-16,112.4688,119551,Aditya Birla Sun Life Banking & PSU Debt Fund  - DIRECT - IDCW,Debt Scheme - Banking and PSU Fund,Open Ended Schemes,Aditya Birla Sun Life Mutual Fund,0.009692516043791066
2023-06-19,112.5427,119551,Aditya Birla Sun Life Banking & PSU Debt Fund  - DIRECT - IDCW,Debt Scheme - Banking and PSU Fund,Open Ended Schemes,Aditya Birla Sun Life Mutual Fund,0.06570711166118404
2023-06-20,112.5543,119551,Aditya Birla Sun Life Banking & PSU Debt Fund  - DIRECT - IDCW,Debt Scheme - Banking and PSU Fund,Open Ended Schemes,Aditya Birla Sun Life Mutual Fund,0.010307198956494013
2023-06-21,112.5483,119551,Aditya Birla Sun Life Banking & PSU Debt Fund  - DIRECT - IDCW,Debt Scheme - Banking and PSU Fund,Open Ended Schemes,Aditya Birla Sun Life Mutual Fund,-0.00533076035300617
2023-06-22,112.5347,119551,Aditya Birla Sun Life Banking & PSU Debt Fund  - DIRECT - IDCW,Debt Scheme - Banking and PSU Fund,Open Ended Schemes,Aditya Birla Sun Life Mutual Fund,-0.012083700953280374
2023-06-23,112.5447,119551,Aditya Birla Sun Life Banking & PSU Debt Fund  - DIRECT - IDCW,Debt Scheme - Banking and PSU Fund,Open Ended Schemes,Aditya Birla Sun Life Mutual Fund,0.008886148005915473
2023-06-26,112.5988,119551,Aditya Birla Sun Life Banking & PSU Debt Fund  - DIRECT - IDCW,Debt Scheme - Banking and PSU Fund,Open Ended Schemes,Aditya Birla Sun Life Mutual Fund,0.04806978915932181
2023-06-27,112.6073,119551,Aditya Birla Sun Life Banking & PSU Debt Fund  - DIRECT - IDCW,Debt Scheme - Banking and PSU Fund,Open Ended Schemes,Aditya Birla Sun Life Mutual Fund,0.007548925921052607
2023-06-28,112.6521,119551,Aditya Birla Sun Life Banking & PSU Debt Fund  - DIRECT - IDCW,Debt Scheme - Banking and PSU Fund,Open Ended Schemes,Aditya Birla Sun Life Mutual Fund,0.03978427686306407
2023-06-30,112.6635,119551,Aditya Birla Sun Life Banking & PSU Debt Fund  - DIRECT - IDCW,Debt Scheme - Banking and PSU Fund,Open Ended Schemes,Aditya Birla Sun Life Mutual Fund,0.010119651564410859
2023-07-03,112.6779,119551,Aditya Birla Sun Life Banking & PSU Debt Fund  - DIRECT - IDCW,Debt Scheme - Banking and PSU Fund,Open Ended Schemes,Aditya Birla Sun Life Mutual Fund,0.012781424329966207
2023-07-04,112.7332,119551,Aditya Birla Sun Life Banking & PSU Debt Fund  - DIRECT - IDCW,Debt Scheme - Banking and PSU Fund,Open Ended Schemes,Aditya Birla Sun Life Mutual Fund,0.049077946962095
2023-07-05,112.7734,119551,Aditya Birla Sun Life Banking & PSU Debt Fund  - DIRECT - IDCW,Debt Scheme - Banking and PSU Fund,Open Ended Schemes,Aditya Birla Sun Life Mutual Fund,0.03565941532750472
2023-07-06,112.7607,119551,Aditya Birla Sun Life Banking & PSU Debt Fund  - DIRECT - IDCW,Debt Scheme - Banking and PSU Fund,Open Ended Schemes,Aditya Birla Sun Life Mutual Fund,-0.011261520890559762
2023-07-07,112.7417,119551,Aditya Birla Sun Life Banking & PSU Debt Fund  - DIRECT - IDCW,Debt Scheme - Banking and PSU Fund,Open Ended Schemes,Aditya Birla Sun Life Mutual Fund,-0.016849842187927067
2023-07-10,112.7947,119551,Aditya Birla Sun Life Banking & PSU Debt Fund  - DIRECT - IDCW,Debt Scheme - Banking and PSU Fund,Open Ended Schemes,Aditya Birla Sun Life Mutual Fund,0.047010112496104206
2023-07-11,112.879,119551,Aditya Birla Sun Life Banking & PSU Debt Fund  - DIRECT - IDCW,Debt Scheme - Banking and PSU Fund,Open Ended Schemes,Aditya Birla Sun Life Mutual Fund,0.07473755415812189
2023-07-12,112.8785,119551,Aditya Birla Sun Life Banking & PSU Debt Fund  - DIRECT - IDCW,Debt Scheme - Banking and PSU Fund,Open Ended Schemes,Aditya Birla Sun Life Mutual Fund,-0.00044295218774026424
2023-07-13,112.9794,119551,Aditya Birla Sun Life Banking & PSU Debt Fund  - DIRECT - IDCW,Debt Scheme - Banking and PSU Fund,Open Ended Schemes,Aditya Birla Sun Life Mutual Fund,0.08938814743284507
2023-07-14,113.0224,119551,Aditya Birla Sun Life Banking & PSU Debt Fund  - DIRECT - IDCW,Debt Scheme - Banking and PSU Fund,Open Ended Schemes,Aditya Birla Sun Life Mutual Fund,0.03806003572333072
2023-07-17,113.0933,119551,Aditya Birla Sun Life Banking & PSU Debt Fund  - DIRECT - IDCW,Debt Scheme - Banking and PSU Fund,Open Ended Schemes,Aditya Birla Sun Life Mutual Fund,0.06273092767450361
2023-07-18,113.1539,119551,Aditya Birla Sun Life Banking & PSU Debt Fund  - DIRECT - IDCW,Debt Scheme - Banking and PSU Fund,Open Ended Schemes,Aditya Birla Sun Life Mutual Fund,0.05358407615658756
2023-07-19,113.185,119551,Aditya Birla Sun Life Banking & PSU Debt Fund  - DIRECT - IDCW,Debt Scheme - Banking and PSU Fund,Open Ended Schemes,Aditya Birla Sun Life Mutual Fund,0.027484691203749634
2023-07-20,113.2135,119551,Aditya Birla Sun Life Banking & PSU Debt Fund  - DIRECT - IDCW,Debt Scheme - Banking and PSU Fund,Open Ended Schemes,Aditya Birla Sun Life Mutual Fund,0.02518001501965461
2023-07-21,113.1867,119551,Aditya Birla Sun Life Banking & PSU Debt Fund  - DIRECT - IDCW,Debt Scheme - Banking and PSU Fund,Open Ended Schemes,Aditya Birla Sun Life Mutual Fund,-0.023672088575998895
2023-07-24,113.252,119551,Aditya Birla Sun Life Banking & PSU Debt Fund  - DIRECT - IDCW,Debt Scheme - Banking and PSU Fund,Open Ended Schemes,Aditya Birla Sun Life Mutual Fund,0.057692290701982785
2023-07-25,113.2068,119551,Aditya Birla Sun Life Banking & PSU Debt Fund  - DIRECT - IDCW,Debt Scheme - Banking and PSU Fund,Open Ended Schemes,Aditya Birla Sun Life Mutual Fund,-0.039910994949310385
2023-07-26,113.25,119551,Aditya Birla Sun Life Banking & PSU Debt Fund  - DIRECT - IDCW,Debt Scheme - Banking and PSU Fund,Open Ended Schemes,Aditya Birla Sun Life Mutual Fund,0.03816025185765515
2023-07-27,113.302,119551,Aditya Birla Sun Life Banking & PSU Debt Fund  - DIRECT - IDCW,Debt Scheme - Banking and PSU Fund,Open Ended Schemes,Aditya Birla Sun Life Mutual Fund,0.04591611479030089
2023-07-28,113.2233,119551,Aditya Birla Sun Life Banking & PSU Debt Fund  - DIRECT - IDCW,Debt Scheme - Banking and PSU Fund,Open Ended Schemes,Aditya Birla Sun Life Mutual Fund,-0.06946038022277445
2023-07-31,113.2955,119551,Aditya Birla Sun Life Banking & PSU Debt Fund  - DIRECT - IDCW,Debt Scheme - Banking and PSU Fund,Open Ended Schemes,Aditya Birla Sun Life Mutual Fund,0.06376779337822214
2023-08-01,113.3502,119551,Aditya Birla Sun Life Banking & PSU Debt Fund  - DIRECT - IDCW,Debt Scheme - Banking and PSU Fund,Open Ended Schemes,Aditya Birla Sun Life Mutual Fund,0.04828082315713189
2023-08-02,113.371,119551,Aditya Birla Sun Life Banking & PSU Debt Fund  - DIRECT - IDCW,Debt Scheme - Banking and PSU Fund,Open Ended Schemes,Aditya Birla Sun Life Mutual Fund,0.018350210233419872
2023-08-03,113.3366,119551,Aditya Birla Sun Life Banking & PSU Debt Fund  - DIRECT - IDCW,Debt Scheme - Banking and PSU Fund,Open Ended Schemes,Aditya Birla Sun Life Mutual Fund,-0.030342856638809756
2023-08-04,113.3024,119551,Aditya Birla Sun Life Banking & PSU Debt Fund  - DIRECT - IDCW,Debt Scheme - Banking and PSU Fund,Open Ended Schemes,Aditya Birla Sun Life Mutual Fund,-0.030175600820914195
2023-08-07,113.4145,119551,Aditya Birla Sun Life Banking & PSU Debt Fund  - DIRECT - IDCW,Debt Scheme - Banking and PSU Fund,Open Ended Schemes,Aditya Birla Sun Life Mutual Fund,0.09893876916993172
2023-08-08,113.4097,119551,Aditya Birla Sun Life Banking & PSU Debt Fund  - DIRECT - IDCW,Debt Scheme - Banking and PSU Fund,Open Ended Schemes,Aditya Birla Sun Life Mutual Fund,-0.004232263070425013
2023-08-09,113.4446,119551,Aditya Birla Sun Life Banking & PSU Debt Fund  - DIRECT - IDCW,Debt Scheme - Banking and PSU Fund,Open Ended Schemes,Aditya Birla Sun Life Mutual Fund,0.030773381818294254
2023-08-10,113.4695,119551,Aditya Birla Sun Life Banking & PSU Debt Fund  - DIRECT - IDCW,Debt Scheme - Banking and PSU Fund,Open Ended Schemes,Aditya Birla Sun Life Mutual Fund,0.02194903944303661
2023-08-11,113.4328,119551,Aditya Birla Sun Life Banking & PSU Debt Fund  - DIRECT - IDCW,Debt Scheme - Banking and PSU Fund,Open Ended Schemes,Aditya Birla Sun Life Mutual Fund,-0.03234349318539387
2023-08-14,113.4717,119551,Aditya Birla Sun Life Banking & PSU Debt Fund  - DIRECT - IDCW,Debt Scheme - Banking and PSU Fund,Open Ended Schemes,Aditya Birla Sun Life Mutual Fund,0.03429343188212641
2023-08-17,113.448,119551,Aditya Birla Sun Life Banking & PSU Debt Fund  - DIRECT - IDCW,Debt Scheme - Banking and PSU Fund,Open Ended Schemes,Aditya Birla Sun Life Mutual Fund,-0.02088626503349289
2023-08-18,113.5055,119551,Aditya Birla Sun Life Banking & PSU Debt Fund  - DIRECT - IDCW,Debt Scheme - Banking and PSU Fund,Open Ended Schemes,Aditya Birla Sun Life Mutual Fund,0.0506840138213116
2023-08-21,113.5726,119551,Aditya Birla Sun Life Banking & PSU Debt Fund  - DIRECT - IDCW,Debt Scheme - Banking and PSU Fund,Open Ended Schemes,Aditya Birla Sun Life Mutual Fund,0.05911607807551622
2023-08-22,113.5608,119551,Aditya Birla Sun Life Banking & PSU Debt Fund  - DIRECT - IDCW,Debt Scheme - Banking and PSU Fund,Open Ended Schemes,Aditya Birla Sun Life Mutual Fund,-0.01038982994137072
2023-08-23,113.6358,119551,Aditya Birla Sun Life Banking & PSU Debt Fund  - DIRECT - IDCW,Debt Scheme - Banking and PSU Fund,Open Ended Schemes,Aditya Birla Sun Life Mutual Fund,0.06604391656275244
2023-08-24,113.6982,119551,Aditya Birla Sun Life Banking & PSU Debt Fund  - DIRECT - IDCW,Debt Scheme - Banking and PSU Fund,Open Ended Schemes,Aditya Birla Sun Life Mutual Fund,0.05491227236487095
2023-08-25,113.708,119551,Aditya Birla Sun Life Banking & PSU Debt Fund  - DIRECT - IDCW,Debt Scheme - Banking and PSU Fund,Open Ended Schemes,Aditya Birla Sun Life Mutual Fund,0.00861930971642888
2023-08-28,113.8221,119551,Aditya Birla Sun Life Banking & PSU Debt Fund  - DIRECT - IDCW,Debt Scheme - Banking and PSU Fund,Open Ended Schemes,Aditya Birla Sun Life Mutual Fund,0.10034474267421878
2023-08-29,113.8467,119551,Aditya Birla Sun Life Banking & PSU Debt Fund  - DIRECT - IDCW,Debt Scheme - Banking and PSU Fund,Open Ended Schemes,Aditya Birla Sun Life Mutual Fund,0.021612674515747443
2023-08-30,113.8834,119551,Aditya Birla Sun Life Banking & PSU Debt Fund  - DIRECT - IDCW,Debt Scheme - Banking and PSU Fund,Open Ended Schemes,Aditya Birla Sun Life Mutual Fund,0.03223633183921937
2023-08-31,113.9005,119551,Aditya Birla Sun Life Banking & PSU Debt Fund  - DIRECT - IDCW,Debt Scheme - Banking and PSU Fund,Open Ended Schemes,Aditya Birla Sun Life Mutual Fund,0.015015357813341623
2023-09-01,113.9205,119551,Aditya Birla Sun Life Banking & PSU Debt Fund  - DIRECT - IDCW,Debt Scheme - Banking and PSU Fund,Open Ended Schemes,Aditya Birla Sun Life Mutual Fund,0.01755918542940549
2023-09-04,113.9843,119551,Aditya Birla Sun Life Banking & PSU Debt Fund  - DIRECT - IDCW,Debt Scheme - Banking and PSU Fund,Open Ended Schemes,Aditya Birla Sun Life Mutual Fund,0.056003967679219
2023-09-05,113.9984,119551,Aditya Birla Sun Life Banking & PSU Debt Fund  - DIRECT - IDCW,Debt Scheme - Banking and PSU Fund,Open Ended Schemes,Aditya Birla Sun Life Mutual Fund,0.012370124657512527
2023-09-06,113.9571,119551,Aditya Birla Sun Life Banking & PSU Debt Fund  - DIRECT - IDCW,Debt Scheme - Banking and PSU Fund,Open Ended Schemes,Aditya Birla Sun Life Mutual Fund,-0.03622857864672424
2023-09-07,114.0437,119551,Aditya Birla Sun Life Banking & PSU Debt Fund  - DIRECT - IDCW,Debt Scheme - Banking and PSU Fund,Open Ended Schemes,Aditya Birla Sun Life Mutual Fund,0.07599350983835684
2023-09-08,114.0015,119551,Aditya Birla Sun Life Banking & PSU Debt Fund  - DIRECT - IDCW,Debt Scheme - Banking and PSU Fund,Open Ended Schemes,Aditya Birla Sun Life Mutual Fund,-0.03700335923861875
2023-09-11,114.0239,119551,Aditya Birla Sun Life Banking & PSU Debt Fund  - DIRECT - IDCW,Debt Scheme - Banking and PSU Fund,Open Ended Schemes,Aditya Birla Sun Life Mutual Fund,0.019648864269328215
2023-09-12,114.0096,119551,Aditya Birla Sun Life Banking & PSU Debt Fund  - DIRECT - IDCW,Debt Scheme - Banking and PSU Fund,Open Ended Schemes,Aditya Birla Sun Life Mutual Fund,-0.012541230391160951
2023-09-13,114.1471,119551,Aditya Birla Sun Life Banking & PSU Debt Fund  - DIRECT - IDCW,Debt Scheme - Banking and PSU Fund,Open Ended Schemes,Aditya Birla Sun Life Mutual Fund,0.12060387897159242
2023-09-14,114.2468,119551,Aditya Birla Sun Life Banking & PSU Debt Fund  - DIRECT - IDCW,Debt Scheme - Banking and PSU Fund,Open Ended Schemes,Aditya Birla Sun Life Mutual Fund,0.0873434366707615
2023-09-15,114.1634,119551,Aditya Birla Sun Life Banking & PSU Debt Fund  - DIRECT - IDCW,Debt Scheme - Banking and PSU Fund,Open Ended Schemes,Aditya Birla Sun Life Mutual Fund,-0.07299985645111695
2023-09-18,114.2257,119551,Aditya Birla Sun Life Banking & PSU Debt Fund  - DIRECT - IDCW,Debt Scheme - Banking and PSU Fund,Open Ended Schemes,Aditya Birla Sun Life Mutual Fund,0.054570904510553575
2023-09-20,114.3068,119551,Aditya Birla Sun Life Banking & PSU Debt Fund  - DIRECT - IDCW,Debt Scheme - Banking and PSU Fund,Open Ended Schemes,Aditya Birla Sun Life Mutual Fund,0.07099978376143845
2023-09-21,114.3346,119551,Aditya Birla Sun Life Banking & PSU Debt Fund  - DIRECT - IDCW,Debt Scheme - Banking and PSU Fund,Open Ended Schemes,Aditya Birla Sun Life Mutual Fund,0.024320512865383392
2023-09-22,114.3437,119551,Aditya Birla Sun Life Banking & PSU Debt Fund  - DIRECT - IDCW,Debt Scheme - Banking and PSU Fund,Open Ended Schemes,Aditya Birla Sun Life Mutual Fund,0.007959095496912205
2023-09-25,114.3926,119551,Aditya Birla Sun Life Banking & PSU Debt Fund  - DIRECT - IDCW,Debt Scheme - Banking and PSU Fund,Open Ended Schemes,Aditya Birla Sun Life Mutual Fund,0.04276580170137212
2023-09-26,114.3858,119551,Aditya Birla Sun Life Banking & PSU Debt Fund  - DIRECT - IDCW,Debt Scheme - Banking and PSU Fund,Open Ended Schemes,Aditya Birla Sun Life Mutual Fund,-0.005944440462057887
2023-09-27,114.4022,119551,Aditya Birla Sun Life Banking & PSU Debt Fund  - DIRECT - IDCW,Debt Scheme - Banking and PSU Fund,Open Ended Schemes,Aditya Birla Sun Life Mutual Fund,0.014337443983425402
2023-09-29,114.3746,119551,Aditya Birla Sun Life Banking & PSU Debt Fund  - DIRECT - IDCW,Debt Scheme - Banking and PSU Fund,Open Ended Schemes,Aditya Birla Sun Life Mutual Fund,-0.02412541017566827
2023-10-03,114.4257,119551,Aditya Birla Sun Life Banking & PSU Debt Fund  - DIRECT - IDCW,Debt Scheme - Banking and PSU Fund,Open Ended Schemes,Aditya Birla Sun Life Mutual Fund,0.04467775187848577
2023-10-04,114.4301,119551,Aditya Birla Sun Life Banking & PSU Debt Fund  - DIRECT - IDCW,Debt Scheme - Banking and PSU Fund,Open Ended Schemes,Aditya Birla Sun Life Mutual Fund,0.003845290000392687
2023-10-05,114.5152,119551,Aditya Birla Sun Life Banking & PSU Debt Fund  - DIRECT - IDCW,Debt Scheme - Banking and PSU Fund,Open Ended Schemes,Aditya Birla Sun Life Mutual Fund,0.07436854463991338
2023-10-06,114.2282,119551,Aditya Birla Sun Life Banking & PSU Debt Fund  - DIRECT - IDCW,Debt Scheme - Banking and PSU Fund,Open Ended Schemes,Aditya Birla Sun Life Mutual Fund,-0.2506217515229392
2023-10-09,114.2335,119551,Aditya Birla Sun Life Banking & PSU Debt Fund  - DIRECT - IDCW,Debt Scheme - Banking and PSU Fund,Open Ended Schemes,Aditya Birla Sun Life Mutual Fund,0.004639834996966741
2023-10-10,114.2773,119551,Aditya Birla Sun Life Banking & PSU Debt Fund  - DIRECT - IDCW,Debt Scheme - Banking and PSU Fund,Open Ended Schemes,Aditya Birla Sun Life Mutual Fund,0.03834251773777719
2023-10-11,114.3772,119551,Aditya Birla Sun Life Banking & PSU Debt Fund  - DIRECT - IDCW,Debt Scheme - Banking and PSU Fund,Open Ended Schemes,Aditya Birla Sun Life Mutual Fund,0.08741893621917463
2023-10-12,114.4277,119551,Aditya Birla Sun Life Banking & PSU Debt Fund  - DIRECT - IDCW,Debt Scheme - Banking and PSU Fund,Open Ended Schemes,Aditya Birla Sun Life Mutual Fund,0.04415215619897328
2023-10-13,114.4576,119551,Aditya Birla Sun Life Banking & PSU Debt Fund  - DIRECT - IDCW,Debt Scheme - Banking and PSU Fund,Open Ended Schemes,Aditya Birla Sun Life Mutual Fund,0.026130036695648506
2023-10-16,114.515,119551,Aditya Birla Sun Life Banking & PSU Debt Fund  - DIRECT - IDCW,Debt Scheme - Banking and PSU Fund,Open Ended Schemes,Aditya Birla Sun Life Mutual Fund,0.050149575039148964
2023-10-17,114.5336,119551,Aditya Birla Sun Life Banking & PSU Debt Fund  - DIRECT - IDCW,Debt Scheme - Banking and PSU Fund,Open Ended Schemes,Aditya Birla Sun Life Mutual Fund,0.016242413657607813
2023-10-18,114.5264,119551,Aditya Birla Sun Life Banking & PSU Debt Fund  - DIRECT - IDCW,Debt Scheme - Banking and PSU Fund,Open Ended Schemes,Aditya Birla Sun Life Mutual Fund,-0.006286364874596995
2023-10-19,114.5085,119551,Aditya Birla Sun Life Banking & PSU Debt Fund  - DIRECT - IDCW,Debt Scheme - Banking and PSU Fund,Open Ended Schemes,Aditya Birla Sun Life Mutual Fund,-0.01562958409588866
2023-10-20,114.5203,119551,Aditya Birla Sun Life Banking & PSU Debt Fund  - DIRECT - IDCW,Debt Scheme - Banking and PSU Fund,Open Ended Schemes,Aditya Birla Sun Life Mutual Fund,0.01030491186244653
2023-10-23,114.5561,119551,Aditya Birla Sun Life Banking & PSU Debt Fund  - DIRECT - IDCW,Debt Scheme - Banking and PSU Fund,Open Ended Schemes,Aditya Birla Sun Life Mutual Fund,0.03126083323217177
2023-10-25,114.6385,119551,Aditya Birla Sun Life Banking & PSU Debt Fund  - DIRECT - IDCW,Debt Scheme - Banking and PSU Fund,Open Ended Schemes,Aditya Birla Sun Life Mutual Fund,0.0719298230299259
2023-10-26,114.6543,119551,Aditya Birla Sun Life Banking & PSU Debt Fund  - DIRECT - IDCW,Debt Scheme - Banking and PSU Fund,Open Ended Schemes,Aditya Birla Sun Life Mutual Fund,0.013782455283362083
2023-10-27,114.6755,119551,Aditya Birla Sun Life Banking & PSU Debt Fund  - DIRECT - IDCW,Debt Scheme - Banking and PSU Fund,Open Ended Schemes,Aditya Birla Sun Life Mutual Fund,0.018490366257517543
2023-10-30,114.7213,119551,Aditya Birla Sun Life Banking & PSU Debt Fund  - DIRECT - IDCW,Debt Scheme - Banking and PSU Fund,Open Ended Schemes,Aditya Birla Sun Life Mutual Fund,0.0399387837855425
2023-10-31,114.7532,119551,Aditya Birla Sun Life Banking & PSU Debt Fund  - DIRECT - IDCW,Debt Scheme - Banking and PSU Fund,Open Ended Schemes,Aditya Birla Sun Life Mutual Fund,0.027806518928930046
2023-11-01,114.7619,119551,Aditya Birla Sun Life Banking & PSU Debt Fund  - DIRECT - IDCW,Debt Scheme - Banking and PSU Fund,Open Ended Schemes,Aditya Birla Sun Life Mutual Fund,0.007581487923635777
2023-11-02,114.8598,119551,Aditya Birla Sun Life Banking & PSU Debt Fund  - DIRECT - IDCW,Debt Scheme - Banking and PSU Fund,Open Ended Schemes,Aditya Birla Sun Life Mutual Fund,0.0853070574816206
2023-11-03,114.9185,119551,Aditya Birla Sun Life Banking & PSU Debt Fund  - DIRECT - IDCW,Debt Scheme - Banking and PSU Fund,Open Ended Schemes,Aditya Birla Sun Life Mutual Fund,0.05110578287614853
2023-11-06,114.9939,119551,Aditya Birla Sun Life Banking & PSU Debt Fund  - DIRECT - IDCW,Debt Scheme - Banking and PSU Fund,Open Ended Schemes,Aditya Birla Sun Life Mutual Fund,0.06561171612926575
2023-11-07,115.0481,119551,Aditya Birla Sun Life Banking & PSU Debt Fund  - DIRECT - IDCW,Debt Scheme - Banking and PSU Fund,Open Ended Schemes,Aditya Birla Sun Life Mutual Fund,0.0471329348774141
2023-11-08,115.097,119551,Aditya Birla Sun Life Banking & PSU Debt Fund  - DIRECT - IDCW,Debt Scheme - Banking and PSU Fund,Open Ended Schemes,Aditya Birla Sun Life Mutual Fund,0.0425039613865863
2023-11-09,115.1482,119551,Aditya Birla Sun Life Banking & PSU Debt Fund  - DIRECT - IDCW,Debt Scheme - Banking and PSU Fund,Open Ended Schemes,Aditya Birla Sun Life Mutual Fund,0.044484217659901404
2023-11-10,115.1099,119551,Aditya Birla Sun Life Banking & PSU Debt Fund  - DIRECT - IDCW,Debt Scheme - Banking and PSU Fund,Open Ended Schemes,Aditya Birla Sun Life Mutual Fund,-0.03326148389640737
2023-11-13,115.1762,119551,Aditya Birla Sun Life Banking & PSU Debt Fund  - DIRECT - IDCW,Debt Scheme - Banking and PSU Fund,Open Ended Schemes,Aditya Birla Sun Life Mutual Fund,0.05759713108950404
2023-11-15,115.3184,119551,Aditya Birla Sun Life Banking & PSU Debt Fund  - DIRECT - IDCW,Debt Scheme - Banking and PSU Fund,Open Ended Schemes,Aditya Birla Sun Life Mutual Fund,0.12346300711432168
2023-11-16,115.359,119551,Aditya Birla Sun Life Banking & PSU Debt Fund  - DIRECT - IDCW,Debt Scheme - Banking and PSU Fund,Open Ended Schemes,Aditya Birla Sun Life Mutual Fund,0.03520687071620898
2023-11-17,115.4046,119551,Aditya Birla Sun Life Banking & PSU Debt Fund  - DIRECT - IDCW,Debt Scheme - Banking and PSU Fund,Open Ended Schemes,Aditya Birla Sun Life Mutual Fund,0.03952877538815347
2023-11-20,115.4124,119551,Aditya Birla Sun Life Banking & PSU Debt Fund  - DIRECT - IDCW,Debt Scheme - Banking and PSU Fund,Open Ended Schemes,Aditya Birla Sun Life Mutual Fund,0.006758829370756558
2023-11-21,115.3462,119551,Aditya Birla Sun Life Banking & PSU Debt Fund  - DIRECT - IDCW,Debt Scheme - Banking and PSU Fund,Open Ended Schemes,Aditya Birla Sun Life Mutual Fund,-0.05735952116064924
2023-11-22,115.3956,119551,Aditya Birla Sun Life Banking & PSU Debt Fund  - DIRECT - IDCW,Debt Scheme - Banking and PSU Fund,Open Ended Schemes,Aditya Birla Sun Life Mutual Fund,0.042827592066330133
2023-11-23,115.3838,119551,Aditya Birla Sun Life Banking & PSU Debt Fund  - DIRECT - IDCW,Debt Scheme - Banking and PSU Fund,Open Ended Schemes,Aditya Birla Sun Life Mutual Fund,-0.010225693180687667
2023-11-24,115.3487,119551,Aditya Birla Sun Life Banking & PSU Debt Fund  - DIRECT - IDCW,Debt Scheme - Banking and PSU Fund,Open Ended Schemes,Aditya Birla Sun Life Mutual Fund,-0.030420214969517634
2023-11-28,115.4606,119551,Aditya Birla Sun Life Banking & PSU Debt Fund  - DIRECT - IDCW,Debt Scheme - Banking and PSU Fund,Open Ended Schemes,Aditya Birla Sun Life Mutual Fund,0.0970101960403591
2023-11-29,115.5248,119551,Aditya Birla Sun Life Banking & PSU Debt Fund  - DIRECT - IDCW,Debt Scheme - Banking and PSU Fund,Open Ended Schemes,Aditya Birla Sun Life Mutual Fund,0.05560338331864756
2023-11-30,115.5118,119551,Aditya Birla Sun Life Banking & PSU Debt Fund  - DIRECT - IDCW,Debt Scheme - Banking and PSU Fund,Open Ended Schemes,Aditya Birla Sun Life Mutual Fund,-0.01125299502791055
2023-12-01,115.4928,119551,Aditya Birla Sun Life Banking & PSU Debt Fund  - DIRECT - IDCW,Debt Scheme - Banking and PSU Fund,Open Ended Schemes,Aditya Birla Sun Life Mutual Fund,-0.016448535993718316
2023-12-04,115.5786,119551,Aditya Birla Sun Life Banking & PSU Debt Fund  - DIRECT - IDCW,Debt Scheme - Banking and PSU Fund,Open Ended Schemes,Aditya Birla Sun Life Mutual Fund,0.07429034537216328
2023-12-05,115.6087,119551,Aditya Birla Sun Life Banking & PSU Debt Fund  - DIRECT - IDCW,Debt Scheme - Banking and PSU Fund,Open Ended Schemes,Aditya Birla Sun Life Mutual Fund,0.0260428833711579
2023-12-06,115.6714,119551,Aditya Birla Sun Life Banking & PSU Debt Fund  - DIRECT - IDCW,Debt Scheme - Banking and PSU Fund,Open Ended Schemes,Aditya Birla Sun Life Mutual Fund,0.05423467265006643
2023-12-07,115.7012,119551,Aditya Birla Sun Life Banking & PSU Debt Fund  - DIRECT - IDCW,Debt Scheme - Banking and PSU Fund,Open Ended Schemes,Aditya Birla Sun Life Mutual Fund,0.025762634497383807
2023-12-08,115.6975,119551,Aditya Birla Sun Life Banking & PSU Debt Fund  - DIRECT - IDCW,Debt Scheme - Banking and PSU Fund,Open Ended Schemes,Aditya Birla Sun Life Mutual Fund,-0.0031978925024045424
2023-12-11,115.7213,119551,Aditya Birla Sun Life Banking & PSU Debt Fund  - DIRECT - IDCW,Debt Scheme - Banking and PSU Fund,Open Ended Schemes,Aditya Birla Sun Life Mutual Fund,0.020570885282733542
2023-12-12,115.7387,119551,Aditya Birla Sun Life Banking & PSU Debt Fund  - DIRECT - IDCW,Debt Scheme - Banking and PSU Fund,Open Ended Schemes,Aditya Birla Sun Life Mutual Fund,0.015036125587930549
2023-12-13,115.7767,119551,Aditya Birla Sun Life Banking & PSU Debt Fund  - DIRECT - IDCW,Debt Scheme - Banking and PSU Fund,Open Ended Schemes,Aditya Birla Sun Life Mutual Fund,0.032832578904029575
2023-12-14,115.9449,119551,Aditya Birla Sun Life Banking & PSU Debt Fund  - DIRECT - IDCW,Debt Scheme - Banking and PSU Fund,Open Ended Schemes,Aditya Birla Sun Life Mutual Fund,0.1452796633519604
2023-12-15,116.0675,119551,Aditya Birla Sun Life Banking & PSU Debt Fund  - DIRECT - IDCW,Debt Scheme - Banking and PSU Fund,Open Ended Schemes,Aditya Birla Sun Life Mutual Fund,0.10573988161617365
2023-12-18,116.1498,119551,Aditya Birla Sun Life Banking & PSU Debt Fund  - DIRECT - IDCW,Debt Scheme - Banking and PSU Fund,Open Ended Schemes,Aditya Birla Sun Life Mutual Fund,0.07090701531435872
2023-12-19,116.146,119551,Aditya Birla Sun Life Banking & PSU Debt Fund  - DIRECT - IDCW,Debt Scheme - Banking and PSU Fund,Open Ended Schemes,Aditya Birla Sun Life Mutual Fund,-0.003271637144441897
2023-12-20,116.1637,119551,Aditya Birla Sun Life Banking & PSU Debt Fund  - DIRECT - IDCW,Debt Scheme - Banking and PSU Fund,Open Ended Schemes,Aditya Birla Sun Life Mutual Fund,0.015239440015157868
2023-12-21,116.1666,119551,Aditya Birla Sun Life Banking & PSU Debt Fund  - DIRECT - IDCW,Debt Scheme - Banking and PSU Fund,Open Ended Schemes,Aditya Birla Sun Life Mutual Fund,0.0024964769544943977
2023-12-22,116.1862,119551,Aditya Birla Sun Life Banking & PSU Debt Fund  - DIRECT - IDCW,Debt Scheme - Banking and PSU Fund,Open Ended Schemes,Aditya Birla Sun Life Mutual Fund,0.016872319582383888
2023-12-26,116.29,119551,Aditya Birla Sun Life Banking & PSU Debt Fund  - DIRECT - IDCW,Debt Scheme - Banking and PSU Fund,Open Ended Schemes,Aditya Birla Sun Life Mutual Fund,0.08933935355490696
2023-12-27,116.2785,119551,Aditya Birla Sun Life Banking & PSU Debt Fund  - DIRECT - IDCW,Debt Scheme - Banking and PSU Fund,Open Ended Schemes,Aditya Birla Sun Life Mutual Fund,-0.00988907042739351
2023-12-28,116.2869,119551,Aditya Birla Sun Life Banking & PSU Debt Fund  - DIRECT - IDCW,Debt Scheme - Banking and PSU Fund,Open Ended Schemes,Aditya Birla Sun Life Mutual Fund,0.007224035397790374
2023-12-29,108.2404,119551,Aditya Birla Sun Life Banking & PSU Debt Fund  - DIRECT - IDCW,Debt Scheme - Banking and PSU Fund,Open Ended Schemes,Aditya Birla Sun Life Mutual Fund,-6.919524039251201
2024-01-01,108.2962,119551,Aditya Birla Sun Life Banking & PSU Debt Fund  - DIRECT - IDCW,Debt Scheme - Banking and PSU Fund,Open Ended Schemes,Aditya Birla Sun Life Mutual Fund,0.051551915920500235
2024-01-02,108.302,119551,Aditya Birla Sun Life Banking & PSU Debt Fund  - DIRECT - IDCW,Debt Scheme - Banking and PSU Fund,Open Ended Schemes,Aditya Birla Sun Life Mutual Fund,0.005355681916818789
2024-01-03,108.3033,119551,Aditya Birla Sun Life Banking & PSU Debt Fund  - DIRECT - IDCW,Debt Scheme - Banking and PSU Fund,Open Ended Schemes,Aditya Birla Sun Life Mutual Fund,0.0012003471773214258
2024-01-04,108.3068,119551,Aditya Birla Sun Life Banking & PSU Debt Fund  - DIRECT - IDCW,Debt Scheme - Banking and PSU Fund,Open Ended Schemes,Aditya Birla Sun Life Mutual Fund,0.003231665147795937
2024-01-05,108.2934,119551,Aditya Birla Sun Life Banking & PSU Debt Fund  - DIRECT - IDCW,Debt Scheme - Banking and PSU Fund,Open Ended Schemes,Aditya Birla Sun Life Mutual Fund,-0.012372261021464936
2024-01-08,108.4013,119551,Aditya Birla Sun Life Banking & PSU Debt Fund  - DIRECT - IDCW,Debt Scheme - Banking and PSU Fund,Open Ended Schemes,Aditya Birla Sun Life Mutual Fund,0.09963672763066977
2024-01-09,108.4351,119551,Aditya Birla Sun Life Banking & PSU Debt Fund  - DIRECT - IDCW,Debt Scheme - Banking and PSU Fund,Open Ended Schemes,Aditya Birla Sun Life Mutual Fund,0.03118043787297964
2024-01-10,108.4687,119551,Aditya Birla Sun Life Banking & PSU Debt Fund  - DIRECT - IDCW,Debt Scheme - Banking and PSU Fund,Open Ended Schemes,Aditya Birla Sun Life Mutual Fund,0.030986276583866434
2024-01-11,108.4768,119551,Aditya Birla Sun Life Banking & PSU Debt Fund  - DIRECT - IDCW,Debt Scheme - Banking and PSU Fund,Open Ended Schemes,Aditya Birla Sun Life Mutual Fund,0.007467592033472137
2024-01-12,108.5277,119551,Aditya Birla Sun Life Banking & PSU Debt Fund  - DIRECT - IDCW,Debt Scheme - Banking and PSU Fund,Open Ended Schemes,Aditya Birla Sun Life Mutual Fund,0.046922475589239454
2024-01-15,108.6546,119551,Aditya Birla Sun Life Banking & PSU Debt Fund  - DIRECT - IDCW,Debt Scheme - Banking and PSU Fund,Open Ended Schemes,Aditya Birla Sun Life Mutual Fund,0.11692867350916458
2024-01-16,108.6565,119551,Aditya Birla Sun Life Banking & PSU Debt Fund  - DIRECT - IDCW,Debt Scheme - Banking and PSU Fund,Open Ended Schemes,Aditya Birla Sun Life Mutual Fund,0.0017486604340755108
2024-01-17,108.6641,119551,Aditya Birla Sun Life Banking & PSU Debt Fund  - DIRECT - IDCW,Debt Scheme - Banking and PSU Fund,Open Ended Schemes,Aditya Birla Sun Life Mutual Fund,0.006994519425918
2024-01-18,108.6691,119551,Aditya Birla Sun Life Banking & PSU Debt Fund  - DIRECT - IDCW,Debt Scheme - Banking and PSU Fund,Open Ended Schemes,Aditya Birla Sun Life Mutual Fund,0.004601335675724627
2024-01-19,108.6634,119551,Aditya Birla Sun Life Banking & PSU Debt Fund  - DIRECT - IDCW,Debt Scheme - Banking and PSU Fund,Open Ended Schemes,Aditya Birla Sun Life Mutual Fund,-0.005245281317323158
2024-01-23,108.756,119551,Aditya Birla Sun Life Banking & PSU Debt Fund  - DIRECT - IDCW,Debt Scheme - Banking and PSU Fund,Open Ended Schemes,Aditya Birla Sun Life Mutual Fund,0.08521728567301157
2024-01-24,108.7584,119551,Aditya Birla Sun Life Banking & PSU Debt Fund  - DIRECT - IDCW,Debt Scheme - Banking and PSU Fund,Open Ended Schemes,Aditya Birla Sun Life Mutual Fund,0.0022067747986298514
2024-01-25,108.7795,119551,Aditya Birla Sun Life Banking & PSU Debt Fund  - DIRECT - IDCW,Debt Scheme - Banking and PSU Fund,Open Ended Schemes,Aditya Birla Sun Life Mutual Fund,0.019400800306001997
2024-01-29,108.8663,119551,Aditya Birla Sun Life Banking & PSU Debt Fund  - DIRECT - IDCW,Debt Scheme - Banking and PSU Fund,Open Ended Schemes,Aditya Birla Sun Life Mutual Fund,0.07979444656391887
2024-01-30,108.9094,119551,Aditya Birla Sun Life Banking & PSU Debt Fund  - DIRECT - IDCW,Debt Scheme - Banking and PSU Fund,Open Ended Schemes,Aditya Birla Sun Life Mutual Fund,0.039589845526122325
2024-01-31,108.9501,119551,Aditya Birla Sun Life Banking & PSU Debt Fund  - DIRECT - IDCW,Debt Scheme - Banking and PSU Fund,Open Ended Schemes,Aditya Birla Sun Life Mutual Fund,0.03737051163628102
2024-02-01,109.1334,119551,Aditya Birla Sun Life Banking & PSU Debt Fund  - DIRECT - IDCW,Debt Scheme - Banking and PSU Fund,Open Ended Schemes,Aditya Birla Sun Life Mutual Fund,0.16824215856616753
2024-02-02,109.2484,119551,Aditya Birla Sun Life Banking & PSU Debt Fund  - DIRECT - IDCW,Debt Scheme - Banking and PSU Fund,Open Ended Schemes,Aditya Birla Sun Life Mutual Fund,0.10537562286156987
2024-02-05,109.2279,119551,Aditya Birla Sun Life Banking & PSU Debt Fund  - DIRECT - IDCW,Debt Scheme - Banking and PSU Fund,Open Ended Schemes,Aditya Birla Sun Life Mutual Fund,-0.018764576872520866
2024-02-06,109.2489,119551,Aditya Birla Sun Life Banking & PSU Debt Fund  - DIRECT - IDCW,Debt Scheme - Banking and PSU Fund,Open Ended Schemes,Aditya Birla Sun Life Mutual Fund,0.01922585712990088
2024-02-07,109.2938,119551,Aditya Birla Sun Life Banking & PSU Debt Fund  - DIRECT - IDCW,Debt Scheme - Banking and PSU Fund,Open Ended Schemes,Aditya Birla Sun Life Mutual Fund,0.041098811978890204
2024-02-08,109.2929,119551,Aditya Birla Sun Life Banking & PSU Debt Fund  - DIRECT - IDCW,Debt Scheme - Banking and PSU Fund,Open Ended Schemes,Aditya Birla Sun Life Mutual Fund,-0.0008234684858665631
2024-02-09,109.2569,119551,Aditya Birla Sun Life Banking & PSU Debt Fund  - DIRECT - IDCW,Debt Scheme - Banking and PSU Fund,Open Ended Schemes,Aditya Birla Sun Life Mutual Fund,-0.032939010676813485
2024-02-12,109.3183,119551,Aditya Birla Sun Life Banking & PSU Debt Fund  - DIRECT - IDCW,Debt Scheme - Banking and PSU Fund,Open Ended Schemes,Aditya Birla Sun Life Mutual Fund,0.05619782366146353
2024-02-13,109.3221,119551,Aditya Birla Sun Life Banking & PSU Debt Fund  - DIRECT - IDCW,Debt Scheme - Banking and PSU Fund,Open Ended Schemes,Aditya Birla Sun Life Mutual Fund,0.0034760877181794214
2024-02-14,109.2938,119551,Aditya Birla Sun Life Banking & PSU Debt Fund  - DIRECT - IDCW,Debt Scheme - Banking and PSU Fund,Open Ended Schemes,Aditya Birla Sun Life Mutual Fund,-0.0258868060529438
2024-02-15,109.3771,119551,Aditya Birla Sun Life Banking & PSU Debt Fund  - DIRECT - IDCW,Debt Scheme - Banking and PSU Fund,Open Ended Schemes,Aditya Birla Sun Life Mutual Fund,0.07621658319134639
2024-02-16,109.393,119551,Aditya Birla Sun Life Banking & PSU Debt Fund  - DIRECT - IDCW,Debt Scheme - Banking and PSU Fund,Open Ended Schemes,Aditya Birla Sun Life Mutual Fund,0.014536863749370355
2024-02-20,109.5383,119551,Aditya Birla Sun Life Banking & PSU Debt Fund  - DIRECT - IDCW,Debt Scheme - Banking and PSU Fund,Open Ended Schemes,Aditya Birla Sun Life Mutual Fund,0.13282385527411122
2024-02-21,109.5846,119551,Aditya Birla Sun Life Banking & PSU Debt Fund  - DIRECT - IDCW,Debt Scheme - Banking and PSU Fund,Open Ended Schemes,Aditya Birla Sun Life Mutual Fund,0.042268320760863176
2024-02-22,109.6091,119551,Aditya Birla Sun Life Banking & PSU Debt Fund  - DIRECT - IDCW,Debt Scheme - Banking and PSU Fund,Open Ended Schemes,Aditya Birla Sun Life Mutual Fund,0.02235715602374455
2024-02-23,109.6186,119551,Aditya Birla Sun Life Banking & PSU Debt Fund  - DIRECT - IDCW,Debt Scheme - Banking and PSU Fund,Open Ended Schemes,Aditya Birla Sun Life Mutual Fund,0.00866716358405295
2024-02-26,109.7161,119551,Aditya Birla Sun Life Banking & PSU Debt Fund  - DIRECT - IDCW,Debt Scheme - Banking and PSU Fund,Open Ended Schemes,Aditya Birla Sun Life Mutual Fund,0.08894475937477608
2024-02-27,109.7147,119551,Aditya Birla Sun Life Banking & PSU Debt Fund  - DIRECT - IDCW,Debt Scheme - Banking and PSU Fund,Open Ended Schemes,Aditya Birla Sun Life Mutual Fund,-0.0012760205658102208
2024-02-28,109.7569,119551,Aditya Birla Sun Life Banking & PSU Debt Fund  - DIRECT - IDCW,Debt Scheme - Banking and PSU Fund,Open Ended Schemes,Aditya Birla Sun Life Mutual Fund,0.038463396427279584
2024-02-29,109.7711,119551,Aditya Birla Sun Life Banking & PSU Debt Fund  - DIRECT - IDCW,Debt Scheme - Banking and PSU Fund,Open Ended Schemes,Aditya Birla Sun Life Mutual Fund,0.01293768318895161
2024-03-01,109.7834,119551,Aditya Birla Sun Life Banking & PSU Debt Fund  - DIRECT - IDCW,Debt Scheme - Banking and PSU Fund,Open Ended Schemes,Aditya Birla Sun Life Mutual Fund,0.011205135049197068
2024-03-04,109.8436,119551,Aditya Birla Sun Life Banking & PSU Debt Fund  - DIRECT - IDCW,Debt Scheme - Banking and PSU Fund,Open Ended Schemes,Aditya Birla Sun Life Mutual Fund,0.054835248316220664
2024-03-05,109.8552,119551,Aditya Birla Sun Life Banking & PSU Debt Fund  - DIRECT - IDCW,Debt Scheme - Banking and PSU Fund,Open Ended Schemes,Aditya Birla Sun Life Mutual Fund,0.01056046961316337
2024-03-06,109.9177,119551,Aditya Birla Sun Life Banking & PSU Debt Fund  - DIRECT - IDCW,Debt Scheme - Banking and PSU Fund,Open Ended Schemes,Aditya Birla Sun Life Mutual Fund,0.05689307379168618
2024-03-07,109.9624,119551,Aditya Birla Sun Life Banking & PSU Debt Fund  - DIRECT - IDCW,Debt Scheme - Banking and PSU Fund,Open Ended Schemes,Aditya Birla Sun Life Mutual Fund,0.04066678978909
2024-03-11,110.12,119551,Aditya Birla Sun Life Banking & PSU Debt Fund  - DIRECT - IDCW,Debt Scheme - Banking and PSU Fund,Open Ended Schemes,Aditya Birla Sun Life Mutual Fund,0.1433217172415402
2024-03-12,110.1246,119551,Aditya Birla Sun Life Banking & PSU Debt Fund  - DIRECT - IDCW,Debt Scheme - Banking and PSU Fund,Open Ended Schemes,Aditya Birla Sun Life Mutual Fund,0.004177261169635571
2024-03-13,110.1303,119551,Aditya Birla Sun Life Banking & PSU Debt Fund  - DIRECT - IDCW,Debt Scheme - Banking and PSU Fund,Open Ended Schemes,Aditya Birla Sun Life Mutual Fund,0.005175955236169649
2024-03-14,110.1196,119551,Aditya Birla Sun Life Banking & PSU Debt Fund  - DIRECT - IDCW,Debt Scheme - Banking and PSU Fund,Open Ended Schemes,Aditya Birla Sun Life Mutual Fund,-0.009715763963236146
2024-03-15,110.1319,119551,Aditya Birla Sun Life Banking & PSU Debt Fund  - DIRECT - IDCW,Debt Scheme - Banking and PSU Fund,Open Ended Schemes,Aditya Birla Sun Life Mutual Fund,0.0111696737002287
2024-03-18,110.144,119551,Aditya Birla Sun Life Banking & PSU Debt Fund  - DIRECT - IDCW,Debt Scheme - Banking and PSU Fund,Open Ended Schemes,Aditya Birla Sun Life Mutual Fund,0.010986825797076882
2024-03-19,110.114,119551,Aditya Birla Sun Life Banking & PSU Debt Fund  - DIRECT - IDCW,Debt Scheme - Banking and PSU Fund,Open Ended Schemes,Aditya Birla Sun Life Mutual Fund,-0.02723707147007648
2024-03-20,110.1485,119551,Aditya Birla Sun Life Banking & PSU Debt Fund  - DIRECT - IDCW,Debt Scheme - Banking and PSU Fund,Open Ended Schemes,Aditya Birla Sun Life Mutual Fund,0.03133116588263096
2024-03-21,110.2046,119551,Aditya Birla Sun Life Banking & PSU Debt Fund  - DIRECT - IDCW,Debt Scheme - Banking and PSU Fund,Open Ended Schemes,Aditya Birla Sun Life Mutual Fund,0.05093124282218309
2024-03-22,110.1729,119551,Aditya Birla Sun Life Banking & PSU Debt Fund  - DIRECT - IDCW,Debt Scheme - Banking and PSU Fund,Open Ended Schemes,Aditya Birla Sun Life Mutual Fund,-0.02876467951428152
2024-03-26,110.1903,119551,Aditya Birla Sun Life Banking & PSU Debt Fund  - DIRECT - IDCW,Debt Scheme - Banking and PSU Fund,Open Ended Schemes,Aditya Birla Sun Life Mutual Fund,0.015793357531657115
2024-03-27,102.5361,119551,Aditya Birla Sun Life Banking & PSU Debt Fund  - DIRECT - IDCW,Debt Scheme - Banking and PSU Fund,Open Ended Schemes,Aditya Birla Sun Life Mutual Fund,-6.946346456993025
2024-03-28,102.7096,119551,Aditya Birla Sun Life Banking & PSU Debt Fund  - DIRECT - IDCW,Debt Scheme - Banking and PSU Fund,Open Ended Schemes,Aditya Birla Sun Life Mutual Fund,0.16920869820482576
2024-03-31,102.7632,119551,Aditya Birla Sun Life Banking & PSU Debt Fund  - DIRECT - IDCW,Debt Scheme - Banking and PSU Fund,Open Ended Schemes,Aditya Birla Sun Life Mutual Fund,0.05218596898439731
2024-04-02,102.7608,119551,Aditya Birla Sun Life Banking & PSU Debt Fund  - DIRECT - IDCW,Debt Scheme - Banking and PSU Fund,Open Ended Schemes,Aditya Birla Sun Life Mutual Fund,-0.0023354663926333785
2024-04-03,102.7932,119551,Aditya Birla Sun Life Banking & PSU Debt Fund  - DIRECT - IDCW,Debt Scheme - Banking and PSU Fund,Open Ended Schemes,Aditya Birla Sun Life Mutual Fund,0.031529532662255555
2024-04-04,102.831,119551,Aditya Birla Sun Life Banking & PSU Debt Fund  - DIRECT - IDCW,Debt Scheme - Banking and PSU Fund,Open Ended Schemes,Aditya Birla Sun Life Mutual Fund,0.036772860461598
2024-04-05,102.8278,119551,Aditya Birla Sun Life Banking & PSU Debt Fund  - DIRECT - IDCW,Debt Scheme - Banking and PSU Fund,Open Ended Schemes,Aditya Birla Sun Life Mutual Fund,-0.003111902052888027
2024-04-08,102.7894,119551,Aditya Birla Sun Life Banking & PSU Debt Fund  - DIRECT - IDCW,Debt Scheme - Banking and PSU Fund,Open Ended Schemes,Aditya Birla Sun Life Mutual Fund,-0.03734398674287709
2024-04-10,102.8998,119551,Aditya Birla Sun Life Banking & PSU Debt Fund  - DIRECT - IDCW,Debt Scheme - Banking and PSU Fund,Open Ended Schemes,Aditya Birla Sun Life Mutual Fund,0.10740407084777193
2024-04-12,102.7853,119551,Aditya Birla Sun Life Banking & PSU Debt Fund  - DIRECT - IDCW,Debt Scheme - Banking and PSU Fund,Open Ended Schemes,Aditya Birla Sun Life Mutual Fund,-0.11127329693545462
2024-04-15,102.8695,119551,Aditya Birla Sun Life Banking & PSU Debt Fund  - DIRECT - IDCW,Debt Scheme - Banking and PSU Fund,Open Ended Schemes,Aditya Birla Sun Life Mutual Fund,0.08191832878825522
2024-04-16,102.834,119551,Aditya Birla Sun Life Banking & PSU Debt Fund  - DIRECT - IDCW,Debt Scheme - Banking and PSU Fund,Open Ended Schemes,Aditya Birla Sun Life Mutual Fund,-0.03450974292671383
2024-04-18,102.878,119551,Aditya Birla Sun Life Banking & PSU Debt Fund  - DIRECT - IDCW,Debt Scheme - Banking and PSU Fund,Open Ended Schemes,Aditya Birla Sun Life Mutual Fund,0.042787404943878116
2024-04-19,102.785,119551,Aditya Birla Sun Life Banking & PSU Debt Fund  - DIRECT - IDCW,Debt Scheme - Banking and PSU Fund,Open Ended Schemes,Aditya Birla Sun Life Mutual Fund,-0.09039833589300494
2024-04-22,102.8818,119551,Aditya Birla Sun Life Banking & PSU Debt Fund  - DIRECT - IDCW,Debt Scheme - Banking and PSU Fund,Open Ended Schemes,Aditya Birla Sun Life Mutual Fund,0.09417716592887704
2024-04-23,102.9532,119551,Aditya Birla Sun Life Banking & PSU Debt Fund  - DIRECT - IDCW,Debt Scheme - Banking and PSU Fund,Open Ended Schemes,Aditya Birla Sun Life Mutual Fund,0.06940002993727212
2024-04-24,102.9549,119551,Aditya Birla Sun Life Banking & PSU Debt Fund  - DIRECT - IDCW,Debt Scheme - Banking and PSU Fund,Open Ended Schemes,Aditya Birla Sun Life Mutual Fund,0.0016512357071007955
2024-04-25,102.9493,119551,Aditya Birla Sun Life Banking & PSU Debt Fund  - DIRECT - IDCW,Debt Scheme - Banking and PSU Fund,Open Ended Schemes,Aditya Birla Sun Life Mutual Fund,-0.005439274866958499
2024-04-26,102.9593,119551,Aditya Birla Sun Life Banking & PSU Debt Fund  - DIRECT - IDCW,Debt Scheme - Banking and PSU Fund,Open Ended Schemes,Aditya Birla Sun Life Mutual Fund,0.009713519178866648
2024-04-29,103.0161,119551,Aditya Birla Sun Life Banking & PSU Debt Fund  - DIRECT - IDCW,Debt Scheme - Banking and PSU Fund,Open Ended Schemes,Aditya Birla Sun Life Mutual Fund,0.05516743023699089
2024-04-30,103.0514,119551,Aditya Birla Sun Life Banking & PSU Debt Fund  - DIRECT - IDCW,Debt Scheme - Banking and PSU Fund,Open Ended Schemes,Aditya Birla Sun Life Mutual Fund,0.034266488442113996
2024-05-02,103.1097,119551,Aditya Birla Sun Life Banking & PSU Debt Fund  - DIRECT - IDCW,Debt Scheme - Banking and PSU Fund,Open Ended Schemes,Aditya Birla Sun Life Mutual Fund,0.056573709818596996
2024-05-03,103.16,119551,Aditya Birla Sun Life Banking & PSU Debt Fund  - DIRECT - IDCW,Debt Scheme - Banking and PSU Fund,Open Ended Schemes,Aditya Birla Sun Life Mutual Fund,0.04878299519830431
2024-05-06,103.3135,119551,Aditya Birla Sun Life Banking & PSU Debt Fund  - DIRECT - IDCW,Debt Scheme - Banking and PSU Fund,Open Ended Schemes,Aditya Birla Sun Life Mutual Fund,0.1487979837146325
2024-05-07,103.3251,119551,Aditya Birla Sun Life Banking & PSU Debt Fund  - DIRECT - IDCW,Debt Scheme - Banking and PSU Fund,Open Ended Schemes,Aditya Birla Sun Life Mutual Fund,0.011227961495841043
2024-05-08,103.3191,119551,Aditya Birla Sun Life Banking & PSU Debt Fund  - DIRECT - IDCW,Debt Scheme - Banking and PSU Fund,Open Ended Schemes,Aditya Birla Sun Life Mutual Fund,-0.00580691429284963
2024-05-09,103.3271,119551,Aditya Birla Sun Life Banking & PSU Debt Fund  - DIRECT - IDCW,Debt Scheme - Banking and PSU Fund,Open Ended Schemes,Aditya Birla Sun Life Mutual Fund,0.0077430020199553695
2024-05-10,103.3607,119551,Aditya Birla Sun Life Banking & PSU Debt Fund  - DIRECT - IDCW,Debt Scheme - Banking and PSU Fund,Open Ended Schemes,Aditya Birla Sun Life Mutual Fund,0.03251809060740296
2024-05-13,103.4188,119551,Aditya Birla Sun Life Banking & PSU Debt Fund  - DIRECT - IDCW,Debt Scheme - Banking and PSU Fund,Open Ended Schemes,Aditya Birla Sun Life Mutual Fund,0.056210919624199995
2024-05-14,103.4525,119551,Aditya Birla Sun Life Banking & PSU Debt Fund  - DIRECT - IDCW,Debt Scheme - Banking and PSU Fund,Open Ended Schemes,Aditya Birla Sun Life Mutual Fund,0.03258595149044918
2024-05-15,103.5312,119551,Aditya Birla Sun Life Banking & PSU Debt Fund  - DIRECT - IDCW,Debt Scheme - Banking and PSU Fund,Open Ended Schemes,Aditya Birla Sun Life Mutual Fund,0.07607356032961476
2024-05-16,103.618,119551,Aditya Birla Sun Life Banking & PSU Debt Fund  - DIRECT - IDCW,Debt Scheme - Banking and PSU Fund,Open Ended Schemes,Aditya Birla Sun Life Mutual Fund,0.08383946095475991
2024-05-17,103.6086,119551,Aditya Birla Sun Life Banking & PSU Debt Fund  - DIRECT - IDCW,Debt Scheme - Banking and PSU Fund,Open Ended Schemes,Aditya Birla Sun Life Mutual Fund,-0.009071782894864988
2024-05-21,103.7247,119551,Aditya Birla Sun Life Banking & PSU Debt Fund  - DIRECT - IDCW,Debt Scheme - Banking and PSU Fund,Open Ended Schemes,Aditya Birla Sun Life Mutual Fund,0.11205633509188129
2024-05-22,103.7992,119551,Aditya Birla Sun Life Banking & PSU Debt Fund  - DIRECT - IDCW,Debt Scheme - Banking and PSU Fund,Open Ended Schemes,Aditya Birla Sun Life Mutual Fund,0.07182474376883352
2024-05-24,103.871,119551,Aditya Birla Sun Life Banking & PSU Debt Fund  - DIRECT - IDCW,Debt Scheme - Banking and PSU Fund,Open Ended Schemes,Aditya Birla Sun Life Mutual Fund,0.06917201674001561
2024-05-27,103.9153,119551,Aditya Birla Sun Life Banking & PSU Debt Fund  - DIRECT - IDCW,Debt Scheme - Banking and PSU Fund,Open Ended Schemes,Aditya Birla Sun Life Mutual Fund,0.042649055077936815
2024-05-28,103.9118,119551,Aditya Birla Sun Life Banking & PSU Debt Fund  - DIRECT - IDCW,Debt Scheme - Banking and PSU Fund,Open Ended Schemes,Aditya Birla Sun Life Mutual Fund,-0.0033681276963126727
2024-05-29,103.8954,119551,Aditya Birla Sun Life Banking & PSU Debt Fund  - DIRECT - IDCW,Debt Scheme - Banking and PSU Fund,Open Ended Schemes,Aditya Birla Sun Life Mutual Fund,-0.01578261564134653
2024-05-30,103.9279,119551,Aditya Birla Sun Life Banking & PSU Debt Fund  - DIRECT - IDCW,Debt Scheme - Banking and PSU Fund,Open Ended Schemes,Aditya Birla Sun Life Mutual Fund,0.03128146193189796
2024-05-31,103.9547,119551,Aditya Birla Sun Life Banking & PSU Debt Fund  - DIRECT - IDCW,Debt Scheme - Banking and PSU Fund,Open Ended Schemes,Aditya Birla Sun Life Mutual Fund,0.025787108177888207
2024-06-03,104.0983,119551,Aditya Birla Sun Life Banking & PSU Debt Fund  - DIRECT - IDCW,Debt Scheme - Banking and PSU Fund,Open Ended Schemes,Aditya Birla Sun Life Mutual Fund,0.13813709240659833
2024-06-04,103.8414,119551,Aditya Birla Sun Life Banking & PSU Debt Fund  - DIRECT - IDCW,Debt Scheme - Banking and PSU Fund,Open Ended Schemes,Aditya Birla Sun Life Mutual Fund,-0.2467859705682085
2024-06-05,103.9001,119551,Aditya Birla Sun Life Banking & PSU Debt Fund  - DIRECT - IDCW,Debt Scheme - Banking and PSU Fund,Open Ended Schemes,Aditya Birla Sun Life Mutual Fund,0.0565285136756577
2024-06-06,103.9979,119551,Aditya Birla Sun Life Banking & PSU Debt Fund  - DIRECT - IDCW,Debt Scheme - Banking and PSU Fund,Open Ended Schemes,Aditya Birla Sun Life Mutual Fund,0.09412887956796734
2024-06-07,104.0351,119551,Aditya Birla Sun Life Banking & PSU Debt Fund  - DIRECT - IDCW,Debt Scheme - Banking and PSU Fund,Open Ended Schemes,Aditya Birla Sun Life Mutual Fund,0.03576995304712671
2024-06-10,104.0928,119551,Aditya Birla Sun Life Banking & PSU Debt Fund  - DIRECT - IDCW,Debt Scheme - Banking and PSU Fund,Open Ended Schemes,Aditya Birla Sun Life Mutual Fund,0.055462050788634976
2024-06-11,104.1556,119551,Aditya Birla Sun Life Banking & PSU Debt Fund  - DIRECT - IDCW,Debt Scheme - Banking and PSU Fund,Open Ended Schemes,Aditya Birla Sun Life Mutual Fund,0.06033078176397311
2024-06-12,104.1778,119551,Aditya Birla Sun Life Banking & PSU Debt Fund  - DIRECT - IDCW,Debt Scheme - Banking and PSU Fund,Open Ended Schemes,Aditya Birla Sun Life Mutual Fund,0.02131426442744111
2024-06-13,104.2366,119551,Aditya Birla Sun Life Banking & PSU Debt Fund  - DIRECT - IDCW,Debt Scheme - Banking and PSU Fund,Open Ended Schemes,Aditya Birla Sun Life Mutual Fund,0.05644196748251229
2024-06-14,104.2704,119551,Aditya Birla Sun Life Banking & PSU Debt Fund  - DIRECT - IDCW,Debt Scheme - Banking and PSU Fund,Open Ended Schemes,Aditya Birla Sun Life Mutual Fund,0.03242623032599923
2024-06-18,104.3524,119551,Aditya Birla Sun Life Banking & PSU Debt Fund  - DIRECT - IDCW,Debt Scheme - Banking and PSU Fund,Open Ended Schemes,Aditya Birla Sun Life Mutual Fund,0.07864168546396488
2024-06-19,104.3994,119551,Aditya Birla Sun Life Banking & PSU Debt Fund  - DIRECT - IDCW,Debt Scheme - Banking and PSU Fund,Open Ended Schemes,Aditya Birla Sun Life Mutual Fund,0.045039692426818156
2024-06-20,104.432,119551,Aditya Birla Sun Life Banking & PSU Debt Fund  - DIRECT - IDCW,Debt Scheme - Banking and PSU Fund,Open Ended Schemes,Aditya Birla Sun Life Mutual Fund,0.03122623310096717
2024-06-21,104.4713,119551,Aditya Birla Sun Life Banking & PSU Debt Fund  - DIRECT - IDCW,Debt Scheme - Banking and PSU Fund,Open Ended Schemes,Aditya Birla Sun Life Mutual Fund,0.037632143404309204
2024-06-24,117.8708,119551,Aditya Birla Sun Life Banking & PSU Debt Fund  - DIRECT - IDCW,Debt Scheme - Banking and PSU Fund,Open Ended Schemes,Aditya Birla Sun Life Mutual Fund,12.826010588553993
2024-06-25,104.5405,119551,Aditya Birla Sun Life Banking & PSU Debt Fund  - DIRECT - IDCW,Debt Scheme - Banking and PSU Fund,Open Ended Schemes,Aditya Birla Sun Life Mutual Fund,-11.309247073914841
2024-06-26,104.5187,119551,Aditya Birla Sun Life Banking & PSU Debt Fund  - DIRECT - IDCW,Debt Scheme - Banking and PSU Fund,Open Ended Schemes,Aditya Birla Sun Life Mutual Fund,-0.02085316217159683
2024-06-27,104.5382,119551,Aditya Birla Sun Life Banking & PSU Debt Fund  - DIRECT - IDCW,Debt Scheme - Banking and PSU Fund,Open Ended Schemes,Aditya Birla Sun Life Mutual Fund,0.01865694846951982
2024-06-28,104.574,119551,Aditya Birla Sun Life Banking & PSU Debt Fund  - DIRECT - IDCW,Debt Scheme - Banking and PSU Fund,Open Ended Schemes,Aditya Birla Sun Life Mutual Fund,0.03424585462539209
2024-06-30,104.6136,119551,Aditya Birla Sun Life Banking & PSU Debt Fund  - DIRECT - IDCW,Debt Scheme - Banking and PSU Fund,Open Ended Schemes,Aditya Birla Sun Life Mutual Fund,0.037867921280621
2024-07-01,104.6276,119551,Aditya Birla Sun Life Banking & PSU Debt Fund  - DIRECT - IDCW,Debt Scheme - Banking and PSU Fund,Open Ended Schemes,Aditya Birla Sun Life Mutual Fund,0.013382581232268542
2024-07-02,104.6724,119551,Aditya Birla Sun Life Banking & PSU Debt Fund  - DIRECT - IDCW,Debt Scheme - Banking and PSU Fund,Open Ended Schemes,Aditya Birla Sun Life Mutual Fund,0.04281852971872446
2024-07-03,104.7114,119551,Aditya Birla Sun Life Banking & PSU Debt Fund  - DIRECT - IDCW,Debt Scheme - Banking and PSU Fund,Open Ended Schemes,Aditya Birla Sun Life Mutual Fund,0.03725910555218981
2024-07-04,104.745,119551,Aditya Birla Sun Life Banking & PSU Debt Fund  - DIRECT - IDCW,Debt Scheme - Banking and PSU Fund,Open Ended Schemes,Aditya Birla Sun Life Mutual Fund,0.03208819670064145
2024-07-05,104.7786,119551,Aditya Birla Sun Life Banking & PSU Debt Fund  - DIRECT - IDCW,Debt Scheme - Banking and PSU Fund,Open Ended Schemes,Aditya Birla Sun Life Mutual Fund,0.032077903479876824
2024-07-08,104.8485,119551,Aditya Birla Sun Life Banking & PSU Debt Fund  - DIRECT - IDCW,Debt Scheme - Banking and PSU Fund,Open Ended Schemes,Aditya Birla Sun Life Mutual Fund,0.06671209579056647
2024-07-09,104.8761,119551,Aditya Birla Sun Life Banking & PSU Debt Fund  - DIRECT - IDCW,Debt Scheme - Banking and PSU Fund,Open Ended Schemes,Aditya Birla Sun Life Mutual Fund,0.026323695617946896
2024-07-10,104.9009,119551,Aditya Birla Sun Life Banking & PSU Debt Fund  - DIRECT - IDCW,Debt Scheme - Banking and PSU Fund,Open Ended Schemes,Aditya Birla Sun Life Mutual Fund,0.02364695102126113
2024-07-11,104.9227,119551,Aditya Birla Sun Life Banking & PSU Debt Fund  - DIRECT - IDCW,Debt Scheme - Banking and PSU Fund,Open Ended Schemes,Aditya Birla Sun Life Mutual Fund,0.020781518557044798
2024-07-12,104.9292,119551,Aditya Birla Sun Life Banking & PSU Debt Fund  - DIRECT - IDCW,Debt Scheme - Banking and PSU Fund,Open Ended Schemes,Aditya Birla Sun Life Mutual Fund,0.006195036917633345
2024-07-15,105.0151,119551,Aditya Birla Sun Life Banking & PSU Debt Fund  - DIRECT - IDCW,Debt Scheme - Banking and PSU Fund,Open Ended Schemes,Aditya Birla Sun Life Mutual Fund,0.08186472402345046
2024-07-16,105.0855,119551,Aditya Birla Sun Life Banking & PSU Debt Fund  - DIRECT - IDCW,Debt Scheme - Banking and PSU Fund,Open Ended Schemes,Aditya Birla Sun Life Mutual Fund,0.0670379783478614
2024-07-18,105.1452,119551,Aditya Birla Sun Life Banking & PSU Debt Fund  - DIRECT - IDCW,Debt Scheme - Banking and PSU Fund,Open Ended Schemes,Aditya Birla Sun Life Mutual Fund,0.056810882567059906
2024-07-19,105.1758,119551,Aditya Birla Sun Life Banking & PSU Debt Fund  - DIRECT - IDCW,Debt Scheme - Banking and PSU Fund,Open Ended Schemes,Aditya Birla Sun Life Mutual Fund,0.029102612387443827
2024-07-22,105.223,119551,Aditya Birla Sun Life Banking & PSU Debt Fund  - DIRECT - IDCW,Debt Scheme - Banking and PSU Fund,Open Ended Schemes,Aditya Birla Sun Life Mutual Fund,0.044877243624497076
2024-07-23,105.2253,119551,Aditya Birla Sun Life Banking & PSU Debt Fund  - DIRECT - IDCW,Debt Scheme - Banking and PSU Fund,Open Ended Schemes,Aditya Birla Sun Life Mutual Fund,0.002185833895640421
2024-07-24,105.2595,119551,Aditya Birla Sun Life Banking & PSU Debt Fund  - DIRECT - IDCW,Debt Scheme - Banking and PSU Fund,Open Ended Schemes,Aditya Birla Sun Life Mutual Fund,0.0325016892325225
2024-07-25,105.3408,119551,Aditya Birla Sun Life Banking & PSU Debt Fund  - DIRECT - IDCW,Debt Scheme - Banking and PSU Fund,Open Ended Schemes,Aditya Birla Sun Life Mutual Fund,0.07723768400951236
2024-07-26,105.4135,119551,Aditya Birla Sun Life Banking & PSU Debt Fund  - DIRECT - IDCW,Debt Scheme - Banking and PSU Fund,Open Ended Schemes,Aditya Birla Sun Life Mutual Fund,0.06901409520336799
2024-07-29,105.5119,119551,Aditya Birla Sun Life Banking & PSU Debt Fund  - DIRECT - IDCW,Debt Scheme - Banking and PSU Fund,Open Ended Schemes,Aditya Birla Sun Life Mutual Fund,0.09334667760769744
2024-07-30,105.5094,119551,Aditya Birla Sun Life Banking & PSU Debt Fund  - DIRECT - IDCW,Debt Scheme - Banking and PSU Fund,Open Ended Schemes,Aditya Birla Sun Life Mutual Fund,-0.0023694009869901222
2024-07-31,105.5109,119551,Aditya Birla Sun Life Banking & PSU Debt Fund  - DIRECT - IDCW,Debt Scheme - Banking and PSU Fund,Open Ended Schemes,Aditya Birla Sun Life Mutual Fund,0.001421674277368723
2024-08-01,105.5455,119551,Aditya Birla Sun Life Banking & PSU Debt Fund  - DIRECT - IDCW,Debt Scheme - Banking and PSU Fund,Open Ended Schemes,Aditya Birla Sun Life Mutual Fund,0.032792820457405725
2024-08-02,105.5909,119551,Aditya Birla Sun Life Banking & PSU Debt Fund  - DIRECT - IDCW,Debt Scheme - Banking and PSU Fund,Open Ended Schemes,Aditya Birla Sun Life Mutual Fund,0.04301462402471756
2024-08-05,105.7262,119551,Aditya Birla Sun Life Banking & PSU Debt Fund  - DIRECT - IDCW,Debt Scheme - Banking and PSU Fund,Open Ended Schemes,Aditya Birla Sun Life Mutual Fund,0.12813604202634998
2024-08-06,105.7253,119551,Aditya Birla Sun Life Banking & PSU Debt Fund  - DIRECT - IDCW,Debt Scheme - Banking and PSU Fund,Open Ended Schemes,Aditya Birla Sun Life Mutual Fund,-0.000851255412570584
2024-08-07,105.7549,119551,Aditya Birla Sun Life Banking & PSU Debt Fund  - DIRECT - IDCW,Debt Scheme - Banking and PSU Fund,Open Ended Schemes,Aditya Birla Sun Life Mutual Fund,0.027997083006625623
2024-08-08,105.7637,119551,Aditya Birla Sun Life Banking & PSU Debt Fund  - DIRECT - IDCW,Debt Scheme - Banking and PSU Fund,Open Ended Schemes,Aditya Birla Sun Life Mutual Fund,0.008321127437116438
2024-08-09,105.7861,119551,Aditya Birla Sun Life Banking & PSU Debt Fund  - DIRECT - IDCW,Debt Scheme - Banking and PSU Fund,Open Ended Schemes,Aditya Birla Sun Life Mutual Fund,0.021179289302475368
2024-08-12,105.8262,119551,Aditya Birla Sun Life Banking & PSU Debt Fund  - DIRECT - IDCW,Debt Scheme - Banking and PSU Fund,Open Ended Schemes,Aditya Birla Sun Life Mutual Fund,0.03790668150163157
2024-08-13,105.8532,119551,Aditya Birla Sun Life Banking & PSU Debt Fund  - DIRECT - IDCW,Debt Scheme - Banking and PSU Fund,Open Ended Schemes,Aditya Birla Sun Life Mutual Fund,0.025513530675769225
2024-08-14,105.8943,119551,Aditya Birla Sun Life Banking & PSU Debt Fund  - DIRECT - IDCW,Debt Scheme - Banking and PSU Fund,Open Ended Schemes,Aditya Birla Sun Life Mutual Fund,0.03882735713232055
2024-08-16,105.9116,119551,Aditya Birla Sun Life Banking & PSU Debt Fund  - DIRECT - IDCW,Debt Scheme - Banking and PSU Fund,Open Ended Schemes,Aditya Birla Sun Life Mutual Fund,0.016337045525594007
2024-08-19,105.9818,119551,Aditya Birla Sun Life Banking & PSU Debt Fund  - DIRECT - IDCW,Debt Scheme - Banking and PSU Fund,Open Ended Schemes,Aditya Birla Sun Life Mutual Fund,0.06628169152387287
2024-08-20,106.0252,119551,Aditya Birla Sun Life Banking & PSU Debt Fund  - DIRECT - IDCW,Debt Scheme - Banking and PSU Fund,Open Ended Schemes,Aditya Birla Sun Life Mutual Fund,0.04095042733751608
2024-08-21,106.0518,119551,Aditya Birla Sun Life Banking & PSU Debt Fund  - DIRECT - IDCW,Debt Scheme - Banking and PSU Fund,Open Ended Schemes,Aditya Birla Sun Life Mutual Fund,0.025088375216464343
2024-08-22,106.0858,119551,Aditya Birla Sun Life Banking & PSU Debt Fund  - DIRECT - IDCW,Debt Scheme - Banking and PSU Fund,Open Ended Schemes,Aditya Birla Sun Life Mutual Fund,0.032059804736928044
2024-08-23,106.1127,119551,Aditya Birla Sun Life Banking & PSU Debt Fund  - DIRECT - IDCW,Debt Scheme - Banking and PSU Fund,Open Ended Schemes,Aditya Birla Sun Life Mutual Fund,0.025356833808110046
2024-08-26,106.1703,119551,Aditya Birla Sun Life Banking & PSU Debt Fund  - DIRECT - IDCW,Debt Scheme - Banking and PSU Fund,Open Ended Schemes,Aditya Birla Sun Life Mutual Fund,0.05428190970542257
2024-08-27,106.1953,119551,Aditya Birla Sun Life Banking & PSU Debt Fund  - DIRECT - IDCW,Debt Scheme - Banking and PSU Fund,Open Ended Schemes,Aditya Birla Sun Life Mutual Fund,0.02354707484109042
2024-08-28,106.2365,119551,Aditya Birla Sun Life Banking & PSU Debt Fund  - DIRECT - IDCW,Debt Scheme - Banking and PSU Fund,Open Ended Schemes,Aditya Birla Sun Life Mutual Fund,0.038796443910427136
2024-08-29,106.2648,119551,Aditya Birla Sun Life Banking & PSU Debt Fund  - DIRECT - IDCW,Debt Scheme - Banking and PSU Fund,Open Ended Schemes,Aditya Birla Sun Life Mutual Fund,0.026638678796819804
2024-08-30,106.2668,119551,Aditya Birla Sun Life Banking & PSU Debt Fund  - DIRECT - IDCW,Debt Scheme - Banking and PSU Fund,Open Ended Schemes,Aditya Birla Sun Life Mutual Fund,0.0018820907770056294
2024-09-02,106.3054,119551,Aditya Birla Sun Life Banking & PSU Debt Fund  - DIRECT - IDCW,Debt Scheme - Banking and PSU Fund,Open Ended Schemes,Aditya Birla Sun Life Mutual Fund,0.036323668351734284
2024-09-03,106.3329,119551,Aditya Birla Sun Life Banking & PSU Debt Fund  - DIRECT - IDCW,Debt Scheme - Banking and PSU Fund,Open Ended Schemes,Aditya Birla Sun Life Mutual Fund,0.02586886461082294
2024-09-04,106.3754,119551,Aditya Birla Sun Life Banking & PSU Debt Fund  - DIRECT - IDCW,Debt Scheme - Banking and PSU Fund,Open Ended Schemes,Aditya Birla Sun Life Mutual Fund,0.039968814919943974
2024-09-05,106.4059,119551,Aditya Birla Sun Life Banking & PSU Debt Fund  - DIRECT - IDCW,Debt Scheme - Banking and PSU Fund,Open Ended Schemes,Aditya Birla Sun Life Mutual Fund,0.02867204259631162
2024-09-06,106.4146,119551,Aditya Birla Sun Life Banking & PSU Debt Fund  - DIRECT - IDCW,Debt Scheme - Banking and PSU Fund,Open Ended Schemes,Aditya Birla Sun Life Mutual Fund,0.00817623834767911
2024-09-09,106.4667,119551,Aditya Birla Sun Life Banking & PSU Debt Fund  - DIRECT - IDCW,Debt Scheme - Banking and PSU Fund,Open Ended Schemes,Aditya Birla Sun Life Mutual Fund,0.04895944729390589
2024-09-10,106.4902,119551,Aditya Birla Sun Life Banking & PSU Debt Fund  - DIRECT - IDCW,Debt Scheme - Banking and PSU Fund,Open Ended Schemes,Aditya Birla Sun Life Mutual Fund,0.02207262928219933
2024-09-11,106.5512,119551,Aditya Birla Sun Life Banking & PSU Debt Fund  - DIRECT - IDCW,Debt Scheme - Banking and PSU Fund,Open Ended Schemes,Aditya Birla Sun Life Mutual Fund,0.05728226634937883
2024-09-12,106.5827,119551,Aditya Birla Sun Life Banking & PSU Debt Fund  - DIRECT - IDCW,Debt Scheme - Banking and PSU Fund,Open Ended Schemes,Aditya Birla Sun Life Mutual Fund,0.029563252220543568
2024-09-13,106.6573,119551,Aditya Birla Sun Life Banking & PSU Debt Fund  - DIRECT - IDCW,Debt Scheme - Banking and PSU Fund,Open Ended Schemes,Aditya Birla Sun Life Mutual Fund,0.06999259729769669
2024-09-16,106.7623,119551,Aditya Birla Sun Life Banking & PSU Debt Fund  - DIRECT - IDCW,Debt Scheme - Banking and PSU Fund,Open Ended Schemes,Aditya Birla Sun Life Mutual Fund,0.09844614480207792
2024-09-17,106.7639,119551,Aditya Birla Sun Life Banking & PSU Debt Fund  - DIRECT - IDCW,Debt Scheme - Banking and PSU Fund,Open Ended Schemes,Aditya Birla Sun Life Mutual Fund,0.001498656360920947
2024-09-19,106.8809,119551,Aditya Birla Sun Life Banking & PSU Debt Fund  - DIRECT - IDCW,Debt Scheme - Banking and PSU Fund,Open Ended Schemes,Aditya Birla Sun Life Mutual Fund,0.10958760404966572
2024-09-20,106.929,119551,Aditya Birla Sun Life Banking & PSU Debt Fund  - DIRECT - IDCW,Debt Scheme - Banking and PSU Fund,Open Ended Schemes,Aditya Birla Sun Life Mutual Fund,0.04500336355701684
2024-09-23,107.0237,119551,Aditya Birla Sun Life Banking & PSU Debt Fund  - DIRECT - IDCW,Debt Scheme - Banking and PSU Fund,Open Ended Schemes,Aditya Birla Sun Life Mutual Fund,0.08856343929148913
2024-09-24,107.0466,119551,Aditya Birla Sun Life Banking & PSU Debt Fund  - DIRECT - IDCW,Debt Scheme - Banking and PSU Fund,Open Ended Schemes,Aditya Birla Sun Life Mutual Fund,0.02139712979460917
2024-09-25,107.1126,119551,Aditya Birla Sun Life Banking & PSU Debt Fund  - DIRECT - IDCW,Debt Scheme - Banking and PSU Fund,Open Ended Schemes,Aditya Birla Sun Life Mutual Fund,0.06165539120346342
2024-09-26,107.1966,119551,Aditya Birla Sun Life Banking & PSU Debt Fund  - DIRECT - IDCW,Debt Scheme - Banking and PSU Fund,Open Ended Schemes,Aditya Birla Sun Life Mutual Fund,0.07842214641415879
2024-09-27,107.1769,119551,Aditya Birla Sun Life Banking & PSU Debt Fund  - DIRECT - IDCW,Debt Scheme - Banking and PSU Fund,Open Ended Schemes,Aditya Birla Sun Life Mutual Fund,-0.018377448538475782
2024-09-30,107.225,119551,Aditya Birla Sun Life Banking & PSU Debt Fund  - DIRECT - IDCW,Debt Scheme - Banking and PSU Fund,Open Ended Schemes,Aditya Birla Sun Life Mutual Fund,0.044879073755632604
2024-10-01,107.3237,119551,Aditya Birla Sun Life Banking & PSU Debt Fund  - DIRECT - IDCW,Debt Scheme - Banking and PSU Fund,Open Ended Schemes,Aditya Birla Sun Life Mutual Fund,0.0920494287712792
2024-10-03,107.3076,119551,Aditya Birla Sun Life Banking & PSU Debt Fund  - DIRECT - IDCW,Debt Scheme - Banking and PSU Fund,Open Ended Schemes,Aditya Birla Sun Life Mutual Fund,-0.01500134639413897
2024-10-04,107.2257,119551,Aditya Birla Sun Life Banking & PSU Debt Fund  - DIRECT - IDCW,Debt Scheme - Banking and PSU Fund,Open Ended Schemes,Aditya Birla Sun Life Mutual Fund,-0.07632264629904295
2024-10-07,107.2487,119551,Aditya Birla Sun Life Banking & PSU Debt Fund  - DIRECT - IDCW,Debt Scheme - Banking and PSU Fund,Open Ended Schemes,Aditya Birla Sun Life Mutual Fund,0.02145008146368088
2024-10-08,107.3126,119551,Aditya Birla Sun Life Banking & PSU Debt Fund  - DIRECT - IDCW,Debt Scheme - Banking and PSU Fund,Open Ended Schemes,Aditya Birla Sun Life Mutual Fund,0.05958114177608831
2024-10-09,107.4772,119551,Aditya Birla Sun Life Banking & PSU Debt Fund  - DIRECT - IDCW,Debt Scheme - Banking and PSU Fund,Open Ended Schemes,Aditya Birla Sun Life Mutual Fund,0.15338366603734332
2024-10-10,107.504,119551,Aditya Birla Sun Life Banking & PSU Debt Fund  - DIRECT - IDCW,Debt Scheme - Banking and PSU Fund,Open Ended Schemes,Aditya Birla Sun Life Mutual Fund,0.024935521208235834
2024-10-11,107.5265,119551,Aditya Birla Sun Life Banking & PSU Debt Fund  - DIRECT - IDCW,Debt Scheme - Banking and PSU Fund,Open Ended Schemes,Aditya Birla Sun Life Mutual Fund,0.02092945378775468
2024-10-14,107.6186,119551,Aditya Birla Sun Life Banking & PSU Debt Fund  - DIRECT - IDCW,Debt Scheme - Banking and PSU Fund,Open Ended Schemes,Aditya Birla Sun Life Mutual Fund,0.085653304069222
2024-10-15,107.6534,119551,Aditya Birla Sun Life Banking & PSU Debt Fund  - DIRECT - IDCW,Debt Scheme - Banking and PSU Fund,Open Ended Schemes,Aditya Birla Sun Life Mutual Fund,0.032336417682454766
2024-10-16,107.6535,119551,Aditya Birla Sun Life Banking & PSU Debt Fund  - DIRECT - IDCW,Debt Scheme - Banking and PSU Fund,Open Ended Schemes,Aditya Birla Sun Life Mutual Fund,9.289070292961554e-05
2024-10-17,107.6503,119551,Aditya Birla Sun Life Banking & PSU Debt Fund  - DIRECT - IDCW,Debt Scheme - Banking and PSU Fund,Open Ended Schemes,Aditya Birla Sun Life Mutual Fund,-0.0029724997329338976
2024-10-18,107.6158,119551,Aditya Birla Sun Life Banking & PSU Debt Fund  - DIRECT - IDCW,Debt Scheme - Banking and PSU Fund,Open Ended Schemes,Aditya Birla Sun Life Mutual Fund,-0.03204821537887703
2024-10-21,107.6357,119551,Aditya Birla Sun Life Banking & PSU Debt Fund  - DIRECT - IDCW,Debt Scheme - Banking and PSU Fund,Open Ended Schemes,Aditya Birla Sun Life Mutual Fund,0.018491708466616963
2024-10-22,107.5869,119551,Aditya Birla Sun Life Banking & PSU Debt Fund  - DIRECT - IDCW,Debt Scheme - Banking and PSU Fund,Open Ended Schemes,Aditya Birla Sun Life Mutual Fund,-0.04533811737184035
2024-10-23,107.6336,119551,Aditya Birla Sun Life Banking & PSU Debt Fund  - DIRECT - IDCW,Debt Scheme - Banking and PSU Fund,Open Ended Schemes,Aditya Birla Sun Life Mutual Fund,0.04340677164227369
2024-10-24,107.674,119551,Aditya Birla Sun Life Banking & PSU Debt Fund  - DIRECT - IDCW,Debt Scheme - Banking and PSU Fund,Open Ended Schemes,Aditya Birla Sun Life Mutual Fund,0.03753474751380104
2024-10-25,107.6909,119551,Aditya Birla Sun Life Banking & PSU Debt Fund  - DIRECT - IDCW,Debt Scheme - Banking and PSU Fund,Open Ended Schemes,Aditya Birla Sun Life Mutual Fund,0.015695525382164455
2024-10-28,107.6861,119551,Aditya Birla Sun Life Banking & PSU Debt Fund  - DIRECT - IDCW,Debt Scheme - Banking and PSU Fund,Open Ended Schemes,Aditya Birla Sun Life Mutual Fund,-0.004457201119134613
2024-10-29,107.725,119551,Aditya Birla Sun Life Banking & PSU Debt Fund  - DIRECT - IDCW,Debt Scheme - Banking and PSU Fund,Open Ended Schemes,Aditya Birla Sun Life Mutual Fund,0.0361235108337965
2024-10-30,107.7881,119551,Aditya Birla Sun Life Banking & PSU Debt Fund  - DIRECT - IDCW,Debt Scheme - Banking and PSU Fund,Open Ended Schemes,Aditya Birla Sun Life Mutual Fund,0.05857507542352813
2024-10-31,107.8015,119551,Aditya Birla Sun Life Banking & PSU Debt Fund  - DIRECT - IDCW,Debt Scheme - Banking and PSU Fund,Open Ended Schemes,Aditya Birla Sun Life Mutual Fund,0.0124317990575884
2024-11-04,107.8739,119551,Aditya Birla Sun Life Banking & PSU Debt Fund  - DIRECT - IDCW,Debt Scheme - Banking and PSU Fund,Open Ended Schemes,Aditya Birla Sun Life Mutual Fund,0.0671604755035915
2024-11-05,107.8874,119551,Aditya Birla Sun Life Banking & PSU Debt Fund  - DIRECT - IDCW,Debt Scheme - Banking and PSU Fund,Open Ended Schemes,Aditya Birla Sun Life Mutual Fund,0.01251461196822845
2024-11-06,107.8879,119551,Aditya Birla Sun Life Banking & PSU Debt Fund  - DIRECT - IDCW,Debt Scheme - Banking and PSU Fund,Open Ended Schemes,Aditya Birla Sun Life Mutual Fund,0.000463446148479818
2024-11-07,107.9237,119551,Aditya Birla Sun Life Banking & PSU Debt Fund  - DIRECT - IDCW,Debt Scheme - Banking and PSU Fund,Open Ended Schemes,Aditya Birla Sun Life Mutual Fund,0.03318259044804428
2024-11-08,107.9884,119551,Aditya Birla Sun Life Banking & PSU Debt Fund  - DIRECT - IDCW,Debt Scheme - Banking and PSU Fund,Open Ended Schemes,Aditya Birla Sun Life Mutual Fund,0.05994976080323511
2024-11-11,108.0457,119551,Aditya Birla Sun Life Banking & PSU Debt Fund  - DIRECT - IDCW,Debt Scheme - Banking and PSU Fund,Open Ended Schemes,Aditya Birla Sun Life Mutual Fund,0.053061254727349016
2024-11-12,108.0534,119551,Aditya Birla Sun Life Banking & PSU Debt Fund  - DIRECT - IDCW,Debt Scheme - Banking and PSU Fund,Open Ended Schemes,Aditya Birla Sun Life Mutual Fund,0.007126614016095267
2024-11-13,108.0513,119551,Aditya Birla Sun Life Banking & PSU Debt Fund  - DIRECT - IDCW,Debt Scheme - Banking and PSU Fund,Open Ended Schemes,Aditya Birla Sun Life Mutual Fund,-0.0019434834998222072
2024-11-14,108.0265,119551,Aditya Birla Sun Life Banking & PSU Debt Fund  - DIRECT - IDCW,Debt Scheme - Banking and PSU Fund,Open Ended Schemes,Aditya Birla Sun Life Mutual Fund,-0.022952060734116042
2024-11-18,108.1144,119551,Aditya Birla Sun Life Banking & PSU Debt Fund  - DIRECT - IDCW,Debt Scheme - Banking and PSU Fund,Open Ended Schemes,Aditya Birla Sun Life Mutual Fund,0.08136892336603196
2024-11-19,108.1459,119551,Aditya Birla Sun Life Banking & PSU Debt Fund  - DIRECT - IDCW,Debt Scheme - Banking and PSU Fund,Open Ended Schemes,Aditya Birla Sun Life Mutual Fund,0.02913580429617646
2024-11-21,108.1547,119551,Aditya Birla Sun Life Banking & PSU Debt Fund  - DIRECT - IDCW,Debt Scheme - Banking and PSU Fund,Open Ended Schemes,Aditya Birla Sun Life Mutual Fund,0.008137155453891154
2024-11-22,108.1301,119551,Aditya Birla Sun Life Banking & PSU Debt Fund  - DIRECT - IDCW,Debt Scheme - Banking and PSU Fund,Open Ended Schemes,Aditya Birla Sun Life Mutual Fund,-0.022745197388562843
2024-11-25,108.2199,119551,Aditya Birla Sun Life Banking & PSU Debt Fund  - DIRECT - IDCW,Debt Scheme - Banking and PSU Fund,Open Ended Schemes,Aditya Birla Sun Life Mutual Fund,0.0830481059390431
2024-11-26,108.234,119551,Aditya Birla Sun Life Banking & PSU Debt Fund  - DIRECT - IDCW,Debt Scheme - Banking and PSU Fund,Open Ended Schemes,Aditya Birla Sun Life Mutual Fund,0.01302902700890396
2024-11-27,108.2186,119551,Aditya Birla Sun Life Banking & PSU Debt Fund  - DIRECT - IDCW,Debt Scheme - Banking and PSU Fund,Open Ended Schemes,Aditya Birla Sun Life Mutual Fund,-0.014228430992113683
2024-11-28,108.248,119551,Aditya Birla Sun Life Banking & PSU Debt Fund  - DIRECT - IDCW,Debt Scheme - Banking and PSU Fund,Open Ended Schemes,Aditya Birla Sun Life Mutual Fund,0.027167233728775386
2024-11-29,108.3481,119551,Aditya Birla Sun Life Banking & PSU Debt Fund  - DIRECT - IDCW,Debt Scheme - Banking and PSU Fund,Open Ended Schemes,Aditya Birla Sun Life Mutual Fund,0.09247284014484158
2024-12-02,108.547,119551,Aditya Birla Sun Life Banking & PSU Debt Fund  - DIRECT - IDCW,Debt Scheme - Banking and PSU Fund,Open Ended Schemes,Aditya Birla Sun Life Mutual Fund,0.18357497731846806
2024-12-03,108.5772,119551,Aditya Birla Sun Life Banking & PSU Debt Fund  - DIRECT - IDCW,Debt Scheme - Banking and PSU Fund,Open Ended Schemes,Aditya Birla Sun Life Mutual Fund,0.02782204943481137
2024-12-04,108.6652,119551,Aditya Birla Sun Life Banking & PSU Debt Fund  - DIRECT - IDCW,Debt Scheme - Banking and PSU Fund,Open Ended Schemes,Aditya Birla Sun Life Mutual Fund,0.08104832322071154
2024-12-05,108.7127,119551,Aditya Birla Sun Life Banking & PSU Debt Fund  - DIRECT - IDCW,Debt Scheme - Banking and PSU Fund,Open Ended Schemes,Aditya Birla Sun Life Mutual Fund,0.04371224642296667
2024-12-06,108.6492,119551,Aditya Birla Sun Life Banking & PSU Debt Fund  - DIRECT - IDCW,Debt Scheme - Banking and PSU Fund,Open Ended Schemes,Aditya Birla Sun Life Mutual Fund,-0.058410838844036306
2024-12-09,108.7124,119551,Aditya Birla Sun Life Banking & PSU Debt Fund  - DIRECT - IDCW,Debt Scheme - Banking and PSU Fund,Open Ended Schemes,Aditya Birla Sun Life Mutual Fund,0.058168859043616905
2024-12-10,108.7512,119551,Aditya Birla Sun Life Banking & PSU Debt Fund  - DIRECT - IDCW,Debt Scheme - Banking and PSU Fund,Open Ended Schemes,Aditya Birla Sun Life Mutual Fund,0.035690500807628034
2024-12-11,108.7714,119551,Aditya Birla Sun Life Banking & PSU Debt Fund  - DIRECT - IDCW,Debt Scheme - Banking and PSU Fund,Open Ended Schemes,Aditya Birla Sun Life Mutual Fund,0.018574507683588592
2024-12-12,108.76,119551,Aditya Birla Sun Life Banking & PSU Debt Fund  - DIRECT - IDCW,Debt Scheme - Banking and PSU Fund,Open Ended Schemes,Aditya Birla Sun Life Mutual Fund,-0.010480696212422647
2024-12-13,108.7654,119551,Aditya Birla Sun Life Banking & PSU Debt Fund  - DIRECT - IDCW,Debt Scheme - Banking and PSU Fund,Open Ended Schemes,Aditya Birla Sun Life Mutual Fund,0.004965060684058997
2024-12-16,108.8176,119551,Aditya Birla Sun Life Banking & PSU Debt Fund  - DIRECT - IDCW,Debt Scheme - Banking and PSU Fund,Open Ended Schemes,Aditya Birla Sun Life Mutual Fund,0.047993203721041766
2024-12-17,102.2788,119551,Aditya Birla Sun Life Banking & PSU Debt Fund  - DIRECT - IDCW,Debt Scheme - Banking and PSU Fund,Open Ended Schemes,Aditya Birla Sun Life Mutual Fund,-6.008954433841584
2024-12-18,102.3051,119551,Aditya Birla Sun Life Banking & PSU Debt Fund  - DIRECT - IDCW,Debt Scheme - Banking and PSU Fund,Open Ended Schemes,Aditya Birla Sun Life Mutual Fund,0.025714028713674786
2024-12-19,102.2319,119551,Aditya Birla Sun Life Banking & PSU Debt Fund  - DIRECT - IDCW,Debt Scheme - Banking and PSU Fund,Open Ended Schemes,Aditya Birla Sun Life Mutual Fund,-0.0715506851564629
2024-12-20,102.2299,119551,Aditya Birla Sun Life Banking & PSU Debt Fund  - DIRECT - IDCW,Debt Scheme - Banking and PSU Fund,Open Ended Schemes,Aditya Birla Sun Life Mutual Fund,-0.001956336525088531
2024-12-23,102.2971,119551,Aditya Birla Sun Life Banking & PSU Debt Fund  - DIRECT - IDCW,Debt Scheme - Banking and PSU Fund,Open Ended Schemes,Aditya Birla Sun Life Mutual Fund,0.06573419322526419
2024-12-24,102.276,119551,Aditya Birla Sun Life Banking & PSU Debt Fund  - DIRECT - IDCW,Debt Scheme - Banking and PSU Fund,Open Ended Schemes,Aditya Birla Sun Life Mutual Fund,-0.02062619565951218
2024-12-26,102.3057,119551,Aditya Birla Sun Life Banking & PSU Debt Fund  - DIRECT - IDCW,Debt Scheme - Banking and PSU Fund,Open Ended Schemes,Aditya Birla Sun Life Mutual Fund,0.029039070749736773
2024-12-27,102.3377,119551,Aditya Birla Sun Life Banking & PSU Debt Fund  - DIRECT - IDCW,Debt Scheme - Banking and PSU Fund,Open Ended Schemes,Aditya Birla Sun Life Mutual Fund,0.031278804602274946
2024-12-30,102.3935,119551,Aditya Birla Sun Life Banking & PSU Debt Fund  - DIRECT - IDCW,Debt Scheme - Banking and PSU Fund,Open Ended Schemes,Aditya Birla Sun Life Mutual Fund,0.05452536064423086
2024-12-31,102.4261,119551,Aditya Birla Sun Life Banking & PSU Debt Fund  - DIRECT - IDCW,Debt Scheme - Banking and PSU Fund,Open Ended Schemes,Aditya Birla Sun Life Mutual Fund,0.031837958464153715
2025-01-01,102.4373,119551,Aditya Birla Sun Life Banking & PSU Debt Fund  - DIRECT - IDCW,Debt Scheme - Banking and PSU Fund,Open Ended Schemes,Aditya Birla Sun Life Mutual Fund,0.010934712929611123
2025-01-02,102.4411,119551,Aditya Birla Sun Life Banking & PSU Debt Fund  - DIRECT - IDCW,Debt Scheme - Banking and PSU Fund,Open Ended Schemes,Aditya Birla Sun Life Mutual Fund,0.003709586254241337
2025-01-03,102.4734,119551,Aditya Birla Sun Life Banking & PSU Debt Fund  - DIRECT - IDCW,Debt Scheme - Banking and PSU Fund,Open Ended Schemes,Aditya Birla Sun Life Mutual Fund,0.03153031351672553
2025-01-06,102.5428,119551,Aditya Birla Sun Life Banking & PSU Debt Fund  - DIRECT - IDCW,Debt Scheme - Banking and PSU Fund,Open Ended Schemes,Aditya Birla Sun Life Mutual Fund,0.06772489250870262
2025-01-07,102.5942,119551,Aditya Birla Sun Life Banking & PSU Debt Fund  - DIRECT - IDCW,Debt Scheme - Banking and PSU Fund,Open Ended Schemes,Aditya Birla Sun Life Mutual Fund,0.05012541104787438
2025-01-08,102.5842,119551,Aditya Birla Sun Life Banking & PSU Debt Fund  - DIRECT - IDCW,Debt Scheme - Banking and PSU Fund,Open Ended Schemes,Aditya Birla Sun Life Mutual Fund,-0.00974713970185448
2025-01-09,102.5669,119551,Aditya Birla Sun Life Banking & PSU Debt Fund  - DIRECT - IDCW,Debt Scheme - Banking and PSU Fund,Open Ended Schemes,Aditya Birla Sun Life Mutual Fund,-0.016864195460886133
2025-01-10,102.5788,119551,Aditya Birla Sun Life Banking & PSU Debt Fund  - DIRECT - IDCW,Debt Scheme - Banking and PSU Fund,Open Ended Schemes,Aditya Birla Sun Life Mutual Fund,0.011602183550429856
2025-01-13,102.479,119551,Aditya Birla Sun Life Banking & PSU Debt Fund  - DIRECT - IDCW,Debt Scheme - Banking and PSU Fund,Open Ended Schemes,Aditya Birla Sun Life Mutual Fund,-0.09729105819136219
2025-01-14,102.5067,119551,Aditya Birla Sun Life Banking & PSU Debt Fund  - DIRECT - IDCW,Debt Scheme - Banking and PSU Fund,Open Ended Schemes,Aditya Birla Sun Life Mutual Fund,0.027029928082833443
2025-01-15,102.5547,119551,Aditya Birla Sun Life Banking & PSU Debt Fund  - DIRECT - IDCW,Debt Scheme - Banking and PSU Fund,Open Ended Schemes,Aditya Birla Sun Life Mutual Fund,0.04682620745766197
2025-01-16,102.6846,119551,Aditya Birla Sun Life Banking & PSU Debt Fund  - DIRECT - IDCW,Debt Scheme - Banking and PSU Fund,Open Ended Schemes,Aditya Birla Sun Life Mutual Fund,0.12666411193247296
2025-01-17,102.6971,119551,Aditya Birla Sun Life Banking & PSU Debt Fund  - DIRECT - IDCW,Debt Scheme - Banking and PSU Fund,Open Ended Schemes,Aditya Birla Sun Life Mutual Fund,0.01217319831796626
2025-01-20,102.7722,119551,Aditya Birla Sun Life Banking & PSU Debt Fund  - DIRECT - IDCW,Debt Scheme - Banking and PSU Fund,Open Ended Schemes,Aditya Birla Sun Life Mutual Fund,0.0731276735175479
2025-01-21,102.833,119551,Aditya Birla Sun Life Banking & PSU Debt Fund  - DIRECT - IDCW,Debt Scheme - Banking and PSU Fund,Open Ended Schemes,Aditya Birla Sun Life Mutual Fund,0.05915996738417029
2025-01-22,102.882,119551,Aditya Birla Sun Life Banking & PSU Debt Fund  - DIRECT - IDCW,Debt Scheme - Banking and PSU Fund,Open Ended Schemes,Aditya Birla Sun Life Mutual Fund,0.0476500734200247
2025-01-23,102.8828,119551,Aditya Birla Sun Life Banking & PSU Debt Fund  - DIRECT - IDCW,Debt Scheme - Banking and PSU Fund,Open Ended Schemes,Aditya Birla Sun Life Mutual Fund,0.0007775898602346842
2025-01-24,102.9,119551,Aditya Birla Sun Life Banking & PSU Debt Fund  - DIRECT - IDCW,Debt Scheme - Banking and PSU Fund,Open Ended Schemes,Aditya Birla Sun Life Mutual Fund,0.016718051997033356
2025-01-27,103.0191,119551,Aditya Birla Sun Life Banking & PSU Debt Fund  - DIRECT - IDCW,Debt Scheme - Banking and PSU Fund,Open Ended Schemes,Aditya Birla Sun Life Mutual Fund,0.11574344023321803
2025-01-28,103.0551,119551,Aditya Birla Sun Life Banking & PSU Debt Fund  - DIRECT - IDCW,Debt Scheme - Banking and PSU Fund,Open Ended Schemes,Aditya Birla Sun Life Mutual Fund,0.03494497622285042
2025-01-29,103.0631,119551,Aditya Birla Sun Life Banking & PSU Debt Fund  - DIRECT - IDCW,Debt Scheme - Banking and PSU Fund,Open Ended Schemes,Aditya Birla Sun Life Mutual Fund,0.007762837550018276
2025-01-30,103.0995,119551,Aditya Birla Sun Life Banking & PSU Debt Fund  - DIRECT - IDCW,Debt Scheme - Banking and PSU Fund,Open Ended Schemes,Aditya Birla Sun Life Mutual Fund,0.03531816916044761
2025-01-31,103.1194,119551,Aditya Birla Sun Life Banking & PSU Debt Fund  - DIRECT - IDCW,Debt Scheme - Banking and PSU Fund,Open Ended Schemes,Aditya Birla Sun Life Mutual Fund,0.019301742491473206
2025-02-03,103.2079,119551,Aditya Birla Sun Life Banking & PSU Debt Fund  - DIRECT - IDCW,Debt Scheme - Banking and PSU Fund,Open Ended Schemes,Aditya Birla Sun Life Mutual Fund,0.08582284225857606
2025-02-04,103.2096,119551,Aditya Birla Sun Life Banking & PSU Debt Fund  - DIRECT - IDCW,Debt Scheme - Banking and PSU Fund,Open Ended Schemes,Aditya Birla Sun Life Mutual Fund,0.0016471607309220815
2025-02-05,103.2887,119551,Aditya Birla Sun Life Banking & PSU Debt Fund  - DIRECT - IDCW,Debt Scheme - Banking and PSU Fund,Open Ended Schemes,Aditya Birla Sun Life Mutual Fund,0.07664015750474817
2025-02-06,103.3557,119551,Aditya Birla Sun Life Banking & PSU Debt Fund  - DIRECT - IDCW,Debt Scheme - Banking and PSU Fund,Open Ended Schemes,Aditya Birla Sun Life Mutual Fund,0.0648667279189219
2025-02-07,103.2983,119551,Aditya Birla Sun Life Banking & PSU Debt Fund  - DIRECT - IDCW,Debt Scheme - Banking and PSU Fund,Open Ended Schemes,Aditya Birla Sun Life Mutual Fund,-0.05553636616074664
2025-02-10,103.3119,119551,Aditya Birla Sun Life Banking & PSU Debt Fund  - DIRECT - IDCW,Debt Scheme - Banking and PSU Fund,Open Ended Schemes,Aditya Birla Sun Life Mutual Fund,0.013165753937860458
2025-02-11,103.3491,119551,Aditya Birla Sun Life Banking & PSU Debt Fund  - DIRECT - IDCW,Debt Scheme - Banking and PSU Fund,Open Ended Schemes,Aditya Birla Sun Life Mutual Fund,0.036007468645937735
2025-02-12,103.3327,119551,Aditya Birla Sun Life Banking & PSU Debt Fund  - DIRECT - IDCW,Debt Scheme - Banking and PSU Fund,Open Ended Schemes,Aditya Birla Sun Life Mutual Fund,-0.015868546508879255
2025-02-13,103.3413,119551,Aditya Birla Sun Life Banking & PSU Debt Fund  - DIRECT - IDCW,Debt Scheme - Banking and PSU Fund,Open Ended Schemes,Aditya Birla Sun Life Mutual Fund,0.008322631654844592
2025-02-14,103.3587,119551,Aditya Birla Sun Life Banking & PSU Debt Fund  - DIRECT - IDCW,Debt Scheme - Banking and PSU Fund,Open Ended Schemes,Aditya Birla Sun Life Mutual Fund,0.016837411567305338
2025-02-17,103.4024,119551,Aditya Birla Sun Life Banking & PSU Debt Fund  - DIRECT - IDCW,Debt Scheme - Banking and PSU Fund,Open Ended Schemes,Aditya Birla Sun Life Mutual Fund,0.04227994353644959
2025-02-18,103.428,119551,Aditya Birla Sun Life Banking & PSU Debt Fund  - DIRECT - IDCW,Debt Scheme - Banking and PSU Fund,Open Ended Schemes,Aditya Birla Sun Life Mutual Fund,0.024757645857342858
2025-02-20,103.4473,119551,Aditya Birla Sun Life Banking & PSU Debt Fund  - DIRECT - IDCW,Debt Scheme - Banking and PSU Fund,Open Ended Schemes,Aditya Birla Sun Life Mutual Fund,0.018660324090191693
2025-02-21,103.4606,119551,Aditya Birla Sun Life Banking & PSU Debt Fund  - DIRECT - IDCW,Debt Scheme - Banking and PSU Fund,Open Ended Schemes,Aditya Birla Sun Life Mutual Fund,0.012856787949044879
2025-02-24,103.523,119551,Aditya Birla Sun Life Banking & PSU Debt Fund  - DIRECT - IDCW,Debt Scheme - Banking and PSU Fund,Open Ended Schemes,Aditya Birla Sun Life Mutual Fund,0.060312814733332054
2025-02-25,103.5311,119551,Aditya Birla Sun Life Banking & PSU Debt Fund  - DIRECT - IDCW,Debt Scheme - Banking and PSU Fund,Open Ended Schemes,Aditya Birla Sun Life Mutual Fund,0.007824348212470689
2025-02-27,103.475,119551,Aditya Birla Sun Life Banking & PSU Debt Fund  - DIRECT - IDCW,Debt Scheme - Banking and PSU Fund,Open Ended Schemes,Aditya Birla Sun Life Mutual Fund,-0.05418661638869615
2025-02-28,103.4542,119551,Aditya Birla Sun Life Banking & PSU Debt Fund  - DIRECT - IDCW,Debt Scheme - Banking and PSU Fund,Open Ended Schemes,Aditya Birla Sun Life Mutual Fund,-0.020101473785938406
2025-03-03,103.4915,119551,Aditya Birla Sun Life Banking & PSU Debt Fund  - DIRECT - IDCW,Debt Scheme - Banking and PSU Fund,Open Ended Schemes,Aditya Birla Sun Life Mutual Fund,0.036054601939805586
2025-03-04,103.4961,119551,Aditya Birla Sun Life Banking & PSU Debt Fund  - DIRECT - IDCW,Debt Scheme - Banking and PSU Fund,Open Ended Schemes,Aditya Birla Sun Life Mutual Fund,0.004444809477099909
2025-03-05,103.5156,119551,Aditya Birla Sun Life Banking & PSU Debt Fund  - DIRECT - IDCW,Debt Scheme - Banking and PSU Fund,Open Ended Schemes,Aditya Birla Sun Life Mutual Fund,0.018841289671800432
2025-03-06,103.577,119551,Aditya Birla Sun Life Banking & PSU Debt Fund  - DIRECT - IDCW,Debt Scheme - Banking and PSU Fund,Open Ended Schemes,Aditya Birla Sun Life Mutual Fund,0.05931473130618148
2025-03-07,103.5932,119551,Aditya Birla Sun Life Banking & PSU Debt Fund  - DIRECT - IDCW,Debt Scheme - Banking and PSU Fund,Open Ended Schemes,Aditya Birla Sun Life Mutual Fund,0.01564053795726217
2025-03-10,103.6318,119551,Aditya Birla Sun Life Banking & PSU Debt Fund  - DIRECT - IDCW,Debt Scheme - Banking and PSU Fund,Open Ended Schemes,Aditya Birla Sun Life Mutual Fund,0.03726113297011224
2025-03-11,103.6633,119551,Aditya Birla Sun Life Banking & PSU Debt Fund  - DIRECT - IDCW,Debt Scheme - Banking and PSU Fund,Open Ended Schemes,Aditya Birla Sun Life Mutual Fund,0.030396075335947792
2025-03-12,103.6937,119551,Aditya Birla Sun Life Banking & PSU Debt Fund  - DIRECT - IDCW,Debt Scheme - Banking and PSU Fund,Open Ended Schemes,Aditya Birla Sun Life Mutual Fund,0.029325711220851147
2025-03-13,103.7314,119551,Aditya Birla Sun Life Banking & PSU Debt Fund  - DIRECT - IDCW,Debt Scheme - Banking and PSU Fund,Open Ended Schemes,Aditya Birla Sun Life Mutual Fund,0.03635707858817838
2025-03-17,103.8183,119551,Aditya Birla Sun Life Banking & PSU Debt Fund  - DIRECT - IDCW,Debt Scheme - Banking and PSU Fund,Open Ended Schemes,Aditya Birla Sun Life Mutual Fund,0.08377405491490908
2025-03-18,103.8685,119551,Aditya Birla Sun Life Banking & PSU Debt Fund  - DIRECT - IDCW,Debt Scheme - Banking and PSU Fund,Open Ended Schemes,Aditya Birla Sun Life Mutual Fund,0.04835371028035773
2025-03-19,103.9843,119551,Aditya Birla Sun Life Banking & PSU Debt Fund  - DIRECT - IDCW,Debt Scheme - Banking and PSU Fund,Open Ended Schemes,Aditya Birla Sun Life Mutual Fund,0.11148712073438816
2025-03-20,104.0851,119551,Aditya Birla Sun Life Banking & PSU Debt Fund  - DIRECT - IDCW,Debt Scheme - Banking and PSU Fund,Open Ended Schemes,Aditya Birla Sun Life Mutual Fund,0.09693771078902458
2025-03-21,104.1787,119551,Aditya Birla Sun Life Banking & PSU Debt Fund  - DIRECT - IDCW,Debt Scheme - Banking and PSU Fund,Open Ended Schemes,Aditya Birla Sun Life Mutual Fund,0.08992641598077888
2025-03-24,104.2711,119551,Aditya Birla Sun Life Banking & PSU Debt Fund  - DIRECT - IDCW,Debt Scheme - Banking and PSU Fund,Open Ended Schemes,Aditya Birla Sun Life Mutual Fund,0.08869375409752411
2025-03-25,104.3152,119551,Aditya Birla Sun Life Banking & PSU Debt Fund  - DIRECT - IDCW,Debt Scheme - Banking and PSU Fund,Open Ended Schemes,Aditya Birla Sun Life Mutual Fund,0.04229359813026079
2025-03-26,104.4275,119551,Aditya Birla Sun Life Banking & PSU Debt Fund  - DIRECT - IDCW,Debt Scheme - Banking and PSU Fund,Open Ended Schemes,Aditya Birla Sun Life Mutual Fund,0.1076544933048984
2025-03-27,104.5887,119551,Aditya Birla Sun Life Banking & PSU Debt Fund  - DIRECT - IDCW,Debt Scheme - Banking and PSU Fund,Open Ended Schemes,Aditya Birla Sun Life Mutual Fund,0.15436546886595792
2025-03-28,104.798,119551,Aditya Birla Sun Life Banking & PSU Debt Fund  - DIRECT - IDCW,Debt Scheme - Banking and PSU Fund,Open Ended Schemes,Aditya Birla Sun Life Mutual Fund,0.2001172210764679
2025-03-31,104.8517,119551,Aditya Birla Sun Life Banking & PSU Debt Fund  - DIRECT - IDCW,Debt Scheme - Banking and PSU Fund,Open Ended Schemes,Aditya Birla Sun Life Mutual Fund,0.0512414359052471
2025-04-02,105.2693,119551,Aditya Birla Sun Life Banking & PSU Debt Fund  - DIRECT - IDCW,Debt Scheme - Banking and PSU Fund,Open Ended Schemes,Aditya Birla Sun Life Mutual Fund,0.39827680428643486
2025-04-03,105.407,119551,Aditya Birla Sun Life Banking & PSU Debt Fund  - DIRECT - IDCW,Debt Scheme - Banking and PSU Fund,Open Ended Schemes,Aditya Birla Sun Life Mutual Fund,0.13080736739010668
2025-04-04,105.4731,119551,Aditya Birla Sun Life Banking & PSU Debt Fund  - DIRECT - IDCW,Debt Scheme - Banking and PSU Fund,Open Ended Schemes,Aditya Birla Sun Life Mutual Fund,0.06270930773100147
2025-04-07,105.4895,119551,Aditya Birla Sun Life Banking & PSU Debt Fund  - DIRECT - IDCW,Debt Scheme - Banking and PSU Fund,Open Ended Schemes,Aditya Birla Sun Life Mutual Fund,0.015548988320257529
2025-04-08,105.4798,119551,Aditya Birla Sun Life Banking & PSU Debt Fund  - DIRECT - IDCW,Debt Scheme - Banking and PSU Fund,Open Ended Schemes,Aditya Birla Sun Life Mutual Fund,-0.009195227961089625
2025-04-09,105.595,119551,Aditya Birla Sun Life Banking & PSU Debt Fund  - DIRECT - IDCW,Debt Scheme - Banking and PSU Fund,Open Ended Schemes,Aditya Birla Sun Life Mutual Fund,0.10921522414717444
2025-04-11,105.7166,119551,Aditya Birla Sun Life Banking & PSU Debt Fund  - DIRECT - IDCW,Debt Scheme - Banking and PSU Fund,Open Ended Schemes,Aditya Birla Sun Life Mutual Fund,0.11515696765944661
2025-04-15,105.8256,119551,Aditya Birla Sun Life Banking & PSU Debt Fund  - DIRECT - IDCW,Debt Scheme - Banking and PSU Fund,Open Ended Schemes,Aditya Birla Sun Life Mutual Fund,0.10310585092596636
2025-04-16,105.9138,119551,Aditya Birla Sun Life Banking & PSU Debt Fund  - DIRECT - IDCW,Debt Scheme - Banking and PSU Fund,Open Ended Schemes,Aditya Birla Sun Life Mutual Fund,0.08334467274460078
2025-04-17,106.0393,119551,Aditya Birla Sun Life Banking & PSU Debt Fund  - DIRECT - IDCW,Debt Scheme - Banking and PSU Fund,Open Ended Schemes,Aditya Birla Sun Life Mutual Fund,0.11849258547989017
2025-04-21,106.1959,119551,Aditya Birla Sun Life Banking & PSU Debt Fund  - DIRECT - IDCW,Debt Scheme - Banking and PSU Fund,Open Ended Schemes,Aditya Birla Sun Life Mutual Fund,0.14768109559379905
2025-04-22,106.2867,119551,Aditya Birla Sun Life Banking & PSU Debt Fund  - DIRECT - IDCW,Debt Scheme - Banking and PSU Fund,Open Ended Schemes,Aditya Birla Sun Life Mutual Fund,0.08550235931896744
2025-04-23,106.3557,119551,Aditya Birla Sun Life Banking & PSU Debt Fund  - DIRECT - IDCW,Debt Scheme - Banking and PSU Fund,Open Ended Schemes,Aditya Birla Sun Life Mutual Fund,0.06491875276963821
2025-04-24,106.3431,119551,Aditya Birla Sun Life Banking & PSU Debt Fund  - DIRECT - IDCW,Debt Scheme - Banking and PSU Fund,Open Ended Schemes,Aditya Birla Sun Life Mutual Fund,-0.011847037817425132
2025-04-25,106.2928,119551,Aditya Birla Sun Life Banking & PSU Debt Fund  - DIRECT - IDCW,Debt Scheme - Banking and PSU Fund,Open Ended Schemes,Aditya Birla Sun Life Mutual Fund,-0.04729973077708394
2025-04-28,106.3422,119551,Aditya Birla Sun Life Banking & PSU Debt Fund  - DIRECT - IDCW,Debt Scheme - Banking and PSU Fund,Open Ended Schemes,Aditya Birla Sun Life Mutual Fund,0.04647539626390085
2025-04-29,106.4231,119551,Aditya Birla Sun Life Banking & PSU Debt Fund  - DIRECT - IDCW,Debt Scheme - Banking and PSU Fund,Open Ended Schemes,Aditya Birla Sun Life Mutual Fund,0.07607516113077306
2025-04-30,106.4272,119551,Aditya Birla Sun Life Banking & PSU Debt Fund  - DIRECT - IDCW,Debt Scheme - Banking and PSU Fund,Open Ended Schemes,Aditya Birla Sun Life Mutual Fund,0.0038525470503980586
2025-05-02,106.4573,119551,Aditya Birla Sun Life Banking & PSU Debt Fund  - DIRECT - IDCW,Debt Scheme - Banking and PSU Fund,Open Ended Schemes,Aditya Birla Sun Life Mutual Fund,0.028282243636978954
2025-05-05,106.5451,119551,Aditya Birla Sun Life Banking & PSU Debt Fund  - DIRECT - IDCW,Debt Scheme - Banking and PSU Fund,Open Ended Schemes,Aditya Birla Sun Life Mutual Fund,0.08247438174742161
2025-05-06,106.5085,119551,Aditya Birla Sun Life Banking & PSU Debt Fund  - DIRECT - IDCW,Debt Scheme - Banking and PSU Fund,Open Ended Schemes,Aditya Birla Sun Life Mutual Fund,-0.03435165014628039
2025-05-07,106.5585,119551,Aditya Birla Sun Life Banking & PSU Debt Fund  - DIRECT - IDCW,Debt Scheme - Banking and PSU Fund,Open Ended Schemes,Aditya Birla Sun Life Mutual Fund,0.04694461005458894
2025-05-08,106.3466,119551,Aditya Birla Sun Life Banking & PSU Debt Fund  - DIRECT - IDCW,Debt Scheme - Banking and PSU Fund,Open Ended Schemes,Aditya Birla Sun Life Mutual Fund,-0.19885790434361894
2025-05-09,106.2789,119551,Aditya Birla Sun Life Banking & PSU Debt Fund  - DIRECT - IDCW,Debt Scheme - Banking and PSU Fund,Open Ended Schemes,Aditya Birla Sun Life Mutual Fund,-0.06365976909463722
2025-05-13,106.6661,119551,Aditya Birla Sun Life Banking & PSU Debt Fund  - DIRECT - IDCW,Debt Scheme - Banking and PSU Fund,Open Ended Schemes,Aditya Birla Sun Life Mutual Fund,0.3643244331659412
2025-05-14,106.7901,119551,Aditya Birla Sun Life Banking & PSU Debt Fund  - DIRECT - IDCW,Debt Scheme - Banking and PSU Fund,Open Ended Schemes,Aditya Birla Sun Life Mutual Fund,0.11625061758140376
2025-05-15,106.9055,119551,Aditya Birla Sun Life Banking & PSU Debt Fund  - DIRECT - IDCW,Debt Scheme - Banking and PSU Fund,Open Ended Schemes,Aditya Birla Sun Life Mutual Fund,0.10806245148193838
2025-05-16,107.0688,119551,Aditya Birla Sun Life Banking & PSU Debt Fund  - DIRECT - IDCW,Debt Scheme - Banking and PSU Fund,Open Ended Schemes,Aditya Birla Sun Life Mutual Fund,0.15275172933104653
2025-05-19,107.1766,119551,Aditya Birla Sun Life Banking & PSU Debt Fund  - DIRECT - IDCW,Debt Scheme - Banking and PSU Fund,Open Ended Schemes,Aditya Birla Sun Life Mutual Fund,0.1006829253713537
2025-05-20,107.2867,119551,Aditya Birla Sun Life Banking & PSU Debt Fund  - DIRECT - IDCW,Debt Scheme - Banking and PSU Fund,Open Ended Schemes,Aditya Birla Sun Life Mutual Fund,0.10272764763950004
2025-05-21,107.4878,119551,Aditya Birla Sun Life Banking & PSU Debt Fund  - DIRECT - IDCW,Debt Scheme - Banking and PSU Fund,Open Ended Schemes,Aditya Birla Sun Life Mutual Fund,0.1874416866209927
2025-05-22,107.5193,119551,Aditya Birla Sun Life Banking & PSU Debt Fund  - DIRECT - IDCW,Debt Scheme - Banking and PSU Fund,Open Ended Schemes,Aditya Birla Sun Life Mutual Fund,0.029305651432087743
2025-05-23,107.5534,119551,Aditya Birla Sun Life Banking & PSU Debt Fund  - DIRECT - IDCW,Debt Scheme - Banking and PSU Fund,Open Ended Schemes,Aditya Birla Sun Life Mutual Fund,0.031715236241303124
2025-05-26,107.6218,119551,Aditya Birla Sun Life Banking & PSU Debt Fund  - DIRECT - IDCW,Debt Scheme - Banking and PSU Fund,Open Ended Schemes,Aditya Birla Sun Life Mutual Fund,0.06359631587657955
2025-05-27,107.6329,119551,Aditya Birla Sun Life Banking & PSU Debt Fund  - DIRECT - IDCW,Debt Scheme - Banking and PSU Fund,Open Ended Schemes,Aditya Birla Sun Life Mutual Fund,0.0103138955118931
2025-05-28,107.6822,119551,Aditya Birla Sun Life Banking & PSU Debt Fund  - DIRECT - IDCW,Debt Scheme - Banking and PSU Fund,Open Ended Schemes,Aditya Birla Sun Life Mutual Fund,0.045803838789049145
2025-05-29,107.6883,119551,Aditya Birla Sun Life Banking & PSU Debt Fund  - DIRECT - IDCW,Debt Scheme - Banking and PSU Fund,Open Ended Schemes,Aditya Birla Sun Life Mutual Fund,0.005664817397854627
2025-05-30,107.657,119551,Aditya Birla Sun Life Banking & PSU Debt Fund  - DIRECT - IDCW,Debt Scheme - Banking and PSU Fund,Open Ended Schemes,Aditya Birla Sun Life Mutual Fund,-0.029065367361169603
2025-06-02,107.7103,119551,Aditya Birla Sun Life Banking & PSU Debt Fund  - DIRECT - IDCW,Debt Scheme - Banking and PSU Fund,Open Ended Schemes,Aditya Birla Sun Life Mutual Fund,0.04950908905134721
2025-06-03,107.7345,119551,Aditya Birla Sun Life Banking & PSU Debt Fund  - DIRECT - IDCW,Debt Scheme - Banking and PSU Fund,Open Ended Schemes,Aditya Birla Sun Life Mutual Fund,0.022467674864889986
2025-06-04,107.7469,119551,Aditya Birla Sun Life Banking & PSU Debt Fund  - DIRECT - IDCW,Debt Scheme - Banking and PSU Fund,Open Ended Schemes,Aditya Birla Sun Life Mutual Fund,0.011509776348339606
2025-06-05,107.7812,119551,Aditya Birla Sun Life Banking & PSU Debt Fund  - DIRECT - IDCW,Debt Scheme - Banking and PSU Fund,Open Ended Schemes,Aditya Birla Sun Life Mutual Fund,0.031833862505559196
2025-06-06,108.0092,119551,Aditya Birla Sun Life Banking & PSU Debt Fund  - DIRECT - IDCW,Debt Scheme - Banking and PSU Fund,Open Ended Schemes,Aditya Birla Sun Life Mutual Fund,0.21153967482270275
2025-06-09,107.886,119551,Aditya Birla Sun Life Banking & PSU Debt Fund  - DIRECT - IDCW,Debt Scheme - Banking and PSU Fund,Open Ended Schemes,Aditya Birla Sun Life Mutual Fund,-0.1140643574806699
2025-06-10,107.6421,119551,Aditya Birla Sun Life Banking & PSU Debt Fund  - DIRECT - IDCW,Debt Scheme - Banking and PSU Fund,Open Ended Schemes,Aditya Birla Sun Life Mutual Fund,-0.22607196485178171
2025-06-11,107.5439,119551,Aditya Birla Sun Life Banking & PSU Debt Fund  - DIRECT - IDCW,Debt Scheme - Banking and PSU Fund,Open Ended Schemes,Aditya Birla Sun Life Mutual Fund,-0.09122824619736125
2025-06-12,107.4825,119551,Aditya Birla Sun Life Banking & PSU Debt Fund  - DIRECT - IDCW,Debt Scheme - Banking and PSU Fund,Open Ended Schemes,Aditya Birla Sun Life Mutual Fund,-0.0570929638965989
2025-06-13,107.3575,119551,Aditya Birla Sun Life Banking & PSU Debt Fund  - DIRECT - IDCW,Debt Scheme - Banking and PSU Fund,Open Ended Schemes,Aditya Birla Sun Life Mutual Fund,-0.1162980020003257
2025-06-16,107.4387,119551,Aditya Birla Sun Life Banking & PSU Debt Fund  - DIRECT - IDCW,Debt Scheme - Banking and PSU Fund,Open Ended Schemes,Aditya Birla Sun Life Mutual Fund,0.07563514426098816
2025-06-17,107.5644,119551,Aditya Birla Sun Life Banking & PSU Debt Fund  - DIRECT - IDCW,Debt Scheme - Banking and PSU Fund,Open Ended Schemes,Aditya Birla Sun Life Mutual Fund,0.11699694802711491
2025-06-18,107.5716,119551,Aditya Birla Sun Life Banking & PSU Debt Fund  - DIRECT - IDCW,Debt Scheme - Banking and PSU Fund,Open Ended Schemes,Aditya Birla Sun Life Mutual Fund,0.0066936644465886985
2025-06-19,107.4465,119551,Aditya Birla Sun Life Banking & PSU Debt Fund  - DIRECT - IDCW,Debt Scheme - Banking and PSU Fund,Open Ended Schemes,Aditya Birla Sun Life Mutual Fund,-0.11629463538703755
2025-06-20,107.4384,119551,Aditya Birla Sun Life Banking & PSU Debt Fund  - DIRECT - IDCW,Debt Scheme - Banking and PSU Fund,Open Ended Schemes,Aditya Birla Sun Life Mutual Fund,-0.007538635506976199
2025-06-23,107.4577,119551,Aditya Birla Sun Life Banking & PSU Debt Fund  - DIRECT - IDCW,Debt Scheme - Banking and PSU Fund,Open Ended Schemes,Aditya Birla Sun Life Mutual Fund,0.017963782036956033
2025-06-24,107.5733,119551,Aditya Birla Sun Life Banking & PSU Debt Fund  - DIRECT - IDCW,Debt Scheme - Banking and PSU Fund,Open Ended Schemes,Aditya Birla Sun Life Mutual Fund,0.1075772141037934
2025-06-25,107.511,119551,Aditya Birla Sun Life Banking & PSU Debt Fund  - DIRECT - IDCW,Debt Scheme - Banking and PSU Fund,Open Ended Schemes,Aditya Birla Sun Life Mutual Fund,-0.05791399910572981
2025-06-26,107.5011,119551,Aditya Birla Sun Life Banking & PSU Debt Fund  - DIRECT - IDCW,Debt Scheme - Banking and PSU Fund,Open Ended Schemes,Aditya Birla Sun Life Mutual Fund,-0.009208360074786093
2025-06-27,107.4878,119551,Aditya Birla Sun Life Banking & PSU Debt Fund  - DIRECT - IDCW,Debt Scheme - Banking and PSU Fund,Open Ended Schemes,Aditya Birla Sun Life Mutual Fund,-0.012371966426394376
2025-06-30,107.5767,119551,Aditya Birla Sun Life Banking & PSU Debt Fund  - DIRECT - IDCW,Debt Scheme - Banking and PSU Fund,Open Ended Schemes,Aditya Birla Sun Life Mutual Fund,0.08270706070829803
2025-07-01,107.6624,119551,Aditya Birla Sun Life Banking & PSU Debt Fund  - DIRECT - IDCW,Debt Scheme - Banking and PSU Fund,Open Ended Schemes,Aditya Birla Sun Life Mutual Fund,0.0796640908300894
2025-07-02,107.7677,119551,Aditya Birla Sun Life Banking & PSU Debt Fund  - DIRECT - IDCW,Debt Scheme - Banking and PSU Fund,Open Ended Schemes,Aditya Birla Sun Life Mutual Fund,0.09780573347797361
2025-07-03,107.8552,119551,Aditya Birla Sun Life Banking & PSU Debt Fund  - DIRECT - IDCW,Debt Scheme - Banking and PSU Fund,Open Ended Schemes,Aditya Birla Sun Life Mutual Fund,0.081193158989179
2025-07-04,107.8466,119551,Aditya Birla Sun Life Banking & PSU Debt Fund  - DIRECT - IDCW,Debt Scheme - Banking and PSU Fund,Open Ended Schemes,Aditya Birla Sun Life Mutual Fund,-0.007973653565152006
2025-07-07,107.9243,119551,Aditya Birla Sun Life Banking & PSU Debt Fund  - DIRECT - IDCW,Debt Scheme - Banking and PSU Fund,Open Ended Schemes,Aditya Birla Sun Life Mutual Fund,0.07204677755257016
2025-07-08,107.9198,119551,Aditya Birla Sun Life Banking & PSU Debt Fund  - DIRECT - IDCW,Debt Scheme - Banking and PSU Fund,Open Ended Schemes,Aditya Birla Sun Life Mutual Fund,-0.004169589239877425
2025-07-09,107.8924,119551,Aditya Birla Sun Life Banking & PSU Debt Fund  - DIRECT - IDCW,Debt Scheme - Banking and PSU Fund,Open Ended Schemes,Aditya Birla Sun Life Mutual Fund,-0.025389224220206952
2025-07-10,107.8928,119551,Aditya Birla Sun Life Banking & PSU Debt Fund  - DIRECT - IDCW,Debt Scheme - Banking and PSU Fund,Open Ended Schemes,Aditya Birla Sun Life Mutual Fund,0.00037073973699897067
2025-07-11,107.9125,119551,Aditya Birla Sun Life Banking & PSU Debt Fund  - DIRECT - IDCW,Debt Scheme - Banking and PSU Fund,Open Ended Schemes,Aditya Birla Sun Life Mutual Fund,0.01825886435424806
2025-07-14,107.9617,119551,Aditya Birla Sun Life Banking & PSU Debt Fund  - DIRECT - IDCW,Debt Scheme - Banking and PSU Fund,Open Ended Schemes,Aditya Birla Sun Life Mutual Fund,0.045592493918689136
2025-07-15,107.962,119551,Aditya Birla Sun Life Banking & PSU Debt Fund  - DIRECT - IDCW,Debt Scheme - Banking and PSU Fund,Open Ended Schemes,Aditya Birla Sun Life Mutual Fund,0.0002778763209532187
2025-07-16,107.9658,119551,Aditya Birla Sun Life Banking & PSU Debt Fund  - DIRECT - IDCW,Debt Scheme - Banking and PSU Fund,Open Ended Schemes,Aditya Birla Sun Life Mutual Fund,0.003519756951519959
2025-07-17,108.0272,119551,Aditya Birla Sun Life Banking & PSU Debt Fund  - DIRECT - IDCW,Debt Scheme - Banking and PSU Fund,Open Ended Schemes,Aditya Birla Sun Life Mutual Fund,0.05686986064104005
2025-07-18,108.1161,119551,Aditya Birla Sun Life Banking & PSU Debt Fund  - DIRECT - IDCW,Debt Scheme - Banking and PSU Fund,Open Ended Schemes,Aditya Birla Sun Life Mutual Fund,0.08229408889612877
2025-07-21,108.1729,119551,Aditya Birla Sun Life Banking & PSU Debt Fund  - DIRECT - IDCW,Debt Scheme - Banking and PSU Fund,Open Ended Schemes,Aditya Birla Sun Life Mutual Fund,0.05253611626760968
2025-07-22,108.1979,119551,Aditya Birla Sun Life Banking & PSU Debt Fund  - DIRECT - IDCW,Debt Scheme - Banking and PSU Fund,Open Ended Schemes,Aditya Birla Sun Life Mutual Fund,0.02311114891069277
2025-07-23,108.2277,119551,Aditya Birla Sun Life Banking & PSU Debt Fund  - DIRECT - IDCW,Debt Scheme - Banking and PSU Fund,Open Ended Schemes,Aditya Birla Sun Life Mutual Fund,0.027542124200197193
2025-07-24,108.2573,119551,Aditya Birla Sun Life Banking & PSU Debt Fund  - DIRECT - IDCW,Debt Scheme - Banking and PSU Fund,Open Ended Schemes,Aditya Birla Sun Life Mutual Fund,0.027349745028315553
2025-07-25,108.1982,119551,Aditya Birla Sun Life Banking & PSU Debt Fund  - DIRECT - IDCW,Debt Scheme - Banking and PSU Fund,Open Ended Schemes,Aditya Birla Sun Life Mutual Fund,-0.05459216145239365
2025-07-28,108.2193,119551,Aditya Birla Sun Life Banking & PSU Debt Fund  - DIRECT - IDCW,Debt Scheme - Banking and PSU Fund,Open Ended Schemes,Aditya Birla Sun Life Mutual Fund,0.019501248634457014
2025-07-29,108.1828,119551,Aditya Birla Sun Life Banking & PSU Debt Fund  - DIRECT - IDCW,Debt Scheme - Banking and PSU Fund,Open Ended Schemes,Aditya Birla Sun Life Mutual Fund,-0.03372781010411163
2025-07-30,108.1757,119551,Aditya Birla Sun Life Banking & PSU Debt Fund  - DIRECT - IDCW,Debt Scheme - Banking and PSU Fund,Open Ended Schemes,Aditya Birla Sun Life Mutual Fund,-0.006562965647027852
2025-07-31,108.2167,119551,Aditya Birla Sun Life Banking & PSU Debt Fund  - DIRECT - IDCW,Debt Scheme - Banking and PSU Fund,Open Ended Schemes,Aditya Birla Sun Life Mutual Fund,0.037901303157727995
2025-08-01,108.2952,119551,Aditya Birla Sun Life Banking & PSU Debt Fund  - DIRECT - IDCW,Debt Scheme - Banking and PSU Fund,Open Ended Schemes,Aditya Birla Sun Life Mutual Fund,0.07253963574938016
2025-08-04,108.4355,119551,Aditya Birla Sun Life Banking & PSU Debt Fund  - DIRECT - IDCW,Debt Scheme - Banking and PSU Fund,Open Ended Schemes,Aditya Birla Sun Life Mutual Fund,0.12955329506756375
2025-08-05,108.4412,119551,Aditya Birla Sun Life Banking & PSU Debt Fund  - DIRECT - IDCW,Debt Scheme - Banking and PSU Fund,Open Ended Schemes,Aditya Birla Sun Life Mutual Fund,0.005256581101198421
2025-08-06,108.2153,119551,Aditya Birla Sun Life Banking & PSU Debt Fund  - DIRECT - IDCW,Debt Scheme - Banking and PSU Fund,Open Ended Schemes,Aditya Birla Sun Life Mutual Fund,-0.20831565862421408
2025-08-07,108.2611,119551,Aditya Birla Sun Life Banking & PSU Debt Fund  - DIRECT - IDCW,Debt Scheme - Banking and PSU Fund,Open Ended Schemes,Aditya Birla Sun Life Mutual Fund,0.042323035652080954
2025-08-08,108.2726,119551,Aditya Birla Sun Life Banking & PSU Debt Fund  - DIRECT - IDCW,Debt Scheme - Banking and PSU Fund,Open Ended Schemes,Aditya Birla Sun Life Mutual Fund,0.010622467349774567
2025-08-11,108.2018,119551,Aditya Birla Sun Life Banking & PSU Debt Fund  - DIRECT - IDCW,Debt Scheme - Banking and PSU Fund,Open Ended Schemes,Aditya Birla Sun Life Mutual Fund,-0.06539050507698985
2025-08-12,108.049,119551,Aditya Birla Sun Life Banking & PSU Debt Fund  - DIRECT - IDCW,Debt Scheme - Banking and PSU Fund,Open Ended Schemes,Aditya Birla Sun Life Mutual Fund,-0.14121761375504027
2025-08-13,107.9901,119551,Aditya Birla Sun Life Banking & PSU Debt Fund  - DIRECT - IDCW,Debt Scheme - Banking and PSU Fund,Open Ended Schemes,Aditya Birla Sun Life Mutual Fund,-0.054512304602549744
2025-08-14,108.1543,119551,Aditya Birla Sun Life Banking & PSU Debt Fund  - DIRECT - IDCW,Debt Scheme - Banking and PSU Fund,Open Ended Schemes,Aditya Birla Sun Life Mutual Fund,0.15205097504309428
2025-08-18,108.1271,119551,Aditya Birla Sun Life Banking & PSU Debt Fund  - DIRECT - IDCW,Debt Scheme - Banking and PSU Fund,Open Ended Schemes,Aditya Birla Sun Life Mutual Fund,-0.02514925435235238
2025-08-19,108.0083,119551,Aditya Birla Sun Life Banking & PSU Debt Fund  - DIRECT - IDCW,Debt Scheme - Banking and PSU Fund,Open Ended Schemes,Aditya Birla Sun Life Mutual Fund,-0.10987069846504216
2025-08-20,108.0899,119551,Aditya Birla Sun Life Banking & PSU Debt Fund  - DIRECT - IDCW,Debt Scheme - Banking and PSU Fund,Open Ended Schemes,Aditya Birla Sun Life Mutual Fund,0.07554974941739179
2025-08-21,108.0985,119551,Aditya Birla Sun Life Banking & PSU Debt Fund  - DIRECT - IDCW,Debt Scheme - Banking and PSU Fund,Open Ended Schemes,Aditya Birla Sun Life Mutual Fund,0.007956340046577637
2025-08-22,108.1096,119551,Aditya Birla Sun Life Banking & PSU Debt Fund  - DIRECT - IDCW,Debt Scheme - Banking and PSU Fund,Open Ended Schemes,Aditya Birla Sun Life Mutual Fund,0.010268412605163313
2025-08-25,108.1037,119551,Aditya Birla Sun Life Banking & PSU Debt Fund  - DIRECT - IDCW,Debt Scheme - Banking and PSU Fund,Open Ended Schemes,Aditya Birla Sun Life Mutual Fund,-0.005457424687538293
2025-08-26,107.9266,119551,Aditya Birla Sun Life Banking & PSU Debt Fund  - DIRECT - IDCW,Debt Scheme - Banking and PSU Fund,Open Ended Schemes,Aditya Birla Sun Life Mutual Fund,-0.16382417993094922
2025-08-28,108.066,119551,Aditya Birla Sun Life Banking & PSU Debt Fund  - DIRECT - IDCW,Debt Scheme - Banking and PSU Fund,Open Ended Schemes,Aditya Birla Sun Life Mutual Fund,0.12916185629863186
2025-08-29,108.0297,119551,Aditya Birla Sun Life Banking & PSU Debt Fund  - DIRECT - IDCW,Debt Scheme - Banking and PSU Fund,Open Ended Schemes,Aditya Birla Sun Life Mutual Fund,-0.03359058353228361
2025-09-01,108.0373,119551,Aditya Birla Sun Life Banking & PSU Debt Fund  - DIRECT - IDCW,Debt Scheme - Banking and PSU Fund,Open Ended Schemes,Aditya Birla Sun Life Mutual Fund,0.007035102383867731
2025-09-02,108.0088,119551,Aditya Birla Sun Life Banking & PSU Debt Fund  - DIRECT - IDCW,Debt Scheme - Banking and PSU Fund,Open Ended Schemes,Aditya Birla Sun Life Mutual Fund,-0.026379778095164674
2025-09-03,108.0471,119551,Aditya Birla Sun Life Banking & PSU Debt Fund  - DIRECT - IDCW,Debt Scheme - Banking and PSU Fund,Open Ended Schemes,Aditya Birla Sun Life Mutual Fund,0.035460073623627686
2025-09-04,108.1379,119551,Aditya Birla Sun Life Banking & PSU Debt Fund  - DIRECT - IDCW,Debt Scheme - Banking and PSU Fund,Open Ended Schemes,Aditya Birla Sun Life Mutual Fund,0.08403742441953632
2025-09-05,108.245,119551,Aditya Birla Sun Life Banking & PSU Debt Fund  - DIRECT - IDCW,Debt Scheme - Banking and PSU Fund,Open Ended Schemes,Aditya Birla Sun Life Mutual Fund,0.0990402069949603
2025-09-09,108.3519,119551,Aditya Birla Sun Life Banking & PSU Debt Fund  - DIRECT - IDCW,Debt Scheme - Banking and PSU Fund,Open Ended Schemes,Aditya Birla Sun Life Mutual Fund,0.09875744838099276
2025-09-10,108.3574,119551,Aditya Birla Sun Life Banking & PSU Debt Fund  - DIRECT - IDCW,Debt Scheme - Banking and PSU Fund,Open Ended Schemes,Aditya Birla Sun Life Mutual Fund,0.005076053119501545
2025-09-11,108.369,119551,Aditya Birla Sun Life Banking & PSU Debt Fund  - DIRECT - IDCW,Debt Scheme - Banking and PSU Fund,Open Ended Schemes,Aditya Birla Sun Life Mutual Fund,0.01070531408100539
2025-09-12,108.4006,119551,Aditya Birla Sun Life Banking & PSU Debt Fund  - DIRECT - IDCW,Debt Scheme - Banking and PSU Fund,Open Ended Schemes,Aditya Birla Sun Life Mutual Fund,0.029159630521635727
2025-09-15,108.3802,119551,Aditya Birla Sun Life Banking & PSU Debt Fund  - DIRECT - IDCW,Debt Scheme - Banking and PSU Fund,Open Ended Schemes,Aditya Birla Sun Life Mutual Fund,-0.018819084027210664
2025-09-16,108.3787,119551,Aditya Birla Sun Life Banking & PSU Debt Fund  - DIRECT - IDCW,Debt Scheme - Banking and PSU Fund,Open Ended Schemes,Aditya Birla Sun Life Mutual Fund,-0.0013840166377288021
2025-09-17,108.4538,119551,Aditya Birla Sun Life Banking & PSU Debt Fund  - DIRECT - IDCW,Debt Scheme - Banking and PSU Fund,Open Ended Schemes,Aditya Birla Sun Life Mutual Fund,0.06929405870341743
2025-09-18,108.4552,119551,Aditya Birla Sun Life Banking & PSU Debt Fund  - DIRECT - IDCW,Debt Scheme - Banking and PSU Fund,Open Ended Schemes,Aditya Birla Sun Life Mutual Fund,0.001290872242387664
2025-09-19,108.4428,119551,Aditya Birla Sun Life Banking & PSU Debt Fund  - DIRECT - IDCW,Debt Scheme - Banking and PSU Fund,Open Ended Schemes,Aditya Birla Sun Life Mutual Fund,-0.011433292271834095
2025-09-22,108.5131,119551,Aditya Birla Sun Life Banking & PSU Debt Fund  - DIRECT - IDCW,Debt Scheme - Banking and PSU Fund,Open Ended Schemes,Aditya Birla Sun Life Mutual Fund,0.06482680270150087
2025-09-23,108.5708,119551,Aditya Birla Sun Life Banking & PSU Debt Fund  - DIRECT - IDCW,Debt Scheme - Banking and PSU Fund,Open Ended Schemes,Aditya Birla Sun Life Mutual Fund,0.05317330349976501
2025-09-24,108.5859,119551,Aditya Birla Sun Life Banking & PSU Debt Fund  - DIRECT - IDCW,Debt Scheme - Banking and PSU Fund,Open Ended Schemes,Aditya Birla Sun Life Mutual Fund,0.01390797525668841
2025-09-25,108.617,119551,Aditya Birla Sun Life Banking & PSU Debt Fund  - DIRECT - IDCW,Debt Scheme - Banking and PSU Fund,Open Ended Schemes,Aditya Birla Sun Life Mutual Fund,0.028640919309053103
2025-09-26,108.6702,119551,Aditya Birla Sun Life Banking & PSU Debt Fund  - DIRECT - IDCW,Debt Scheme - Banking and PSU Fund,Open Ended Schemes,Aditya Birla Sun Life Mutual Fund,0.04897944152386646
2025-09-30,108.7397,119551,Aditya Birla Sun Life Banking & PSU Debt Fund  - DIRECT - IDCW,Debt Scheme - Banking and PSU Fund,Open Ended Schemes,Aditya Birla Sun Life Mutual Fund,0.0639549756971114
2025-10-01,108.8285,119551,Aditya Birla Sun Life Banking & PSU Debt Fund  - DIRECT - IDCW,Debt Scheme - Banking and PSU Fund,Open Ended Schemes,Aditya Birla Sun Life Mutual Fund,0.08166290692359635
2025-10-03,108.9591,119551,Aditya Birla Sun Life Banking & PSU Debt Fund  - DIRECT - IDCW,Debt Scheme - Banking and PSU Fund,Open Ended Schemes,Aditya Birla Sun Life Mutual Fund,0.12000532948630571
2025-10-06,109.0926,119551,Aditya Birla Sun Life Banking & PSU Debt Fund  - DIRECT - IDCW,Debt Scheme - Banking and PSU Fund,Open Ended Schemes,Aditya Birla Sun Life Mutual Fund,0.1225230384612086
2025-10-07,109.2045,119551,Aditya Birla Sun Life Banking & PSU Debt Fund  - DIRECT - IDCW,Debt Scheme - Banking and PSU Fund,Open Ended Schemes,Aditya Birla Sun Life Mutual Fund,0.10257341011212784
2025-10-08,109.2524,119551,Aditya Birla Sun Life Banking & PSU Debt Fund  - DIRECT - IDCW,Debt Scheme - Banking and PSU Fund,Open Ended Schemes,Aditya Birla Sun Life Mutual Fund,0.04386266133722394
2025-10-09,109.2597,119551,Aditya Birla Sun Life Banking & PSU Debt Fund  - DIRECT - IDCW,Debt Scheme - Banking and PSU Fund,Open Ended Schemes,Aditya Birla Sun Life Mutual Fund,0.006681775411809809
2025-10-10,109.2852,119551,Aditya Birla Sun Life Banking & PSU Debt Fund  - DIRECT - IDCW,Debt Scheme - Banking and PSU Fund,Open Ended Schemes,Aditya Birla Sun Life Mutual Fund,0.023338888904156363
2025-10-13,109.3763,119551,Aditya Birla Sun Life Banking & PSU Debt Fund  - DIRECT - IDCW,Debt Scheme - Banking and PSU Fund,Open Ended Schemes,Aditya Birla Sun Life Mutual Fund,0.0833598694059079
2025-10-14,109.4088,119551,Aditya Birla Sun Life Banking & PSU Debt Fund  - DIRECT - IDCW,Debt Scheme - Banking and PSU Fund,Open Ended Schemes,Aditya Birla Sun Life Mutual Fund,0.02971393254296295
2025-10-15,109.4754,119551,Aditya Birla Sun Life Banking & PSU Debt Fund  - DIRECT - IDCW,Debt Scheme - Banking and PSU Fund,Open Ended Schemes,Aditya Birla Sun Life Mutual Fund,0.060872617193497014
2025-10-16,109.5131,119551,Aditya Birla Sun Life Banking & PSU Debt Fund  - DIRECT - IDCW,Debt Scheme - Banking and PSU Fund,Open Ended Schemes,Aditya Birla Sun Life Mutual Fund,0.03443696026688148
2025-10-17,109.5844,119551,Aditya Birla Sun Life Banking & PSU Debt Fund  - DIRECT - IDCW,Debt Scheme - Banking and PSU Fund,Open Ended Schemes,Aditya Birla Sun Life Mutual Fund,0.06510636627035105
2025-10-20,109.6155,119551,Aditya Birla Sun Life Banking & PSU Debt Fund  - DIRECT - IDCW,Debt Scheme - Banking and PSU Fund,Open Ended Schemes,Aditya Birla Sun Life Mutual Fund,0.028379951890955546
2025-10-23,109.5817,119551,Aditya Birla Sun Life Banking & PSU Debt Fund  - DIRECT - IDCW,Debt Scheme - Banking and PSU Fund,Open Ended Schemes,Aditya Birla Sun Life Mutual Fund,-0.030835055261346778
2025-10-24,109.5673,119551,Aditya Birla Sun Life Banking & PSU Debt Fund  - DIRECT - IDCW,Debt Scheme - Banking and PSU Fund,Open Ended Schemes,Aditya Birla Sun Life Mutual Fund,-0.013140880274709055
2025-10-27,109.6125,119551,Aditya Birla Sun Life Banking & PSU Debt Fund  - DIRECT - IDCW,Debt Scheme - Banking and PSU Fund,Open Ended Schemes,Aditya Birla Sun Life Mutual Fund,0.04125318411605239
2025-10-28,109.6404,119551,Aditya Birla Sun Life Banking & PSU Debt Fund  - DIRECT - IDCW,Debt Scheme - Banking and PSU Fund,Open Ended Schemes,Aditya Birla Sun Life Mutual Fund,0.025453301402666995
2025-10-29,109.6934,119551,Aditya Birla Sun Life Banking & PSU Debt Fund  - DIRECT - IDCW,Debt Scheme - Banking and PSU Fund,Open Ended Schemes,Aditya Birla Sun Life Mutual Fund,0.048339845531386594
2025-10-30,109.6521,119551,Aditya Birla Sun Life Banking & PSU Debt Fund  - DIRECT - IDCW,Debt Scheme - Banking and PSU Fund,Open Ended Schemes,Aditya Birla Sun Life Mutual Fund,-0.037650396468691394
2025-10-31,109.6768,119551,Aditya Birla Sun Life Banking & PSU Debt Fund  - DIRECT - IDCW,Debt Scheme - Banking and PSU Fund,Open Ended Schemes,Aditya Birla Sun Life Mutual Fund,0.022525788379779144
2025-11-03,109.7548,119551,Aditya Birla Sun Life Banking & PSU Debt Fund  - DIRECT - IDCW,Debt Scheme - Banking and PSU Fund,Open Ended Schemes,Aditya Birla Sun Life Mutual Fund,0.07111804866664073
2025-11-04,109.7941,119551,Aditya Birla Sun Life Banking & PSU Debt Fund  - DIRECT - IDCW,Debt Scheme - Banking and PSU Fund,Open Ended Schemes,Aditya Birla Sun Life Mutual Fund,0.03580708998602855
2025-11-06,109.8337,119551,Aditya Birla Sun Life Banking & PSU Debt Fund  - DIRECT - IDCW,Debt Scheme - Banking and PSU Fund,Open Ended Schemes,Aditya Birla Sun Life Mutual Fund,0.036067511824389165
2025-11-07,109.8609,119551,Aditya Birla Sun Life Banking & PSU Debt Fund  - DIRECT - IDCW,Debt Scheme - Banking and PSU Fund,Open Ended Schemes,Aditya Birla Sun Life Mutual Fund,0.02476471246986023
2025-11-10,109.925,119551,Aditya Birla Sun Life Banking & PSU Debt Fund  - DIRECT - IDCW,Debt Scheme - Banking and PSU Fund,Open Ended Schemes,Aditya Birla Sun Life Mutual Fund,0.05834650908558281
2025-11-11,109.961,119551,Aditya Birla Sun Life Banking & PSU Debt Fund  - DIRECT - IDCW,Debt Scheme - Banking and PSU Fund,Open Ended Schemes,Aditya Birla Sun Life Mutual Fund,0.03274960200136956
2025-11-12,109.9947,119551,Aditya Birla Sun Life Banking & PSU Debt Fund  - DIRECT - IDCW,Debt Scheme - Banking and PSU Fund,Open Ended Schemes,Aditya Birla Sun Life Mutual Fund,0.030647229472258175
2025-11-13,109.9907,119551,Aditya Birla Sun Life Banking & PSU Debt Fund  - DIRECT - IDCW,Debt Scheme - Banking and PSU Fund,Open Ended Schemes,Aditya Birla Sun Life Mutual Fund,-0.0036365388514036923
2025-11-14,109.9725,119551,Aditya Birla Sun Life Banking & PSU Debt Fund  - DIRECT - IDCW,Debt Scheme - Banking and PSU Fund,Open Ended Schemes,Aditya Birla Sun Life Mutual Fund,-0.01654685350671592
2025-11-17,109.9756,119551,Aditya Birla Sun Life Banking & PSU Debt Fund  - DIRECT - IDCW,Debt Scheme - Banking and PSU Fund,Open Ended Schemes,Aditya Birla Sun Life Mutual Fund,0.0028188865398126595
2025-11-18,110.0205,119551,Aditya Birla Sun Life Banking & PSU Debt Fund  - DIRECT - IDCW,Debt Scheme - Banking and PSU Fund,Open Ended Schemes,Aditya Birla Sun Life Mutual Fund,0.04082723804188504
2025-11-19,110.0771,119551,Aditya Birla Sun Life Banking & PSU Debt Fund  - DIRECT - IDCW,Debt Scheme - Banking and PSU Fund,Open Ended Schemes,Aditya Birla Sun Life Mutual Fund,0.051444957985102846
2025-11-20,110.0882,119551,Aditya Birla Sun Life Banking & PSU Debt Fund  - DIRECT - IDCW,Debt Scheme - Banking and PSU Fund,Open Ended Schemes,Aditya Birla Sun Life Mutual Fund,0.01008384123490913
2025-11-21,110.0708,119551,Aditya Birla Sun Life Banking & PSU Debt Fund  - DIRECT - IDCW,Debt Scheme - Banking and PSU Fund,Open Ended Schemes,Aditya Birla Sun Life Mutual Fund,-0.015805508673949475
2025-11-24,110.1322,119551,Aditya Birla Sun Life Banking & PSU Debt Fund  - DIRECT - IDCW,Debt Scheme - Banking and PSU Fund,Open Ended Schemes,Aditya Birla Sun Life Mutual Fund,0.05578227831539717
2025-11-25,110.1924,119551,Aditya Birla Sun Life Banking & PSU Debt Fund  - DIRECT - IDCW,Debt Scheme - Banking and PSU Fund,Open Ended Schemes,Aditya Birla Sun Life Mutual Fund,0.054661579447246034
2025-11-26,110.2658,119551,Aditya Birla Sun Life Banking & PSU Debt Fund  - DIRECT - IDCW,Debt Scheme - Banking and PSU Fund,Open Ended Schemes,Aditya Birla Sun Life Mutual Fund,0.06661076444471892
2025-11-27,110.2743,119551,Aditya Birla Sun Life Banking & PSU Debt Fund  - DIRECT - IDCW,Debt Scheme - Banking and PSU Fund,Open Ended Schemes,Aditya Birla Sun Life Mutual Fund,0.007708645835791117
2025-11-28,110.2615,119551,Aditya Birla Sun Life Banking & PSU Debt Fund  - DIRECT - IDCW,Debt Scheme - Banking and PSU Fund,Open Ended Schemes,Aditya Birla Sun Life Mutual Fund,-0.01160741895437356
2025-12-01,110.211,119551,Aditya Birla Sun Life Banking & PSU Debt Fund  - DIRECT - IDCW,Debt Scheme - Banking and PSU Fund,Open Ended Schemes,Aditya Birla Sun Life Mutual Fund,-0.045800211315827344
2025-12-02,110.2349,119551,Aditya Birla Sun Life Banking & PSU Debt Fund  - DIRECT - IDCW,Debt Scheme - Banking and PSU Fund,Open Ended Schemes,Aditya Birla Sun Life Mutual Fund,0.021685675658500436
2025-12-03,110.2362,119551,Aditya Birla Sun Life Banking & PSU Debt Fund  - DIRECT - IDCW,Debt Scheme - Banking and PSU Fund,Open Ended Schemes,Aditya Birla Sun Life Mutual Fund,0.0011792998406034982
2025-12-04,110.235,119551,Aditya Birla Sun Life Banking & PSU Debt Fund  - DIRECT - IDCW,Debt Scheme - Banking and PSU Fund,Open Ended Schemes,Aditya Birla Sun Life Mutual Fund,-0.0010885716307362792
2025-12-05,110.3373,119551,Aditya Birla Sun Life Banking & PSU Debt Fund  - DIRECT - IDCW,Debt Scheme - Banking and PSU Fund,Open Ended Schemes,Aditya Birla Sun Life Mutual Fund,0.09280174173356137
2025-12-08,110.3299,119551,Aditya Birla Sun Life Banking & PSU Debt Fund  - DIRECT - IDCW,Debt Scheme - Banking and PSU Fund,Open Ended Schemes,Aditya Birla Sun Life Mutual Fund,-0.006706707523207456
2025-12-09,110.1852,119551,Aditya Birla Sun Life Banking & PSU Debt Fund  - DIRECT - IDCW,Debt Scheme - Banking and PSU Fund,Open Ended Schemes,Aditya Birla Sun Life Mutual Fund,-0.13115211742238397
2025-12-10,110.0466,119551,Aditya Birla Sun Life Banking & PSU Debt Fund  - DIRECT - IDCW,Debt Scheme - Banking and PSU Fund,Open Ended Schemes,Aditya Birla Sun Life Mutual Fund,-0.1257882183814174
2025-12-11,110.0609,119551,Aditya Birla Sun Life Banking & PSU Debt Fund  - DIRECT - IDCW,Debt Scheme - Banking and PSU Fund,Open Ended Schemes,Aditya Birla Sun Life Mutual Fund,0.012994495059381883
2025-12-12,110.0652,119551,Aditya Birla Sun Life Banking & PSU Debt Fund  - DIRECT - IDCW,Debt Scheme - Banking and PSU Fund,Open Ended Schemes,Aditya Birla Sun Life Mutual Fund,0.003906927891739187
2025-12-15,109.9944,119551,Aditya Birla Sun Life Banking & PSU Debt Fund  - DIRECT - IDCW,Debt Scheme - Banking and PSU Fund,Open Ended Schemes,Aditya Birla Sun Life Mutual Fund,-0.06432550888019195
2025-12-16,110.0261,119551,Aditya Birla Sun Life Banking & PSU Debt Fund  - DIRECT - IDCW,Debt Scheme - Banking and PSU Fund,Open Ended Schemes,Aditya Birla Sun Life Mutual Fund,0.0288196490003223
2025-12-17,110.0266,119551,Aditya Birla Sun Life Banking & PSU Debt Fund  - DIRECT - IDCW,Debt Scheme - Banking and PSU Fund,Open Ended Schemes,Aditya Birla Sun Life Mutual Fund,0.00045443762888286443
2025-12-18,110.0195,119551,Aditya Birla Sun Life Banking & PSU Debt Fund  - DIRECT - IDCW,Debt Scheme - Banking and PSU Fund,Open Ended Schemes,Aditya Birla Sun Life Mutual Fund,-0.006452985005456213
2025-12-19,110.0403,119551,Aditya Birla Sun Life Banking & PSU Debt Fund  - DIRECT - IDCW,Debt Scheme - Banking and PSU Fund,Open Ended Schemes,Aditya Birla Sun Life Mutual Fund,0.01890573943710283
2025-12-22,110.0241,119551,Aditya Birla Sun Life Banking & PSU Debt Fund  - DIRECT - IDCW,Debt Scheme - Banking and PSU Fund,Open Ended Schemes,Aditya Birla Sun Life Mutual Fund,-0.014721879166090801
2025-12-23,109.9954,119551,Aditya Birla Sun Life Banking & PSU Debt Fund  - DIRECT - IDCW,Debt Scheme - Banking and PSU Fund,Open Ended Schemes,Aditya Birla Sun Life Mutual Fund,-0.026085194062031025
2025-12-24,110.2079,119551,Aditya Birla Sun Life Banking & PSU Debt Fund  - DIRECT - IDCW,Debt Scheme - Banking and PSU Fund,Open Ended Schemes,Aditya Birla Sun Life Mutual Fund,0.19318989703205336
2025-12-26,110.2247,119551,Aditya Birla Sun Life Banking & PSU Debt Fund  - DIRECT - IDCW,Debt Scheme - Banking and PSU Fund,Open Ended Schemes,Aditya Birla Sun Life Mutual Fund,0.015243916270968327
2025-12-29,110.2799,119551,Aditya Birla Sun Life Banking & PSU Debt Fund  - DIRECT - IDCW,Debt Scheme - Banking and PSU Fund,Open Ended Schemes,Aditya Birla Sun Life Mutual Fund,0.050079519381762694
2025-12-30,110.2176,119551,Aditya Birla Sun Life Banking & PSU Debt Fund  - DIRECT - IDCW,Debt Scheme - Banking and PSU Fund,Open Ended Schemes,Aditya Birla Sun Life Mutual Fund,-0.05649261560809471
2025-12-31,110.3212,119551,Aditya Birla Sun Life Banking & PSU Debt Fund  - DIRECT - IDCW,Debt Scheme - Banking and PSU Fund,Open Ended Schemes,Aditya Birla Sun Life Mutual Fund,0.09399587724645553
2026-01-01,110.3493,119551,Aditya Birla Sun Life Banking & PSU Debt Fund  - DIRECT - IDCW,Debt Scheme - Banking and PSU Fund,Open Ended Schemes,Aditya Birla Sun Life Mutual Fund,0.02547107899477652
2026-01-02,110.3333,119551,Aditya Birla Sun Life Banking & PSU Debt Fund  - DIRECT - IDCW,Debt Scheme - Banking and PSU Fund,Open Ended Schemes,Aditya Birla Sun Life Mutual Fund,-0.014499412320700955
2026-01-05,110.2498,119551,Aditya Birla Sun Life Banking & PSU Debt Fund  - DIRECT - IDCW,Debt Scheme - Banking and PSU Fund,Open Ended Schemes,Aditya Birla Sun Life Mutual Fund,-0.07567978117214436
2026-01-06,110.2647,119551,Aditya Birla Sun Life Banking & PSU Debt Fund  - DIRECT - IDCW,Debt Scheme - Banking and PSU Fund,Open Ended Schemes,Aditya Birla Sun Life Mutual Fund,0.013514763745603453
2026-01-07,110.2175,119551,Aditya Birla Sun Life Banking & PSU Debt Fund  - DIRECT - IDCW,Debt Scheme - Banking and PSU Fund,Open Ended Schemes,Aditya Birla Sun Life Mutual Fund,-0.042806083905366776
2026-01-08,110.2218,119551,Aditya Birla Sun Life Banking & PSU Debt Fund  - DIRECT - IDCW,Debt Scheme - Banking and PSU Fund,Open Ended Schemes,Aditya Birla Sun Life Mutual Fund,0.003901376823089997
2026-01-09,110.2327,119551,Aditya Birla Sun Life Banking & PSU Debt Fund  - DIRECT - IDCW,Debt Scheme - Banking and PSU Fund,Open Ended Schemes,Aditya Birla Sun Life Mutual Fund,0.009889150785036271
2026-01-12,110.2974,119551,Aditya Birla Sun Life Banking & PSU Debt Fund  - DIRECT - IDCW,Debt Scheme - Banking and PSU Fund,Open Ended Schemes,Aditya Birla Sun Life Mutual Fund,0.05869401729250434
2026-01-13,110.1878,119551,Aditya Birla Sun Life Banking & PSU Debt Fund  - DIRECT - IDCW,Debt Scheme - Banking and PSU Fund,Open Ended Schemes,Aditya Birla Sun Life Mutual Fund,-0.09936770948363316
2026-01-14,110.1286,119551,Aditya Birla Sun Life Banking & PSU Debt Fund  - DIRECT - IDCW,Debt Scheme - Banking and PSU Fund,Open Ended Schemes,Aditya Birla Sun Life Mutual Fund,-0.05372645610492999
2026-01-16,110.0107,119551,Aditya Birla Sun Life Banking & PSU Debt Fund  - DIRECT - IDCW,Debt Scheme - Banking and PSU Fund,Open Ended Schemes,Aditya Birla Sun Life Mutual Fund,-0.10705665921477703
2026-01-19,109.9742,119551,Aditya Birla Sun Life Banking & PSU Debt Fund  - DIRECT - IDCW,Debt Scheme - Banking and PSU Fund,Open Ended Schemes,Aditya Birla Sun Life Mutual Fund,-0.033178590809801456
2026-01-20,109.9385,119551,Aditya Birla Sun Life Banking & PSU Debt Fund  - DIRECT - IDCW,Debt Scheme - Banking and PSU Fund,Open Ended Schemes,Aditya Birla Sun Life Mutual Fund,-0.03246215930644558
2026-01-21,109.9438,119551,Aditya Birla Sun Life Banking & PSU Debt Fund  - DIRECT - IDCW,Debt Scheme - Banking and PSU Fund,Open Ended Schemes,Aditya Birla Sun Life Mutual Fund,0.004820877126743284
2026-01-22,110.0539,119551,Aditya Birla Sun Life Banking & PSU Debt Fund  - DIRECT - IDCW,Debt Scheme - Banking and PSU Fund,Open Ended Schemes,Aditya Birla Sun Life Mutual Fund,0.10014207258617347
2026-01-23,110.0766,119551,Aditya Birla Sun Life Banking & PSU Debt Fund  - DIRECT - IDCW,Debt Scheme - Banking and PSU Fund,Open Ended Schemes,Aditya Birla Sun Life Mutual Fund,0.020626256770550633
2026-01-27,110.1078,119551,Aditya Birla Sun Life Banking & PSU Debt Fund  - DIRECT - IDCW,Debt Scheme - Banking and PSU Fund,Open Ended Schemes,Aditya Birla Sun Life Mutual Fund,0.028343898703275805
2026-01-28,110.0855,119551,Aditya Birla Sun Life Banking & PSU Debt Fund  - DIRECT - IDCW,Debt Scheme - Banking and PSU Fund,Open Ended Schemes,Aditya Birla Sun Life Mutual Fund,-0.020252879450866068
2026-01-29,110.0922,119551,Aditya Birla Sun Life Banking & PSU Debt Fund  - DIRECT - IDCW,Debt Scheme - Banking and PSU Fund,Open Ended Schemes,Aditya Birla Sun Life Mutual Fund,0.006086178470376957
2026-01-30,110.1903,119551,Aditya Birla Sun Life Banking & PSU Debt Fund  - DIRECT - IDCW,Debt Scheme - Banking and PSU Fund,Open Ended Schemes,Aditya Birla Sun Life Mutual Fund,0.0891071302054014
2026-02-02,110.1537,119551,Aditya Birla Sun Life Banking & PSU Debt Fund  - DIRECT - IDCW,Debt Scheme - Banking and PSU Fund,Open Ended Schemes,Aditya Birla Sun Life Mutual Fund,-0.033215264864505656
2026-02-03,110.296,119551,Aditya Birla Sun Life Banking & PSU Debt Fund  - DIRECT - IDCW,Debt Scheme - Banking and PSU Fund,Open Ended Schemes,Aditya Birla Sun Life Mutual Fund,0.12918313229606238
2026-02-04,110.4477,119551,Aditya Birla Sun Life Banking & PSU Debt Fund  - DIRECT - IDCW,Debt Scheme - Banking and PSU Fund,Open Ended Schemes,Aditya Birla Sun Life Mutual Fund,0.13753898600130654
2026-02-05,110.5985,119551,Aditya Birla Sun Life Banking & PSU Debt Fund  - DIRECT - IDCW,Debt Scheme - Banking and PSU Fund,Open Ended Schemes,Aditya Birla Sun Life Mutual Fund,0.13653521078302866
2026-02-06,110.4173,119551,Aditya Birla Sun Life Banking & PSU Debt Fund  - DIRECT - IDCW,Debt Scheme - Banking and PSU Fund,Open Ended Schemes,Aditya Birla Sun Life Mutual Fund,-0.16383585672500312
2026-02-09,110.4233,119551,Aditya Birla Sun Life Banking & PSU Debt Fund  - DIRECT - IDCW,Debt Scheme - Banking and PSU Fund,Open Ended Schemes,Aditya Birla Sun Life Mutual Fund,0.00543393109593282
2026-02-10,110.4293,119551,Aditya Birla Sun Life Banking & PSU Debt Fund  - DIRECT - IDCW,Debt Scheme - Banking and PSU Fund,Open Ended Schemes,Aditya Birla Sun Life Mutual Fund,0.005433635835916384
2026-02-11,110.5056,119551,Aditya Birla Sun Life Banking & PSU Debt Fund  - DIRECT - IDCW,Debt Scheme - Banking and PSU Fund,Open Ended Schemes,Aditya Birla Sun Life Mutual Fund,0.06909398139804956
2026-02-12,110.6309,119551,Aditya Birla Sun Life Banking & PSU Debt Fund  - DIRECT - IDCW,Debt Scheme - Banking and PSU Fund,Open Ended Schemes,Aditya Birla Sun Life Mutual Fund,0.11338791880231014
2026-02-13,110.7584,119551,Aditya Birla Sun Life Banking & PSU Debt Fund  - DIRECT - IDCW,Debt Scheme - Banking and PSU Fund,Open Ended Schemes,Aditya Birla Sun Life Mutual Fund,0.11524809072329667
2026-02-16,110.8409,119551,Aditya Birla Sun Life Banking & PSU Debt Fund  - DIRECT - IDCW,Debt Scheme - Banking and PSU Fund,Open Ended Schemes,Aditya Birla Sun Life Mutual Fund,0.07448644978620411
2026-02-17,110.8682,119551,Aditya Birla Sun Life Banking & PSU Debt Fund  - DIRECT - IDCW,Debt Scheme - Banking and PSU Fund,Open Ended Schemes,Aditya Birla Sun Life Mutual Fund,0.024629897447603355
2026-02-18,110.8613,119551,Aditya Birla Sun Life Banking & PSU Debt Fund  - DIRECT - IDCW,Debt Scheme - Banking and PSU Fund,Open Ended Schemes,Aditya Birla Sun Life Mutual Fund,-0.006223606047539576
2026-02-20,110.807,119551,Aditya Birla Sun Life Banking & PSU Debt Fund  - DIRECT - IDCW,Debt Scheme - Banking and PSU Fund,Open Ended Schemes,Aditya Birla Sun Life Mutual Fund,-0.04898012200831303
2026-02-23,110.8829,119551,Aditya Birla Sun Life Banking & PSU Debt Fund  - DIRECT - IDCW,Debt Scheme - Banking and PSU Fund,Open Ended Schemes,Aditya Birla Sun Life Mutual Fund,0.06849747759618552
2026-02-24,110.9394,119551,Aditya Birla Sun Life Banking & PSU Debt Fund  - DIRECT - IDCW,Debt Scheme - Banking and PSU Fund,Open Ended Schemes,Aditya Birla Sun Life Mutual Fund,0.05095465576747671
2026-02-25,110.9826,119551,Aditya Birla Sun Life Banking & PSU Debt Fund  - DIRECT - IDCW,Debt Scheme - Banking and PSU Fund,Open Ended Schemes,Aditya Birla Sun Life Mutual Fund,0.03894017815131434
2026-02-26,111.0069,119551,Aditya Birla Sun Life Banking & PSU Debt Fund  - DIRECT - IDCW,Debt Scheme - Banking and PSU Fund,Open Ended Schemes,Aditya Birla Sun Life Mutual Fund,0.021895324131882
2026-02-27,111.0261,119551,Aditya Birla Sun Life Banking & PSU Debt Fund  - DIRECT - IDCW,Debt Scheme - Banking and PSU Fund,Open Ended Schemes,Aditya Birla Sun Life Mutual Fund,0.017296222126739202
2026-03-02,111.0653,119551,Aditya Birla Sun Life Banking & PSU Debt Fund  - DIRECT - IDCW,Debt Scheme - Banking and PSU Fund,Open Ended Schemes,Aditya Birla Sun Life Mutual Fund,0.03530701339593545
2026-03-04,110.9499,119551,Aditya Birla Sun Life Banking & PSU Debt Fund  - DIRECT - IDCW,Debt Scheme - Banking and PSU Fund,Open Ended Schemes,Aditya Birla Sun Life Mutual Fund,-0.1039028391405683
2026-03-05,111.0534,119551,Aditya Birla Sun Life Banking & PSU Debt Fund  - DIRECT - IDCW,Debt Scheme - Banking and PSU Fund,Open Ended Schemes,Aditya Birla Sun Life Mutual Fund,0.09328534771098074
2026-03-06,111.0395,119551,Aditya Birla Sun Life Banking & PSU Debt Fund  - DIRECT - IDCW,Debt Scheme - Banking and PSU Fund,Open Ended Schemes,Aditya Birla Sun Life Mutual Fund,-0.01251650107064739
2026-03-09,110.9193,119551,Aditya Birla Sun Life Banking & PSU Debt Fund  - DIRECT - IDCW,Debt Scheme - Banking and PSU Fund,Open Ended Schemes,Aditya Birla Sun Life Mutual Fund,-0.10824976697481059
2026-03-10,111.0484,119551,Aditya Birla Sun Life Banking & PSU Debt Fund  - DIRECT - IDCW,Debt Scheme - Banking and PSU Fund,Open Ended Schemes,Aditya Birla Sun Life Mutual Fund,0.11639092565496334
2026-03-11,111.1072,119551,Aditya Birla Sun Life Banking & PSU Debt Fund  - DIRECT - IDCW,Debt Scheme - Banking and PSU Fund,Open Ended Schemes,Aditya Birla Sun Life Mutual Fund,0.05294988491504338
2026-03-12,110.9898,119551,Aditya Birla Sun Life Banking & PSU Debt Fund  - DIRECT - IDCW,Debt Scheme - Banking and PSU Fund,Open Ended Schemes,Aditya Birla Sun Life Mutual Fund,-0.10566371936292507
2026-03-13,110.9287,119551,Aditya Birla Sun Life Banking & PSU Debt Fund  - DIRECT - IDCW,Debt Scheme - Banking and PSU Fund,Open Ended Schemes,Aditya Birla Sun Life Mutual Fund,-0.05505010370322472
2026-03-16,110.9159,119551,Aditya Birla Sun Life Banking & PSU Debt Fund  - DIRECT - IDCW,Debt Scheme - Banking and PSU Fund,Open Ended Schemes,Aditya Birla Sun Life Mutual Fund,-0.011538943483524466
2026-03-17,110.9316,119551,Aditya Birla Sun Life Banking & PSU Debt Fund  - DIRECT - IDCW,Debt Scheme - Banking and PSU Fund,Open Ended Schemes,Aditya Birla Sun Life Mutual Fund,0.01415486868880933
2026-03-18,110.9985,119551,Aditya Birla Sun Life Banking & PSU Debt Fund  - DIRECT - IDCW,Debt Scheme - Banking and PSU Fund,Open Ended Schemes,Aditya Birla Sun Life Mutual Fund,0.06030743268825578
2026-03-20,110.9352,119551,Aditya Birla Sun Life Banking & PSU Debt Fund  - DIRECT - IDCW,Debt Scheme - Banking and PSU Fund,Open Ended Schemes,Aditya Birla Sun Life Mutual Fund,-0.0570277976729483
2026-03-23,110.6625,119551,Aditya Birla Sun Life Banking & PSU Debt Fund  - DIRECT - IDCW,Debt Scheme - Banking and PSU Fund,Open Ended Schemes,Aditya Birla Sun Life Mutual Fund,-0.24581918092724253
2026-03-24,103.9816,119551,Aditya Birla Sun Life Banking & PSU Debt Fund  - DIRECT - IDCW,Debt Scheme - Banking and PSU Fund,Open Ended Schemes,Aditya Birla Sun Life Mutual Fund,-6.037185134982481
2026-03-25,103.9713,119551,Aditya Birla Sun Life Banking & PSU Debt Fund  - DIRECT - IDCW,Debt Scheme - Banking and PSU Fund,Open Ended Schemes,Aditya Birla Sun Life Mutual Fund,-0.009905598682846684
2026-03-27,103.9102,119551,Aditya Birla Sun Life Banking & PSU Debt Fund  - DIRECT - IDCW,Debt Scheme - Banking and PSU Fund,Open Ended Schemes,Aditya Birla Sun Life Mutual Fund,-0.05876621721571107
2026-03-30,103.9921,119551,Aditya Birla Sun Life Banking & PSU Debt Fund  - DIRECT - IDCW,Debt Scheme - Banking and PSU Fund,Open Ended Schemes,Aditya Birla Sun Life Mutual Fund,0.0788180563601859
2026-03-31,104.0116,119551,Aditya Birla Sun Life Banking & PSU Debt Fund  - DIRECT - IDCW,Debt Scheme - Banking and PSU Fund,Open Ended Schemes,Aditya Birla Sun Life Mutual Fund,0.01875142438705346
2026-04-02,103.8813,119551,Aditya Birla Sun Life Banking & PSU Debt Fund  - DIRECT - IDCW,Debt Scheme - Banking and PSU Fund,Open Ended Schemes,Aditya Birla Sun Life Mutual Fund,-0.125274488614735
2026-04-06,103.9142,119551,Aditya Birla Sun Life Banking & PSU Debt Fund  - DIRECT - IDCW,Debt Scheme - Banking and PSU Fund,Open Ended Schemes,Aditya Birla Sun Life Mutual Fund,0.03167076268779656
2026-04-07,103.9918,119551,Aditya Birla Sun Life Banking & PSU Debt Fund  - DIRECT - IDCW,Debt Scheme - Banking and PSU Fund,Open Ended Schemes,Aditya Birla Sun Life Mutual Fund,0.07467699313472576
2026-04-08,104.3919,119551,Aditya Birla Sun Life Banking & PSU Debt Fund  - DIRECT - IDCW,Debt Scheme - Banking and PSU Fund,Open Ended Schemes,Aditya Birla Sun Life Mutual Fund,0.38474187387853576
2026-04-09,104.515,119551,Aditya Birla Sun Life Banking & PSU Debt Fund  - DIRECT - IDCW,Debt Scheme - Banking and PSU Fund,Open Ended Schemes,Aditya Birla Sun Life Mutual Fund,0.11792102643979341
2026-04-10,104.5956,119551,Aditya Birla Sun Life Banking & PSU Debt Fund  - DIRECT - IDCW,Debt Scheme - Banking and PSU Fund,Open Ended Schemes,Aditya Birla Sun Life Mutual Fund,0.07711811701669458
2026-04-13,104.6113,119551,Aditya Birla Sun Life Banking & PSU Debt Fund  - DIRECT - IDCW,Debt Scheme - Banking and PSU Fund,Open Ended Schemes,Aditya Birla Sun Life Mutual Fund,0.015010191633302306
2026-04-15,104.7901,119551,Aditya Birla Sun Life Banking & PSU Debt Fund  - DIRECT - IDCW,Debt Scheme - Banking and PSU Fund,Open Ended Schemes,Aditya Birla Sun Life Mutual Fund,0.17091843806549267
2026-04-16,104.7959,119551,Aditya Birla Sun Life Banking & PSU Debt Fund  - DIRECT - IDCW,Debt Scheme - Banking and PSU Fund,Open Ended Schemes,Aditya Birla Sun Life Mutual Fund,0.005534874000501233
2026-04-17,104.7821,119551,Aditya Birla Sun Life Banking & PSU Debt Fund  - DIRECT - IDCW,Debt Scheme - Banking and PSU Fund,Open Ended Schemes,Aditya Birla Sun Life Mutual Fund,-0.013168454109369065
2026-04-20,104.8369,119551,Aditya Birla Sun Life Banking & PSU Debt Fund  - DIRECT - IDCW,Debt Scheme - Banking and PSU Fund,Open Ended Schemes,Aditya Birla Sun Life Mutual Fund,0.05229900908647611
2026-04-21,104.847,119551,Aditya Birla Sun Life Banking & PSU Debt Fund  - DIRECT - IDCW,Debt Scheme - Banking and PSU Fund,Open Ended Schemes,Aditya Birla Sun Life Mutual Fund,0.00963401245170914
2026-04-22,104.8473,119551,Aditya Birla Sun Life Banking & PSU Debt Fund  - DIRECT - IDCW,Debt Scheme - Banking and PSU Fund,Open Ended Schemes,Aditya Birla Sun Life Mutual Fund,0.00028613121978438016
2026-04-23,104.7652,119551,Aditya Birla Sun Life Banking & PSU Debt Fund  - DIRECT - IDCW,Debt Scheme - Banking and PSU Fund,Open Ended Schemes,Aditya Birla Sun Life Mutual Fund,-0.0783043530925509
2026-04-24,104.7091,119551,Aditya Birla Sun Life Banking & PSU Debt Fund  - DIRECT - IDCW,Debt Scheme - Banking and PSU Fund,Open Ended Schemes,Aditya Birla Sun Life Mutual Fund,-0.05354831566205531
2026-04-27,104.7771,119551,Aditya Birla Sun Life Banking & PSU Debt Fund  - DIRECT - IDCW,Debt Scheme - Banking and PSU Fund,Open Ended Schemes,Aditya Birla Sun Life Mutual Fund,0.0649418245405542
2026-04-28,104.7428,119551,Aditya Birla Sun Life Banking & PSU Debt Fund  - DIRECT - IDCW,Debt Scheme - Banking and PSU Fund,Open Ended Schemes,Aditya Birla Sun Life Mutual Fund,-0.03273616085958109
2026-04-29,104.6594,119551,Aditya Birla Sun Life Banking & PSU Debt Fund  - DIRECT - IDCW,Debt Scheme - Banking and PSU Fund,Open Ended Schemes,Aditya Birla Sun Life Mutual Fund,-0.07962361136040208
2026-04-30,104.5706,119551,Aditya Birla Sun Life Banking & PSU Debt Fund  - DIRECT - IDCW,Debt Scheme - Banking and PSU Fund,Open Ended Schemes,Aditya Birla Sun Life Mutual Fund,-0.0848466549588589
2026-05-04,104.6544,119551,Aditya Birla Sun Life Banking & PSU Debt Fund  - DIRECT - IDCW,Debt Scheme - Banking and PSU Fund,Open Ended Schemes,Aditya Birla Sun Life Mutual Fund,0.08013724698912039
2026-05-05,104.6166,119551,Aditya Birla Sun Life Banking & PSU Debt Fund  - DIRECT - IDCW,Debt Scheme - Banking and PSU Fund,Open Ended Schemes,Aditya Birla Sun Life Mutual Fund,-0.03611888272254671
2026-05-06,104.8043,119551,Aditya Birla Sun Life Banking & PSU Debt Fund  - DIRECT - IDCW,Debt Scheme - Banking and PSU Fund,Open Ended Schemes,Aditya Birla Sun Life Mutual Fund,0.17941703324328984
2026-05-07,104.8762,119551,Aditya Birla Sun Life Banking & PSU Debt Fund  - DIRECT - IDCW,Debt Scheme - Banking and PSU Fund,Open Ended Schemes,Aditya Birla Sun Life Mutual Fund,0.068604055367949
2026-05-08,104.8696,119551,Aditya Birla Sun Life Banking & PSU Debt Fund  - DIRECT - IDCW,Debt Scheme - Banking and PSU Fund,Open Ended Schemes,Aditya Birla Sun Life Mutual Fund,-0.00629313419059363
2026-05-11,104.8053,119551,Aditya Birla Sun Life Banking & PSU Debt Fund  - DIRECT - IDCW,Debt Scheme - Banking and PSU Fund,Open Ended Schemes,Aditya Birla Sun Life Mutual Fund,-0.06131424168681621
2026-05-12,104.7585,119551,Aditya Birla Sun Life Banking & PSU Debt Fund  - DIRECT - IDCW,Debt Scheme - Banking and PSU Fund,Open Ended Schemes,Aditya Birla Sun Life Mutual Fund,-0.04465423027271154
2026-05-13,104.7371,119551,Aditya Birla Sun Life Banking & PSU Debt Fund  - DIRECT - IDCW,Debt Scheme - Banking and PSU Fund,Open Ended Schemes,Aditya Birla Sun Life Mutual Fund,-0.020427936635214472
2026-05-14,104.7318,119551,Aditya Birla Sun Life Banking & PSU Debt Fund  - DIRECT - IDCW,Debt Scheme - Banking and PSU Fund,Open Ended Schemes,Aditya Birla Sun Life Mutual Fund,-0.005060289047520428
2026-05-15,104.5968,119551,Aditya Birla Sun Life Banking & PSU Debt Fund  - DIRECT - IDCW,Debt Scheme - Banking and PSU Fund,Open Ended Schemes,Aditya Birla Sun Life Mutual Fund,-0.12890067773112523
2026-05-18,104.3791,119551,Aditya Birla Sun Life Banking & PSU Debt Fund  - DIRECT - IDCW,Debt Scheme - Banking and PSU Fund,Open Ended Schemes,Aditya Birla Sun Life Mutual Fund,-0.2081325623728536
2026-05-19,104.4216,119551,Aditya Birla Sun Life Banking & PSU Debt Fund  - DIRECT - IDCW,Debt Scheme - Banking and PSU Fund,Open Ended Schemes,Aditya Birla Sun Life Mutual Fund,0.04071696345342435
2026-05-20,104.3826,119551,Aditya Birla Sun Life Banking & PSU Debt Fund  - DIRECT - IDCW,Debt Scheme - Banking and PSU Fund,Open Ended Schemes,Aditya Birla Sun Life Mutual Fund,-0.03734859454366246
2026-05-21,104.285,119551,Aditya Birla Sun Life Banking & PSU Debt Fund  - DIRECT - IDCW,Debt Scheme - Banking and PSU Fund,Open Ended Schemes,Aditya Birla Sun Life Mutual Fund,-0.09350217373393921
2026-05-22,104.3467,119551,Aditya Birla Sun Life Banking & PSU Debt Fund  - DIRECT - IDCW,Debt Scheme - Banking and PSU Fund,Open Ended Schemes,Aditya Birla Sun Life Mutual Fund,0.059164788799925816
2026-05-25,104.5215,119551,Aditya Birla Sun Life Banking & PSU Debt Fund  - DIRECT - IDCW,Debt Scheme - Banking and PSU Fund,Open Ended Schemes,Aditya Birla Sun Life Mutual Fund,0.1675184744702074
2026-05-26,104.5269,119551,Aditya Birla Sun Life Banking & PSU Debt Fund  - DIRECT - IDCW,Debt Scheme - Banking and PSU Fund,Open Ended Schemes,Aditya Birla Sun Life Mutual Fund,0.005166401171052826
2026-05-27,104.5833,119551,Aditya Birla Sun Life Banking & PSU Debt Fund  - DIRECT - IDCW,Debt Scheme - Banking and PSU Fund,Open Ended Schemes,Aditya Birla Sun Life Mutual Fund,0.053957402352877715
2026-05-29,104.657,119551,Aditya Birla Sun Life Banking & PSU Debt Fund  - DIRECT - IDCW,Debt Scheme - Banking and PSU Fund,Open Ended Schemes,Aditya Birla Sun Life Mutual Fund,0.07047014198251489
2026-06-01,104.7025,119551,Aditya Birla Sun Life Banking & PSU Debt Fund  - DIRECT - IDCW,Debt Scheme - Banking and PSU Fund,Open Ended Schemes,Aditya Birla Sun Life Mutual Fund,0.04347535281921111
2026-06-02,104.7663,119551,Aditya Birla Sun Life Banking & PSU Debt Fund  - DIRECT - IDCW,Debt Scheme - Banking and PSU Fund,Open Ended Schemes,Aditya Birla Sun Life Mutual Fund,0.060934552661118246
2026-06-03,104.7496,119551,Aditya Birla Sun Life Banking & PSU Debt Fund  - DIRECT - IDCW,Debt Scheme - Banking and PSU Fund,Open Ended Schemes,Aditya Birla Sun Life Mutual Fund,-0.01594024032537389
2026-06-04,104.8095,119551,Aditya Birla Sun Life Banking & PSU Debt Fund  - DIRECT - IDCW,Debt Scheme - Banking and PSU Fund,Open Ended Schemes,Aditya Birla Sun Life Mutual Fund,0.05718398924674517
2026-06-05,105.107,119551,Aditya Birla Sun Life Banking & PSU Debt Fund  - DIRECT - IDCW,Debt Scheme - Banking and PSU Fund,Open Ended Schemes,Aditya Birla Sun Life Mutual Fund,0.283848315276769
2026-06-08,105.3084,119551,Aditya Birla Sun Life Banking & PSU Debt Fund  - DIRECT - IDCW,Debt Scheme - Banking and PSU Fund,Open Ended Schemes,Aditya Birla Sun Life Mutual Fund,0.19161425975435797
2026-06-09,105.5793,119551,Aditya Birla Sun Life Banking & PSU Debt Fund  - DIRECT - IDCW,Debt Scheme - Banking and PSU Fund,Open Ended Schemes,Aditya Birla Sun Life Mutual Fund,0.25724443634125294
2026-06-10,105.6569,119551,Aditya Birla Sun Life Banking & PSU Debt Fund  - DIRECT - IDCW,Debt Scheme - Banking and PSU Fund,Open Ended Schemes,Aditya Birla Sun Life Mutual Fund,0.07349925600945717
2026-06-11,105.5737,119551,Aditya Birla Sun Life Banking & PSU Debt Fund  - DIRECT - IDCW,Debt Scheme - Banking and PSU Fund,Open Ended Schemes,Aditya Birla Sun Life Mutual Fund,-0.07874544871181444
2026-06-12,105.6864,119551,Aditya Birla Sun Life Banking & PSU Debt Fund  - DIRECT - IDCW,Debt Scheme - Banking and PSU Fund,Open Ended Schemes,Aditya Birla Sun Life Mutual Fund,0.10675007127722846
2026-06-15,105.8125,119551,Aditya Birla Sun Life Banking & PSU Debt Fund  - DIRECT - IDCW,Debt Scheme - Banking and PSU Fund,Open Ended Schemes,Aditya Birla Sun Life Mutual Fund,0.11931525721378122
2026-06-16,105.8455,119551,Aditya Birla Sun Life Banking & PSU Debt Fund  - DIRECT - IDCW,Debt Scheme - Banking and PSU Fund,Open Ended Schemes,Aditya Birla Sun Life Mutual Fund,0.031187241582997238
2026-06-17,105.8482,119551,Aditya Birla Sun Life Banking & PSU Debt Fund  - DIRECT - IDCW,Debt Scheme - Banking and PSU Fund,Open Ended Schemes,Aditya Birla Sun Life Mutual Fund,0.0025508878506830257
2026-06-18,105.9003,119551,Aditya Birla Sun Life Banking & PSU Debt Fund  - DIRECT - IDCW,Debt Scheme - Banking and PSU Fund,Open Ended Schemes,Aditya Birla Sun Life Mutual Fund,0.0492214322019624
2026-06-19,105.9219,119551,Aditya Birla Sun Life Banking & PSU Debt Fund  - DIRECT - IDCW,Debt Scheme - Banking and PSU Fund,Open Ended Schemes,Aditya Birla Sun Life Mutual Fund,0.02039654278598313
2026-06-22,105.985,119551,Aditya Birla Sun Life Banking & PSU Debt Fund  - DIRECT - IDCW,Debt Scheme - Banking and PSU Fund,Open Ended Schemes,Aditya Birla Sun Life Mutual Fund,0.05957219422989546
2026-06-23,106.041,119551,Aditya Birla Sun Life Banking & PSU Debt Fund  - DIRECT - IDCW,Debt Scheme - Banking and PSU Fund,Open Ended Schemes,Aditya Birla Sun Life Mutual Fund,0.05283766570740589
2026-06-24,106.1268,119551,Aditya Birla Sun Life Banking & PSU Debt Fund  - DIRECT - IDCW,Debt Scheme - Banking and PSU Fund,Open Ended Schemes,Aditya Birla Sun Life Mutual Fund,0.08091210003677851
2026-06-25,106.3057,119551,Aditya Birla Sun Life Banking & PSU Debt Fund  - DIRECT - IDCW,Debt Scheme - Banking and PSU Fund,Open Ended Schemes,Aditya Birla Sun Life Mutual Fund,0.16857193470452003
2026-06-29,106.4648,119551,Aditya Birla Sun Life Banking & PSU Debt Fund  - DIRECT - IDCW,Debt Scheme - Banking and PSU Fund,Open Ended Schemes,Aditya Birla Sun Life Mutual Fund,0.14966271799159436
2026-06-30,106.6225,119551,Aditya Birla Sun Life Banking & PSU Debt Fund  - DIRECT - IDCW,Debt Scheme - Banking and PSU Fund,Open Ended Schemes,Aditya Birla Sun Life Mutual Fund,0.14812407481159529
2026-07-01,106.6451,119551,Aditya Birla Sun Life Banking & PSU Debt Fund  - DIRECT - IDCW,Debt Scheme - Banking and PSU Fund,Open Ended Schemes,Aditya Birla Sun Life Mutual Fund,0.021196276583279605
2026-07-02,106.7721,119551,Aditya Birla Sun Life Banking & PSU Debt Fund  - DIRECT - IDCW,Debt Scheme - Banking and PSU Fund,Open Ended Schemes,Aditya Birla Sun Life Mutual Fund,0.11908657781745102
2026-07-03,106.8042,119551,Aditya Birla Sun Life Banking & PSU Debt Fund  - DIRECT - IDCW,Debt Scheme - Banking and PSU Fund,Open Ended Schemes,Aditya Birla Sun Life Mutual Fund,0.030064033581811422
2026-07-06,106.8431,119551,Aditya Birla Sun Life Banking & PSU Debt Fund  - DIRECT - IDCW,Debt Scheme - Banking and PSU Fund,Open Ended Schemes,Aditya Birla Sun Life Mutual Fund,0.03642178865626011
2026-07-07,106.7977,119551,Aditya Birla Sun Life Banking & PSU Debt Fund  - DIRECT - IDCW,Debt Scheme - Banking and PSU Fund,Open Ended Schemes,Aditya Birla Sun Life Mutual Fund,-0.04249221522025781
2026-07-08,106.5587,119551,Aditya Birla Sun Life Banking & PSU Debt Fund  - DIRECT - IDCW,Debt Scheme - Banking and PSU Fund,Open Ended Schemes,Aditya Birla Sun Life Mutual Fund,-0.2237875909312681
2026-07-09,106.5776,119551,Aditya Birla Sun Life Banking & PSU Debt Fund  - DIRECT - IDCW,Debt Scheme - Banking and PSU Fund,Open Ended Schemes,Aditya Birla Sun Life Mutual Fund,0.017736702868931253
2026-07-10,106.6946,119551,Aditya Birla Sun Life Banking & PSU Debt Fund  - DIRECT - IDCW,Debt Scheme - Banking and PSU Fund,Open Ended Schemes,Aditya Birla Sun Life Mutual Fund,0.10977916560326317
2026-07-13,106.7026,119551,Aditya Birla Sun Life Banking & PSU Debt Fund  - DIRECT - IDCW,Debt Scheme - Banking and PSU Fund,Open Ended Schemes,Aditya Birla Sun Life Mutual Fund,0.007498036451702994
2026-07-14,106.4609,119551,Aditya Birla Sun Life Banking & PSU Debt Fund  - DIRECT - IDCW,Debt Scheme - Banking and PSU Fund,Open Ended Schemes,Aditya Birla Sun Life Mutual Fund,-0.2265174419367577
2026-07-15,106.5116,119551,Aditya Birla Sun Life Banking & PSU Debt Fund  - DIRECT - IDCW,Debt Scheme - Banking and PSU Fund,Open Ended Schemes,Aditya Birla Sun Life Mutual Fund,0.04762311797101848
2026-07-16,106.5829,119551,Aditya Birla Sun Life Banking & PSU Debt Fund  - DIRECT - IDCW,Debt Scheme - Banking and PSU Fund,Open Ended Schemes,Aditya Birla Sun Life Mutual Fund,0.06694106557407764
2026-07-17,106.6001,119551,Aditya Birla Sun Life Banking & PSU Debt Fund  - DIRECT - IDCW,Debt Scheme - Banking and PSU Fund,Open Ended Schemes,Aditya Birla Sun Life Mutual Fund,0.01613767311641201
2026-07-20,106.5737,119551,Aditya Birla Sun Life Banking & PSU Debt Fund  - DIRECT - IDCW,Debt Scheme - Banking and PSU Fund,Open Ended Schemes,Aditya Birla Sun Life Mutual Fund,-0.02476545519187745
2026-07-21,106.6567,119551,Aditya Birla Sun Life Banking & PSU Debt Fund  - DIRECT - IDCW,Debt Scheme - Banking and PSU Fund,Open Ended Schemes,Aditya Birla Sun Life Mutual Fund,0.0778803776166237
2026-07-22,106.6107,119551,Aditya Birla Sun Life Banking & PSU Debt Fund  - DIRECT - IDCW,Debt Scheme - Banking and PSU Fund,Open Ended Schemes,Aditya Birla Sun Life Mutual Fund,-0.04312902986873812
2026-07-23,106.5851,119551,Aditya Birla Sun Life Banking & PSU Debt Fund  - DIRECT - IDCW,Debt Scheme - Banking and PSU Fund,Open Ended Schemes,Aditya Birla Sun Life Mutual Fund,-0.02401259911058995
2026-07-24,106.5961,119551,Aditya Birla Sun Life Banking & PSU Debt Fund  - DIRECT - IDCW,Debt Scheme - Banking and PSU Fund,Open Ended Schemes,Aditya Birla Sun Life Mutual Fund,0.01032039187467415
2026-07-27,106.8126,119551,Aditya Birla Sun Life Banking & PSU Debt Fund  - DIRECT - IDCW,Debt Scheme - Banking and PSU Fund,Open Ended Schemes,Aditya Birla Sun Life Mutual Fund,0.2031031154047902
2026-07-28,106.8611,119551,Aditya Birla Sun Life Banking & PSU Debt Fund  - DIRECT - IDCW,Debt Scheme - Banking and PSU Fund,Open Ended Schemes,Aditya Birla Sun Life Mutual Fund,0.045406628056987586
2026-07-29,106.8357,119551,Aditya Birla Sun Life Banking & PSU Debt Fund  - DIRECT - IDCW,Debt Scheme - Banking and PSU Fund,Open Ended Schemes,Aditya Birla Sun Life Mutual Fund,-0.02376917325387362
2026-07-30,106.7842,119551,Aditya Birla Sun Life Banking & PSU Debt Fund  - DIRECT - IDCW,Debt Scheme - Banking and PSU Fund,Open Ended Schemes,Aditya Birla Sun Life Mutual Fund,-0.04820486036035687
2026-07-31,106.8377,119551,Aditya Birla Sun Life Banking & PSU Debt Fund  - DIRECT - IDCW,Debt Scheme - Banking and PSU Fund,Open Ended Schemes,Aditya Birla Sun Life Mutual Fund,0.050101044911143866
2026-08-03,106.8983,119551,Aditya Birla Sun Life Banking & PSU Debt Fund  - DIRECT - IDCW,Debt Scheme - Banking and PSU Fund,Open Ended Schemes,Aditya Birla Sun Life Mutual Fund,0.056721550538818555
2026-08-04,106.9327,119551,Aditya Birla Sun Life Banking & PSU Debt Fund  - DIRECT - IDCW,Debt Scheme - Banking and PSU Fund,Open Ended Schemes,Aditya Birla Sun Life Mutual Fund,0.03218011886063632
2026-08-05,107.0167,119551,Aditya Birla Sun Life Banking & PSU Debt Fund  - DIRECT - IDCW,Debt Scheme - Banking and PSU Fund,Open Ended Schemes,Aditya Birla Sun Life Mutual Fund,0.0785540812118235
2026-08-06,107.0834,119551,Aditya Birla Sun Life Banking & PSU Debt Fund  - DIRECT - IDCW,Debt Scheme - Banking and PSU Fund,Open Ended Schemes,Aditya Birla Sun Life Mutual Fund,0.062326720969707594
2026-08-07,107.0971,119551,Aditya Birla Sun Life Banking & PSU Debt Fund  - DIRECT - IDCW,Debt Scheme - Banking and PSU Fund,Open Ended Schemes,Aditya Birla Sun Life Mutual Fund,0.012793766354080027
2026-08-10,107.1958,119551,Aditya Birla Sun Life Banking & PSU Debt Fund  - DIRECT - IDCW,Debt Scheme - Banking and PSU Fund,Open Ended Schemes,Aditya Birla Sun Life Mutual Fund,0.09215935818991383
2026-08-11,107.1766,119551,Aditya Birla Sun Life Banking & PSU Debt Fund  - DIRECT - IDCW,Debt Scheme - Banking and PSU Fund,Open Ended Schemes,Aditya Birla Sun Life Mutual Fund,-0.017911149504001855
2026-08-12,107.2026,119551,Aditya Birla Sun Life Banking & PSU Debt Fund  - DIRECT - IDCW,Debt Scheme - Banking and PSU Fund,Open Ended Schemes,Aditya Birla Sun Life Mutual Fund,0.024259026690542917
2026-08-13,107.2564,119551,Aditya Birla Sun Life Banking & PSU Debt Fund  - DIRECT - IDCW,Debt Scheme - Banking and PSU Fund,Open Ended Schemes,Aditya Birla Sun Life Mutual Fund,0.05018534998217916
2026-08-14,107.2744,119551,Aditya Birla Sun Life Banking & PSU Debt Fund  - DIRECT - IDCW,Debt Scheme - Banking and PSU Fund,Open Ended Schemes,Aditya Birla Sun Life Mutual Fund,0.016782215327015848
