company_id,year,equity_capital,reserves,borrowings,other_liabilities,total_liabilities,fixed_assets,cwip,investments,other_assets,total_assets
1,Mar 2010,100.0,2617.15,1046.86,523.43,4287.44,2143.72,214.37,857.49,1071.86,4287.44
1,Mar 2011,100.0,2931.21,1172.48,586.24,4789.93,2394.97,239.5,957.99,1197.47,4789.93
1,Mar 2012,100.0,3282.95,1313.18,656.59,5352.72,2676.36,267.64,1070.54,1338.18,5352.72
1,Mar 2013,100.0,3676.9,1470.76,735.38,5983.04,2991.52,299.15,1196.61,1495.76,5983.04
1,Mar 2014,100.0,4118.13,1647.25,823.63,6689.01,3344.51,334.45,1337.8,1672.25,6689.01
1,Mar 2015,100.0,4612.31,1844.92,922.46,7479.69,3739.84,373.98,1495.94,1869.93,7479.69
1,Mar 2016,100.0,5165.79,2066.32,1033.16,8365.27,4182.64,418.26,1673.05,2091.32,8365.27
1,Mar 2017,100.0,5785.68,2314.27,1157.14,9357.09,4678.55,467.85,1871.42,2339.27,9357.09
1,Mar 2018,100.0,6479.96,2591.98,1295.99,10467.93,5233.97,523.4,2093.59,2616.97,10467.93
1,Mar 2019,100.0,7257.56,2903.02,1451.51,11712.09,5856.05,585.6,2342.42,2928.02,11712.09
1,Mar 2020,100.0,8128.46,3251.38,1625.69,13105.53,6552.77,655.28,2621.11,3276.37,13105.53
1,Mar 2021,100.0,9103.88,3641.55,1820.78,14666.21,7333.1,733.31,2933.24,3666.56,14666.21
1,Mar 2022,100.0,10196.35,4078.54,2039.27,16414.16,8207.08,820.71,3282.83,4103.54,16414.16
1,Mar 2023,100.0,11419.91,4567.96,2283.98,18371.85,9185.92,918.59,3674.37,4592.97,18371.85
1,Mar 2024,100.0,12790.3,5116.12,2558.06,20564.48,10282.24,1028.22,4112.9,5141.12,20564.48
2,Mar 2010,100.0,3137.89,1255.16,627.58,5120.63,2560.32,256.03,1024.13,1280.15,5120.63
2,Mar 2011,100.0,3514.44,1405.78,702.89,5723.11,2861.55,286.16,1144.62,1430.78,5723.11
2,Mar 2012,100.0,3936.17,1574.47,787.23,6397.87,3198.93,319.89,1279.57,1599.48,6397.87
2,Mar 2013,100.0,4408.51,1763.4,881.7,7153.61,3576.8,357.68,1430.72,1788.41,7153.61
2,Mar 2014,100.0,4937.53,1975.01,987.51,8000.05,4000.03,400.0,1600.01,2000.01,8000.05
2,Mar 2015,100.0,5530.03,2212.01,1106.01,8948.05,4474.02,447.4,1789.61,2237.02,8948.05
2,Mar 2016,100.0,6193.64,2477.46,1238.73,10009.83,5004.91,500.49,2001.97,2502.46,10009.83
2,Mar 2017,100.0,6936.87,2774.75,1387.37,11198.99,5599.49,559.95,2239.8,2799.75,11198.99
2,Mar 2018,100.0,7769.3,3107.72,1553.86,12530.88,6265.44,626.54,2506.18,3132.72,12530.88
2,Mar 2019,100.0,8701.62,3480.65,1740.32,14022.59,7011.3,701.13,2804.52,3505.64,14022.59
2,Mar 2020,100.0,9745.81,3898.32,1949.16,15693.29,7846.65,784.66,3138.66,3923.32,15693.29
2,Mar 2021,100.0,10915.31,4366.12,2183.06,17564.49,8782.25,878.22,3512.9,4391.12,17564.49
2,Mar 2022,100.0,12225.14,4890.06,2445.03,19660.23,9830.11,983.01,3932.05,4915.06,19660.23
2,Mar 2023,100.0,13692.16,5476.86,2738.43,22007.45,11003.73,1100.37,4401.49,5501.86,22007.45
2,Mar 2024,100.0,15335.22,6134.09,3067.04,24636.35,12318.17,1231.82,4927.27,6159.09,24636.35
3,Mar 2010,100.0,9742.56,3897.02,1948.51,15688.09,7844.05,784.4,3137.62,3922.02,15688.09
3,Mar 2011,100.0,10911.66,4364.66,2182.33,17558.65,8779.33,877.93,3511.73,4389.66,17558.65
3,Mar 2012,100.0,12221.06,4888.42,2444.21,19653.69,9826.84,982.68,3930.74,4913.43,19653.69
3,Mar 2013,100.0,13687.59,5475.04,2737.52,22000.15,11000.08,1100.01,4400.03,5500.03,22000.15
3,Mar 2014,100.0,15330.1,6132.04,3066.02,24628.16,12314.08,1231.41,4925.63,6157.04,24628.16
3,Mar 2015,100.0,17169.71,6867.88,3433.94,27571.53,13785.76,1378.58,5514.31,6892.88,27571.53
3,Mar 2016,100.0,19230.08,7692.03,3846.02,30868.13,15434.07,1543.41,6173.63,7717.02,30868.13
3,Mar 2017,100.0,21537.69,8615.08,4307.54,34560.31,17280.15,1728.02,6912.06,8640.08,34560.31
3,Mar 2018,100.0,24122.21,9648.88,4824.44,38695.53,19347.76,1934.78,7739.11,9673.88,38695.53
3,Mar 2019,100.0,27016.87,10806.75,5403.37,43326.99,21663.49,2166.35,8665.4,10831.75,43326.99
3,Mar 2020,100.0,30258.9,12103.56,6051.78,48514.24,24257.12,2425.71,9702.85,12128.56,48514.24
3,Mar 2021,100.0,33889.97,13555.99,6777.99,54323.95,27161.97,2716.2,10864.79,13580.99,54323.95
3,Mar 2022,100.0,37956.76,15182.7,7591.35,60830.81,30415.4,3041.54,12166.16,15207.71,60830.81
3,Mar 2023,100.0,42511.58,17004.63,8502.32,68118.53,34059.26,3405.93,13623.71,17029.63,68118.53
3,Mar 2024,100.0,47612.96,19045.18,9522.59,76280.73,38140.36,3814.04,15256.15,19070.18,76280.73
4,Mar 2010,100.0,2628.79,1051.52,525.76,4306.07,2153.03,215.3,861.21,1076.53,4306.07
4,Mar 2011,100.0,2944.25,1177.7,588.85,4810.8,2405.4,240.54,962.16,1202.7,4810.8
4,Mar 2012,100.0,3297.56,1319.02,659.51,5376.09,2688.05,268.8,1075.22,1344.02,5376.09
4,Mar 2013,100.0,3693.26,1477.3,738.65,6009.21,3004.61,300.46,1201.84,1502.3,6009.21
4,Mar 2014,100.0,4136.46,1654.58,827.29,6718.33,3359.16,335.92,1343.67,1679.58,6718.33
4,Mar 2015,100.0,4632.83,1853.13,926.57,7512.53,3756.26,375.63,1502.51,1878.13,7512.53
4,Mar 2016,100.0,5188.77,2075.51,1037.75,8402.03,4201.02,420.1,1680.41,2100.5,8402.03
4,Mar 2017,100.0,5811.42,2324.57,1162.28,9398.27,4699.14,469.91,1879.65,2349.57,9398.27
4,Mar 2018,100.0,6508.79,2603.52,1301.76,10514.07,5257.03,525.7,2102.81,2628.53,10514.07
4,Mar 2019,100.0,7289.85,2915.94,1457.97,11763.76,5881.88,588.19,2352.75,2940.94,11763.76
4,Mar 2020,100.0,8164.63,3265.85,1632.93,13163.41,6581.7,658.17,2632.68,3290.86,13163.41
4,Mar 2021,100.0,9144.39,3657.76,1828.88,14731.03,7365.52,736.55,2946.21,3682.75,14731.03
4,Mar 2022,100.0,10241.71,4096.68,2048.34,16486.73,8243.36,824.34,3297.35,4121.68,16486.73
4,Mar 2023,100.0,11470.72,4588.29,2294.14,18453.15,9226.58,922.66,3690.63,4613.28,18453.15
4,Mar 2024,100.0,12847.2,5138.88,2569.44,20655.52,10327.76,1032.78,4131.1,5163.88,20655.52
5,Mar 2010,100.0,8689.47,3475.79,1737.89,14003.15,7001.57,700.16,2800.63,3500.79,14003.15
5,Mar 2011,100.0,9732.2,3892.88,1946.44,15671.52,7835.76,783.58,3134.3,3917.88,15671.52
5,Mar 2012,100.0,10900.07,4360.03,2180.01,17540.11,8770.06,877.01,3508.02,4385.02,17540.11
5,Mar 2013,100.0,12208.07,4883.23,2441.61,19632.91,9816.45,981.65,3926.58,4908.23,19632.91
5,Mar 2014,100.0,13673.04,5469.22,2734.61,21976.87,10988.43,1098.84,4395.37,5494.23,21976.87
5,Mar 2015,100.0,15313.81,6125.52,3062.76,24602.09,12301.05,1230.1,4920.42,6150.52,24602.09
5,Mar 2016,100.0,17151.46,6860.58,3430.29,27542.33,13771.17,1377.12,5508.47,6885.57,27542.33
5,Mar 2017,100.0,19209.64,7683.86,3841.93,30835.43,15417.72,1541.77,6167.09,7708.85,30835.43
5,Mar 2018,100.0,21514.8,8605.92,4302.96,34523.68,17261.84,1726.18,6904.74,8630.92,34523.68
5,Mar 2019,100.0,24096.57,9638.63,4819.31,38654.51,19327.26,1932.73,7730.9,9663.62,38654.51
5,Mar 2020,100.0,26988.16,10795.26,5397.63,43281.05,21640.53,2164.05,8656.21,10820.26,43281.05
5,Mar 2021,100.0,30226.74,12090.7,6045.35,48462.79,24231.4,2423.14,9692.56,12115.69,48462.79
5,Mar 2022,100.0,33853.95,13541.58,6770.79,54266.32,27133.16,2713.32,10853.26,13566.58,54266.32
5,Mar 2023,100.0,37916.42,15166.57,7583.28,60766.27,30383.13,3038.31,12153.25,15191.58,60766.27
5,Mar 2024,100.0,42466.4,16986.56,8493.28,68046.24,34023.12,3402.31,13609.25,17011.56,68046.24
6,Mar 2010,100.0,5430.5,2172.2,1086.1,8788.8,4394.4,439.44,1757.76,2197.2,8788.8
6,Mar 2011,100.0,6082.16,2432.86,1216.43,9831.45,4915.73,491.57,1966.29,2457.86,9831.45
6,Mar 2012,100.0,6812.02,2724.81,1362.4,10999.23,5499.61,549.96,2199.85,2749.81,10999.23
6,Mar 2013,100.0,7629.46,3051.78,1525.89,12307.13,6153.56,615.36,2461.43,3076.78,12307.13
6,Mar 2014,100.0,8545.0,3418.0,1709.0,13772.0,6886.0,688.6,2754.4,3443.0,13772.0
6,Mar 2015,100.0,9570.4,3828.16,1914.08,15412.64,7706.32,770.63,3082.53,3853.16,15412.64
6,Mar 2016,100.0,10718.85,4287.54,2143.77,17250.16,8625.08,862.51,3450.03,4312.54,17250.16
6,Mar 2017,100.0,12005.11,4802.04,2401.02,19308.17,9654.08,965.41,3861.63,4827.05,19308.17
6,Mar 2018,100.0,13445.72,5378.29,2689.14,21613.15,10806.58,1080.66,4322.63,5403.28,21613.15
6,Mar 2019,100.0,15059.21,6023.68,3011.84,24194.73,12097.36,1209.74,4838.95,6048.68,24194.73
6,Mar 2020,100.0,16866.31,6746.52,3373.26,27086.09,13543.05,1354.3,5417.22,6771.52,27086.09
6,Mar 2021,100.0,18890.27,7556.11,3778.05,30324.43,15162.22,1516.22,6064.89,7581.1,30324.43
6,Mar 2022,100.0,21157.1,8462.84,4231.42,33951.36,16975.68,1697.57,6790.27,8487.84,33951.36
6,Mar 2023,100.0,23695.95,9478.38,4739.19,38013.52,19006.76,1900.68,7602.7,9503.38,38013.52
6,Mar 2024,100.0,26539.47,10615.79,5307.89,42563.15,21281.58,2128.16,8512.63,10640.78,42563.15
7,Mar 2010,100.0,3225.08,1290.03,645.02,5260.13,2630.07,263.01,1052.03,1315.02,5260.13
7,Mar 2011,100.0,3612.09,1444.84,722.42,5879.35,2939.68,293.97,1175.87,1469.83,5879.35
7,Mar 2012,100.0,4045.54,1618.22,809.11,6572.87,3286.43,328.64,1314.57,1643.23,6572.87
7,Mar 2013,100.0,4531.0,1812.4,906.2,7349.6,3674.8,367.48,1469.92,1837.4,7349.6
7,Mar 2014,100.0,5074.73,2029.89,1014.95,8219.57,4109.78,410.98,1643.91,2054.9,8219.57
7,Mar 2015,100.0,5683.69,2273.48,1136.74,9193.91,4596.95,459.7,1838.78,2298.48,9193.91
7,Mar 2016,100.0,6365.74,2546.3,1273.15,10285.19,5142.6,514.26,2057.04,2571.29,10285.19
7,Mar 2017,100.0,7129.62,2851.85,1425.92,11507.39,5753.69,575.37,2301.48,2876.85,11507.39
7,Mar 2018,100.0,7985.18,3194.07,1597.04,12876.29,6438.15,643.81,2575.26,3219.07,12876.29
7,Mar 2019,100.0,8943.4,3577.36,1788.68,14409.44,7204.72,720.47,2881.89,3602.36,14409.44
7,Mar 2020,100.0,10016.61,4006.64,2003.32,16126.57,8063.28,806.33,3225.31,4031.65,16126.57
7,Mar 2021,100.0,11218.6,4487.44,2243.72,18049.76,9024.88,902.49,3609.95,4512.44,18049.76
7,Mar 2022,100.0,12564.83,5025.93,2512.97,20203.73,10101.86,1010.19,4040.75,5050.93,20203.73
7,Mar 2023,100.0,14072.61,5629.04,2814.52,22616.17,11308.08,1130.81,4523.23,5654.05,22616.17
7,Mar 2024,100.0,15761.33,6304.53,3152.27,25318.13,12659.07,1265.91,5063.63,6329.52,25318.13
8,Mar 2010,100.0,8836.75,3534.7,1767.35,14238.8,7119.4,711.94,2847.76,3559.7,14238.8
8,Mar 2011,100.0,9897.16,3958.86,1979.43,15935.45,7967.73,796.77,3187.09,3983.86,15935.45
8,Mar 2012,100.0,11084.82,4433.93,2216.96,17835.71,8917.85,891.79,3567.14,4458.93,17835.71
8,Mar 2013,100.0,12415.0,4966.0,2483.0,19964.0,9982.0,998.2,3992.8,4991.0,19964.0
8,Mar 2014,100.0,13904.8,5561.92,2780.96,22347.68,11173.84,1117.38,4469.54,5586.92,22347.68
8,Mar 2015,100.0,15573.37,6229.35,3114.67,25017.39,12508.69,1250.87,5003.48,6254.35,25017.39
8,Mar 2016,100.0,17442.18,6976.87,3488.44,28007.49,14003.75,1400.37,5601.5,7001.87,28007.49
8,Mar 2017,100.0,19535.24,7814.1,3907.05,31356.39,15678.19,1567.82,6271.28,7839.1,31356.39
8,Mar 2018,100.0,21879.47,8751.79,4375.89,35107.15,17553.58,1755.36,7021.43,8776.78,35107.15
8,Mar 2019,100.0,24505.0,9802.0,4901.0,39308.0,19654.0,1965.4,7861.6,9827.0,39308.0
8,Mar 2020,100.0,27445.6,10978.24,5489.12,44012.96,22006.48,2200.65,8802.59,11003.24,44012.96
8,Mar 2021,100.0,30739.07,12295.63,6147.81,49282.51,24641.26,2464.13,9856.5,12320.62,49282.51
8,Mar 2022,100.0,34427.76,13771.1,6885.55,55184.41,27592.21,2759.22,11036.88,13796.1,55184.41
8,Mar 2023,100.0,38559.09,15423.64,7711.82,61794.55,30897.28,3089.73,12358.91,15448.63,61794.55
8,Mar 2024,100.0,43186.19,17274.48,8637.24,69197.91,34598.96,3459.9,13839.58,17299.47,69197.91
9,Mar 2010,100.0,5007.75,2003.1,1001.55,8112.4,4056.2,405.62,1622.48,2028.1,8112.4
9,Mar 2011,100.0,5608.68,2243.47,1121.74,9073.89,4536.94,453.69,1814.78,2268.48,9073.89
9,Mar 2012,100.0,6281.72,2512.69,1256.34,10150.75,5075.38,507.54,2030.15,2537.68,10150.75
9,Mar 2013,100.0,7035.52,2814.21,1407.1,11356.83,5678.41,567.84,2271.37,2839.21,11356.83
9,Mar 2014,100.0,7879.79,3151.92,1575.96,12707.67,6353.84,635.38,2541.53,3176.92,12707.67
9,Mar 2015,100.0,8825.36,3530.14,1765.07,14220.57,7110.28,711.03,2844.11,3555.15,14220.57
9,Mar 2016,100.0,9884.41,3953.76,1976.88,15915.05,7957.52,795.75,3183.01,3978.77,15915.05
9,Mar 2017,100.0,11070.53,4428.21,2214.11,17812.85,8906.42,890.64,3562.57,4453.22,17812.85
9,Mar 2018,100.0,12399.0,4959.6,2479.8,19938.4,9969.2,996.92,3987.68,4984.6,19938.4
9,Mar 2019,100.0,13886.88,5554.75,2777.38,22319.01,11159.5,1115.95,4463.8,5579.76,22319.01
9,Mar 2020,100.0,15553.3,6221.32,3110.66,24985.28,12492.64,1249.26,4997.06,6246.32,24985.28
9,Mar 2021,100.0,17419.7,6967.88,3483.94,27971.52,13985.76,1398.58,5594.3,6992.88,27971.52
9,Mar 2022,100.0,19510.06,7804.02,3902.01,31316.09,15658.05,1565.8,6263.22,7829.02,31316.09
9,Mar 2023,100.0,21851.27,8740.51,4370.25,35062.03,17531.01,1753.1,7012.41,8765.51,35062.03
9,Mar 2024,100.0,24473.42,9789.37,4894.68,39257.47,19628.74,1962.87,7851.49,9814.37,39257.47
10,Mar 2010,100.0,5633.36,2253.34,1126.67,9113.37,4556.69,455.67,1822.67,2278.34,9113.37
10,Mar 2011,100.0,6309.36,2523.74,1261.87,10194.97,5097.48,509.75,2038.99,2548.75,10194.97
10,Mar 2012,100.0,7066.48,2826.59,1413.3,11406.37,5703.19,570.32,2281.27,2851.59,11406.37
10,Mar 2013,100.0,7914.46,3165.78,1582.89,12763.13,6381.56,638.16,2552.63,3190.78,12763.13
10,Mar 2014,100.0,8864.2,3545.68,1772.84,14282.72,7141.36,714.14,2856.54,3570.68,14282.72
10,Mar 2015,100.0,9927.9,3971.16,1985.58,15984.64,7992.32,799.23,3196.93,3996.16,15984.64
10,Mar 2016,100.0,11119.25,4447.7,2223.85,17890.8,8945.4,894.54,3578.16,4472.7,17890.8
10,Mar 2017,100.0,12453.56,4981.42,2490.71,20025.69,10012.84,1001.28,4005.14,5006.43,20025.69
10,Mar 2018,100.0,13947.98,5579.19,2789.6,22416.77,11208.39,1120.84,4483.35,5604.19,22416.77
10,Mar 2019,100.0,15621.74,6248.7,3124.35,25094.79,12547.4,1254.74,5018.96,6273.69,25094.79
10,Mar 2020,100.0,17496.35,6998.54,3499.27,28094.16,14047.08,1404.71,5618.83,7023.54,28094.16
10,Mar 2021,100.0,19595.91,7838.36,3919.18,31453.45,15726.73,1572.67,6290.69,7863.36,31453.45
10,Mar 2022,100.0,21947.42,8778.97,4389.48,35215.87,17607.94,1760.79,7043.17,8803.97,35215.87
10,Mar 2023,100.0,24581.11,9832.44,4916.22,39429.77,19714.88,1971.49,7885.95,9857.45,39429.77
10,Mar 2024,100.0,27530.84,11012.34,5506.17,44149.35,22074.67,2207.47,8829.87,11037.34,44149.35
11,Mar 2010,100.0,4233.1,1693.24,846.62,6872.96,3436.48,343.65,1374.59,1718.24,6872.96
11,Mar 2011,100.0,4741.07,1896.43,948.21,7685.71,3842.86,384.29,1537.14,1921.42,7685.71
11,Mar 2012,100.0,5310.0,2124.0,1062.0,8596.0,4298.0,429.8,1719.2,2149.0,8596.0
11,Mar 2013,100.0,5947.2,2378.88,1189.44,9615.52,4807.76,480.78,1923.1,2403.88,9615.52
11,Mar 2014,100.0,6660.87,2664.35,1332.17,10757.39,5378.69,537.87,2151.48,2689.35,10757.39
11,Mar 2015,100.0,7460.17,2984.07,1492.03,12036.27,6018.14,601.81,2407.25,3009.07,12036.27
11,Mar 2016,100.0,8355.39,3342.16,1671.08,13468.63,6734.31,673.43,2693.73,3367.16,13468.63
11,Mar 2017,100.0,9358.04,3743.22,1871.61,15072.87,7536.44,753.64,3014.57,3768.22,15072.87
11,Mar 2018,100.0,10481.0,4192.4,2096.2,16869.6,8434.8,843.48,3373.92,4217.4,16869.6
11,Mar 2019,100.0,11738.72,4695.49,2347.74,18881.95,9440.98,944.1,3776.39,4720.48,18881.95
11,Mar 2020,100.0,13147.37,5258.95,2629.47,21135.79,10567.9,1056.79,4227.16,5283.94,21135.79
11,Mar 2021,100.0,14725.05,5890.02,2945.01,23660.08,11830.04,1183.0,4732.02,5915.02,23660.08
11,Mar 2022,100.0,16492.06,6596.82,3298.41,26487.29,13243.65,1324.36,5297.46,6621.82,26487.29
11,Mar 2023,100.0,18471.1,7388.44,3694.22,29653.76,14826.88,1482.69,5930.75,7413.44,29653.76
11,Mar 2024,100.0,20687.64,8275.06,4137.53,33200.23,16600.12,1660.01,6640.05,8300.05,33200.23
12,Mar 2010,100.0,6336.56,2534.62,1267.31,10238.49,5119.24,511.92,2047.7,2559.63,10238.49
12,Mar 2011,100.0,7096.94,2838.78,1419.39,11455.11,5727.56,572.76,2291.02,2863.77,11455.11
12,Mar 2012,100.0,7948.58,3179.43,1589.72,12817.73,6408.86,640.89,2563.55,3204.43,12817.73
12,Mar 2013,100.0,8902.41,3560.96,1780.48,14343.85,7171.93,717.19,2868.77,3585.96,14343.85
12,Mar 2014,100.0,9970.7,3988.28,1994.14,16053.12,8026.56,802.66,3210.62,4013.28,16053.12
12,Mar 2015,100.0,11167.18,4466.87,2233.44,17967.49,8983.75,898.37,3593.5,4491.87,17967.49
12,Mar 2016,100.0,12507.24,5002.9,2501.45,20111.59,10055.8,1005.58,4022.32,5027.89,20111.59
12,Mar 2017,100.0,14008.11,5603.24,2801.62,22512.97,11256.49,1125.65,4502.59,5628.24,22512.97
12,Mar 2018,100.0,15689.08,6275.63,3137.82,25202.53,12601.26,1260.13,5040.51,6300.63,25202.53
12,Mar 2019,100.0,17571.77,7028.71,3514.35,28214.83,14107.42,1410.74,5642.97,7053.7,28214.83
12,Mar 2020,100.0,19680.39,7872.16,3936.08,31588.63,15794.32,1579.43,6317.73,7897.15,31588.63
12,Mar 2021,100.0,22042.03,8816.81,4408.41,35367.25,17683.62,1768.36,7073.45,8841.82,35367.25
12,Mar 2022,100.0,24687.08,9874.83,4937.42,39599.33,19799.67,1979.97,7919.87,9899.82,39599.33
12,Mar 2023,100.0,27649.53,11059.81,5529.91,44339.25,22169.62,2216.96,8867.85,11084.82,44339.25
12,Mar 2024,100.0,30967.47,12386.99,6193.49,49647.95,24823.97,2482.4,9929.59,12411.99,49647.95
13,Mar 2010,100.0,2471.71,988.68,494.34,4054.73,2027.37,202.74,810.95,1013.67,4054.73
13,Mar 2011,100.0,2768.32,1107.33,553.66,4529.31,2264.66,226.47,905.86,1132.32,4529.31
13,Mar 2012,100.0,3100.52,1240.21,620.1,5060.83,2530.41,253.04,1012.17,1265.21,5060.83
13,Mar 2013,100.0,3472.58,1389.03,694.52,5656.13,2828.07,282.81,1131.23,1414.02,5656.13
13,Mar 2014,100.0,3889.29,1555.72,777.86,6322.87,3161.43,316.14,1264.57,1580.73,6322.87
13,Mar 2015,100.0,4356.01,1742.4,871.2,7069.61,3534.8,353.48,1413.92,1767.41,7069.61
13,Mar 2016,100.0,4878.73,1951.49,975.75,7905.97,3952.99,395.3,1581.19,1976.49,7905.97
13,Mar 2017,100.0,5464.17,2185.67,1092.83,8842.67,4421.34,442.13,1768.53,2210.67,8842.67
13,Mar 2018,100.0,6119.87,2447.95,1223.97,9891.79,4945.9,494.59,1978.36,2472.94,9891.79
13,Mar 2019,100.0,6854.26,2741.7,1370.85,11066.81,5533.4,553.34,2213.36,2766.71,11066.81
13,Mar 2020,100.0,7676.77,3070.71,1535.35,12382.83,6191.41,619.14,2476.57,3095.71,12382.83
13,Mar 2021,100.0,8597.98,3439.19,1719.6,13856.77,6928.39,692.84,2771.35,3464.19,13856.77
13,Mar 2022,100.0,9629.74,3851.9,1925.95,15507.59,7753.8,775.38,3101.52,3876.89,15507.59
13,Mar 2023,100.0,10785.31,4314.12,2157.06,17356.49,8678.25,867.82,3471.3,4339.12,17356.49
13,Mar 2024,100.0,12079.55,4831.82,2415.91,19427.28,9713.64,971.36,3885.46,4856.82,19427.28
14,Mar 2010,100.0,4519.73,1807.89,903.95,7331.57,3665.78,366.58,1466.31,1832.9,7331.57
14,Mar 2011,100.0,5062.1,2024.84,1012.42,8199.36,4099.68,409.97,1639.87,2049.84,8199.36
14,Mar 2012,100.0,5669.55,2267.82,1133.91,9171.28,4585.64,458.56,1834.26,2292.82,9171.28
14,Mar 2013,100.0,6349.9,2539.96,1269.98,10259.84,5129.92,512.99,2051.97,2564.96,10259.84
14,Mar 2014,100.0,7111.89,2844.76,1422.38,11479.03,5739.52,573.95,2295.81,2869.75,11479.03
14,Mar 2015,100.0,7965.32,3186.13,1593.06,12844.51,6422.26,642.23,2568.9,3211.12,12844.51
14,Mar 2016,100.0,8921.15,3568.46,1784.23,14373.84,7186.92,718.69,2874.77,3593.46,14373.84
14,Mar 2017,100.0,9991.69,3996.68,1998.34,16086.71,8043.35,804.34,3217.34,4021.68,16086.71
14,Mar 2018,100.0,11190.69,4476.28,2238.14,18005.11,9002.56,900.26,3601.02,4501.27,18005.11
14,Mar 2019,100.0,12533.58,5013.43,2506.72,20153.73,10076.86,1007.69,4030.75,5038.43,20153.73
14,Mar 2020,100.0,14037.61,5615.04,2807.52,22560.17,11280.08,1128.01,4512.03,5640.05,22560.17
14,Mar 2021,100.0,15722.12,6288.85,3144.42,25255.39,12627.69,1262.77,5051.08,6313.85,25255.39
14,Mar 2022,100.0,17608.77,7043.51,3521.75,28274.03,14137.01,1413.7,5654.81,7068.51,28274.03
14,Mar 2023,100.0,19721.83,7888.73,3944.37,31654.93,15827.47,1582.75,6330.99,7913.72,31654.93
14,Mar 2024,100.0,22088.45,8835.38,4417.69,35441.52,17720.76,1772.08,7088.3,8860.38,35441.52
15,Mar 2010,100.0,9724.71,3889.88,1944.94,15659.53,7829.77,782.98,3131.91,3914.87,15659.53
15,Mar 2011,100.0,10891.68,4356.67,2178.34,17526.69,8763.34,876.33,3505.34,4381.68,17526.69
15,Mar 2012,100.0,12198.68,4879.47,2439.74,19617.89,9808.94,980.89,3923.58,4904.48,19617.89
15,Mar 2013,100.0,13662.52,5465.01,2732.5,21960.03,10980.01,1098.0,4392.01,5490.01,21960.03
15,Mar 2014,100.0,15302.02,6120.81,3060.4,24583.23,12291.61,1229.16,4916.65,6145.81,24583.23
15,Mar 2015,100.0,17138.26,6855.3,3427.65,27521.21,13760.6,1376.06,5504.24,6880.31,27521.21
15,Mar 2016,100.0,19194.85,7677.94,3838.97,30811.76,15405.88,1540.59,6162.35,7702.94,30811.76
15,Mar 2017,100.0,21498.24,8599.3,4299.65,34497.19,17248.6,1724.86,6899.44,8624.29,34497.19
15,Mar 2018,100.0,24078.03,9631.21,4815.61,38624.85,19312.42,1931.24,7724.97,9656.22,38624.85
15,Mar 2019,100.0,26967.39,10786.96,5393.48,43247.83,21623.92,2162.39,8649.57,10811.95,43247.83
15,Mar 2020,100.0,30203.48,12081.39,6040.7,48425.57,24212.78,2421.28,9685.11,12106.4,48425.57
15,Mar 2021,100.0,33827.89,13531.16,6765.58,54224.63,27112.31,2711.23,10844.93,13556.16,54224.63
15,Mar 2022,100.0,37887.24,15154.9,7577.45,60719.59,30359.79,3035.98,12143.92,15179.9,60719.59
15,Mar 2023,100.0,42433.71,16973.48,8486.74,67993.93,33996.96,3399.7,13598.79,16998.48,67993.93
15,Mar 2024,100.0,47525.75,19010.3,9505.15,76141.2,38070.6,3807.06,15228.24,19035.3,76141.2
16,Mar 2010,100.0,3323.2,1329.28,664.64,5417.12,2708.56,270.86,1083.42,1354.28,5417.12
16,Mar 2011,100.0,3721.99,1488.8,744.4,6055.19,3027.59,302.76,1211.04,1513.8,6055.19
16,Mar 2012,100.0,4168.62,1667.45,833.72,6769.79,3384.89,338.49,1353.96,1692.45,6769.79
16,Mar 2013,100.0,4668.86,1867.54,933.77,7570.17,3785.09,378.51,1514.03,1892.54,7570.17
16,Mar 2014,100.0,5229.12,2091.65,1045.82,8466.59,4233.3,423.33,1693.32,2116.64,8466.59
16,Mar 2015,100.0,5856.62,2342.65,1171.32,9470.59,4735.3,473.53,1894.12,2367.64,9470.59
16,Mar 2016,100.0,6559.41,2623.76,1311.88,10595.05,5297.52,529.75,2119.01,2648.77,10595.05
16,Mar 2017,100.0,7346.54,2938.62,1469.31,11854.47,5927.23,592.72,2370.89,2963.63,11854.47
16,Mar 2018,100.0,8228.12,3291.25,1645.62,13264.99,6632.49,663.25,2653.0,3316.25,13264.99
16,Mar 2019,100.0,9215.5,3686.2,1843.1,14844.8,7422.4,742.24,2968.96,3711.2,14844.8
16,Mar 2020,100.0,10321.36,4128.54,2064.27,16614.17,8307.08,830.71,3322.83,4153.55,16614.17
16,Mar 2021,100.0,11559.92,4623.97,2311.98,18595.87,9297.93,929.79,3719.17,4648.98,18595.87
16,Mar 2022,100.0,12947.11,5178.84,2589.42,20815.37,10407.68,1040.77,4163.07,5203.85,20815.37
16,Mar 2023,100.0,14500.76,5800.3,2900.15,23301.21,11650.6,1165.06,4660.24,5825.31,23301.21
16,Mar 2024,100.0,16240.86,6496.34,3248.17,26085.37,13042.68,1304.27,5217.07,6521.35,26085.37
17,Mar 2010,100.0,6910.63,2764.25,1382.13,11157.01,5578.51,557.85,2231.4,2789.25,11157.01
17,Mar 2011,100.0,7739.91,3095.96,1547.98,12483.85,6241.93,624.19,2496.77,3120.96,12483.85
17,Mar 2012,100.0,8668.69,3467.48,1733.74,13969.91,6984.95,698.5,2793.98,3492.48,13969.91
17,Mar 2013,100.0,9708.94,3883.58,1941.79,15634.31,7817.15,781.72,3126.86,3908.58,15634.31
17,Mar 2014,100.0,10874.01,4349.6,2174.8,17498.41,8749.2,874.92,3499.68,4374.61,17498.41
17,Mar 2015,100.0,12178.89,4871.56,2435.78,19586.23,9793.11,979.31,3917.25,4896.56,19586.23
17,Mar 2016,100.0,13640.36,5456.14,2728.07,21924.57,10962.28,1096.23,4384.91,5481.15,21924.57
17,Mar 2017,100.0,15277.2,6110.88,3055.44,24543.52,12271.76,1227.18,4908.7,6135.88,24543.52
17,Mar 2018,100.0,17110.47,6844.19,3422.09,27476.75,13738.38,1373.84,5495.35,6869.18,27476.75
17,Mar 2019,100.0,19163.72,7665.49,3832.74,30761.95,15380.98,1538.1,6152.39,7690.48,30761.95
17,Mar 2020,100.0,21463.37,8585.35,4292.67,34441.39,17220.69,1722.07,6888.28,8610.35,34441.39
17,Mar 2021,100.0,24038.97,9615.59,4807.79,38562.35,19281.17,1928.12,7712.47,9640.59,38562.35
17,Mar 2022,100.0,26923.65,10769.46,5384.73,43177.84,21588.92,2158.89,8635.57,10794.46,43177.84
17,Mar 2023,100.0,30154.49,12061.8,6030.9,48347.19,24173.6,2417.36,9669.44,12086.79,48347.19
17,Mar 2024,100.0,33773.02,13509.21,6754.6,54136.83,27068.42,2706.84,10827.37,13534.2,54136.83
18,Mar 2010,100.0,3926.71,1570.68,785.34,6382.73,3191.36,319.14,1276.55,1595.68,6382.73
18,Mar 2011,100.0,4397.92,1759.17,879.58,7136.67,3568.34,356.83,1427.33,1784.17,7136.67
18,Mar 2012,100.0,4925.67,1970.27,985.13,7981.07,3990.53,399.05,1596.21,1995.28,7981.07
18,Mar 2013,100.0,5516.75,2206.7,1103.35,8926.8,4463.4,446.34,1785.36,2231.7,8926.8
18,Mar 2014,100.0,6178.76,2471.5,1235.75,9986.01,4993.01,499.3,1997.2,2496.5,9986.01
18,Mar 2015,100.0,6920.21,2768.08,1384.04,11172.33,5586.16,558.62,2234.47,2793.08,11172.33
18,Mar 2016,100.0,7750.63,3100.25,1550.13,12501.01,6250.51,625.05,2500.2,3125.25,12501.01
18,Mar 2017,100.0,8680.71,3472.28,1736.14,13989.13,6994.56,699.46,2797.83,3497.28,13989.13
18,Mar 2018,100.0,9722.39,3888.96,1944.48,15655.83,7827.91,782.79,3131.17,3913.96,15655.83
18,Mar 2019,100.0,10889.08,4355.63,2177.82,17522.53,8761.26,876.13,3504.51,4380.63,17522.53
18,Mar 2020,100.0,12195.77,4878.31,2439.15,19613.23,9806.61,980.66,3922.65,4903.31,19613.23
18,Mar 2021,100.0,13659.26,5463.7,2731.85,21954.81,10977.41,1097.74,4390.96,5488.7,21954.81
18,Mar 2022,100.0,15298.37,6119.35,3059.67,24577.39,12288.69,1228.87,4915.48,6144.35,24577.39
18,Mar 2023,100.0,17134.17,6853.67,3426.83,27514.67,13757.33,1375.73,5502.93,6878.68,27514.67
18,Mar 2024,100.0,19190.28,7676.11,3838.06,30804.45,15402.23,1540.22,6160.89,7701.11,30804.45
19,Mar 2010,100.0,7961.26,3184.5,1592.25,12838.01,6419.01,641.9,2567.6,3209.5,12838.01
19,Mar 2011,100.0,8916.61,3566.64,1783.32,14366.57,7183.28,718.33,2873.31,3591.65,14366.57
19,Mar 2012,100.0,9986.6,3994.64,1997.32,16078.56,8039.28,803.93,3215.71,4019.64,16078.56
19,Mar 2013,100.0,11184.99,4474.0,2237.0,17995.99,8998.0,899.8,3599.2,4498.99,17995.99
19,Mar 2014,100.0,12527.19,5010.88,2505.44,20143.51,10071.75,1007.18,4028.7,5035.88,20143.51
19,Mar 2015,100.0,14030.46,5612.18,2806.09,22548.73,11274.36,1127.44,4509.75,5637.18,22548.73
19,Mar 2016,100.0,15714.11,6285.64,3142.82,25242.57,12621.28,1262.13,5048.51,6310.65,25242.57
19,Mar 2017,100.0,17599.81,7039.92,3519.96,28259.69,14129.84,1412.98,5651.94,7064.93,28259.69
19,Mar 2018,100.0,19711.78,7884.71,3942.36,31638.85,15819.42,1581.94,6327.77,7909.72,31638.85
19,Mar 2019,100.0,22077.2,8830.88,4415.44,35423.52,17711.76,1771.18,7084.7,8855.88,35423.52
19,Mar 2020,100.0,24726.46,9890.58,4945.29,39662.33,19831.17,1983.12,7932.47,9915.57,39662.33
19,Mar 2021,100.0,27693.63,11077.45,5538.73,44409.81,22204.9,2220.49,8881.96,11102.46,44409.81
19,Mar 2022,100.0,31016.87,12406.75,6203.37,49726.99,24863.49,2486.35,9945.4,12431.75,49726.99
19,Mar 2023,100.0,34738.9,13895.56,6947.78,55682.24,27841.12,2784.11,11136.45,13920.56,55682.24
19,Mar 2024,100.0,38907.56,15563.02,7781.51,62352.09,31176.04,3117.6,12470.42,15588.03,62352.09
20,Mar 2010,100.0,2177.86,871.14,435.57,3584.57,1792.29,179.23,716.91,896.14,3584.57
20,Mar 2011,100.0,2439.21,975.68,487.84,4002.73,2001.37,200.14,800.55,1000.67,4002.73
20,Mar 2012,100.0,2731.91,1092.76,546.38,4471.05,2235.53,223.55,894.21,1117.76,4471.05
20,Mar 2013,100.0,3059.74,1223.9,611.95,4995.59,2497.8,249.78,999.12,1248.89,4995.59
20,Mar 2014,100.0,3426.91,1370.76,685.38,5583.05,2791.53,279.15,1116.61,1395.76,5583.05
20,Mar 2015,100.0,3838.14,1535.26,767.63,6241.03,3120.51,312.05,1248.21,1560.26,6241.03
20,Mar 2016,100.0,4298.72,1719.49,859.74,6977.95,3488.97,348.9,1395.59,1744.49,6977.95
20,Mar 2017,100.0,4814.56,1925.82,962.91,7803.29,3901.64,390.16,1560.66,1950.83,7803.29
20,Mar 2018,100.0,5392.31,2156.92,1078.46,8727.69,4363.85,436.38,1745.54,2181.92,8727.69
20,Mar 2019,100.0,6039.39,2415.76,1207.88,9763.03,4881.52,488.15,1952.61,2440.75,9763.03
20,Mar 2020,100.0,6764.11,2705.64,1352.82,10922.57,5461.28,546.13,2184.51,2730.65,10922.57
20,Mar 2021,100.0,7575.81,3030.32,1515.16,12221.29,6110.65,611.06,2444.26,3055.32,12221.29
20,Mar 2022,100.0,8484.9,3393.96,1696.98,13675.84,6837.92,683.79,2735.17,3418.96,13675.84
20,Mar 2023,100.0,9503.09,3801.24,1900.62,15304.95,7652.48,765.25,3060.99,3826.23,15304.95
20,Mar 2024,100.0,10643.46,4257.38,2128.69,17129.53,8564.76,856.48,3425.91,4282.38,17129.53
21,Mar 2010,100.0,9728.39,3891.36,1945.68,15665.43,7832.72,783.27,3133.09,3916.35,15665.43
21,Mar 2011,100.0,10895.8,4358.32,2179.16,17533.28,8766.64,876.66,3506.66,4383.32,17533.28
21,Mar 2012,100.0,12203.29,4881.32,2440.66,19625.27,9812.64,981.26,3925.05,4906.32,19625.27
21,Mar 2013,100.0,13667.69,5467.08,2733.54,21968.31,10984.16,1098.42,4393.66,5492.07,21968.31
21,Mar 2014,100.0,15307.81,6123.12,3061.56,24592.49,12296.25,1229.62,4918.5,6148.12,24592.49
21,Mar 2015,100.0,17144.75,6857.9,3428.95,27531.6,13765.8,1376.58,5506.32,6882.9,27531.6
21,Mar 2016,100.0,19202.12,7680.85,3840.42,30823.39,15411.69,1541.17,6164.68,7705.85,30823.39
21,Mar 2017,100.0,21506.37,8602.55,4301.27,34510.19,17255.1,1725.51,6902.04,8627.54,34510.19
21,Mar 2018,100.0,24087.13,9634.85,4817.43,38639.41,19319.71,1931.97,7727.88,9659.85,38639.41
21,Mar 2019,100.0,26977.59,10791.04,5395.52,43264.15,21632.08,2163.21,8652.83,10816.03,43264.15
21,Mar 2020,100.0,30214.9,12085.96,6042.98,48443.84,24221.92,2422.19,9688.77,12110.96,48443.84
21,Mar 2021,100.0,33840.69,13536.28,6768.14,54245.11,27122.56,2712.26,10849.02,13561.27,54245.11
21,Mar 2022,100.0,37901.57,15160.63,7580.31,60742.51,30371.26,3037.13,12148.5,15185.62,60742.51
21,Mar 2023,100.0,42449.76,16979.9,8489.95,68019.61,34009.81,3400.98,13603.92,17004.9,68019.61
21,Mar 2024,100.0,47543.73,19017.49,9508.75,76169.97,38084.99,3808.5,15233.99,19042.49,76169.97
22,Mar 2010,100.0,5084.11,2033.64,1016.82,8234.57,4117.28,411.73,1646.91,2058.65,8234.57
22,Mar 2011,100.0,5694.2,2277.68,1138.84,9210.72,4605.36,460.54,1842.14,2302.68,9210.72
22,Mar 2012,100.0,6377.5,2551.0,1275.5,10304.0,5152.0,515.2,2060.8,2576.0,10304.0
22,Mar 2013,100.0,7142.8,2857.12,1428.56,11528.48,5764.24,576.42,2305.7,2882.12,11528.48
22,Mar 2014,100.0,7999.94,3199.98,1599.99,12899.91,6449.95,645.0,2579.98,3224.98,12899.91
22,Mar 2015,100.0,8959.93,3583.97,1791.99,14435.89,7217.94,721.79,2887.18,3608.98,14435.89
22,Mar 2016,100.0,10035.12,4014.05,2007.02,16156.19,8078.1,807.81,3231.24,4039.04,16156.19
22,Mar 2017,100.0,11239.34,4495.74,2247.87,18082.95,9041.48,904.15,3616.59,4520.73,18082.95
22,Mar 2018,100.0,12588.06,5035.22,2517.61,20240.89,10120.44,1012.04,4048.18,5060.23,20240.89
22,Mar 2019,100.0,14098.63,5639.45,2819.73,22657.81,11328.91,1132.89,4531.56,5664.45,22657.81
22,Mar 2020,100.0,15790.46,6316.18,3158.09,25364.73,12682.36,1268.24,5072.95,6341.18,25364.73
22,Mar 2021,100.0,17685.32,7074.13,3537.06,28396.51,14198.25,1419.83,5679.3,7099.13,28396.51
22,Mar 2022,100.0,19807.55,7923.02,3961.51,31792.08,15896.04,1589.6,6358.42,7948.02,31792.08
22,Mar 2023,100.0,22184.46,8873.78,4436.89,35595.13,17797.56,1779.76,7119.03,8898.78,35595.13
22,Mar 2024,100.0,24846.6,9938.64,4969.32,39854.56,19927.28,1992.73,7970.91,9963.64,39854.56
23,Mar 2010,100.0,3124.45,1249.78,624.89,5099.12,2549.56,254.96,1019.82,1274.78,5099.12
23,Mar 2011,100.0,3499.39,1399.76,699.88,5699.03,2849.51,284.95,1139.81,1424.76,5699.03
23,Mar 2012,100.0,3919.32,1567.73,783.86,6370.91,3185.45,318.55,1274.18,1592.73,6370.91
23,Mar 2013,100.0,4389.63,1755.85,877.93,7123.41,3561.7,356.17,1424.68,1780.86,7123.41
23,Mar 2014,100.0,4916.39,1966.56,983.28,7966.23,3983.11,398.31,1593.25,1991.56,7966.23
23,Mar 2015,100.0,5506.36,2202.54,1101.27,8910.17,4455.09,445.51,1782.03,2227.54,8910.17
23,Mar 2016,100.0,6167.12,2466.85,1233.42,9967.39,4983.69,498.37,1993.48,2491.85,9967.39
23,Mar 2017,100.0,6907.17,2762.87,1381.43,11151.47,5575.73,557.57,2230.29,2787.88,11151.47
23,Mar 2018,100.0,7736.03,3094.41,1547.21,12477.65,6238.82,623.88,2495.53,3119.42,12477.65
23,Mar 2019,100.0,8664.36,3465.74,1732.87,13962.97,6981.48,698.15,2792.59,3490.75,13962.97
23,Mar 2020,100.0,9704.08,3881.63,1940.82,15626.53,7813.27,781.33,3125.31,3906.62,15626.53
23,Mar 2021,100.0,10868.57,4347.43,2173.71,17489.71,8744.85,874.49,3497.94,4372.43,17489.71
23,Mar 2022,100.0,12172.8,4869.12,2434.56,19576.48,9788.24,978.82,3915.3,4894.12,19576.48
23,Mar 2023,100.0,13633.53,5453.41,2726.71,21913.65,10956.83,1095.68,4382.73,5478.41,21913.65
23,Mar 2024,100.0,15269.56,6107.82,3053.91,24531.29,12265.65,1226.56,4906.26,6132.82,24531.29
24,Mar 2010,100.0,1661.47,664.59,332.29,2758.35,1379.17,137.92,551.67,689.59,2758.35
24,Mar 2011,100.0,1860.85,744.34,372.17,3077.36,1538.68,153.87,615.47,769.34,3077.36
24,Mar 2012,100.0,2084.15,833.66,416.83,3434.64,1717.32,171.73,686.93,858.66,3434.64
24,Mar 2013,100.0,2334.25,933.7,466.85,3834.8,1917.4,191.74,766.96,958.7,3834.8
24,Mar 2014,100.0,2614.36,1045.74,522.87,4282.97,2141.49,214.15,856.59,1070.74,4282.97
24,Mar 2015,100.0,2928.08,1171.23,585.62,4784.93,2392.47,239.25,956.99,1196.22,4784.93
24,Mar 2016,100.0,3279.45,1311.78,655.89,5347.12,2673.56,267.36,1069.42,1336.78,5347.12
24,Mar 2017,100.0,3672.98,1469.19,734.6,5976.77,2988.39,298.84,1195.35,1494.19,5976.77
24,Mar 2018,100.0,4113.74,1645.5,822.75,6681.99,3340.99,334.1,1336.4,1670.5,6681.99
24,Mar 2019,100.0,4607.39,1842.96,921.48,7471.83,3735.91,373.59,1494.37,1867.96,7471.83
24,Mar 2020,100.0,5160.28,2064.11,1032.06,8356.45,4178.23,417.82,1671.29,2089.11,8356.45
24,Mar 2021,100.0,5779.51,2311.8,1155.9,9347.21,4673.6,467.36,1869.44,2336.81,9347.21
24,Mar 2022,100.0,6473.05,2589.22,1294.61,10456.88,5228.44,522.84,2091.38,2614.22,10456.88
24,Mar 2023,100.0,7249.82,2899.93,1449.96,11699.71,5849.85,584.99,2339.94,2924.93,11699.71
24,Mar 2024,100.0,8119.79,3247.92,1623.96,13091.67,6545.84,654.58,2618.33,3272.92,13091.67
25,Mar 2011,100.0,2527.82,1011.13,505.56,4144.51,2072.26,207.23,828.9,1036.12,4144.51
25,Mar 2012,100.0,2831.16,1132.46,566.23,4629.85,2314.93,231.49,925.97,1157.46,4629.85
25,Mar 2013,100.0,3170.9,1268.36,634.18,5173.44,2586.72,258.67,1034.69,1293.36,5173.44
25,Mar 2014,100.0,3551.41,1420.56,710.28,5782.25,2891.12,289.11,1156.45,1445.57,5782.25
25,Mar 2015,100.0,3977.58,1591.03,795.52,6464.13,3232.07,323.21,1292.83,1616.02,6464.13
25,Mar 2016,100.0,4454.88,1781.95,890.98,7227.81,3613.91,361.39,1445.56,1806.95,7227.81
25,Mar 2017,100.0,4989.47,1995.79,997.89,8083.15,4041.57,404.16,1616.63,2020.79,8083.15
25,Mar 2018,100.0,5588.21,2235.28,1117.64,9041.13,4520.56,452.06,1808.23,2260.28,9041.13
25,Mar 2019,100.0,6258.79,2503.52,1251.76,10114.07,5057.03,505.7,2022.81,2528.53,10114.07
25,Mar 2020,100.0,7009.85,2803.94,1401.97,11315.76,5657.88,565.79,2263.15,2828.94,11315.76
25,Mar 2021,100.0,7851.03,3140.41,1570.21,12661.65,6330.82,633.08,2532.33,3165.42,12661.65
25,Mar 2022,100.0,8793.15,3517.26,1758.63,14169.04,7084.52,708.45,2833.81,3542.26,14169.04
25,Mar 2023,100.0,9848.33,3939.33,1969.67,15857.33,7928.66,792.87,3171.47,3964.33,15857.33
25,Mar 2024,100.0,11030.13,4412.05,2206.03,17748.21,8874.1,887.41,3549.64,4437.06,17748.21
26,Mar 2011,100.0,5677.97,2271.19,1135.59,9184.75,4592.38,459.24,1836.95,2296.18,9184.75
26,Mar 2012,100.0,6359.32,2543.73,1271.86,10274.91,5137.45,513.75,2054.98,2568.73,10274.91
26,Mar 2013,100.0,7122.44,2848.98,1424.49,11495.91,5747.95,574.8,2299.18,2873.98,11495.91
26,Mar 2014,100.0,7977.13,3190.85,1595.43,12863.41,6431.7,643.17,2572.68,3215.86,12863.41
26,Mar 2015,100.0,8934.39,3573.76,1786.88,14395.03,7197.52,719.75,2879.01,3598.75,14395.03
26,Mar 2016,100.0,10006.52,4002.61,2001.3,16110.43,8055.22,805.52,3222.09,4027.6,16110.43
26,Mar 2017,100.0,11207.3,4482.92,2241.46,18031.68,9015.84,901.58,3606.34,4507.92,18031.68
26,Mar 2018,100.0,12552.17,5020.87,2510.43,20183.47,10091.74,1009.17,4036.69,5045.87,20183.47
26,Mar 2019,100.0,14058.43,5623.37,2811.69,22593.49,11296.75,1129.67,4518.7,5648.37,22593.49
26,Mar 2020,100.0,15745.45,6298.18,3149.09,25292.72,12646.36,1264.64,5058.54,6323.18,25292.72
26,Mar 2021,100.0,17634.9,7053.96,3526.98,28315.84,14157.92,1415.79,5663.17,7078.96,28315.84
26,Mar 2022,100.0,19751.09,7900.44,3950.22,31701.75,15850.88,1585.09,6340.35,7925.43,31701.75
26,Mar 2023,100.0,22121.22,8848.49,4424.24,35493.95,17746.97,1774.7,7098.79,8873.49,35493.95
26,Mar 2024,100.0,24775.76,9910.3,4955.15,39741.21,19870.6,1987.06,7948.24,9935.31,39741.21
27,Mar 2011,100.0,4033.03,1613.21,806.61,6552.85,3276.43,327.64,1310.57,1638.21,6552.85
27,Mar 2012,100.0,4516.99,1806.8,903.4,7327.19,3663.59,366.36,1465.44,1831.8,7327.19
27,Mar 2013,100.0,5059.03,2023.61,1011.81,8194.45,4097.23,409.72,1638.89,2048.61,8194.45
27,Mar 2014,100.0,5666.11,2266.44,1133.22,9165.77,4582.89,458.29,1833.15,2291.44,9165.77
27,Mar 2015,100.0,6346.05,2538.42,1269.21,10253.68,5126.84,512.68,2050.74,2563.42,10253.68
27,Mar 2016,100.0,7107.57,2843.03,1421.51,11472.11,5736.06,573.61,2294.42,2868.02,11472.11
27,Mar 2017,100.0,7960.48,3184.19,1592.1,12836.77,6418.39,641.84,2567.35,3209.19,12836.77
27,Mar 2018,100.0,8915.74,3566.3,1783.15,14365.19,7182.6,718.26,2873.04,3591.29,14365.19
27,Mar 2019,100.0,9985.63,3994.25,1997.13,16077.01,8038.51,803.85,3215.4,4019.25,16077.01
27,Mar 2020,100.0,11183.91,4473.56,2236.78,17994.25,8997.12,899.71,3598.85,4498.57,17994.25
27,Mar 2021,100.0,12525.97,5010.39,2505.19,20141.55,10070.77,1007.08,4028.31,5035.39,20141.55
27,Mar 2022,100.0,14029.09,5611.64,2805.82,22546.55,11273.27,1127.33,4509.31,5636.64,22546.55
27,Mar 2023,100.0,15712.58,6285.03,3142.52,25240.13,12620.07,1262.01,5048.03,6310.02,25240.13
27,Mar 2024,100.0,17598.09,7039.24,3519.62,28256.95,14128.48,1412.85,5651.39,7064.23,28256.95
28,Mar 2011,100.0,8459.95,3383.98,1691.99,13635.92,6817.96,681.8,2727.18,3408.98,13635.92
28,Mar 2012,100.0,9475.14,3790.06,1895.03,15260.23,7630.11,763.01,3052.05,3815.06,15260.23
28,Mar 2013,100.0,10612.16,4244.86,2122.43,17079.45,8539.73,853.97,3415.89,4269.86,17079.45
28,Mar 2014,100.0,11885.62,4754.25,2377.12,19116.99,9558.5,955.85,3823.4,4779.24,19116.99
28,Mar 2015,100.0,13311.9,5324.76,2662.38,21399.04,10699.52,1069.95,4279.81,5349.76,21399.04
28,Mar 2016,100.0,14909.32,5963.73,2981.86,23954.91,11977.45,1197.75,4790.98,5988.73,23954.91
28,Mar 2017,100.0,16698.44,6679.38,3339.69,26817.51,13408.75,1340.88,5363.5,6704.38,26817.51
28,Mar 2018,100.0,18702.25,7480.9,3740.45,30023.6,15011.8,1501.18,6004.72,7505.9,30023.6
28,Mar 2019,100.0,20946.53,8378.61,4189.31,33614.45,16807.22,1680.72,6722.89,8403.62,33614.45
28,Mar 2020,100.0,23460.11,9384.04,4692.02,37636.17,18818.08,1881.81,7527.23,9409.05,37636.17
28,Mar 2021,100.0,26275.32,10510.13,5255.06,42140.51,21070.26,2107.03,8428.1,10535.12,42140.51
28,Mar 2022,100.0,29428.36,11771.34,5885.67,47185.37,23592.69,2359.27,9437.07,11796.34,47185.37
28,Mar 2023,100.0,32959.76,13183.9,6591.95,52835.61,26417.81,2641.78,10567.12,13208.9,52835.61
28,Mar 2024,100.0,36914.93,14765.97,7382.99,59163.89,29581.94,2958.19,11832.78,14790.98,59163.89
29,Mar 2011,100.0,4877.99,1951.2,975.6,7904.79,3952.39,395.24,1580.96,1976.2,7904.79
29,Mar 2012,100.0,5463.35,2185.34,1092.67,8841.36,4420.68,442.07,1768.27,2210.34,8841.36
29,Mar 2013,100.0,6118.95,2447.58,1223.79,9890.32,4945.16,494.52,1978.06,2472.58,9890.32
29,Mar 2014,100.0,6853.22,2741.29,1370.64,11065.15,5532.57,553.26,2213.03,2766.29,11065.15
29,Mar 2015,100.0,7675.61,3070.24,1535.12,12380.97,6190.48,619.05,2476.19,3095.25,12380.97
29,Mar 2016,100.0,8596.68,3438.67,1719.34,13854.69,6927.35,692.73,2770.94,3463.67,13854.69
29,Mar 2017,100.0,9628.28,3851.31,1925.66,15505.25,7752.62,775.26,3101.05,3876.32,15505.25
29,Mar 2018,100.0,10783.68,4313.47,2156.74,17353.89,8676.94,867.69,3470.78,4338.48,17353.89
29,Mar 2019,100.0,12077.72,4831.09,2415.54,19424.35,9712.17,971.22,3884.87,4856.09,19424.35
29,Mar 2020,100.0,13527.04,5410.82,2705.41,21743.27,10871.64,1087.16,4348.65,5435.82,21743.27
29,Mar 2021,100.0,15150.29,6060.12,3030.06,24340.47,12170.24,1217.02,4868.09,6085.12,24340.47
29,Mar 2022,100.0,16968.32,6787.33,3393.66,27249.31,13624.66,1362.47,5449.86,6812.32,27249.31
29,Mar 2023,100.0,19004.52,7601.81,3800.9,30507.23,15253.61,1525.36,6101.45,7626.81,30507.23
29,Mar 2024,100.0,21285.07,8514.03,4257.01,34156.11,17078.06,1707.81,6831.22,8539.02,34156.11
30,Mar 2011,100.0,3238.43,1295.37,647.69,5281.49,2640.74,264.07,1056.3,1320.38,5281.49
30,Mar 2012,100.0,3627.04,1450.82,725.41,5903.27,2951.64,295.16,1180.65,1475.82,5903.27
30,Mar 2013,100.0,4062.28,1624.91,812.46,6599.65,3299.82,329.98,1319.93,1649.92,6599.65
30,Mar 2014,100.0,4549.76,1819.9,909.95,7379.61,3689.8,368.98,1475.92,1844.91,7379.61
30,Mar 2015,100.0,5095.73,2038.29,1019.15,8253.17,4126.59,412.66,1650.63,2063.29,8253.17
30,Mar 2016,100.0,5707.22,2282.89,1141.44,9231.55,4615.77,461.58,1846.31,2307.89,9231.55
30,Mar 2017,100.0,6392.08,2556.83,1278.42,10327.33,5163.66,516.37,2065.47,2581.83,10327.33
30,Mar 2018,100.0,7159.13,2863.65,1431.83,11554.61,5777.31,577.73,2310.92,2888.65,11554.61
30,Mar 2019,100.0,8018.23,3207.29,1603.65,12929.17,6464.59,646.46,2585.83,3232.29,12929.17
30,Mar 2020,100.0,8980.42,3592.17,1796.08,14468.67,7234.34,723.43,2893.73,3617.17,14468.67
30,Mar 2021,100.0,10058.07,4023.23,2011.61,16192.91,8096.45,809.65,3238.58,4048.23,16192.91
30,Mar 2022,100.0,11265.04,4506.02,2253.01,18124.07,9062.03,906.2,3624.81,4531.03,18124.07
30,Mar 2023,100.0,12616.84,5046.74,2523.37,20286.95,10143.48,1014.35,4057.39,5071.73,20286.95
30,Mar 2024,100.0,14130.86,5652.34,2826.17,22709.37,11354.68,1135.47,4541.87,5677.35,22709.37
31,Mar 2011,100.0,6554.3,2621.72,1310.86,10586.88,5293.44,529.34,2117.38,2646.72,10586.88
31,Mar 2012,100.0,7340.82,2936.33,1468.16,11845.31,5922.65,592.27,2369.06,2961.33,11845.31
31,Mar 2013,100.0,8221.72,3288.69,1644.34,13254.75,6627.38,662.74,2650.95,3313.68,13254.75
31,Mar 2014,100.0,9208.33,3683.33,1841.67,14833.33,7416.66,741.67,2966.67,3708.33,14833.33
31,Mar 2015,100.0,10313.33,4125.33,2062.67,16601.33,8300.67,830.07,3320.27,4150.32,16601.33
31,Mar 2016,100.0,11550.92,4620.37,2310.18,18581.47,9290.74,929.07,3716.29,4645.37,18581.47
31,Mar 2017,100.0,12937.04,5174.82,2587.41,20799.27,10399.64,1039.96,4159.85,5199.82,20799.27
31,Mar 2018,100.0,14489.48,5795.79,2897.9,23283.17,11641.58,1164.16,4656.63,5820.8,23283.17
31,Mar 2019,100.0,16228.22,6491.29,3245.64,26065.15,13032.58,1303.26,5213.03,6516.28,26065.15
31,Mar 2020,100.0,18175.6,7270.24,3635.12,29180.96,14590.48,1459.05,5836.19,7295.24,29180.96
31,Mar 2021,100.0,20356.68,8142.67,4071.34,32670.69,16335.34,1633.53,6534.14,8167.68,32670.69
31,Mar 2022,100.0,22799.48,9119.79,4559.9,36579.17,18289.58,1828.96,7315.83,9144.8,36579.17
31,Mar 2023,100.0,25535.41,10214.16,5107.08,40956.65,20478.33,2047.83,8191.33,10239.16,40956.65
31,Mar 2024,100.0,28599.66,11439.86,5719.93,45859.45,22929.72,2292.97,9171.89,11464.87,45859.45
32,Mar 2011,100.0,7360.99,2944.4,1472.2,11877.59,5938.8,593.88,2375.52,2969.39,11877.59
32,Mar 2012,100.0,8244.31,3297.72,1648.86,13290.89,6645.44,664.54,2658.18,3322.73,13290.89
32,Mar 2013,100.0,9233.63,3693.45,1846.73,14873.81,7436.9,743.69,2974.76,3718.46,14873.81
32,Mar 2014,100.0,10341.67,4136.67,2068.33,16646.67,8323.33,832.33,3329.33,4161.68,16646.67
32,Mar 2015,100.0,11582.67,4633.07,2316.53,18632.27,9316.14,931.61,3726.45,4658.07,18632.27
32,Mar 2016,100.0,12972.59,5189.04,2594.52,20856.15,10428.08,1042.81,4171.23,5214.03,20856.15
32,Mar 2017,100.0,14529.3,5811.72,2905.86,23346.88,11673.44,1167.34,4669.38,5836.72,23346.88
32,Mar 2018,100.0,16272.81,6509.12,3254.56,26136.49,13068.25,1306.82,5227.3,6534.12,26136.49
32,Mar 2019,100.0,18225.55,7290.22,3645.11,29260.88,14630.44,1463.04,5852.18,7315.22,29260.88
32,Mar 2020,100.0,20412.62,8165.05,4082.52,32760.19,16380.09,1638.01,6552.04,8190.05,32760.19
32,Mar 2021,100.0,22862.13,9144.85,4572.43,36679.41,18339.71,1833.97,7335.88,9169.85,36679.41
32,Mar 2022,100.0,25605.59,10242.24,5121.12,41068.95,20534.47,2053.45,8213.79,10267.24,41068.95
32,Mar 2023,100.0,28678.26,11471.3,5735.65,45985.21,22992.6,2299.26,9197.04,11496.31,45985.21
32,Mar 2024,100.0,32119.65,12847.86,6423.93,51491.44,25745.72,2574.57,10298.29,12872.86,51491.44
33,Mar 2011,100.0,2503.38,1001.35,500.68,4105.41,2052.7,205.27,821.08,1026.36,4105.41
33,Mar 2012,100.0,2803.78,1121.51,560.76,4586.05,2293.03,229.3,917.21,1146.51,4586.05
33,Mar 2013,100.0,3140.24,1256.1,628.05,5124.39,2562.2,256.22,1024.88,1281.09,5124.39
33,Mar 2014,100.0,3517.06,1406.82,703.41,5727.29,2863.64,286.36,1145.46,1431.83,5727.29
33,Mar 2015,100.0,3939.11,1575.64,787.82,6402.57,3201.28,320.13,1280.51,1600.65,6402.57
33,Mar 2016,100.0,4411.81,1764.72,882.36,7158.89,3579.45,357.94,1431.78,1789.72,7158.89
33,Mar 2017,100.0,4941.22,1976.49,988.24,8005.95,4002.97,400.3,1601.19,2001.49,8005.95
33,Mar 2018,100.0,5534.17,2213.67,1106.83,8954.67,4477.34,447.73,1790.93,2238.67,8954.67
33,Mar 2019,100.0,6198.27,2479.31,1239.65,10017.23,5008.61,500.86,2003.45,2504.31,10017.23
33,Mar 2020,100.0,6942.06,2776.82,1388.41,11207.29,5603.65,560.36,2241.46,2801.82,11207.29
33,Mar 2021,100.0,7775.11,3110.04,1555.02,12540.17,6270.09,627.01,2508.03,3135.04,12540.17
33,Mar 2022,100.0,8708.12,3483.25,1741.62,14032.99,7016.49,701.65,2806.6,3508.25,14032.99
33,Mar 2023,100.0,9753.1,3901.24,1950.62,15704.96,7852.48,785.25,3140.99,3926.24,15704.96
33,Mar 2024,100.0,10923.47,4369.39,2184.69,17577.55,8788.77,878.88,3515.51,4394.39,17577.55
34,Mar 2011,100.0,2508.57,1003.43,501.71,4113.71,2056.86,205.69,822.74,1028.42,4113.71
34,Mar 2012,100.0,2809.6,1123.84,561.92,4595.36,2297.68,229.77,919.07,1148.84,4595.36
34,Mar 2013,100.0,3146.75,1258.7,629.35,5134.8,2567.4,256.74,1026.96,1283.7,5134.8
34,Mar 2014,100.0,3524.36,1409.74,704.87,5738.97,2869.49,286.95,1147.79,1434.74,5738.97
34,Mar 2015,100.0,3947.29,1578.92,789.46,6415.67,3207.84,320.78,1283.13,1603.92,6415.67
34,Mar 2016,100.0,4420.96,1768.38,884.19,7173.53,3586.76,358.68,1434.71,1793.38,7173.53
34,Mar 2017,100.0,4951.48,1980.59,990.3,8022.37,4011.18,401.12,1604.47,2005.6,8022.37
34,Mar 2018,100.0,5545.66,2218.26,1109.13,8973.05,4486.52,448.65,1794.61,2243.27,8973.05
34,Mar 2019,100.0,6211.13,2484.45,1242.23,10037.81,5018.9,501.89,2007.56,2509.46,10037.81
34,Mar 2020,100.0,6956.47,2782.59,1391.29,11230.35,5615.18,561.52,2246.07,2807.58,11230.35
34,Mar 2021,100.0,7791.25,3116.5,1558.25,12566.0,6283.0,628.3,2513.2,3141.5,12566.0
34,Mar 2022,100.0,8726.2,3490.48,1745.24,14061.92,7030.96,703.1,2812.38,3515.48,14061.92
34,Mar 2023,100.0,9773.34,3909.34,1954.67,15737.35,7868.68,786.87,3147.47,3934.33,15737.35
34,Mar 2024,100.0,10946.14,4378.46,2189.23,17613.83,8806.92,880.69,3522.77,4403.45,17613.83
35,Mar 2011,100.0,1330.04,532.02,266.01,2228.07,1114.04,111.4,445.61,557.02,2228.07
35,Mar 2012,100.0,1489.65,595.86,297.93,2483.44,1241.72,124.17,496.69,620.86,2483.44
35,Mar 2013,100.0,1668.41,667.36,333.68,2769.45,1384.72,138.47,553.89,692.37,2769.45
35,Mar 2014,100.0,1868.61,747.44,373.72,3089.77,1544.88,154.49,617.95,772.45,3089.77
35,Mar 2015,100.0,2092.85,837.14,418.57,3448.56,1724.28,172.43,689.71,862.14,3448.56
35,Mar 2016,100.0,2343.99,937.6,468.8,3850.39,1925.19,192.52,770.08,962.6,3850.39
35,Mar 2017,100.0,2625.27,1050.11,525.05,4300.43,2150.22,215.02,860.09,1075.1,4300.43
35,Mar 2018,100.0,2940.3,1176.12,588.06,4804.48,2402.24,240.22,960.9,1201.12,4804.48
35,Mar 2019,100.0,3293.14,1317.26,658.63,5369.03,2684.51,268.45,1073.81,1342.26,5369.03
35,Mar 2020,100.0,3688.31,1475.32,737.66,6001.29,3000.64,300.06,1200.26,1500.33,6001.29
35,Mar 2021,100.0,4130.91,1652.36,826.18,6709.45,3354.72,335.47,1341.89,1677.37,6709.45
35,Mar 2022,100.0,4626.62,1850.65,925.32,7502.59,3751.3,375.13,1500.52,1875.64,7502.59
35,Mar 2023,100.0,5181.81,2072.72,1036.36,8390.89,4195.44,419.54,1678.18,2097.73,8390.89
35,Mar 2024,100.0,5803.63,2321.45,1160.73,9385.81,4692.9,469.29,1877.16,2346.46,9385.81
36,Mar 2011,100.0,7627.62,3051.05,1525.52,12304.19,6152.1,615.21,2460.84,3076.04,12304.19
36,Mar 2012,100.0,8542.93,3417.17,1708.59,13768.69,6884.35,688.43,2753.74,3442.17,13768.69
36,Mar 2013,100.0,9568.08,3827.23,1913.62,15408.93,7704.47,770.45,3081.79,3852.22,15408.93
36,Mar 2014,100.0,10716.25,4286.5,2143.25,17246.0,8623.0,862.3,3449.2,4311.5,17246.0
36,Mar 2015,100.0,12002.2,4800.88,2400.44,19303.52,9651.76,965.18,3860.7,4825.88,19303.52
36,Mar 2016,100.0,13442.47,5376.99,2688.49,21607.95,10803.98,1080.4,4321.59,5401.98,21607.95
36,Mar 2017,100.0,15055.57,6022.23,3011.11,24188.91,12094.45,1209.45,4837.78,6047.23,24188.91
36,Mar 2018,100.0,16862.23,6744.89,3372.45,27079.57,13539.78,1353.98,5415.91,6769.9,27079.57
36,Mar 2019,100.0,18885.7,7554.28,3777.14,30317.12,15158.56,1515.86,6063.42,7579.28,30317.12
36,Mar 2020,100.0,21151.99,8460.8,4230.4,33943.19,16971.6,1697.16,6788.64,8485.79,33943.19
36,Mar 2021,100.0,23690.22,9476.09,4738.04,38004.35,19002.17,1900.22,7600.87,9501.09,38004.35
36,Mar 2022,100.0,26533.05,10613.22,5306.61,42552.88,21276.44,2127.64,8510.58,10638.22,42552.88
36,Mar 2023,100.0,29717.02,11886.81,5943.4,47647.23,23823.62,2382.36,9529.45,11911.8,47647.23
36,Mar 2024,100.0,33283.06,13313.22,6656.61,53352.89,26676.44,2667.64,10670.58,13338.23,53352.89
37,Mar 2011,100.0,6974.24,2789.7,1394.85,11258.79,5629.4,562.94,2251.76,2814.69,11258.79
37,Mar 2012,100.0,7811.15,3124.46,1562.23,12597.84,6298.92,629.89,2519.57,3149.46,12597.84
37,Mar 2013,100.0,8748.49,3499.4,1749.7,14097.59,7048.8,704.88,2819.52,3524.39,14097.59
37,Mar 2014,100.0,9798.31,3919.32,1959.66,15777.29,7888.65,788.86,3155.46,3944.32,15777.29
37,Mar 2015,100.0,10974.1,4389.64,2194.82,17658.56,8829.28,882.93,3531.71,4414.64,17658.56
37,Mar 2016,100.0,12291.0,4916.4,2458.2,19765.6,9882.8,988.28,3953.12,4941.4,19765.6
37,Mar 2017,100.0,13765.91,5506.36,2753.18,22125.45,11062.73,1106.27,4425.09,5531.36,22125.45
37,Mar 2018,100.0,15417.82,6167.13,3083.56,24768.51,12384.25,1238.43,4953.7,6192.13,24768.51
37,Mar 2019,100.0,17267.96,6907.18,3453.59,27728.73,13864.36,1386.44,5545.75,6932.18,27728.73
37,Mar 2020,100.0,19340.12,7736.05,3868.02,31044.19,15522.09,1552.21,6208.84,7761.05,31044.19
37,Mar 2021,100.0,21660.93,8664.37,4332.19,34757.49,17378.74,1737.87,6951.5,8689.38,34757.49
37,Mar 2022,100.0,24260.25,9704.1,4852.05,38916.4,19458.2,1945.82,7783.28,9729.1,38916.4
37,Mar 2023,100.0,27171.47,10868.59,5434.29,43574.35,21787.17,2178.72,8714.87,10893.59,43574.35
37,Mar 2024,100.0,30432.05,12172.82,6086.41,48791.28,24395.64,2439.56,9758.26,12197.82,48791.28
38,Mar 2011,100.0,5271.68,2108.67,1054.34,8534.69,4267.35,426.73,1706.94,2133.67,8534.69
38,Mar 2012,100.0,5904.28,2361.71,1180.86,9546.85,4773.43,477.34,1909.37,2386.71,9546.85
38,Mar 2013,100.0,6612.79,2645.12,1322.56,10680.47,5340.23,534.02,2136.09,2670.13,10680.47
38,Mar 2014,100.0,7406.33,2962.53,1481.27,11950.13,5975.06,597.51,2390.03,2987.53,11950.13
38,Mar 2015,100.0,8295.09,3318.04,1659.02,13372.15,6686.07,668.61,2674.43,3343.04,13372.15
38,Mar 2016,100.0,9290.5,3716.2,1858.1,14964.8,7482.4,748.24,2992.96,3741.2,14964.8
38,Mar 2017,100.0,10405.36,4162.14,2081.07,16748.57,8374.28,837.43,3349.71,4187.15,16748.57
38,Mar 2018,100.0,11654.0,4661.6,2330.8,18746.4,9373.2,937.32,3749.28,4686.6,18746.4
38,Mar 2019,100.0,13052.48,5220.99,2610.5,20983.97,10491.99,1049.2,4196.79,5245.99,20983.97
38,Mar 2020,100.0,14618.78,5847.51,2923.76,23490.05,11745.02,1174.5,4698.01,5872.52,23490.05
38,Mar 2021,100.0,16373.03,6549.21,3274.61,26296.85,13148.42,1314.84,5259.37,6574.22,26296.85
38,Mar 2022,100.0,18337.8,7335.12,3667.56,29440.48,14720.24,1472.02,5888.1,7360.12,29440.48
38,Mar 2023,100.0,20538.33,8215.33,4107.67,32961.33,16480.67,1648.07,6592.27,8240.32,32961.33
38,Mar 2024,100.0,23002.93,9201.17,4600.59,36904.69,18452.35,1845.23,7380.94,9226.17,36904.69
39,Mar 2011,100.0,8597.53,3439.01,1719.51,13856.05,6928.02,692.8,2771.21,3464.02,13856.05
39,Mar 2012,100.0,9629.24,3851.7,1925.85,15506.79,7753.4,775.34,3101.36,3876.69,15506.79
39,Mar 2013,100.0,10784.75,4313.9,2156.95,17355.6,8677.8,867.78,3471.12,4338.9,17355.6
39,Mar 2014,100.0,12078.92,4831.57,2415.78,19426.27,9713.14,971.31,3885.25,4856.57,19426.27
39,Mar 2015,100.0,13528.39,5411.36,2705.68,21745.43,10872.72,1087.27,4349.09,5436.35,21745.43
39,Mar 2016,100.0,15151.79,6060.72,3030.36,24342.87,12171.43,1217.14,4868.57,6085.73,24342.87
39,Mar 2017,100.0,16970.01,6788.0,3394.0,27252.01,13626.0,1362.6,5450.4,6813.01,27252.01
39,Mar 2018,100.0,19006.41,7602.56,3801.28,30510.25,15255.12,1525.51,6102.05,7627.57,30510.25
39,Mar 2019,100.0,21287.18,8514.87,4257.44,34159.49,17079.74,1707.97,6831.9,8539.88,34159.49
39,Mar 2020,100.0,23841.64,9536.66,4768.33,38246.63,19123.31,1912.33,7649.33,9561.66,38246.63
39,Mar 2021,100.0,26702.64,10681.06,5340.53,42824.23,21412.12,2141.21,8564.85,10706.05,42824.23
39,Mar 2022,100.0,29906.95,11962.78,5981.39,47951.12,23975.56,2397.56,9590.22,11987.78,47951.12
39,Mar 2023,100.0,33495.79,13398.32,6699.16,53693.27,26846.63,2684.66,10738.65,13423.33,53693.27
39,Mar 2024,100.0,37515.28,15006.11,7503.06,60124.45,30062.22,3006.22,12024.89,15031.12,60124.45
40,Mar 2011,100.0,8251.03,3300.41,1650.21,13301.65,6650.82,665.08,2660.33,3325.42,13301.65
40,Mar 2012,100.0,9241.16,3696.46,1848.23,14885.85,7442.93,744.29,2977.17,3721.46,14885.85
40,Mar 2013,100.0,10350.09,4140.04,2070.02,16660.15,8330.08,833.01,3332.03,4165.03,16660.15
40,Mar 2014,100.0,11592.11,4636.84,2318.42,18647.37,9323.68,932.37,3729.47,4661.85,18647.37
40,Mar 2015,100.0,12983.16,5193.26,2596.63,20873.05,10436.52,1043.65,4174.61,5218.27,20873.05
40,Mar 2016,100.0,14541.14,5816.46,2908.23,23365.83,11682.92,1168.29,4673.17,5841.45,23365.83
40,Mar 2017,100.0,16286.07,6514.43,3257.21,26157.71,13078.85,1307.89,5231.54,6539.43,26157.71
40,Mar 2018,100.0,18240.4,7296.16,3648.08,29284.64,14642.32,1464.23,5856.93,7321.16,29284.64
40,Mar 2019,100.0,20429.25,8171.7,4085.85,32786.8,16393.4,1639.34,6557.36,8196.7,32786.8
40,Mar 2020,100.0,22880.76,9152.3,4576.15,36709.21,18354.6,1835.46,7341.84,9177.31,36709.21
40,Mar 2021,100.0,25626.45,10250.58,5125.29,41102.32,20551.16,2055.12,8220.46,10275.58,41102.32
40,Mar 2022,100.0,28701.63,11480.65,5740.33,46022.61,23011.31,2301.13,9204.52,11505.65,46022.61
40,Mar 2023,100.0,32145.82,12858.33,6429.16,51533.31,25766.65,2576.67,10306.66,12883.33,51533.31
40,Mar 2024,100.0,36003.32,14401.33,7200.66,57705.31,28852.65,2885.27,11541.06,14426.33,57705.31
41,Mar 2011,100.0,6268.19,2507.28,1253.64,10129.11,5064.56,506.46,2025.82,2532.27,10129.11
41,Mar 2012,100.0,7020.37,2808.15,1404.07,11332.59,5666.3,566.63,2266.52,2833.14,11332.59
41,Mar 2013,100.0,7862.82,3145.13,1572.56,12680.51,6340.26,634.03,2536.1,3170.12,12680.51
41,Mar 2014,100.0,8806.35,3522.54,1761.27,14190.16,7095.08,709.51,2838.03,3547.54,14190.16
41,Mar 2015,100.0,9863.12,3945.25,1972.62,15880.99,7940.49,794.05,3176.2,3970.25,15880.99
41,Mar 2016,100.0,11046.69,4418.68,2209.34,17774.71,8887.35,888.74,3554.94,4443.68,17774.71
41,Mar 2017,100.0,12372.29,4948.92,2474.46,19895.67,9947.83,994.78,3979.13,4973.93,19895.67
41,Mar 2018,100.0,13856.97,5542.79,2771.39,22271.15,11135.58,1113.56,4454.23,5567.78,22271.15
41,Mar 2019,100.0,15519.81,6207.92,3103.96,24931.69,12465.84,1246.58,4986.34,6232.93,24931.69
41,Mar 2020,100.0,17382.18,6952.87,3476.44,27911.49,13955.75,1395.57,5582.3,6977.87,27911.49
41,Mar 2021,100.0,19468.04,7787.22,3893.61,31248.87,15624.43,1562.44,6249.77,7812.23,31248.87
41,Mar 2022,100.0,21804.21,8721.68,4360.84,34986.73,17493.37,1749.34,6997.35,8746.67,34986.73
41,Mar 2023,100.0,24420.71,9768.28,4884.14,39173.13,19586.56,1958.66,7834.63,9793.28,39173.13
41,Mar 2024,100.0,27351.2,10940.48,5470.24,43861.92,21930.96,2193.1,8772.38,10965.48,43861.92
42,Mar 2011,100.0,8814.44,3525.78,1762.89,14203.11,7101.56,710.16,2840.62,3550.77,14203.11
42,Mar 2012,100.0,9872.17,3948.87,1974.43,15895.47,7947.73,794.77,3179.09,3973.88,15895.47
42,Mar 2013,100.0,11056.84,4422.74,2211.37,17790.95,8895.48,889.55,3558.19,4447.73,17790.95
42,Mar 2014,100.0,12383.66,4953.46,2476.73,19913.85,9956.92,995.69,3982.77,4978.47,19913.85
42,Mar 2015,100.0,13869.69,5547.88,2773.94,22291.51,11145.75,1114.58,4458.3,5572.88,22291.51
42,Mar 2016,100.0,15534.06,6213.62,3106.81,24954.49,12477.25,1247.72,4990.9,6238.62,24954.49
42,Mar 2017,100.0,17398.14,6959.26,3479.63,27937.03,13968.51,1396.85,5587.41,6984.26,27937.03
42,Mar 2018,100.0,19485.92,7794.37,3897.18,31277.47,15638.74,1563.87,6255.49,7819.37,31277.47
42,Mar 2019,100.0,21824.23,8729.69,4364.85,35018.77,17509.38,1750.94,7003.75,8754.7,35018.77
42,Mar 2020,100.0,24443.14,9777.26,4888.63,39209.03,19604.51,1960.45,7841.81,9802.26,39209.03
42,Mar 2021,100.0,27376.32,10950.53,5475.26,43902.11,21951.06,2195.11,8780.42,10975.52,43902.11
42,Mar 2022,100.0,30661.48,12264.59,6132.3,49158.37,24579.19,2457.92,9831.67,12289.59,49158.37
42,Mar 2023,100.0,34340.85,13736.34,6868.17,55045.36,27522.68,2752.27,11009.07,13761.34,55045.36
42,Mar 2024,100.0,38461.75,15384.7,7692.35,61638.8,30819.4,3081.94,12327.76,15409.7,61638.8
43,Mar 2011,100.0,2852.57,1141.03,570.51,4664.11,2332.05,233.21,932.82,1166.03,4664.11
43,Mar 2012,100.0,3194.88,1277.95,638.98,5211.81,2605.91,260.59,1042.36,1302.95,5211.81
43,Mar 2013,100.0,3578.26,1431.3,715.65,5825.21,2912.61,291.26,1165.04,1456.3,5825.21
43,Mar 2014,100.0,4007.66,1603.06,801.53,6512.25,3256.12,325.61,1302.45,1628.07,6512.25
43,Mar 2015,100.0,4488.58,1795.43,897.72,7281.73,3640.86,364.09,1456.35,1820.43,7281.73
43,Mar 2016,100.0,5027.2,2010.88,1005.44,8143.52,4071.76,407.18,1628.7,2035.88,8143.52
43,Mar 2017,100.0,5630.47,2252.19,1126.09,9108.75,4554.38,455.44,1821.75,2277.18,9108.75
43,Mar 2018,100.0,6306.13,2522.45,1261.23,10189.81,5094.9,509.49,2037.96,2547.46,10189.81
43,Mar 2019,100.0,7062.86,2825.14,1412.57,11400.57,5700.28,570.03,2280.11,2850.15,11400.57
43,Mar 2020,100.0,7910.4,3164.16,1582.08,12756.64,6378.32,637.83,2551.33,3189.16,12756.64
43,Mar 2021,100.0,8859.65,3543.86,1771.93,14275.44,7137.72,713.77,2855.09,3568.86,14275.44
43,Mar 2022,100.0,9922.81,3969.12,1984.56,15976.49,7988.24,798.82,3195.3,3994.13,15976.49
43,Mar 2023,100.0,11113.55,4445.42,2222.71,17881.68,8940.84,894.08,3576.34,4470.42,17881.68
43,Mar 2024,100.0,12447.17,4978.87,2489.43,20015.47,10007.74,1000.77,4003.09,5003.87,20015.47
44,Mar 2011,100.0,2007.28,802.91,401.46,3311.65,1655.83,165.58,662.33,827.91,3311.65
44,Mar 2012,100.0,2248.15,899.26,449.63,3697.04,1848.52,184.85,739.41,924.26,3697.04
44,Mar 2013,100.0,2517.93,1007.17,503.59,4128.69,2064.34,206.43,825.74,1032.18,4128.69
44,Mar 2014,100.0,2820.08,1128.03,564.02,4612.13,2306.07,230.61,922.43,1153.02,4612.13
44,Mar 2015,100.0,3158.49,1263.4,631.7,5153.59,2576.8,257.68,1030.72,1288.39,5153.59
44,Mar 2016,100.0,3537.51,1415.0,707.5,5760.01,2880.01,288.0,1152.0,1440.0,5760.01
44,Mar 2017,100.0,3962.01,1584.8,792.4,6439.21,3219.61,321.96,1287.84,1609.8,6439.21
44,Mar 2018,100.0,4437.45,1774.98,887.49,7199.92,3599.96,360.0,1439.98,1799.98,7199.92
44,Mar 2019,100.0,4969.94,1987.98,993.99,8051.91,4025.95,402.6,1610.38,2012.98,8051.91
44,Mar 2020,100.0,5566.34,2226.54,1113.27,9006.15,4503.07,450.31,1801.23,2251.54,9006.15
44,Mar 2021,100.0,6234.3,2493.72,1246.86,10074.88,5037.44,503.74,2014.98,2518.72,10074.88
44,Mar 2022,100.0,6982.41,2792.96,1396.48,11271.85,5635.93,563.59,2254.37,2817.96,11271.85
44,Mar 2023,100.0,7820.3,3128.12,1564.06,12612.48,6306.24,630.62,2522.5,3153.12,12612.48
44,Mar 2024,100.0,8758.74,3503.5,1751.75,14113.99,7056.99,705.7,2822.8,3528.5,14113.99
45,Mar 2011,100.0,3427.75,1371.1,685.55,5584.4,2792.2,279.22,1116.88,1396.1,5584.4
45,Mar 2012,100.0,3839.08,1535.63,767.82,6242.53,3121.26,312.13,1248.51,1560.63,6242.53
45,Mar 2013,100.0,4299.77,1719.91,859.95,6979.63,3489.82,348.98,1395.93,1744.9,6979.63
45,Mar 2014,100.0,4815.74,1926.3,963.15,7805.19,3902.59,390.26,1561.04,1951.3,7805.19
45,Mar 2015,100.0,5393.63,2157.45,1078.73,8729.81,4364.9,436.49,1745.96,2182.46,8729.81
45,Mar 2016,100.0,6040.86,2416.34,1208.17,9765.37,4882.69,488.27,1953.07,2441.34,9765.37
45,Mar 2017,100.0,6765.76,2706.3,1353.15,10925.21,5462.6,546.26,2185.04,2731.31,10925.21
45,Mar 2018,100.0,7577.66,3031.06,1515.53,12224.25,6112.12,611.21,2444.85,3056.07,12224.25
45,Mar 2019,100.0,8486.97,3394.79,1697.39,13679.15,6839.57,683.96,2735.83,3419.79,13679.15
45,Mar 2020,100.0,9505.41,3802.16,1901.08,15308.65,7654.32,765.43,3061.73,3827.17,15308.65
45,Mar 2021,100.0,10646.06,4258.42,2129.21,17133.69,8566.84,856.68,3426.74,4283.43,17133.69
45,Mar 2022,100.0,11923.59,4769.44,2384.72,19177.75,9588.88,958.89,3835.55,4794.43,19177.75
45,Mar 2023,100.0,13354.42,5341.77,2670.88,21467.07,10733.53,1073.35,4293.41,5366.78,21467.07
45,Mar 2024,100.0,14956.95,5982.78,2991.39,24031.12,12015.56,1201.56,4806.22,6007.78,24031.12
46,Mar 2011,100.0,1513.78,605.51,302.76,2522.05,1261.03,126.1,504.41,630.51,2522.05
46,Mar 2012,100.0,1695.44,678.18,339.09,2812.71,1406.36,140.64,562.54,703.17,2812.71
46,Mar 2013,100.0,1898.89,759.56,379.78,3138.23,1569.12,156.91,627.65,784.55,3138.23
46,Mar 2014,100.0,2126.75,850.7,425.35,3502.8,1751.4,175.14,700.56,875.7,3502.8
46,Mar 2015,100.0,2381.96,952.78,476.39,3911.13,1955.57,195.56,782.23,977.77,3911.13
46,Mar 2016,100.0,2667.8,1067.12,533.56,4368.48,2184.24,218.42,873.7,1092.12,4368.48
46,Mar 2017,100.0,2987.94,1195.18,597.59,4880.71,2440.36,244.04,976.14,1220.17,4880.71
46,Mar 2018,100.0,3346.49,1338.6,669.3,5454.39,2727.2,272.72,1090.88,1363.59,5454.39
46,Mar 2019,100.0,3748.07,1499.23,749.61,6096.91,3048.45,304.85,1219.38,1524.23,6096.91
46,Mar 2020,100.0,4197.84,1679.14,839.57,6816.55,3408.28,340.83,1363.31,1704.13,6816.55
46,Mar 2021,100.0,4701.58,1880.63,940.32,7622.53,3811.26,381.13,1524.51,1905.63,7622.53
46,Mar 2022,100.0,5265.77,2106.31,1053.15,8525.23,4262.61,426.26,1705.05,2131.31,8525.23
46,Mar 2023,100.0,5897.66,2359.06,1179.53,9536.25,4768.12,476.81,1907.25,2384.07,9536.25
46,Mar 2024,100.0,6605.38,2642.15,1321.08,10668.61,5334.31,533.43,2133.72,2667.15,10668.61
47,Mar 2011,100.0,5780.53,2312.21,1156.11,9348.85,4674.43,467.44,1869.77,2337.21,9348.85
47,Mar 2012,100.0,6474.19,2589.68,1294.84,10458.71,5229.35,522.94,2091.74,2614.68,10458.71
47,Mar 2013,100.0,7251.09,2900.44,1450.22,11701.75,5850.88,585.09,2340.35,2925.43,11701.75
47,Mar 2014,100.0,8121.22,3248.49,1624.24,13093.95,6546.98,654.7,2618.79,3273.48,13093.95
47,Mar 2015,100.0,9095.77,3638.31,1819.15,14653.23,7326.61,732.66,2930.65,3663.31,14653.23
47,Mar 2016,100.0,10187.26,4074.9,2037.45,16399.61,8199.81,819.98,3279.92,4099.9,16399.61
47,Mar 2017,100.0,11409.73,4563.89,2281.95,18355.57,9177.78,917.78,3671.11,4588.9,18355.57
47,Mar 2018,100.0,12778.9,5111.56,2555.78,20546.24,10273.12,1027.31,4109.25,5136.56,20546.24
47,Mar 2019,100.0,14312.37,5724.95,2862.47,22999.79,11499.9,1149.99,4599.96,5749.94,22999.79
47,Mar 2020,100.0,16029.85,6411.94,3205.97,25747.76,12873.88,1287.39,5149.55,6436.94,25747.76
47,Mar 2021,100.0,17953.44,7181.38,3590.69,28825.51,14412.75,1441.28,5765.1,7206.38,28825.51
47,Mar 2022,100.0,20107.85,8043.14,4021.57,32272.56,16136.28,1613.63,6454.51,8068.14,32272.56
47,Mar 2023,100.0,22520.79,9008.32,4504.16,36133.27,18066.63,1806.66,7226.65,9033.33,36133.27
47,Mar 2024,100.0,25223.28,10089.31,5044.66,40457.25,20228.62,2022.86,8091.45,10114.32,40457.25
48,Mar 2011,100.0,9429.45,3771.78,1885.89,15187.12,7593.56,759.36,3037.42,3796.78,15187.12
48,Mar 2012,100.0,10560.99,4224.4,2112.2,16997.59,8498.8,849.88,3399.52,4249.39,16997.59
48,Mar 2013,100.0,11828.3,4731.32,2365.66,19025.28,9512.64,951.26,3805.06,4756.32,19025.28
48,Mar 2014,100.0,13247.7,5299.08,2649.54,21296.32,10648.16,1064.82,4259.26,5324.08,21296.32
48,Mar 2015,100.0,14837.42,5934.97,2967.48,23839.87,11919.93,1191.99,4767.97,5959.98,23839.87
48,Mar 2016,100.0,16617.91,6647.16,3323.58,26688.65,13344.33,1334.43,5337.73,6672.16,26688.65
48,Mar 2017,100.0,18612.06,7444.82,3722.41,29879.29,14939.65,1493.96,5975.86,7469.82,29879.29
48,Mar 2018,100.0,20845.51,8338.2,4169.1,33452.81,16726.4,1672.64,6690.56,8363.21,33452.81
48,Mar 2019,100.0,23346.97,9338.79,4669.39,37455.15,18727.58,1872.76,7491.03,9363.78,37455.15
48,Mar 2020,100.0,26148.61,10459.44,5229.72,41937.77,20968.88,2096.89,8387.55,10484.45,41937.77
48,Mar 2021,100.0,29286.44,11714.58,5857.29,46958.31,23479.15,2347.92,9391.66,11739.58,46958.31
48,Mar 2022,100.0,32800.82,13120.33,6560.16,52581.31,26290.65,2629.07,10516.26,13145.33,52581.31
48,Mar 2023,100.0,36736.92,14694.77,7347.38,58879.07,29439.53,2943.95,11775.81,14719.78,58879.07
48,Mar 2024,100.0,41145.35,16458.14,8229.07,65932.56,32966.28,3296.63,13186.51,16483.14,65932.56
49,Mar 2011,100.0,1354.09,541.64,270.82,2266.55,1133.28,113.33,453.31,566.63,2266.55
49,Mar 2012,100.0,1516.58,606.63,303.32,2526.53,1263.27,126.33,505.31,631.62,2526.53
49,Mar 2013,100.0,1698.57,679.43,339.71,2817.71,1408.86,140.89,563.54,704.42,2817.71
49,Mar 2014,100.0,1902.4,760.96,380.48,3143.84,1571.92,157.19,628.77,785.96,3143.84
49,Mar 2015,100.0,2130.69,852.28,426.14,3509.11,1754.56,175.46,701.82,877.27,3509.11
49,Mar 2016,100.0,2386.37,954.55,477.27,3918.19,1959.1,195.91,783.64,979.54,3918.19
49,Mar 2017,100.0,2672.74,1069.1,534.55,4376.39,2188.2,218.82,875.28,1094.09,4376.39
49,Mar 2018,100.0,2993.47,1197.39,598.69,4889.55,2444.78,244.48,977.91,1222.38,4889.55
49,Mar 2019,100.0,3352.68,1341.07,670.54,5464.29,2732.14,273.21,1092.86,1366.08,5464.29
49,Mar 2020,100.0,3755.0,1502.0,751.0,6108.0,3054.0,305.4,1221.6,1527.0,6108.0
49,Mar 2021,100.0,4205.6,1682.24,841.12,6828.96,3414.48,341.45,1365.79,1707.24,6828.96
49,Mar 2022,100.0,4710.28,1884.11,942.06,7636.45,3818.22,381.82,1527.29,1909.12,7636.45
49,Mar 2023,100.0,5275.51,2110.2,1055.1,8540.81,4270.4,427.04,1708.16,2135.21,8540.81
49,Mar 2024,100.0,5908.57,2363.43,1181.71,9553.71,4776.85,477.69,1910.74,2388.43,9553.71
50,Mar 2011,100.0,2098.99,839.6,419.8,3458.39,1729.19,172.92,691.68,864.6,3458.39
50,Mar 2012,100.0,2350.87,940.35,470.17,3861.39,1930.69,193.07,772.28,965.35,3861.39
50,Mar 2013,100.0,2632.97,1053.19,526.59,4312.75,2156.38,215.64,862.55,1078.18,4312.75
50,Mar 2014,100.0,2948.93,1179.57,589.79,4818.29,2409.14,240.91,963.66,1204.58,4818.29
50,Mar 2015,100.0,3302.8,1321.12,660.56,5384.48,2692.24,269.22,1076.9,1346.12,5384.48
50,Mar 2016,100.0,3699.14,1479.66,739.83,6018.63,3009.32,300.93,1203.73,1504.65,6018.63
50,Mar 2017,100.0,4143.03,1657.21,828.61,6728.85,3364.43,336.44,1345.77,1682.21,6728.85
50,Mar 2018,100.0,4640.2,1856.08,928.04,7524.32,3762.16,376.22,1504.86,1881.08,7524.32
50,Mar 2019,100.0,5197.02,2078.81,1039.4,8415.23,4207.61,420.76,1683.05,2103.81,8415.23
50,Mar 2020,100.0,5820.66,2328.26,1164.13,9413.05,4706.52,470.65,1882.61,2353.27,9413.05
50,Mar 2021,100.0,6519.14,2607.66,1303.83,10530.63,5265.31,526.53,2106.13,2632.66,10530.63
50,Mar 2022,100.0,7301.44,2920.58,1460.29,11782.31,5891.15,589.12,2356.46,2945.58,11782.31
50,Mar 2023,100.0,8177.61,3271.04,1635.52,13184.17,6592.09,659.21,2636.83,3296.04,13184.17
50,Mar 2024,100.0,9158.93,3663.57,1831.79,14754.29,7377.15,737.71,2950.86,3688.57,14754.29
51,Mar 2011,100.0,5069.79,2027.92,1013.96,8211.67,4105.84,410.58,1642.33,2052.92,8211.67
51,Mar 2012,100.0,5678.17,2271.27,1135.63,9185.07,4592.53,459.25,1837.01,2296.28,9185.07
51,Mar 2013,100.0,6359.55,2543.82,1271.91,10275.28,5137.64,513.76,2055.06,2568.82,10275.28
51,Mar 2014,100.0,7122.69,2849.08,1424.54,11496.31,5748.15,574.82,2299.26,2874.08,11496.31
51,Mar 2015,100.0,7977.41,3190.96,1595.48,12863.85,6431.93,643.19,2572.77,3215.96,12863.85
51,Mar 2016,100.0,8934.7,3573.88,1786.94,14395.52,7197.76,719.78,2879.1,3598.88,14395.52
51,Mar 2017,100.0,10006.87,4002.75,2001.37,16110.99,8055.49,805.55,3222.2,4027.75,16110.99
51,Mar 2018,100.0,11207.69,4483.08,2241.54,18032.31,9016.16,901.62,3606.46,4508.07,18032.31
51,Mar 2019,100.0,12552.62,5021.05,2510.52,20184.19,10092.09,1009.21,4036.84,5046.05,20184.19
51,Mar 2020,100.0,14058.93,5623.57,2811.79,22594.29,11297.15,1129.71,4518.86,5648.57,22594.29
51,Mar 2021,100.0,15746.0,6298.4,3149.2,25293.6,12646.8,1264.68,5058.72,6323.4,25293.6
51,Mar 2022,100.0,17635.52,7054.21,3527.1,28316.83,14158.42,1415.84,5663.37,7079.2,28316.83
51,Mar 2023,100.0,19751.79,7900.72,3950.36,31702.87,15851.43,1585.14,6340.57,7925.73,31702.87
51,Mar 2024,100.0,22122.0,8848.8,4424.4,35495.2,17747.6,1774.76,7099.04,8873.8,35495.2
52,Mar 2011,100.0,9404.88,3761.95,1880.98,15147.81,7573.9,757.39,3029.56,3786.96,15147.81
52,Mar 2012,100.0,10533.46,4213.38,2106.69,16953.53,8476.76,847.68,3390.71,4238.38,16953.53
52,Mar 2013,100.0,11797.48,4718.99,2359.5,18975.97,9487.99,948.8,3795.19,4743.99,18975.97
52,Mar 2014,100.0,13213.17,5285.27,2642.63,21241.07,10620.53,1062.05,4248.21,5310.28,21241.07
52,Mar 2015,100.0,14798.75,5919.5,2959.75,23778.0,11889.0,1188.9,4755.6,5944.5,23778.0
52,Mar 2016,100.0,16574.6,6629.84,3314.92,26619.36,13309.68,1330.97,5323.87,6654.84,26619.36
52,Mar 2017,100.0,18563.56,7425.42,3712.71,29801.69,14900.84,1490.08,5960.34,7450.43,29801.69
52,Mar 2018,100.0,20791.18,8316.47,4158.24,33365.89,16682.94,1668.29,6673.18,8341.48,33365.89
52,Mar 2019,100.0,23286.12,9314.45,4657.22,37357.79,18678.9,1867.89,7471.56,9339.44,37357.79
52,Mar 2020,100.0,26080.46,10432.18,5216.09,41828.73,20914.37,2091.44,8365.75,10457.17,41828.73
52,Mar 2021,100.0,29210.11,11684.04,5842.02,46836.17,23418.08,2341.81,9367.23,11709.05,46836.17
52,Mar 2022,100.0,32715.33,13086.13,6543.07,52444.53,26222.26,2622.23,10488.91,13111.13,52444.53
52,Mar 2023,100.0,36641.17,14656.47,7328.23,58725.87,29362.94,2936.29,11745.17,14681.47,58725.87
52,Mar 2024,100.0,41038.11,16415.24,8207.62,65760.97,32880.49,3288.05,13152.19,16440.24,65760.97
53,Mar 2011,100.0,3845.4,1538.16,769.08,6252.64,3126.32,312.63,1250.53,1563.16,6252.64
53,Mar 2012,100.0,4306.85,1722.74,861.37,6990.96,3495.48,349.55,1398.19,1747.74,6990.96
53,Mar 2013,100.0,4823.68,1929.47,964.74,7817.89,3908.95,390.89,1563.58,1954.47,7817.89
53,Mar 2014,100.0,5402.52,2161.01,1080.5,8744.03,4372.02,437.2,1748.81,2186.0,8744.03
53,Mar 2015,100.0,6050.82,2420.33,1210.16,9781.31,4890.65,489.07,1956.26,2445.33,9781.31
53,Mar 2016,100.0,6776.92,2710.77,1355.38,10943.07,5471.53,547.15,2188.61,2735.78,10943.07
53,Mar 2017,100.0,7590.15,3036.06,1518.03,12244.24,6122.12,612.21,2448.85,3061.06,12244.24
53,Mar 2018,100.0,8500.97,3400.39,1700.19,13701.55,6850.77,685.08,2740.31,3425.39,13701.55
53,Mar 2019,100.0,9521.08,3808.43,1904.22,15333.73,7666.86,766.69,3066.75,3833.43,15333.73
53,Mar 2020,100.0,10663.61,4265.44,2132.72,17161.77,8580.89,858.09,3432.35,4290.44,17161.77
53,Mar 2021,100.0,11943.24,4777.3,2388.65,19209.19,9604.59,960.46,3841.84,4802.3,19209.19
53,Mar 2022,100.0,13376.43,5350.57,2675.29,21502.29,10751.15,1075.11,4300.46,5375.57,21502.29
53,Mar 2023,100.0,14981.61,5992.64,2996.32,24070.57,12035.28,1203.53,4814.11,6017.65,24070.57
53,Mar 2024,100.0,16779.4,6711.76,3355.88,26947.04,13473.52,1347.35,5389.41,6736.76,26947.04
54,Mar 2011,100.0,5565.11,2226.04,1113.02,9004.17,4502.09,450.21,1800.83,2251.04,9004.17
54,Mar 2012,100.0,6232.93,2493.17,1246.59,10072.69,5036.35,503.63,2014.54,2518.17,10072.69
54,Mar 2013,100.0,6980.88,2792.35,1396.18,11269.41,5634.7,563.47,2253.88,2817.36,11269.41
54,Mar 2014,100.0,7818.58,3127.43,1563.72,12609.73,6304.86,630.49,2521.95,3152.43,12609.73
54,Mar 2015,100.0,8756.81,3502.72,1751.36,14110.89,7055.44,705.54,2822.18,3527.73,14110.89
54,Mar 2016,100.0,9807.63,3923.05,1961.53,15792.21,7896.1,789.61,3158.44,3948.06,15792.21
54,Mar 2017,100.0,10984.55,4393.82,2196.91,17675.28,8837.64,883.76,3535.06,4418.82,17675.28
54,Mar 2018,100.0,12302.69,4921.08,2460.54,19784.31,9892.16,989.22,3956.86,4946.07,19784.31
54,Mar 2019,100.0,13779.02,5511.61,2755.8,22146.43,11073.22,1107.32,4429.29,5536.6,22146.43
54,Mar 2020,100.0,15432.5,6173.0,3086.5,24792.0,12396.0,1239.6,4958.4,6198.0,24792.0
54,Mar 2021,100.0,17284.4,6913.76,3456.88,27755.04,13877.52,1387.75,5551.01,6938.76,27755.04
54,Mar 2022,100.0,19358.52,7743.41,3871.7,31073.63,15536.82,1553.68,6214.73,7768.4,31073.63
54,Mar 2023,100.0,21681.55,8672.62,4336.31,34790.48,17395.24,1739.52,6958.1,8697.62,34790.48
54,Mar 2024,100.0,24283.33,9713.33,4856.67,38953.33,19476.67,1947.67,7790.67,9738.32,38953.33
55,Mar 2011,100.0,1374.16,549.66,274.83,2298.65,1149.33,114.93,459.73,574.66,2298.65
55,Mar 2012,100.0,1539.05,615.62,307.81,2562.48,1281.24,128.12,512.5,640.62,2562.48
55,Mar 2013,100.0,1723.74,689.5,344.75,2857.99,1428.99,142.9,571.6,714.5,2857.99
55,Mar 2014,100.0,1930.59,772.24,386.12,3188.95,1594.47,159.45,637.79,797.24,3188.95
55,Mar 2015,100.0,2162.26,864.9,432.45,3559.61,1779.81,177.98,711.92,889.9,3559.61
55,Mar 2016,100.0,2421.73,968.69,484.35,3974.77,1987.38,198.74,794.95,993.7,3974.77
55,Mar 2017,100.0,2712.34,1084.94,542.47,4439.75,2219.88,221.99,887.95,1109.93,4439.75
55,Mar 2018,100.0,3037.82,1215.13,607.56,4960.51,2480.26,248.03,992.1,1240.12,4960.51
55,Mar 2019,100.0,3402.36,1360.94,680.47,5543.77,2771.89,277.19,1108.75,1385.94,5543.77
55,Mar 2020,100.0,3810.64,1524.26,762.13,6197.03,3098.51,309.85,1239.41,1549.26,6197.03
55,Mar 2021,100.0,4267.92,1707.17,853.58,6928.67,3464.34,346.43,1385.73,1732.17,6928.67
55,Mar 2022,100.0,4780.07,1912.03,956.01,7748.11,3874.05,387.41,1549.62,1937.03,7748.11
55,Mar 2023,100.0,5353.68,2141.47,1070.74,8665.89,4332.94,433.29,1733.18,2166.48,8665.89
55,Mar 2024,100.0,5996.12,2398.45,1199.22,9693.79,4846.9,484.69,1938.76,2423.44,9693.79
56,Mar 2011,100.0,2335.09,934.04,467.02,3836.15,1918.08,191.81,767.23,959.03,3836.15
56,Mar 2012,100.0,2615.3,1046.12,523.06,4284.48,2142.24,214.22,856.9,1071.12,4284.48
56,Mar 2013,100.0,2929.14,1171.66,585.83,4786.63,2393.32,239.33,957.33,1196.65,4786.63
56,Mar 2014,100.0,3280.63,1312.25,656.13,5349.01,2674.51,267.45,1069.8,1337.25,5349.01
56,Mar 2015,100.0,3674.31,1469.72,734.86,5978.89,2989.45,298.94,1195.78,1494.72,5978.89
56,Mar 2016,100.0,4115.22,1646.09,823.04,6684.35,3342.18,334.22,1336.87,1671.08,6684.35
56,Mar 2017,100.0,4609.05,1843.62,921.81,7474.48,3737.24,373.72,1494.9,1868.62,7474.48
56,Mar 2018,100.0,5162.14,2064.86,1032.43,8359.43,4179.72,417.97,1671.89,2089.85,8359.43
56,Mar 2019,100.0,5781.59,2312.64,1156.32,9350.55,4675.27,467.53,1870.11,2337.64,9350.55
56,Mar 2020,100.0,6475.39,2590.16,1295.08,10460.63,5230.31,523.03,2092.13,2615.16,10460.63
56,Mar 2021,100.0,7252.43,2900.97,1450.49,11703.89,5851.94,585.19,2340.78,2925.98,11703.89
56,Mar 2022,100.0,8122.72,3249.09,1624.54,13096.35,6548.18,654.82,2619.27,3274.08,13096.35
56,Mar 2023,100.0,9097.45,3638.98,1819.49,14655.92,7327.96,732.8,2931.18,3663.98,14655.92
56,Mar 2024,100.0,10189.14,4075.66,2037.83,16402.63,8201.32,820.13,3280.53,4100.65,16402.63
57,Mar 2011,100.0,9879.67,3951.87,1975.93,15907.47,7953.73,795.37,3181.49,3976.88,15907.47
57,Mar 2012,100.0,11065.23,4426.09,2213.05,17804.37,8902.18,890.22,3560.87,4451.1,17804.37
57,Mar 2013,100.0,12393.06,4957.22,2478.61,19928.89,9964.44,996.44,3985.78,4982.23,19928.89
57,Mar 2014,100.0,13880.23,5552.09,2776.05,22308.37,11154.18,1115.42,4461.67,5577.1,22308.37
57,Mar 2015,100.0,15545.85,6218.34,3109.17,24973.36,12486.68,1248.67,4994.67,6243.34,24973.36
57,Mar 2016,100.0,17411.36,6964.54,3482.27,27958.17,13979.08,1397.91,5591.63,6989.55,27958.17
57,Mar 2017,100.0,19500.72,7800.29,3900.14,31301.15,15650.58,1565.06,6260.23,7825.28,31301.15
57,Mar 2018,100.0,21840.81,8736.32,4368.16,35045.29,17522.65,1752.26,7009.06,8761.32,35045.29
57,Mar 2019,100.0,24461.7,9784.68,4892.34,39238.72,19619.36,1961.94,7847.74,9809.68,39238.72
57,Mar 2020,100.0,27397.11,10958.84,5479.42,43935.37,21967.69,2196.77,8787.07,10983.84,43935.37
57,Mar 2021,100.0,30684.76,12273.9,6136.95,49195.61,24597.81,2459.78,9839.12,12298.9,49195.61
57,Mar 2022,100.0,34366.93,13746.77,6873.39,55087.09,27543.54,2754.35,11017.42,13771.78,55087.09
57,Mar 2023,100.0,38490.96,15396.38,7698.19,61685.53,30842.76,3084.28,12337.11,15421.38,61685.53
57,Mar 2024,100.0,43109.88,17243.95,8621.98,69075.81,34537.9,3453.79,13815.16,17268.96,69075.81
58,Mar 2011,100.0,9686.07,3874.43,1937.21,15597.71,7798.85,779.89,3119.54,3899.43,15597.71
58,Mar 2012,100.0,10848.4,4339.36,2169.68,17457.44,8728.72,872.87,3491.49,4364.36,17457.44
58,Mar 2013,100.0,12150.2,4860.08,2430.04,19540.32,9770.16,977.02,3908.06,4885.08,19540.32
58,Mar 2014,100.0,13608.23,5443.29,2721.65,21873.17,10936.58,1093.66,4374.63,5468.3,21873.17
58,Mar 2015,100.0,15241.22,6096.49,3048.24,24485.95,12242.98,1224.3,4897.19,6121.48,24485.95
58,Mar 2016,100.0,17070.16,6828.06,3414.03,27412.25,13706.12,1370.61,5482.45,6853.07,27412.25
58,Mar 2017,100.0,19118.58,7647.43,3823.72,30689.73,15344.86,1534.49,6137.95,7672.43,30689.73
58,Mar 2018,100.0,21412.81,8565.12,4282.56,34360.49,17180.24,1718.02,6872.1,8590.13,34360.49
58,Mar 2019,100.0,23982.35,9592.94,4796.47,38471.76,19235.88,1923.59,7694.35,9617.94,38471.76
58,Mar 2020,100.0,26860.23,10744.09,5372.05,43076.37,21538.19,2153.82,8615.27,10769.09,43076.37
58,Mar 2021,100.0,30083.46,12033.38,6016.69,48233.53,24116.76,2411.68,9646.71,12058.38,48233.53
58,Mar 2022,100.0,33693.47,13477.39,6738.69,54009.55,27004.78,2700.48,10801.91,13502.38,54009.55
58,Mar 2023,100.0,37736.69,15094.68,7547.34,60478.71,30239.35,3023.94,12095.74,15119.68,60478.71
58,Mar 2024,100.0,42265.09,16906.04,8453.02,67724.15,33862.07,3386.21,13544.83,16931.04,67724.15
59,Mar 2011,100.0,1044.46,417.78,208.89,1771.13,885.57,88.56,354.23,442.77,1771.13
59,Mar 2012,100.0,1169.8,467.92,233.96,1971.68,985.84,98.58,394.34,492.92,1971.68
59,Mar 2013,100.0,1310.17,524.07,262.03,2196.27,1098.13,109.81,439.25,549.08,2196.27
59,Mar 2014,100.0,1467.39,586.96,293.48,2447.83,1223.91,122.39,489.57,611.96,2447.83
59,Mar 2015,100.0,1643.48,657.39,328.7,2729.57,1364.79,136.48,545.91,682.39,2729.57
59,Mar 2016,100.0,1840.7,736.28,368.14,3045.12,1522.56,152.26,609.02,761.28,3045.12
59,Mar 2017,100.0,2061.58,824.63,412.32,3398.53,1699.27,169.93,679.71,849.62,3398.53
59,Mar 2018,100.0,2308.97,923.59,461.79,3794.35,1897.17,189.72,758.87,948.59,3794.35
59,Mar 2019,100.0,2586.04,1034.42,517.21,4237.67,2118.84,211.88,847.53,1059.42,4237.67
59,Mar 2020,100.0,2896.37,1158.55,579.27,4734.19,2367.09,236.71,946.84,1183.55,4734.19
59,Mar 2021,100.0,3243.93,1297.57,648.79,5290.29,2645.14,264.51,1058.06,1322.58,5290.29
59,Mar 2022,100.0,3633.21,1453.28,726.64,5913.13,2956.57,295.66,1182.63,1478.27,5913.13
59,Mar 2023,100.0,4069.19,1627.68,813.84,6610.71,3305.36,330.54,1322.14,1652.67,6610.71
59,Mar 2024,100.0,4557.49,1823.0,911.5,7391.99,3695.99,369.6,1478.4,1848.0,7391.99
60,Mar 2011,100.0,9566.31,3826.52,1913.26,15406.09,7703.05,770.3,3081.22,3851.52,15406.09
60,Mar 2012,100.0,10714.26,4285.7,2142.85,17242.81,8621.41,862.14,3448.56,4310.7,17242.81
60,Mar 2013,100.0,11999.97,4799.99,2399.99,19299.95,9649.98,965.0,3859.99,4824.98,19299.95
60,Mar 2014,100.0,13439.97,5375.99,2687.99,21603.95,10801.98,1080.2,4320.79,5400.98,21603.95
60,Mar 2015,100.0,15052.77,6021.11,3010.55,24184.43,12092.22,1209.22,4836.89,6046.1,24184.43
60,Mar 2016,100.0,16859.1,6743.64,3371.82,27074.56,13537.28,1353.73,5414.91,6768.64,27074.56
60,Mar 2017,100.0,18882.19,7552.88,3776.44,30311.51,15155.75,1515.58,6062.3,7577.88,30311.51
60,Mar 2018,100.0,21148.05,8459.22,4229.61,33936.88,16968.44,1696.84,6787.38,8484.22,33936.88
60,Mar 2019,100.0,23685.82,9474.33,4737.16,37997.31,18998.65,1899.87,7599.46,9499.33,37997.31
60,Mar 2020,100.0,26528.12,10611.25,5305.62,42544.99,21272.49,2127.25,8509.0,10636.25,42544.99
60,Mar 2021,100.0,29711.49,11884.6,5942.3,47638.39,23819.19,2381.92,9527.68,11909.6,47638.39
60,Mar 2022,100.0,33276.87,13310.75,6655.37,53342.99,26671.49,2667.15,10668.6,13335.75,53342.99
60,Mar 2023,100.0,37270.1,14908.04,7454.02,59732.16,29866.08,2986.61,11946.43,14933.04,59732.16
60,Mar 2024,100.0,41742.51,16697.0,8348.5,66888.01,33444.0,3344.4,13377.6,16722.01,66888.01
61,Mar 2011,100.0,6752.08,2700.83,1350.42,10903.33,5451.66,545.17,2180.67,2725.83,10903.33
61,Mar 2012,100.0,7562.33,3024.93,1512.47,12199.73,6099.86,609.99,2439.95,3049.93,12199.73
61,Mar 2013,100.0,8469.81,3387.92,1693.96,13651.69,6825.85,682.58,2730.34,3412.92,13651.69
61,Mar 2014,100.0,9486.19,3794.48,1897.24,15277.91,7638.95,763.9,3055.58,3819.48,15277.91
61,Mar 2015,100.0,10624.53,4249.81,2124.91,17099.25,8549.62,854.96,3419.85,4274.82,17099.25
61,Mar 2016,100.0,11899.47,4759.79,2379.89,19139.15,9569.58,956.96,3827.83,4784.78,19139.15
61,Mar 2017,100.0,13327.41,5330.96,2665.48,21423.85,10711.92,1071.19,4284.77,5355.97,21423.85
61,Mar 2018,100.0,14926.7,5970.68,2985.34,23982.72,11991.36,1199.14,4796.54,5995.68,23982.72
61,Mar 2019,100.0,16717.9,6687.16,3343.58,26848.64,13424.32,1342.43,5369.73,6712.16,26848.64
61,Mar 2020,100.0,18724.05,7489.62,3744.81,30058.48,15029.24,1502.92,6011.7,7514.62,30058.48
61,Mar 2021,100.0,20970.93,8388.37,4194.19,33653.49,16826.74,1682.67,6730.7,8413.38,33653.49
61,Mar 2022,100.0,23487.45,9394.98,4697.49,37679.92,18839.96,1884.0,7535.98,9419.98,37679.92
61,Mar 2023,100.0,26305.94,10522.38,5261.19,42189.51,21094.76,2109.48,8437.9,10547.37,42189.51
61,Mar 2024,100.0,29462.65,11785.06,5892.53,47240.24,23620.12,2362.01,9448.05,11810.06,47240.24
62,Mar 2011,100.0,8811.26,3524.5,1762.25,14198.01,7099.01,709.9,2839.6,3549.5,14198.01
62,Mar 2012,100.0,9868.62,3947.45,1973.72,15889.79,7944.9,794.49,3177.96,3972.44,15889.79
62,Mar 2013,100.0,11052.85,4421.14,2210.57,17784.56,8892.28,889.23,3556.91,4446.14,17784.56
62,Mar 2014,100.0,12379.19,4951.68,2475.84,19906.71,9953.35,995.34,3981.34,4976.68,19906.71
62,Mar 2015,100.0,13864.7,5545.88,2772.94,22283.52,11141.76,1114.18,4456.7,5570.88,22283.52
62,Mar 2016,100.0,15528.46,6211.38,3105.69,24945.53,12472.76,1247.28,4989.11,6236.38,24945.53
62,Mar 2017,100.0,17391.87,6956.75,3478.37,27926.99,13963.5,1396.35,5585.4,6981.74,27926.99
62,Mar 2018,100.0,19478.9,7791.56,3895.78,31266.24,15633.12,1563.31,6253.25,7816.56,31266.24
62,Mar 2019,100.0,21816.37,8726.55,4363.27,35006.19,17503.1,1750.31,7001.24,8751.54,35006.19
62,Mar 2020,100.0,24434.33,9773.73,4886.87,39194.93,19597.47,1959.75,7838.99,9798.72,39194.93
62,Mar 2021,100.0,27366.45,10946.58,5473.29,43886.32,21943.16,2194.32,8777.26,10971.58,43886.32
62,Mar 2022,100.0,30650.42,12260.17,6130.08,49140.67,24570.33,2457.03,9828.13,12285.18,49140.67
62,Mar 2023,100.0,34328.48,13731.39,6865.7,55025.57,27512.78,2751.28,11005.11,13756.4,55025.57
62,Mar 2024,100.0,38447.89,15379.16,7689.58,61616.63,30808.31,3080.83,12323.33,15404.16,61616.63
63,Mar 2011,100.0,5092.66,2037.06,1018.53,8248.25,4124.12,412.41,1649.65,2062.07,8248.25
63,Mar 2012,100.0,5703.78,2281.51,1140.76,9226.05,4613.02,461.3,1845.21,2306.52,9226.05
63,Mar 2013,100.0,6388.23,2555.29,1277.65,10321.17,5160.59,516.06,2064.23,2580.29,10321.17
63,Mar 2014,100.0,7154.82,2861.93,1430.96,11547.71,5773.85,577.39,2309.54,2886.93,11547.71
63,Mar 2015,100.0,8013.4,3205.36,1602.68,12921.44,6460.72,646.07,2584.29,3230.36,12921.44
63,Mar 2016,100.0,8975.0,3590.0,1795.0,14460.0,7230.0,723.0,2892.0,3615.0,14460.0
63,Mar 2017,100.0,10052.01,4020.8,2010.4,16183.21,8091.6,809.16,3236.64,4045.81,16183.21
63,Mar 2018,100.0,11258.25,4503.3,2251.65,18113.2,9056.6,905.66,3622.64,4528.3,18113.2
63,Mar 2019,100.0,12609.24,5043.7,2521.85,20274.79,10137.4,1013.74,4054.96,5068.69,20274.79
63,Mar 2020,100.0,14122.34,5648.94,2824.47,22695.75,11347.88,1134.79,4539.15,5673.93,22695.75
63,Mar 2021,100.0,15817.02,6326.81,3163.4,25407.23,12703.61,1270.36,5081.45,6351.81,25407.23
63,Mar 2022,100.0,17715.07,7086.03,3543.01,28444.11,14222.06,1422.21,5688.82,7111.02,28444.11
63,Mar 2023,100.0,19840.88,7936.35,3968.18,31845.41,15922.7,1592.27,6369.08,7961.36,31845.41
63,Mar 2024,100.0,22221.78,8888.71,4444.36,35654.85,17827.42,1782.74,7130.97,8913.72,35654.85
64,Mar 2011,100.0,5640.36,2256.14,1128.07,9124.57,4562.28,456.23,1824.91,2281.15,9124.57
64,Mar 2012,100.0,6317.21,2526.88,1263.44,10207.53,5103.77,510.38,2041.51,2551.87,10207.53
64,Mar 2013,100.0,7075.27,2830.11,1415.05,11420.43,5710.22,571.02,2284.09,2855.1,11420.43
64,Mar 2014,100.0,7924.31,3169.72,1584.86,12778.89,6389.44,638.94,2555.78,3194.73,12778.89
64,Mar 2015,100.0,8875.22,3550.09,1775.04,14300.35,7150.18,715.02,2860.07,3575.08,14300.35
64,Mar 2016,100.0,9940.25,3976.1,1988.05,16004.4,8002.2,800.22,3200.88,4001.1,16004.4
64,Mar 2017,100.0,11133.08,4453.23,2226.62,17912.93,8956.47,895.65,3582.59,4478.22,17912.93
64,Mar 2018,100.0,12469.05,4987.62,2493.81,20050.48,10025.24,1002.52,4010.1,5012.62,20050.48
64,Mar 2019,100.0,13965.33,5586.13,2793.07,22444.53,11222.26,1122.23,4488.91,5611.13,22444.53
64,Mar 2020,100.0,15641.17,6256.47,3128.23,25125.87,12562.93,1256.29,5025.17,6281.48,25125.87
64,Mar 2021,100.0,17518.12,7007.25,3503.62,28128.99,14064.5,1406.45,5625.8,7032.24,28128.99
64,Mar 2022,100.0,19620.29,7848.12,3924.06,31492.47,15746.24,1574.62,6298.49,7873.12,31492.47
64,Mar 2023,100.0,21974.72,8789.89,4394.94,35259.55,17629.78,1762.98,7051.91,8814.88,35259.55
64,Mar 2024,100.0,24611.69,9844.68,4922.34,39478.71,19739.35,1973.94,7895.74,9869.68,39478.71
65,Mar 2011,100.0,5399.62,2159.85,1079.92,8739.39,4369.69,436.97,1747.88,2184.85,8739.39
65,Mar 2012,100.0,6047.57,2419.03,1209.51,9776.11,4888.06,488.81,1955.22,2444.02,9776.11
65,Mar 2013,100.0,6773.28,2709.31,1354.66,10937.25,5468.62,546.86,2187.45,2734.32,10937.25
65,Mar 2014,100.0,7586.08,3034.43,1517.22,12237.73,6118.86,611.89,2447.55,3059.43,12237.73
65,Mar 2015,100.0,8496.41,3398.56,1699.28,13694.25,6847.12,684.71,2738.85,3423.57,13694.25
65,Mar 2016,100.0,9515.97,3806.39,1903.19,15325.55,7662.77,766.28,3065.11,3831.39,15325.55
65,Mar 2017,100.0,10657.89,4263.16,2131.58,17152.63,8576.32,857.63,3430.53,4288.15,17152.63
65,Mar 2018,100.0,11936.84,4774.74,2387.37,19198.95,9599.48,959.95,3839.79,4799.73,19198.95
65,Mar 2019,100.0,13369.26,5347.7,2673.85,21490.81,10745.41,1074.54,4298.16,5372.7,21490.81
65,Mar 2020,100.0,14973.57,5989.43,2994.71,24057.71,12028.85,1202.89,4811.54,6014.43,24057.71
65,Mar 2021,100.0,16770.4,6708.16,3354.08,26932.64,13466.32,1346.63,5386.53,6733.16,26932.64
65,Mar 2022,100.0,18782.85,7513.14,3756.57,30152.56,15076.28,1507.63,6030.51,7538.14,30152.56
65,Mar 2023,100.0,21036.79,8414.72,4207.36,33758.87,16879.44,1687.94,6751.77,8439.72,33758.87
65,Mar 2024,100.0,23561.2,9424.48,4712.24,37797.92,18898.96,1889.9,7559.58,9449.48,37797.92
66,Mar 2011,100.0,7001.78,2800.71,1400.36,11302.85,5651.43,565.14,2260.57,2825.71,11302.85
66,Mar 2012,100.0,7841.99,3136.8,1568.4,12647.19,6323.6,632.36,2529.44,3161.79,12647.19
66,Mar 2013,100.0,8783.03,3513.21,1756.61,14152.85,7076.43,707.64,2830.57,3538.21,14152.85
66,Mar 2014,100.0,9836.99,3934.8,1967.4,15839.19,7919.6,791.96,3167.84,3959.79,15839.19
66,Mar 2015,100.0,11017.43,4406.97,2203.49,17727.89,8863.94,886.39,3545.58,4431.98,17727.89
66,Mar 2016,100.0,12339.53,4935.81,2467.91,19843.25,9921.62,992.16,3968.65,4960.82,19843.25
66,Mar 2017,100.0,13820.27,5528.11,2764.05,22212.43,11106.22,1110.62,4442.49,5553.1,22212.43
66,Mar 2018,100.0,15478.7,6191.48,3095.74,24865.92,12432.96,1243.3,4973.18,6216.48,24865.92
66,Mar 2019,100.0,17336.15,6934.46,3467.23,27837.84,13918.92,1391.89,5567.57,6959.46,27837.84
66,Mar 2020,100.0,19416.48,7766.59,3883.3,31166.37,15583.18,1558.32,6233.27,7791.6,31166.37
66,Mar 2021,100.0,21746.46,8698.58,4349.29,34894.33,17447.17,1744.72,6978.87,8723.57,34894.33
66,Mar 2022,100.0,24356.04,9742.42,4871.21,39069.67,19534.83,1953.48,7813.93,9767.43,39069.67
66,Mar 2023,100.0,27278.76,10911.5,5455.75,43746.01,21873.01,2187.3,8749.2,10936.5,43746.01
66,Mar 2024,100.0,30552.21,12220.88,6110.44,48983.53,24491.76,2449.18,9796.71,12245.88,48983.53
67,Mar 2011,100.0,2256.86,902.74,451.37,3710.97,1855.48,185.55,742.19,927.75,3710.97
67,Mar 2012,100.0,2527.68,1011.07,505.54,4144.29,2072.14,207.21,828.86,1036.08,4144.29
67,Mar 2013,100.0,2831.01,1132.4,566.2,4629.61,2314.8,231.48,925.92,1157.41,4629.61
67,Mar 2014,100.0,3170.73,1268.29,634.15,5173.17,2586.59,258.66,1034.63,1293.29,5173.17
67,Mar 2015,100.0,3551.21,1420.48,710.24,5781.93,2890.97,289.1,1156.39,1445.47,5781.93
67,Mar 2016,100.0,3977.36,1590.94,795.47,6463.77,3231.89,323.19,1292.75,1615.94,6463.77
67,Mar 2017,100.0,4454.64,1781.86,890.93,7227.43,3613.72,361.37,1445.49,1806.85,7227.43
67,Mar 2018,100.0,4989.2,1995.68,997.84,8082.72,4041.36,404.14,1616.54,2020.68,8082.72
67,Mar 2019,100.0,5587.91,2235.16,1117.58,9040.65,4520.32,452.03,1808.13,2260.17,9040.65
67,Mar 2020,100.0,6258.45,2503.38,1251.69,10113.52,5056.76,505.68,2022.7,2528.38,10113.52
67,Mar 2021,100.0,7009.47,2803.79,1401.89,11315.15,5657.57,565.76,2263.03,2828.79,11315.15
67,Mar 2022,100.0,7850.6,3140.24,1570.12,12660.96,6330.48,633.05,2532.19,3165.24,12660.96
67,Mar 2023,100.0,8792.68,3517.07,1758.54,14168.29,7084.15,708.41,2833.66,3542.07,14168.29
67,Mar 2024,100.0,9847.8,3939.12,1969.56,15856.48,7928.24,792.82,3171.3,3964.12,15856.48
68,Mar 2011,100.0,1269.76,507.9,253.95,2131.61,1065.81,106.58,426.32,532.9,2131.61
68,Mar 2012,100.0,1422.13,568.85,284.43,2375.41,1187.7,118.77,475.08,593.86,2375.41
68,Mar 2013,100.0,1592.79,637.12,318.56,2648.47,1324.23,132.42,529.69,662.13,2648.47
68,Mar 2014,100.0,1783.92,713.57,356.78,2954.27,1477.13,147.71,590.85,738.58,2954.27
68,Mar 2015,100.0,1998.0,799.2,399.6,3296.8,1648.4,164.84,659.36,824.2,3296.8
68,Mar 2016,100.0,2237.76,895.1,447.55,3680.41,1840.2,184.02,736.08,920.11,3680.41
68,Mar 2017,100.0,2506.29,1002.52,501.26,4110.07,2055.03,205.5,822.01,1027.53,4110.07
68,Mar 2018,100.0,2807.04,1122.82,561.41,4591.27,2295.64,229.56,918.25,1147.82,4591.27
68,Mar 2019,100.0,3143.88,1257.55,628.78,5130.21,2565.11,256.51,1026.04,1282.55,5130.21
68,Mar 2020,100.0,3521.15,1408.46,704.23,5733.84,2866.92,286.69,1146.77,1433.46,5733.84
68,Mar 2021,100.0,3943.69,1577.48,788.74,6409.91,3204.95,320.5,1281.98,1602.48,6409.91
68,Mar 2022,100.0,4416.93,1766.77,883.39,7167.09,3583.55,358.35,1433.42,1791.77,7167.09
68,Mar 2023,100.0,4946.96,1978.78,989.39,8015.13,4007.57,400.76,1603.03,2003.77,8015.13
68,Mar 2024,100.0,5540.6,2216.24,1108.12,8964.96,4482.48,448.25,1792.99,2241.24,8964.96
69,Mar 2011,100.0,3771.37,1508.55,754.27,6134.19,3067.09,306.71,1226.84,1533.55,6134.19
69,Mar 2012,100.0,4223.93,1689.57,844.79,6858.29,3429.14,342.91,1371.66,1714.58,6858.29
69,Mar 2013,100.0,4730.81,1892.32,946.16,7669.29,3834.64,383.46,1533.86,1917.33,7669.29
69,Mar 2014,100.0,5298.5,2119.4,1059.7,8577.6,4288.8,428.88,1715.52,2144.4,8577.6
69,Mar 2015,100.0,5934.32,2373.73,1186.86,9594.91,4797.45,479.75,1918.98,2398.73,9594.91
69,Mar 2016,100.0,6646.44,2658.58,1329.29,10734.31,5367.15,536.72,2146.86,2683.58,10734.31
69,Mar 2017,100.0,7444.01,2977.6,1488.8,12010.41,6005.2,600.52,2402.08,3002.61,12010.41
69,Mar 2018,100.0,8337.3,3334.92,1667.46,13439.68,6719.84,671.98,2687.94,3359.92,13439.68
69,Mar 2019,100.0,9337.77,3735.11,1867.55,15040.43,7520.22,752.02,3008.09,3760.1,15040.43
69,Mar 2020,100.0,10458.3,4183.32,2091.66,16833.28,8416.64,841.66,3366.66,4208.32,16833.28
69,Mar 2021,100.0,11713.3,4685.32,2342.66,18841.28,9420.64,942.06,3768.26,4710.32,18841.28
69,Mar 2022,100.0,13118.9,5247.56,2623.78,21090.24,10545.12,1054.51,4218.05,5272.56,21090.24
69,Mar 2023,100.0,14693.16,5877.26,2938.63,23609.05,11804.52,1180.45,4721.81,5902.27,23609.05
69,Mar 2024,100.0,16456.34,6582.54,3291.27,26430.15,13215.08,1321.51,5286.03,6607.53,26430.15
70,Mar 2011,100.0,7342.13,2936.85,1468.43,11847.41,5923.7,592.37,2369.48,2961.86,11847.41
70,Mar 2012,100.0,8223.18,3289.27,1644.64,13257.09,6628.55,662.85,2651.42,3314.27,13257.09
70,Mar 2013,100.0,9209.96,3683.98,1841.99,14835.93,7417.97,741.8,2967.19,3708.97,14835.93
70,Mar 2014,100.0,10315.16,4126.06,2063.03,16604.25,8302.12,830.21,3320.85,4151.07,16604.25
70,Mar 2015,100.0,11552.98,4621.19,2310.6,18584.77,9292.39,929.24,3716.95,4646.19,18584.77
70,Mar 2016,100.0,12939.34,5175.74,2587.87,20802.95,10401.48,1040.15,4160.59,5200.73,20802.95
70,Mar 2017,100.0,14492.06,5796.82,2898.41,23287.29,11643.65,1164.36,4657.46,5821.82,23287.29
70,Mar 2018,100.0,16231.1,6492.44,3246.22,26069.76,13034.88,1303.49,5213.95,6517.44,26069.76
70,Mar 2019,100.0,18178.84,7271.54,3635.77,29186.15,14593.08,1459.31,5837.23,7296.53,29186.15
70,Mar 2020,100.0,20360.3,8144.12,4072.06,32676.48,16338.24,1633.82,6535.3,8169.12,32676.48
70,Mar 2021,100.0,22803.53,9121.41,4560.71,36585.65,18292.83,1829.28,7317.13,9146.41,36585.65
70,Mar 2022,100.0,25539.96,10215.98,5107.99,40963.93,20481.97,2048.2,8192.79,10240.97,40963.93
70,Mar 2023,100.0,28604.75,11441.9,5720.95,45867.6,22933.8,2293.38,9173.52,11466.9,45867.6
70,Mar 2024,100.0,32037.32,12814.93,6407.46,51359.71,25679.85,2567.99,10271.94,12839.93,51359.71
71,Mar 2011,100.0,2816.68,1126.67,563.34,4606.69,2303.34,230.33,921.34,1151.68,4606.69
71,Mar 2012,100.0,3154.68,1261.87,630.94,5147.49,2573.74,257.37,1029.5,1286.88,5147.49
71,Mar 2013,100.0,3533.24,1413.3,706.65,5753.19,2876.59,287.66,1150.64,1438.3,5753.19
71,Mar 2014,100.0,3957.23,1582.89,791.45,6431.57,3215.78,321.58,1286.31,1607.9,6431.57
71,Mar 2015,100.0,4432.1,1772.84,886.42,7191.36,3595.68,359.57,1438.27,1797.84,7191.36
71,Mar 2016,100.0,4963.95,1985.58,992.79,8042.32,4021.16,402.12,1608.46,2010.58,8042.32
71,Mar 2017,100.0,5559.63,2223.85,1111.93,8995.41,4497.7,449.77,1799.08,2248.86,8995.41
71,Mar 2018,100.0,6226.78,2490.71,1245.36,10062.85,5031.43,503.14,2012.57,2515.71,10062.85
71,Mar 2019,100.0,6974.0,2789.6,1394.8,11258.4,5629.2,562.92,2251.68,2814.6,11258.4
71,Mar 2020,100.0,7810.88,3124.35,1562.18,12597.41,6298.7,629.87,2519.48,3149.36,12597.41
71,Mar 2021,100.0,8748.18,3499.27,1749.64,14097.09,7048.55,704.85,2819.42,3524.27,14097.09
71,Mar 2022,100.0,9797.97,3919.19,1959.59,15776.75,7888.38,788.84,3155.35,3944.18,15776.75
71,Mar 2023,100.0,10973.72,4389.49,2194.74,17657.95,8828.98,882.9,3531.59,4414.48,17657.95
71,Mar 2024,100.0,12290.57,4916.23,2458.11,19764.91,9882.45,988.25,3952.98,4941.23,19764.91
72,Mar 2011,100.0,7060.89,2824.36,1412.18,11397.43,5698.72,569.87,2279.49,2849.35,11397.43
72,Mar 2012,100.0,7908.2,3163.28,1581.64,12753.12,6376.56,637.66,2550.62,3188.28,12753.12
72,Mar 2013,100.0,8857.18,3542.87,1771.44,14271.49,7135.74,713.57,2854.3,3567.88,14271.49
72,Mar 2014,100.0,9920.04,3968.02,1984.01,15972.07,7986.03,798.6,3194.41,3993.03,15972.07
72,Mar 2015,100.0,11110.45,4444.18,2222.09,17876.72,8938.36,893.84,3575.34,4469.18,17876.72
72,Mar 2016,100.0,12443.7,4977.48,2488.74,20009.92,10004.96,1000.5,4001.98,5002.48,20009.92
72,Mar 2017,100.0,13936.95,5574.78,2787.39,22399.12,11199.56,1119.96,4479.82,5599.78,22399.12
72,Mar 2018,100.0,15609.38,6243.75,3121.88,25075.01,12537.5,1253.75,5015.0,6268.76,25075.01
72,Mar 2019,100.0,17482.51,6993.0,3496.5,28072.01,14036.0,1403.6,5614.4,7018.01,28072.01
72,Mar 2020,100.0,19580.41,7832.16,3916.08,31428.65,15714.33,1571.43,6285.73,7857.16,31428.65
72,Mar 2021,100.0,21930.06,8772.02,4386.01,35188.09,17594.04,1759.4,7037.62,8797.03,35188.09
72,Mar 2022,100.0,24561.67,9824.67,4912.33,39398.67,19699.33,1969.93,7879.73,9849.68,39398.67
72,Mar 2023,100.0,27509.07,11003.63,5501.81,44114.51,22057.26,2205.73,8822.9,11028.62,44114.51
72,Mar 2024,100.0,30810.15,12324.06,6162.03,49396.24,24698.12,2469.81,9879.25,12349.06,49396.24
73,Mar 2011,100.0,9729.21,3891.68,1945.84,15666.73,7833.36,783.34,3133.35,3916.68,15666.73
73,Mar 2012,100.0,10896.71,4358.68,2179.34,17534.73,8767.36,876.74,3506.95,4383.68,17534.73
73,Mar 2013,100.0,12204.32,4881.73,2440.86,19626.91,9813.45,981.35,3925.38,4906.73,19626.91
73,Mar 2014,100.0,13668.84,5467.54,2733.77,21970.15,10985.08,1098.51,4394.03,5492.53,21970.15
73,Mar 2015,100.0,15309.1,6123.64,3061.82,24594.56,12297.28,1229.73,4918.91,6148.64,24594.56
73,Mar 2016,100.0,17146.19,6858.48,3429.24,27533.91,13766.95,1376.7,5506.78,6883.48,27533.91
73,Mar 2017,100.0,19203.73,7681.49,3840.75,30825.97,15412.99,1541.3,6165.19,7706.49,30825.97
73,Mar 2018,100.0,21508.18,8603.27,4301.64,34513.09,17256.54,1725.65,6902.62,8628.28,34513.09
73,Mar 2019,100.0,24089.16,9635.66,4817.83,38642.65,19321.33,1932.13,7728.53,9660.66,38642.65
73,Mar 2020,100.0,26979.86,10791.94,5395.97,43267.77,21633.88,2163.39,8653.55,10816.95,43267.77
73,Mar 2021,100.0,30217.44,12086.98,6043.49,48447.91,24223.96,2422.4,9689.58,12111.97,48447.91
73,Mar 2022,100.0,33843.54,13537.42,6768.71,54249.67,27124.83,2712.48,10849.93,13562.43,54249.67
73,Mar 2023,100.0,37904.76,15161.9,7580.95,60747.61,30373.81,3037.38,12149.52,15186.9,60747.61
73,Mar 2024,100.0,42453.33,16981.33,8490.67,68025.33,34012.67,3401.27,13605.07,17006.32,68025.33
74,Mar 2011,100.0,1845.11,738.04,369.02,3052.17,1526.09,152.61,610.43,763.04,3052.17
74,Mar 2012,100.0,2066.52,826.61,413.3,3406.43,1703.21,170.32,681.29,851.61,3406.43
74,Mar 2013,100.0,2314.5,925.8,462.9,3803.2,1901.6,190.16,760.64,950.8,3803.2
74,Mar 2014,100.0,2592.24,1036.9,518.45,4247.59,2123.8,212.38,849.52,1061.89,4247.59
74,Mar 2015,100.0,2903.31,1161.32,580.66,4745.29,2372.64,237.26,949.06,1186.33,4745.29
74,Mar 2016,100.0,3251.71,1300.68,650.34,5302.73,2651.36,265.14,1060.55,1325.68,5302.73
74,Mar 2017,100.0,3641.91,1456.76,728.38,5927.05,2963.53,296.35,1185.41,1481.76,5927.05
74,Mar 2018,100.0,4078.94,1631.58,815.79,6626.31,3313.16,331.32,1325.26,1656.57,6626.31
74,Mar 2019,100.0,4568.42,1827.37,913.68,7409.47,3704.74,370.47,1481.89,1852.37,7409.47
74,Mar 2020,100.0,5116.63,2046.65,1023.33,8286.61,4143.31,414.33,1657.32,2071.65,8286.61
74,Mar 2021,100.0,5730.62,2292.25,1146.12,9268.99,4634.49,463.45,1853.8,2317.25,9268.99
74,Mar 2022,100.0,6418.3,2567.32,1283.66,10369.28,5184.64,518.46,2073.86,2592.32,10369.28
74,Mar 2023,100.0,7188.49,2875.4,1437.7,11601.59,5800.8,580.08,2320.32,2900.39,11601.59
74,Mar 2024,100.0,8051.11,3220.44,1610.22,12981.77,6490.89,649.09,2596.35,3245.44,12981.77
75,Mar 2011,100.0,7053.42,2821.37,1410.68,11385.47,5692.73,569.27,2277.09,2846.38,11385.47
75,Mar 2012,100.0,7899.83,3159.93,1579.97,12739.73,6369.86,636.99,2547.95,3184.93,12739.73
75,Mar 2013,100.0,8847.81,3539.12,1769.56,14256.49,7128.24,712.82,2851.3,3564.13,14256.49
75,Mar 2014,100.0,9909.55,3963.82,1981.91,15955.28,7977.64,797.76,3191.06,3988.82,15955.28
75,Mar 2015,100.0,11098.69,4439.48,2219.74,17857.91,8928.95,892.9,3571.58,4464.48,17857.91
75,Mar 2016,100.0,12430.53,4972.21,2486.11,19988.85,9994.42,999.44,3997.77,4997.22,19988.85
75,Mar 2017,100.0,13922.2,5568.88,2784.44,22375.52,11187.76,1118.78,4475.1,5593.88,22375.52
75,Mar 2018,100.0,15592.86,6237.14,3118.57,25048.57,12524.28,1252.43,5009.71,6262.15,25048.57
75,Mar 2019,100.0,17464.01,6985.6,3492.8,28042.41,14021.2,1402.12,5608.48,7010.61,28042.41
75,Mar 2020,100.0,19559.69,7823.88,3911.94,31395.51,15697.75,1569.78,6279.1,7848.88,31395.51
75,Mar 2021,100.0,21906.85,8762.74,4381.37,35150.96,17575.48,1757.55,7030.19,8787.74,35150.96
75,Mar 2022,100.0,24535.67,9814.27,4907.13,39357.07,19678.53,1967.85,7871.41,9839.28,39357.07
75,Mar 2023,100.0,27479.95,10991.98,5495.99,44067.92,22033.96,2203.4,8813.58,11016.98,44067.92
75,Mar 2024,100.0,30777.55,12311.02,6155.51,49344.08,24672.04,2467.2,9868.82,12336.02,49344.08
76,Mar 2011,100.0,4993.75,1997.5,998.75,8090.0,4045.0,404.5,1618.0,2022.5,8090.0
76,Mar 2012,100.0,5593.0,2237.2,1118.6,9048.8,4524.4,452.44,1809.76,2262.2,9048.8
76,Mar 2013,100.0,6264.16,2505.66,1252.83,10122.65,5061.32,506.13,2024.53,2530.67,10122.65
76,Mar 2014,100.0,7015.86,2806.34,1403.17,11325.37,5662.69,566.27,2265.07,2831.34,11325.37
76,Mar 2015,100.0,7857.77,3143.11,1571.55,12672.43,6336.22,633.62,2534.49,3168.1,12672.43
76,Mar 2016,100.0,8800.7,3520.28,1760.14,14181.12,7090.56,709.06,2836.22,3545.28,14181.12
76,Mar 2017,100.0,9856.78,3942.71,1971.36,15870.85,7935.43,793.54,3174.17,3967.71,15870.85
76,Mar 2018,100.0,11039.59,4415.84,2207.92,17763.35,8881.67,888.17,3552.67,4440.84,17763.35
76,Mar 2019,100.0,12364.35,4945.74,2472.87,19882.96,9941.48,994.15,3976.59,4970.74,19882.96
76,Mar 2020,100.0,13848.07,5539.23,2769.61,22256.91,11128.45,1112.85,4451.38,5564.23,22256.91
76,Mar 2021,100.0,15509.84,6203.94,3101.97,24915.75,12457.88,1245.79,4983.15,6228.93,24915.75
76,Mar 2022,100.0,17371.02,6948.41,3474.2,27893.63,13946.82,1394.68,5578.73,6973.4,27893.63
76,Mar 2023,100.0,19455.54,7782.22,3891.11,31228.87,15614.43,1561.44,6245.77,7807.23,31228.87
76,Mar 2024,100.0,21790.2,8716.08,4358.04,34964.32,17482.16,1748.22,6992.86,8741.08,34964.32
77,Mar 2011,100.0,8813.28,3525.31,1762.66,14201.25,7100.62,710.06,2840.25,3550.32,14201.25
77,Mar 2012,100.0,9870.87,3948.35,1974.17,15893.39,7946.69,794.67,3178.68,3973.35,15893.39
77,Mar 2013,100.0,11055.38,4422.15,2211.08,17788.61,8894.31,889.43,3557.72,4447.15,17788.61
77,Mar 2014,100.0,12382.02,4952.81,2476.4,19911.23,9955.61,995.56,3982.25,4977.81,19911.23
77,Mar 2015,100.0,13867.87,5547.15,2773.57,22288.59,11144.3,1114.43,4457.72,5572.14,22288.59
77,Mar 2016,100.0,15532.01,6212.8,3106.4,24951.21,12475.6,1247.56,4990.24,6237.81,24951.21
77,Mar 2017,100.0,17395.85,6958.34,3479.17,27933.36,13966.68,1396.67,5586.67,6983.34,27933.36
77,Mar 2018,100.0,19483.35,7793.34,3896.67,31273.36,15636.68,1563.67,6254.67,7818.34,31273.36
77,Mar 2019,100.0,21821.36,8728.54,4364.27,35014.17,17507.08,1750.71,7002.83,8753.55,35014.17
77,Mar 2020,100.0,24439.92,9775.97,4887.98,39203.87,19601.94,1960.19,7840.77,9800.97,39203.87
77,Mar 2021,100.0,27372.71,10949.08,5474.54,43896.33,21948.17,2194.82,8779.27,10974.07,43896.33
77,Mar 2022,100.0,30657.44,12262.98,6131.49,49151.91,24575.96,2457.6,9830.38,12287.97,49151.91
77,Mar 2023,100.0,34336.33,13734.53,6867.27,55038.13,27519.06,2751.91,11007.63,13759.53,55038.13
77,Mar 2024,100.0,38456.69,15382.68,7691.34,61630.71,30815.35,3081.54,12326.14,15407.68,61630.71
78,Mar 2011,100.0,2594.35,1037.74,518.87,4250.96,2125.48,212.55,850.19,1062.74,4250.96
78,Mar 2012,100.0,2905.67,1162.27,581.13,4749.07,2374.53,237.45,949.81,1187.28,4749.07
78,Mar 2013,100.0,3254.35,1301.74,650.87,5306.96,2653.48,265.35,1061.39,1326.74,5306.96
78,Mar 2014,100.0,3644.87,1457.95,728.97,5931.79,2965.89,296.59,1186.36,1482.95,5931.79
78,Mar 2015,100.0,4082.26,1632.9,816.45,6631.61,3315.8,331.58,1326.32,1657.91,6631.61
78,Mar 2016,100.0,4572.13,1828.85,914.43,7415.41,3707.7,370.77,1483.08,1853.86,7415.41
78,Mar 2017,100.0,5120.78,2048.31,1024.16,8293.25,4146.62,414.66,1658.65,2073.32,8293.25
78,Mar 2018,100.0,5735.28,2294.11,1147.06,9276.45,4638.23,463.82,1855.29,2319.11,9276.45
78,Mar 2019,100.0,6423.51,2569.4,1284.7,10377.61,5188.81,518.88,2075.52,2594.4,10377.61
78,Mar 2020,100.0,7194.33,2877.73,1438.87,11610.93,5805.47,580.55,2322.19,2902.72,11610.93
78,Mar 2021,100.0,8057.65,3223.06,1611.53,12992.24,6496.12,649.61,2598.45,3248.06,12992.24
78,Mar 2022,100.0,9024.57,3609.83,1804.91,14539.31,7269.65,726.97,2907.86,3634.83,14539.31
78,Mar 2023,100.0,10107.52,4043.01,2021.5,16272.03,8136.02,813.6,3254.41,4068.0,16272.03
78,Mar 2024,100.0,11320.42,4528.17,2264.08,18212.67,9106.33,910.63,3642.53,4553.18,18212.67
79,Mar 2011,100.0,7233.63,2893.45,1446.73,11673.81,5836.9,583.69,2334.76,2918.46,11673.81
79,Mar 2012,100.0,8101.67,3240.67,1620.33,13062.67,6531.34,653.13,2612.53,3265.67,13062.67
79,Mar 2013,100.0,9073.87,3629.55,1814.77,14618.19,7309.1,730.91,2923.64,3654.54,14618.19
79,Mar 2014,100.0,10162.73,4065.09,2032.55,16360.37,8180.19,818.02,3272.07,4090.09,16360.37
79,Mar 2015,100.0,11382.26,4552.9,2276.45,18311.61,9155.81,915.58,3662.32,4577.9,18311.61
79,Mar 2016,100.0,12748.13,5099.25,2549.63,20497.01,10248.5,1024.85,4099.4,5124.26,20497.01
79,Mar 2017,100.0,14277.91,5711.16,2855.58,22944.65,11472.33,1147.23,4588.93,5736.16,22944.65
79,Mar 2018,100.0,15991.26,6396.5,3198.25,25686.01,12843.0,1284.3,5137.2,6421.51,25686.01
79,Mar 2019,100.0,17910.21,7164.08,3582.04,28756.33,14378.17,1437.82,5751.27,7189.07,28756.33
79,Mar 2020,100.0,20059.44,8023.78,4011.89,32195.11,16097.56,1609.76,6439.02,8048.77,32195.11
79,Mar 2021,100.0,22466.57,8986.63,4493.31,36046.51,18023.26,1802.33,7209.3,9011.62,36046.51
79,Mar 2022,100.0,25162.56,10065.02,5032.51,40360.09,20180.04,2018.0,8072.02,10090.03,40360.09
79,Mar 2023,100.0,28182.06,11272.82,5636.41,45191.29,22595.65,2259.56,9038.26,11297.82,45191.29
79,Mar 2024,100.0,31563.91,12625.56,6312.78,50602.25,25301.12,2530.11,10120.45,12650.57,50602.25
80,Mar 2011,100.0,8543.04,3417.22,1708.61,13768.87,6884.44,688.44,2753.77,3442.22,13768.87
80,Mar 2012,100.0,9568.2,3827.28,1913.64,15409.12,7704.56,770.46,3081.82,3852.28,15409.12
80,Mar 2013,100.0,10716.39,4286.56,2143.28,17246.23,8623.11,862.31,3449.25,4311.56,17246.23
80,Mar 2014,100.0,12002.35,4800.94,2400.47,19303.76,9651.88,965.19,3860.75,4825.94,19303.76
80,Mar 2015,100.0,13442.64,5377.06,2688.53,21608.23,10804.11,1080.41,4321.65,5402.06,21608.23
80,Mar 2016,100.0,15055.75,6022.3,3011.15,24189.2,12094.6,1209.46,4837.84,6047.3,24189.2
80,Mar 2017,100.0,16862.44,6744.98,3372.49,27079.91,13539.95,1354.0,5415.98,6769.98,27079.91
80,Mar 2018,100.0,18885.93,7554.37,3777.19,30317.49,15158.75,1515.87,6063.5,7579.37,30317.49
80,Mar 2019,100.0,21152.25,8460.9,4230.45,33943.6,16971.8,1697.18,6788.72,8485.9,33943.6
80,Mar 2020,100.0,23690.52,9476.21,4738.1,38004.83,19002.42,1900.24,7600.97,9501.2,38004.83
80,Mar 2021,100.0,26533.38,10613.35,5306.68,42553.41,21276.71,2127.67,8510.68,10638.35,42553.41
80,Mar 2022,100.0,29717.38,11886.95,5943.48,47647.81,23823.9,2382.39,9529.56,11911.96,47647.81
80,Mar 2023,100.0,33283.47,13313.39,6656.69,53353.55,26676.78,2667.68,10670.71,13338.38,53353.55
80,Mar 2024,100.0,37277.49,14911.0,7455.5,59743.99,29871.99,2987.2,11948.8,14936.0,59743.99
81,Mar 2011,100.0,9501.53,3800.61,1900.31,15302.45,7651.23,765.12,3060.49,3825.61,15302.45
81,Mar 2012,100.0,10641.71,4256.68,2128.34,17126.73,8563.36,856.34,3425.35,4281.68,17126.73
81,Mar 2013,100.0,11918.72,4767.49,2383.74,19169.95,9584.98,958.5,3833.99,4792.48,19169.95
81,Mar 2014,100.0,13348.96,5339.58,2669.79,21458.33,10729.17,1072.92,4291.67,5364.57,21458.33
81,Mar 2015,100.0,14950.84,5980.34,2990.17,24021.35,12010.67,1201.07,4804.27,6005.34,24021.35
81,Mar 2016,100.0,16744.94,6697.98,3348.99,26891.91,13445.95,1344.6,5378.38,6722.98,26891.91
81,Mar 2017,100.0,18754.33,7501.73,3750.87,30106.93,15053.47,1505.35,6021.39,7526.72,30106.93
81,Mar 2018,100.0,21004.85,8401.94,4200.97,33707.76,16853.88,1685.39,6741.55,8426.94,33707.76
81,Mar 2019,100.0,23525.43,9410.17,4705.09,37740.69,18870.35,1887.03,7548.14,9435.17,37740.69
81,Mar 2020,100.0,26348.49,10539.4,5269.7,42257.59,21128.79,2112.88,8451.52,10564.4,42257.59
81,Mar 2021,100.0,29510.3,11804.12,5902.06,47316.48,23658.24,2365.82,9463.3,11829.12,47316.48
81,Mar 2022,100.0,33051.54,13220.62,6610.31,52982.47,26491.24,2649.12,10596.49,13245.62,52982.47
81,Mar 2023,100.0,37017.72,14807.09,7403.54,59328.35,29664.17,2966.42,11865.67,14832.09,59328.35
81,Mar 2024,100.0,41459.85,16583.94,8291.97,66435.76,33217.88,3321.79,13287.15,16608.94,66435.76
82,Mar 2011,100.0,7149.23,2859.69,1429.85,11538.77,5769.39,576.94,2307.75,2884.69,11538.77
82,Mar 2012,100.0,8007.14,3202.86,1601.43,12911.43,6455.72,645.57,2582.29,3227.85,12911.43
82,Mar 2013,100.0,8968.0,3587.2,1793.6,14448.8,7224.4,722.44,2889.76,3612.2,14448.8
82,Mar 2014,100.0,10044.16,4017.66,2008.83,16170.65,8085.32,808.53,3234.13,4042.67,16170.65
82,Mar 2015,100.0,11249.46,4499.78,2249.89,18099.13,9049.57,904.96,3619.83,4524.77,18099.13
82,Mar 2016,100.0,12599.39,5039.76,2519.88,20259.03,10129.51,1012.95,4051.81,5064.76,20259.03
82,Mar 2017,100.0,14111.32,5644.53,2822.26,22678.11,11339.06,1133.91,4535.62,5669.52,22678.11
82,Mar 2018,100.0,15804.67,6321.87,3160.93,25387.47,12693.74,1269.37,5077.49,6346.87,25387.47
82,Mar 2019,100.0,17701.24,7080.5,3540.25,28421.99,14211.0,1421.1,5684.4,7105.49,28421.99
82,Mar 2020,100.0,19825.38,7930.15,3965.08,31820.61,15910.31,1591.03,6364.12,7955.15,31820.61
82,Mar 2021,100.0,22204.43,8881.77,4440.89,35627.09,17813.54,1781.35,7125.42,8906.78,35627.09
82,Mar 2022,100.0,24868.96,9947.58,4973.79,39890.33,19945.17,1994.52,7978.07,9972.57,39890.33
82,Mar 2023,100.0,27853.24,11141.3,5570.65,44665.19,22332.6,2233.26,8933.04,11166.29,44665.19
82,Mar 2024,100.0,31195.63,12478.25,6239.13,50013.01,25006.51,2500.65,10002.6,12503.25,50013.01
83,Mar 2011,100.0,5474.57,2189.83,1094.91,8859.31,4429.65,442.97,1771.86,2214.83,8859.31
83,Mar 2012,100.0,6131.52,2452.61,1226.3,9910.43,4955.22,495.52,1982.09,2477.6,9910.43
83,Mar 2013,100.0,6867.3,2746.92,1373.46,11087.68,5543.84,554.38,2217.54,2771.92,11087.68
83,Mar 2014,100.0,7691.38,3076.55,1538.28,12406.21,6203.1,620.31,2481.24,3101.56,12406.21
83,Mar 2015,100.0,8614.35,3445.74,1722.87,13882.96,6941.48,694.15,2776.59,3470.74,13882.96
83,Mar 2016,100.0,9648.07,3859.23,1929.61,15536.91,7768.45,776.85,3107.38,3884.23,15536.91
83,Mar 2017,100.0,10805.84,4322.34,2161.17,17389.35,8694.67,869.47,3477.87,4347.34,17389.35
83,Mar 2018,100.0,12102.54,4841.02,2420.51,19464.07,9732.03,973.2,3892.81,4866.03,19464.07
83,Mar 2019,100.0,13554.84,5421.94,2710.97,21787.75,10893.88,1089.39,4357.55,5446.93,21787.75
83,Mar 2020,100.0,15181.42,6072.57,3036.28,24390.27,12195.14,1219.51,4878.05,6097.57,24390.27
83,Mar 2021,100.0,17003.19,6801.28,3400.64,27305.11,13652.56,1365.26,5461.02,6826.27,27305.11
83,Mar 2022,100.0,19043.58,7617.43,3808.72,30569.73,15284.86,1528.49,6113.95,7642.43,30569.73
83,Mar 2023,100.0,21328.8,8531.52,4265.76,34226.08,17113.04,1711.3,6845.22,8556.52,34226.08
83,Mar 2024,100.0,23888.26,9555.3,4777.65,38321.21,19160.6,1916.06,7664.24,9580.31,38321.21
84,Mar 2011,100.0,6560.63,2624.25,1312.13,10597.01,5298.51,529.85,2119.4,2649.25,10597.01
84,Mar 2012,100.0,7347.9,2939.16,1469.58,11856.64,5928.32,592.83,2371.33,2964.16,11856.64
84,Mar 2013,100.0,8229.65,3291.86,1645.93,13267.44,6633.72,663.37,2653.49,3316.86,13267.44
84,Mar 2014,100.0,9217.21,3686.88,1843.44,14847.53,7423.77,742.38,2969.51,3711.87,14847.53
84,Mar 2015,100.0,10323.27,4129.31,2064.65,16617.23,8308.61,830.86,3323.45,4154.31,16617.23
84,Mar 2016,100.0,11562.06,4624.82,2312.41,18599.29,9299.65,929.96,3719.86,4649.82,18599.29
84,Mar 2017,100.0,12949.51,5179.8,2589.9,20819.21,10409.6,1040.96,4163.84,5204.81,20819.21
84,Mar 2018,100.0,14503.45,5801.38,2900.69,23305.52,11652.76,1165.28,4661.1,5826.38,23305.52
84,Mar 2019,100.0,16243.87,6497.55,3248.77,26090.19,13045.09,1304.51,5218.04,6522.55,26090.19
84,Mar 2020,100.0,18193.13,7277.25,3638.63,29209.01,14604.5,1460.45,5841.8,7302.26,29209.01
84,Mar 2021,100.0,20376.31,8150.52,4075.26,32702.09,16351.05,1635.1,6540.42,8175.52,32702.09
84,Mar 2022,100.0,22821.46,9128.58,4564.29,36614.33,18307.17,1830.72,7322.87,9153.57,36614.33
84,Mar 2023,100.0,25560.04,10224.02,5112.01,40996.07,20498.03,2049.8,8199.21,10249.03,40996.07
84,Mar 2024,100.0,28627.24,11450.9,5725.45,45903.59,22951.79,2295.18,9180.72,11475.9,45903.59
85,Mar 2011,100.0,8820.14,3528.06,1764.03,14212.23,7106.11,710.61,2842.45,3553.06,14212.23
85,Mar 2012,100.0,9878.56,3951.42,1975.71,15905.69,7952.85,795.28,3181.14,3976.42,15905.69
85,Mar 2013,100.0,11063.99,4425.6,2212.8,17802.39,8901.19,890.12,3560.48,4450.6,17802.39
85,Mar 2014,100.0,12391.67,4956.67,2478.33,19926.67,9963.33,996.33,3985.33,4981.68,19926.67
85,Mar 2015,100.0,13878.67,5551.47,2775.73,22305.87,11152.93,1115.29,4461.17,5576.48,22305.87
85,Mar 2016,100.0,15544.11,6217.64,3108.82,24970.57,12485.28,1248.53,4994.11,6242.65,24970.57
85,Mar 2017,100.0,17409.4,6963.76,3481.88,27955.04,13977.52,1397.75,5591.01,6988.76,27955.04
85,Mar 2018,100.0,19498.53,7799.41,3899.71,31297.65,15648.83,1564.88,6259.53,7824.41,31297.65
85,Mar 2019,100.0,21838.35,8735.34,4367.67,35041.36,17520.68,1752.07,7008.27,8760.34,35041.36
85,Mar 2020,100.0,24458.96,9783.58,4891.79,39234.33,19617.17,1961.72,7846.87,9808.57,39234.33
85,Mar 2021,100.0,27394.03,10957.61,5478.81,43930.45,21965.22,2196.52,8786.09,10982.62,43930.45
85,Mar 2022,100.0,30681.31,12272.52,6136.26,49190.09,24595.04,2459.5,9838.02,12297.53,49190.09
85,Mar 2023,100.0,34363.07,13745.23,6872.61,55080.91,27540.46,2754.05,11016.18,13770.22,55080.91
85,Mar 2024,100.0,38486.64,15394.66,7697.33,61678.63,30839.31,3083.93,12335.73,15419.66,61678.63
86,Mar 2011,100.0,6135.49,2454.2,1227.1,9916.79,4958.4,495.84,1983.36,2479.19,9916.79
86,Mar 2012,100.0,6871.75,2748.7,1374.35,11094.8,5547.4,554.74,2218.96,2773.7,11094.8
86,Mar 2013,100.0,7696.36,3078.54,1539.27,12414.17,6207.09,620.71,2482.83,3103.54,12414.17
86,Mar 2014,100.0,8619.92,3447.97,1723.98,13891.87,6945.94,694.59,2778.37,3472.97,13891.87
86,Mar 2015,100.0,9654.31,3861.72,1930.86,15546.89,7773.44,777.34,3109.38,3886.73,15546.89
86,Mar 2016,100.0,10812.83,4325.13,2162.57,17400.53,8700.26,870.03,3480.11,4350.13,17400.53
86,Mar 2017,100.0,12110.36,4844.14,2422.07,19476.57,9738.28,973.83,3895.31,4869.15,19476.57
86,Mar 2018,100.0,13563.61,5425.44,2712.72,21801.77,10900.89,1090.09,4360.35,5450.44,21801.77
86,Mar 2019,100.0,15191.24,6076.5,3038.25,24405.99,12203.0,1220.3,4881.2,6101.49,24405.99
86,Mar 2020,100.0,17014.19,6805.68,3402.84,27322.71,13661.35,1366.14,5464.54,6830.68,27322.71
86,Mar 2021,100.0,19055.89,7622.36,3811.18,30589.43,15294.72,1529.47,6117.89,7647.35,30589.43
86,Mar 2022,100.0,21342.6,8537.04,4268.52,34248.16,17124.08,1712.41,6849.63,8562.04,34248.16
86,Mar 2023,100.0,23903.71,9561.48,4780.74,38345.93,19172.97,1917.3,7669.19,9586.47,38345.93
86,Mar 2024,100.0,26772.16,10708.86,5354.43,42935.45,21467.72,2146.77,8587.09,10733.87,42935.45
87,Mar 2011,100.0,1273.48,509.39,254.7,2137.57,1068.79,106.88,427.51,534.39,2137.57
87,Mar 2012,100.0,1426.3,570.52,285.26,2382.08,1191.04,119.1,476.42,595.52,2382.08
87,Mar 2013,100.0,1597.46,638.98,319.49,2655.93,1327.96,132.8,531.19,663.98,2655.93
87,Mar 2014,100.0,1789.15,715.66,357.83,2962.64,1481.32,148.13,592.53,740.66,2962.64
87,Mar 2015,100.0,2003.85,801.54,400.77,3306.16,1653.08,165.31,661.23,826.54,3306.16
87,Mar 2016,100.0,2244.31,897.72,448.86,3690.89,1845.44,184.54,738.18,922.73,3690.89
87,Mar 2017,100.0,2513.63,1005.45,502.73,4121.81,2060.91,206.09,824.36,1030.45,4121.81
87,Mar 2018,100.0,2815.27,1126.11,563.05,4604.43,2302.22,230.22,920.89,1151.1,4604.43
87,Mar 2019,100.0,3153.1,1261.24,630.62,5144.96,2572.48,257.25,1028.99,1286.24,5144.96
87,Mar 2020,100.0,3531.47,1412.59,706.29,5750.35,2875.18,287.52,1150.07,1437.58,5750.35
87,Mar 2021,100.0,3955.25,1582.1,791.05,6428.4,3214.2,321.42,1285.68,1607.1,6428.4
87,Mar 2022,100.0,4429.88,1771.95,885.98,7187.81,3593.91,359.39,1437.56,1796.95,7187.81
87,Mar 2023,100.0,4961.46,1984.58,992.29,8038.33,4019.16,401.92,1607.67,2009.58,8038.33
87,Mar 2024,100.0,5556.84,2222.74,1111.37,8990.95,4495.48,449.55,1798.19,2247.73,8990.95
88,Mar 2011,100.0,9378.54,3751.42,1875.71,15105.67,7552.84,755.28,3021.13,3776.42,15105.67
88,Mar 2012,100.0,10503.96,4201.58,2100.79,16906.33,8453.17,845.32,3381.27,4226.57,16906.33
88,Mar 2013,100.0,11764.44,4705.78,2352.89,18923.11,9461.56,946.16,3784.62,4730.77,18923.11
88,Mar 2014,100.0,13176.17,5270.47,2635.23,21181.87,10590.93,1059.09,4236.37,5295.48,21181.87
88,Mar 2015,100.0,14757.31,5902.92,2951.46,23711.69,11855.84,1185.58,4742.34,5927.93,23711.69
88,Mar 2016,100.0,16528.19,6611.28,3305.64,26545.11,13272.56,1327.26,5309.02,6636.27,26545.11
88,Mar 2017,100.0,18511.57,7404.63,3702.31,29718.51,14859.25,1485.93,5943.7,7429.63,29718.51
88,Mar 2018,100.0,20732.96,8293.18,4146.59,33272.73,16636.37,1663.64,6654.55,8318.17,33272.73
88,Mar 2019,100.0,23220.92,9288.37,4644.18,37253.47,18626.74,1862.67,7450.69,9313.37,37253.47
88,Mar 2020,100.0,26007.43,10402.97,5201.49,41711.89,20855.94,2085.59,8342.38,10427.98,41711.89
88,Mar 2021,100.0,29128.32,11651.33,5825.66,46705.31,23352.65,2335.27,9341.06,11676.33,46705.31
88,Mar 2022,100.0,32623.71,13049.48,6524.74,52297.93,26148.97,2614.9,10459.59,13074.47,52297.93
88,Mar 2023,100.0,36538.56,14615.42,7307.71,58561.69,29280.85,2928.08,11712.34,14640.42,58561.69
88,Mar 2024,100.0,40923.19,16369.28,8184.64,65577.11,32788.56,3278.86,13115.42,16394.27,65577.11
89,Mar 2011,100.0,7205.74,2882.3,1441.15,11629.19,5814.6,581.46,2325.84,2907.29,11629.19
89,Mar 2012,100.0,8070.43,3228.17,1614.09,13012.69,6506.35,650.63,2602.54,3253.17,13012.69
89,Mar 2013,100.0,9038.88,3615.55,1807.78,14562.21,7281.1,728.11,2912.44,3640.56,14562.21
89,Mar 2014,100.0,10123.55,4049.42,2024.71,16297.68,8148.84,814.88,3259.54,4074.42,16297.68
89,Mar 2015,100.0,11338.37,4535.35,2267.67,18241.39,9120.69,912.07,3648.28,4560.35,18241.39
89,Mar 2016,100.0,12698.98,5079.59,2539.8,20418.37,10209.18,1020.92,4083.67,5104.6,20418.37
89,Mar 2017,100.0,14222.85,5689.14,2844.57,22856.56,11428.28,1142.83,4571.31,5714.14,22856.56
89,Mar 2018,100.0,15929.6,6371.84,3185.92,25587.36,12793.68,1279.37,5117.47,6396.84,25587.36
89,Mar 2019,100.0,17841.15,7136.46,3568.23,28645.84,14322.92,1432.29,5729.17,7161.46,28645.84
89,Mar 2020,100.0,19982.09,7992.84,3996.42,32071.35,16035.67,1603.57,6414.27,8017.84,32071.35
89,Mar 2021,100.0,22379.94,8951.98,4475.99,35907.91,17953.96,1795.4,7181.58,8976.97,35907.91
89,Mar 2022,100.0,25065.53,10026.21,5013.11,40204.85,20102.42,2010.24,8040.97,10051.22,40204.85
89,Mar 2023,100.0,28073.39,11229.36,5614.68,45017.43,22508.72,2250.87,9003.49,11254.35,45017.43
89,Mar 2024,100.0,31442.2,12576.88,6288.44,50407.52,25203.76,2520.38,10081.5,12601.88,50407.52
90,Mar 2011,100.0,7088.62,2835.45,1417.72,11441.79,5720.9,572.09,2288.36,2860.44,11441.79
90,Mar 2012,100.0,7939.25,3175.7,1587.85,12802.8,6401.4,640.14,2560.56,3200.7,12802.8
90,Mar 2013,100.0,8891.97,3556.79,1778.39,14327.15,7163.57,716.36,2865.43,3581.79,14327.15
90,Mar 2014,100.0,9959.0,3983.6,1991.8,16034.4,8017.2,801.72,3206.88,4008.6,16034.4
90,Mar 2015,100.0,11154.08,4461.63,2230.82,17946.53,8973.26,897.33,3589.31,4486.63,17946.53
90,Mar 2016,100.0,12492.57,4997.03,2498.51,20088.11,10044.06,1004.41,4017.62,5022.02,20088.11
90,Mar 2017,100.0,13991.68,5596.67,2798.34,22486.69,11243.34,1124.33,4497.34,5621.68,22486.69
90,Mar 2018,100.0,15670.68,6268.27,3134.14,25173.09,12586.55,1258.65,5034.62,6293.27,25173.09
90,Mar 2019,100.0,17551.16,7020.46,3510.23,28181.85,14090.92,1409.09,5636.37,7045.47,28181.85
90,Mar 2020,100.0,19657.3,7862.92,3931.46,31551.68,15775.84,1577.58,6310.34,7887.92,31551.68
90,Mar 2021,100.0,22016.18,8806.47,4403.24,35325.89,17662.94,1766.29,7065.18,8831.48,35325.89
90,Mar 2022,100.0,24658.12,9863.25,4931.62,39552.99,19776.49,1977.65,7910.6,9888.25,39552.99
90,Mar 2023,100.0,27617.1,11046.84,5523.42,44287.36,22143.68,2214.37,8857.47,11071.84,44287.36
90,Mar 2024,100.0,30931.15,12372.46,6186.23,49589.84,24794.92,2479.49,9917.97,12397.46,49589.84
91,Mar 2011,100.0,2941.08,1176.43,588.22,4805.73,2402.86,240.29,961.15,1201.43,4805.73
91,Mar 2012,100.0,3294.01,1317.6,658.8,5370.41,2685.2,268.52,1074.08,1342.61,5370.41
91,Mar 2013,100.0,3689.29,1475.72,737.86,6002.87,3001.43,300.14,1200.57,1500.73,6002.87
91,Mar 2014,100.0,4132.0,1652.8,826.4,6711.2,3355.6,335.56,1342.24,1677.8,6711.2
91,Mar 2015,100.0,4627.84,1851.14,925.57,7504.55,3752.28,375.23,1500.91,1876.13,7504.55
91,Mar 2016,100.0,5183.18,2073.27,1036.64,8393.09,4196.55,419.65,1678.62,2098.27,8393.09
91,Mar 2017,100.0,5805.16,2322.06,1161.03,9388.25,4694.12,469.41,1877.65,2347.07,9388.25
91,Mar 2018,100.0,6501.78,2600.71,1300.36,10502.85,5251.43,525.14,2100.57,2625.71,10502.85
91,Mar 2019,100.0,7282.0,2912.8,1456.4,11751.2,5875.6,587.56,2350.24,2937.8,11751.2
91,Mar 2020,100.0,8155.84,3262.34,1631.17,13149.35,6574.68,657.47,2629.87,3287.33,13149.35
91,Mar 2021,100.0,9134.54,3653.82,1826.91,14715.27,7357.64,735.76,2943.05,3678.82,14715.27
91,Mar 2022,100.0,10230.68,4092.27,2046.14,16469.09,8234.55,823.45,3293.82,4117.27,16469.09
91,Mar 2023,100.0,11458.36,4583.34,2291.67,18433.37,9216.68,921.67,3686.67,4608.35,18433.37
91,Mar 2024,100.0,12833.37,5133.35,2566.67,20633.39,10316.69,1031.67,4126.68,5158.35,20633.39
92,Mar 2011,100.0,6929.97,2771.99,1385.99,11187.95,5593.98,559.4,2237.59,2796.98,11187.95
92,Mar 2012,100.0,7761.57,3104.63,1552.31,12518.51,6259.26,625.93,2503.7,3129.62,12518.51
92,Mar 2013,100.0,8692.95,3477.18,1738.59,14008.72,7004.36,700.44,2801.74,3502.18,14008.72
92,Mar 2014,100.0,9736.11,3894.44,1947.22,15677.77,7838.89,783.89,3135.55,3919.44,15677.77
92,Mar 2015,100.0,10904.44,4361.78,2180.89,17547.11,8773.56,877.36,3509.42,4386.77,17547.11
92,Mar 2016,100.0,12212.97,4885.19,2442.59,19640.75,9820.38,982.04,3928.15,4910.18,19640.75
92,Mar 2017,100.0,13678.53,5471.41,2735.71,21985.65,10992.83,1099.28,4397.13,5496.41,21985.65
92,Mar 2018,100.0,15319.95,6127.98,3063.99,24611.92,12305.96,1230.6,4922.38,6152.98,24611.92
92,Mar 2019,100.0,17158.35,6863.34,3431.67,27553.36,13776.68,1377.67,5510.67,6888.34,27553.36
92,Mar 2020,100.0,19217.35,7686.94,3843.47,30847.76,15423.88,1542.39,6169.55,7711.94,30847.76
92,Mar 2021,100.0,21523.43,8609.37,4304.69,34537.49,17268.74,1726.87,6907.5,8634.38,34537.49
92,Mar 2022,100.0,24106.24,9642.5,4821.25,38669.99,19334.99,1933.5,7734.0,9667.5,38669.99
92,Mar 2023,100.0,26998.99,10799.6,5399.8,43298.39,21649.19,2164.92,8659.68,10824.6,43298.39
92,Mar 2024,100.0,30238.87,12095.55,6047.77,48482.19,24241.1,2424.11,9696.44,12120.54,48482.19
