company_id,year,sales,expenses,operating_profit,opm_pct,other_income,interest,depreciation,pbt,tax,pat,eps_inr,dividend_payout_pct
1,FY11,21854.31,15907.75,5946.56,27.21,437.09,655.63,874.17,4853.85,1213.46,3640.39,36.4,30.0
1,FY12,24039.74,18339.92,5699.82,23.71,480.79,721.19,961.59,4497.83,1124.46,3373.37,33.73,30.0
1,FY13,26443.71,20737.16,5706.55,21.58,528.87,793.31,1057.75,4384.36,1096.09,3288.27,32.88,30.0
1,FY14,29088.08,24870.31,4217.77,14.5,581.76,872.64,1163.52,2763.37,690.84,2072.53,20.73,30.0
1,FY15,31996.89,27357.34,4639.55,14.5,639.94,959.91,1279.88,3039.7,759.92,2279.78,22.8,30.0
1,FY16,35196.58,30645.66,4550.92,12.93,703.93,1055.9,1407.86,2791.09,697.77,2093.32,20.93,30.0
1,FY17,38716.24,28704.22,10012.02,25.86,774.32,1161.49,1548.65,8076.2,2019.05,6057.15,60.57,30.0
1,FY18,42587.86,33380.36,9207.5,21.62,851.76,1277.64,1703.51,7078.11,1769.53,5308.58,53.09,30.0
1,FY19,46846.64,35917.32,10929.32,23.33,936.93,1405.4,1873.87,8586.98,2146.74,6440.24,64.4,30.0
1,FY20,51531.31,45177.5,6353.81,12.33,1030.63,1545.94,2061.25,3777.25,944.31,2832.94,28.33,30.0
1,FY21,56684.44,41084.88,15599.56,27.52,1133.69,1700.53,2267.38,12765.34,3191.34,9574.0,95.74,30.0
1,FY22,62352.88,46565.13,15787.75,25.32,1247.06,1870.59,2494.12,12670.1,3167.53,9502.57,95.03,30.0
1,FY23,68588.17,58025.59,10562.58,15.4,1371.76,2057.65,2743.53,7133.16,1783.29,5349.87,53.5,30.0
1,FY24,75446.99,64197.84,11249.15,14.91,1508.94,2263.41,3017.88,7476.8,1869.2,5607.6,56.08,30.0
2,FY11,13253.2,11017.39,2235.81,16.87,265.06,397.6,530.13,1573.14,393.29,1179.85,11.8,30.0
2,FY12,14578.52,11604.5,2974.02,20.4,291.57,437.36,583.14,2245.09,561.27,1683.82,16.84,30.0
2,FY13,16036.38,13003.9,3032.48,18.91,320.73,481.09,641.46,2230.66,557.66,1673.0,16.73,30.0
2,FY14,17640.01,14701.18,2938.83,16.66,352.8,529.2,705.6,2056.83,514.21,1542.62,15.43,30.0
2,FY15,19404.01,15175.88,4228.13,21.79,388.08,582.12,776.16,3257.93,814.48,2443.45,24.43,30.0
2,FY16,21344.42,18307.11,3037.31,14.23,426.89,640.33,853.78,1970.09,492.52,1477.57,14.78,30.0
2,FY17,23478.86,19564.93,3913.93,16.67,469.58,704.37,939.15,2739.99,685.0,2054.99,20.55,30.0
2,FY18,25826.74,21214.08,4612.66,17.86,516.53,774.8,1033.07,3321.32,830.33,2490.99,24.91,30.0
2,FY19,28409.42,22926.4,5483.02,19.3,568.19,852.28,1136.38,4062.55,1015.64,3046.91,30.47,30.0
2,FY20,31250.36,23575.27,7675.09,24.56,625.01,937.51,1250.01,6112.58,1528.14,4584.44,45.84,30.0
2,FY21,34375.4,29153.78,5221.62,15.19,687.51,1031.26,1375.02,3502.85,875.71,2627.14,26.27,30.0
2,FY22,37812.93,30163.37,7649.56,20.23,756.26,1134.39,1512.52,5758.91,1439.73,4319.18,43.19,30.0
2,FY23,41594.23,32659.79,8934.44,21.48,831.88,1247.83,1663.77,6854.72,1713.68,5141.04,51.41,30.0
2,FY24,45753.65,39924.63,5829.02,12.74,915.07,1372.61,1830.15,3541.33,885.33,2656.0,26.56,30.0
3,FY11,32339.52,27575.91,4763.61,14.73,646.79,970.19,1293.58,3146.63,786.66,2359.97,23.6,30.0
3,FY12,35573.47,30934.69,4638.78,13.04,711.47,1067.2,1422.94,2860.11,715.03,2145.08,21.45,30.0
3,FY13,39130.82,28495.06,10635.76,27.18,782.62,1173.92,1565.23,8679.23,2169.81,6509.42,65.09,30.0
3,FY14,43043.9,31228.35,11815.55,27.45,860.88,1291.32,1721.76,9663.35,2415.84,7247.51,72.48,30.0
3,FY15,47348.29,35544.36,11803.93,24.93,946.97,1420.45,1893.93,9436.52,2359.13,7077.39,70.77,30.0
3,FY16,52083.12,43296.7,8786.42,16.87,1041.66,1562.49,2083.32,6182.27,1545.57,4636.7,46.37,30.0
3,FY17,57291.43,49522.71,7768.72,13.56,1145.83,1718.74,2291.66,4904.15,1226.04,3678.11,36.78,30.0
3,FY18,63020.57,48557.35,14463.22,22.95,1260.41,1890.62,2520.82,11312.19,2828.05,8484.14,84.84,30.0
3,FY19,69322.63,56123.6,13199.03,19.04,1386.45,2079.68,2772.91,9732.89,2433.22,7299.67,73.0,30.0
3,FY20,76254.89,65617.33,10637.56,13.95,1525.1,2287.65,3050.2,6824.81,1706.2,5118.61,51.19,30.0
3,FY21,83880.38,67171.41,16708.97,19.92,1677.61,2516.41,3355.22,12514.95,3128.74,9386.21,93.86,30.0
3,FY22,92268.42,80688.73,11579.69,12.55,1845.37,2768.05,3690.74,6966.27,1741.57,5224.7,52.25,30.0
3,FY23,101495.26,74548.27,26946.99,26.55,2029.91,3044.86,4059.81,21872.23,5468.06,16404.17,164.04,30.0
3,FY24,111644.79,93625.32,18019.47,16.14,2232.9,3349.34,4465.79,12437.24,3109.31,9327.93,93.28,30.0
4,FY11,34813.5,28898.69,5914.81,16.99,696.27,1044.4,1392.54,4174.14,1043.54,3130.6,31.31,30.0
4,FY12,38294.85,30513.34,7781.51,20.32,765.9,1148.85,1531.79,5866.77,1466.69,4400.08,44.0,30.0
4,FY13,42124.34,33383.54,8740.8,20.75,842.49,1263.73,1684.97,6634.59,1658.65,4975.94,49.76,30.0
4,FY14,46336.77,39404.79,6931.98,14.96,926.74,1390.1,1853.47,4615.15,1153.79,3461.36,34.61,30.0
4,FY15,50970.45,36948.48,14021.97,27.51,1019.41,1529.11,2038.82,11473.45,2868.36,8605.09,86.05,30.0
4,FY16,56067.49,42387.02,13680.47,24.4,1121.35,1682.02,2242.7,10877.1,2719.28,8157.82,81.58,30.0
4,FY17,61674.24,45003.69,16670.55,27.03,1233.48,1850.23,2466.97,13586.83,3396.71,10190.12,101.9,30.0
4,FY18,67841.67,49985.74,17855.93,26.32,1356.83,2035.25,2713.67,14463.84,3615.96,10847.88,108.48,30.0
4,FY19,74625.84,58529.05,16096.79,21.57,1492.52,2238.78,2985.03,12365.5,3091.38,9274.12,92.74,30.0
4,FY20,82088.42,60129.77,21958.65,26.75,1641.77,2462.65,3283.54,17854.23,4463.56,13390.67,133.91,30.0
4,FY21,90297.26,78179.37,12117.89,13.42,1805.95,2708.92,3611.89,7603.03,1900.76,5702.27,57.02,30.0
4,FY22,99326.99,84288.88,15038.11,15.14,1986.54,2979.81,3973.08,10071.76,2517.94,7553.82,75.54,30.0
4,FY23,109259.69,95361.86,13897.83,12.72,2185.19,3277.79,4370.39,8434.84,2108.71,6326.13,63.26,30.0
4,FY24,120185.65,99501.7,20683.95,17.21,2403.71,3605.57,4807.43,14674.66,3668.66,11006.0,110.06,30.0
5,FY11,22490.48,18815.54,3674.94,16.34,449.81,674.71,899.62,2550.42,637.61,1912.81,19.13,30.0
5,FY12,24739.53,18490.32,6249.21,25.26,494.79,742.19,989.58,5012.23,1253.06,3759.17,37.59,30.0
5,FY13,27213.48,22393.97,4819.51,17.71,544.27,816.4,1088.54,3458.84,864.71,2594.13,25.94,30.0
5,FY14,29934.83,24998.58,4936.25,16.49,598.7,898.04,1197.39,3439.52,859.88,2579.64,25.8,30.0
5,FY15,32928.31,26118.74,6809.57,20.68,658.57,987.85,1317.13,5163.16,1290.79,3872.37,38.72,30.0
5,FY16,36221.14,31059.63,5161.51,14.25,724.42,1086.63,1448.85,3350.45,837.61,2512.84,25.13,30.0
5,FY17,39843.25,29946.19,9897.06,24.84,796.87,1195.3,1593.73,7904.9,1976.22,5928.68,59.29,30.0
5,FY18,43827.58,38046.72,5780.86,13.19,876.55,1314.83,1753.1,3589.48,897.37,2692.11,26.92,30.0
5,FY19,48210.34,34812.69,13397.65,27.79,964.21,1446.31,1928.41,10987.14,2746.78,8240.36,82.4,30.0
5,FY20,53031.37,40112.93,12918.44,24.36,1060.63,1590.94,2121.25,10266.88,2566.72,7700.16,77.0,30.0
5,FY21,58334.51,49479.33,8855.18,15.18,1166.69,1750.04,2333.38,5938.45,1484.61,4453.84,44.54,30.0
5,FY22,64167.96,56410.05,7757.91,12.09,1283.36,1925.04,2566.72,4549.51,1137.38,3412.13,34.12,30.0
5,FY23,70584.75,52903.27,17681.48,25.05,1411.69,2117.54,2823.39,14152.24,3538.06,10614.18,106.14,30.0
5,FY24,77643.23,59544.59,18098.64,23.31,1552.86,2329.3,3105.73,14216.47,3554.12,10662.35,106.62,30.0
6,FY11,37805.32,28603.51,9201.81,24.34,756.11,1134.16,1512.21,7311.55,1827.89,5483.66,54.84,30.0
6,FY12,41585.85,36104.83,5481.02,13.18,831.72,1247.58,1663.43,3401.73,850.43,2551.3,25.51,30.0
6,FY13,45744.44,37629.38,8115.06,17.74,914.89,1372.33,1829.78,5827.84,1456.96,4370.88,43.71,30.0
6,FY14,50318.88,43349.72,6969.16,13.85,1006.38,1509.57,2012.76,4453.21,1113.3,3339.91,33.4,30.0
6,FY15,55350.77,41064.74,14286.03,25.81,1107.02,1660.52,2214.03,11518.5,2879.62,8638.88,86.39,30.0
6,FY16,60885.85,47509.23,13376.62,21.97,1217.72,1826.58,2435.43,10332.33,2583.08,7749.25,77.49,30.0
6,FY17,66974.44,55394.56,11579.88,17.29,1339.49,2009.23,2678.98,8231.16,2057.79,6173.37,61.73,30.0
6,FY18,73671.88,64079.8,9592.08,13.02,1473.44,2210.16,2946.88,5908.48,1477.12,4431.36,44.31,30.0
6,FY19,81039.07,67278.64,13760.43,16.98,1620.78,2431.17,3241.56,9708.48,2427.12,7281.36,72.81,30.0
6,FY20,89142.97,73810.38,15332.59,17.2,1782.86,2674.29,3565.72,10875.44,2718.86,8156.58,81.57,30.0
6,FY21,98057.27,74847.11,23210.16,23.67,1961.15,2941.72,3922.29,18307.3,4576.82,13730.48,137.3,30.0
6,FY22,107863.0,83917.41,23945.59,22.2,2157.26,3235.89,4314.52,18552.44,4638.11,13914.33,139.14,30.0
6,FY23,118649.3,87563.18,31086.12,26.2,2372.99,3559.48,4745.97,25153.66,6288.41,18865.25,188.65,30.0
6,FY24,130514.23,104985.65,25528.58,19.56,2610.28,3915.43,5220.57,19002.86,4750.72,14252.14,142.52,30.0
7,FY11,10381.74,7951.37,2430.37,23.41,207.63,311.45,415.27,1911.28,477.82,1433.46,14.33,30.0
7,FY12,11419.92,8659.73,2760.19,24.17,228.4,342.6,456.8,2189.19,547.3,1641.89,16.42,30.0
7,FY13,12561.91,9926.42,2635.49,20.98,251.24,376.86,502.48,2007.39,501.85,1505.54,15.06,30.0
7,FY14,13818.1,10454.77,3363.33,24.34,276.36,414.54,552.72,2672.43,668.11,2004.32,20.04,30.0
7,FY15,15199.91,12175.13,3024.78,19.9,304.0,456.0,608.0,2264.78,566.2,1698.58,16.99,30.0
7,FY16,16719.9,13315.73,3404.17,20.36,334.4,501.6,668.8,2568.17,642.04,1926.13,19.26,30.0
7,FY17,18391.89,14926.86,3465.03,18.84,367.84,551.76,735.68,2545.43,636.36,1909.07,19.09,30.0
7,FY18,20231.08,17720.4,2510.68,12.41,404.62,606.93,809.24,1499.13,374.78,1124.35,11.24,30.0
7,FY19,22254.18,19198.68,3055.5,13.73,445.08,667.63,890.17,1942.78,485.69,1457.09,14.57,30.0
7,FY20,24479.6,21419.65,3059.95,12.5,489.59,734.39,979.18,1835.97,458.99,1376.98,13.77,30.0
7,FY21,26927.56,20955.03,5972.53,22.18,538.55,807.83,1077.1,4626.15,1156.54,3469.61,34.7,30.0
7,FY22,29620.32,24575.98,5044.34,17.03,592.41,888.61,1184.81,3563.33,890.83,2672.5,26.73,30.0
7,FY23,32582.35,26020.26,6562.09,20.14,651.65,977.47,1303.29,4932.98,1233.24,3699.74,37.0,30.0
7,FY24,35840.59,26335.67,9504.92,26.52,716.81,1075.22,1433.62,7712.89,1928.22,5784.67,57.85,30.0
8,FY11,16218.15,13206.44,3011.71,18.57,324.36,486.54,648.73,2200.8,550.2,1650.6,16.51,30.0
8,FY12,17839.97,13542.32,4297.65,24.09,356.8,535.2,713.6,3405.65,851.41,2554.24,25.54,30.0
8,FY13,19623.96,16550.85,3073.11,15.66,392.48,588.72,784.96,2091.91,522.98,1568.93,15.69,30.0
8,FY14,21586.36,18730.48,2855.88,13.23,431.73,647.59,863.45,1776.57,444.14,1332.43,13.32,30.0
8,FY15,23744.99,19793.82,3951.17,16.64,474.9,712.35,949.8,2763.92,690.98,2072.94,20.73,30.0
8,FY16,26119.49,22311.27,3808.22,14.58,522.39,783.58,1044.78,2502.25,625.56,1876.69,18.77,30.0
8,FY17,28731.44,21008.43,7723.01,26.88,574.63,861.94,1149.26,6286.44,1571.61,4714.83,47.15,30.0
8,FY18,31604.59,23725.57,7879.02,24.93,632.09,948.14,1264.18,6298.79,1574.7,4724.09,47.24,30.0
8,FY19,34765.05,27071.54,7693.51,22.13,695.3,1042.95,1390.6,5955.26,1488.82,4466.44,44.66,30.0
8,FY20,38241.55,28321.69,9919.86,25.94,764.83,1147.25,1529.66,8007.78,2001.94,6005.84,60.06,30.0
8,FY21,42065.71,31608.17,10457.54,24.86,841.31,1261.97,1682.63,8354.25,2088.56,6265.69,62.66,30.0
8,FY22,46272.28,39336.07,6936.21,14.99,925.45,1388.17,1850.89,4622.6,1155.65,3466.95,34.67,30.0
8,FY23,50899.5,37523.11,13376.39,26.28,1017.99,1526.98,2035.98,10831.42,2707.86,8123.56,81.24,30.0
8,FY24,55989.45,44438.83,11550.62,20.63,1119.79,1679.68,2239.58,8751.15,2187.79,6563.36,65.63,30.0
9,FY11,41334.81,30447.22,10887.59,26.34,826.7,1240.04,1653.39,8820.86,2205.22,6615.64,66.16,30.0
9,FY12,45468.29,37697.76,7770.53,17.09,909.37,1364.05,1818.73,5497.12,1374.28,4122.84,41.23,30.0
9,FY13,50015.12,43133.04,6882.08,13.76,1000.3,1500.45,2000.6,4381.33,1095.33,3286.0,32.86,30.0
9,FY14,55016.63,46406.53,8610.1,15.65,1100.33,1650.5,2200.67,5859.26,1464.82,4394.44,43.94,30.0
9,FY15,60518.29,49122.7,11395.59,18.83,1210.37,1815.55,2420.73,8369.68,2092.42,6277.26,62.77,30.0
9,FY16,66570.12,49867.68,16702.44,25.09,1331.4,1997.1,2662.8,13373.94,3343.49,10030.45,100.3,30.0
9,FY17,73227.13,54356.5,18870.63,25.77,1464.54,2196.81,2929.09,15209.27,3802.32,11406.95,114.07,30.0
9,FY18,80549.85,70795.26,9754.59,12.11,1611.0,2416.5,3221.99,5727.1,1431.78,4295.32,42.95,30.0
9,FY19,88604.83,70733.24,17871.59,20.17,1772.1,2658.14,3544.19,13441.36,3360.34,10081.02,100.81,30.0
9,FY20,97465.31,79258.79,18206.52,18.68,1949.31,2923.96,3898.61,13333.26,3333.32,9999.94,100.0,30.0
9,FY21,107211.84,90540.4,16671.44,15.55,2144.24,3216.36,4288.47,11310.85,2827.71,8483.14,84.83,30.0
9,FY22,117933.03,101516.75,16416.28,13.92,2358.66,3537.99,4717.32,10519.63,2629.91,7889.72,78.9,30.0
9,FY23,129726.33,107153.95,22572.38,17.4,2594.53,3891.79,5189.05,16086.07,4021.52,12064.55,120.65,30.0
9,FY24,142698.96,104041.81,38657.15,27.09,2853.98,4280.97,5707.96,31522.2,7880.55,23641.65,236.42,30.0
10,FY11,19544.13,15576.67,3967.46,20.3,390.88,586.32,781.77,2990.25,747.56,2242.69,22.43,30.0
10,FY12,21498.55,16500.14,4998.41,23.25,429.97,644.96,859.94,3923.48,980.87,2942.61,29.43,30.0
10,FY13,23648.4,19434.26,4214.14,17.82,472.97,709.45,945.94,3031.72,757.93,2273.79,22.74,30.0
10,FY14,26013.24,18846.59,7166.65,27.55,520.26,780.4,1040.53,5865.98,1466.49,4399.49,43.99,30.0
10,FY15,28614.56,20774.17,7840.39,27.4,572.29,858.44,1144.58,6409.66,1602.41,4807.25,48.07,30.0
10,FY16,31476.02,26430.41,5045.61,16.03,629.52,944.28,1259.04,3471.81,867.95,2603.86,26.04,30.0
10,FY17,34623.62,27712.75,6910.87,19.96,692.47,1038.71,1384.94,5179.69,1294.92,3884.77,38.85,30.0
10,FY18,38085.98,31683.73,6402.25,16.81,761.72,1142.58,1523.44,4497.95,1124.49,3373.46,33.73,30.0
10,FY19,41894.58,34956.84,6937.74,16.56,837.89,1256.84,1675.78,4843.01,1210.75,3632.26,36.32,30.0
10,FY20,46084.04,40282.06,5801.98,12.59,921.68,1382.52,1843.36,3497.78,874.45,2623.33,26.23,30.0
10,FY21,50692.44,39666.83,11025.61,21.75,1013.85,1520.77,2027.7,8490.99,2122.75,6368.24,63.68,30.0
10,FY22,55761.69,44587.05,11174.64,20.04,1115.23,1672.85,2230.47,8386.55,2096.64,6289.91,62.9,30.0
10,FY23,61337.86,53474.35,7863.51,12.82,1226.76,1840.14,2453.51,4796.62,1199.15,3597.47,35.97,30.0
10,FY24,67471.64,56365.81,11105.83,16.46,1349.43,2024.15,2698.87,7732.24,1933.06,5799.18,57.99,30.0
11,FY11,45871.96,38610.43,7261.53,15.83,917.44,1376.16,1834.88,4967.93,1241.98,3725.95,37.26,30.0
11,FY12,50459.16,43233.41,7225.75,14.32,1009.18,1513.77,2018.37,4702.79,1175.7,3527.09,35.27,30.0
11,FY13,55505.08,44498.42,11006.66,19.83,1110.1,1665.15,2220.2,8231.41,2057.85,6173.56,61.74,30.0
11,FY14,61055.59,44100.45,16955.14,27.77,1221.11,1831.67,2442.22,13902.36,3475.59,10426.77,104.27,30.0
11,FY15,67161.14,56502.67,10658.47,15.87,1343.22,2014.83,2686.45,7300.41,1825.1,5475.31,54.75,30.0
11,FY16,73877.26,57070.18,16807.08,22.75,1477.55,2216.32,2955.09,13113.22,3278.3,9834.92,98.35,30.0
11,FY17,81264.98,61606.98,19658.0,24.19,1625.3,2437.95,3250.6,15594.75,3898.69,11696.06,116.96,30.0
11,FY18,89391.48,75267.63,14123.85,15.8,1787.83,2681.74,3575.66,9654.28,2413.57,7240.71,72.41,30.0
11,FY19,98330.63,75075.44,23255.19,23.65,1966.61,2949.92,3933.23,18338.65,4584.66,13753.99,137.54,30.0
11,FY20,108163.69,88824.02,19339.67,17.88,2163.27,3244.91,4326.55,13931.48,3482.87,10448.61,104.49,30.0
11,FY21,118980.06,92661.67,26318.39,22.12,2379.6,3569.4,4759.2,20369.39,5092.35,15277.04,152.77,30.0
11,FY22,130878.07,101901.67,28976.4,22.14,2617.56,3926.34,5235.12,22432.5,5608.12,16824.38,168.24,30.0
11,FY23,143965.88,114352.1,29613.78,20.57,2879.32,4318.98,5758.64,22415.48,5603.87,16811.61,168.12,30.0
11,FY24,158362.46,137078.55,21283.91,13.44,3167.25,4750.87,6334.5,13365.79,3341.45,10024.34,100.24,30.0
12,FY11,42588.61,35293.18,7295.43,17.13,851.77,1277.66,1703.54,5166.0,1291.5,3874.5,38.74,30.0
12,FY12,46847.47,39829.72,7017.75,14.98,936.95,1405.42,1873.9,4675.38,1168.85,3506.53,35.07,30.0
12,FY13,51532.22,45013.39,6518.83,12.65,1030.64,1545.97,2061.29,3942.21,985.55,2956.66,29.57,30.0
12,FY14,56685.44,44526.41,12159.03,21.45,1133.71,1700.56,2267.42,9324.76,2331.19,6993.57,69.94,30.0
12,FY15,62353.99,48112.34,14241.65,22.84,1247.08,1870.62,2494.16,11123.95,2780.99,8342.96,83.43,30.0
12,FY16,68589.39,60173.47,8415.92,12.27,1371.79,2057.68,2743.58,4986.45,1246.61,3739.84,37.4,30.0
12,FY17,75448.32,60215.3,15233.02,20.19,1508.97,2263.45,3017.93,11460.61,2865.15,8595.46,85.95,30.0
12,FY18,82993.16,70029.63,12963.53,15.62,1659.86,2489.79,3319.73,8813.87,2203.47,6610.4,66.1,30.0
12,FY19,91292.47,70915.99,20376.48,22.32,1825.85,2738.77,3651.7,15811.86,3952.97,11858.89,118.59,30.0
12,FY20,100421.72,85569.35,14852.37,14.79,2008.43,3012.65,4016.87,9831.28,2457.82,7373.46,73.73,30.0
12,FY21,110463.89,84990.92,25472.97,23.06,2209.28,3313.92,4418.56,19949.77,4987.44,14962.33,149.62,30.0
12,FY22,121510.28,99407.56,22102.72,18.19,2430.21,3645.31,4860.41,16027.21,4006.8,12020.41,120.2,30.0
12,FY23,133661.31,97586.12,36075.19,26.99,2673.23,4009.84,5346.45,29392.13,7348.03,22044.1,220.44,30.0
12,FY24,147027.44,126149.54,20877.9,14.2,2940.55,4410.82,5881.1,13526.53,3381.63,10144.9,101.45,30.0
13,FY11,20347.99,17535.9,2812.09,13.82,406.96,610.44,813.92,1794.69,448.67,1346.02,13.46,30.0
13,FY12,22382.78,16384.19,5998.59,26.8,447.66,671.48,895.31,4879.46,1219.87,3659.59,36.6,30.0
13,FY13,24621.06,18209.74,6411.32,26.04,492.42,738.63,984.84,5180.27,1295.07,3885.2,38.85,30.0
13,FY14,27083.17,22714.65,4368.52,16.13,541.66,812.5,1083.33,3014.35,753.59,2260.76,22.61,30.0
13,FY15,29791.49,23070.53,6720.96,22.56,595.83,893.74,1191.66,5231.39,1307.85,3923.54,39.24,30.0
13,FY16,32770.63,24551.76,8218.87,25.08,655.41,983.12,1310.83,6580.33,1645.08,4935.25,49.35,30.0
13,FY17,36047.7,28520.94,7526.76,20.88,720.95,1081.43,1441.91,5724.37,1431.09,4293.28,42.93,30.0
13,FY18,39652.47,31535.61,8116.86,20.47,793.05,1189.57,1586.1,6134.24,1533.56,4600.68,46.01,30.0
13,FY19,43617.71,36695.58,6922.13,15.87,872.35,1308.53,1744.71,4741.24,1185.31,3555.93,35.56,30.0
13,FY20,47979.49,41507.06,6472.43,13.49,959.59,1439.38,1919.18,4073.46,1018.37,3055.09,30.55,30.0
13,FY21,52777.43,38865.3,13912.13,26.36,1055.55,1583.32,2111.1,11273.26,2818.32,8454.94,84.55,30.0
13,FY22,58055.18,42722.81,15332.37,26.41,1161.1,1741.66,2322.21,12429.6,3107.4,9322.2,93.22,30.0
13,FY23,63860.7,49728.33,14132.37,22.13,1277.21,1915.82,2554.43,10939.33,2734.83,8204.5,82.05,30.0
13,FY24,70246.77,58009.78,12236.99,17.42,1404.94,2107.4,2809.87,8724.66,2181.16,6543.5,65.44,30.0
14,FY11,20714.43,15821.68,4892.75,23.62,414.29,621.43,828.58,3857.03,964.26,2892.77,28.93,30.0
14,FY12,22785.87,16781.79,6004.08,26.35,455.72,683.58,911.43,4864.79,1216.2,3648.59,36.49,30.0
14,FY13,25064.46,18500.08,6564.38,26.19,501.29,751.93,1002.58,5311.16,1327.79,3983.37,39.83,30.0
14,FY14,27570.91,20821.55,6749.36,24.48,551.42,827.13,1102.84,5370.81,1342.7,4028.11,40.28,30.0
14,FY15,30328.0,23573.95,6754.05,22.27,606.56,909.84,1213.12,5237.65,1309.41,3928.24,39.28,30.0
14,FY16,33360.8,28907.13,4453.67,13.35,667.22,1000.82,1334.43,2785.64,696.41,2089.23,20.89,30.0
14,FY17,36696.88,31342.81,5354.07,14.59,733.94,1100.91,1467.88,3519.22,879.8,2639.42,26.39,30.0
14,FY18,40366.57,29717.87,10648.7,26.38,807.33,1211.0,1614.66,8630.37,2157.59,6472.78,64.73,30.0
14,FY19,44403.22,34767.72,9635.5,21.7,888.06,1332.1,1776.13,7415.33,1853.83,5561.5,55.62,30.0
14,FY20,48843.54,42909.05,5934.49,12.15,976.87,1465.31,1953.74,3492.31,873.08,2619.23,26.19,30.0
14,FY21,53727.9,46410.16,7317.74,13.62,1074.56,1611.84,2149.12,4631.34,1157.84,3473.5,34.73,30.0
14,FY22,59100.69,45732.11,13368.58,22.62,1182.01,1773.02,2364.03,10413.54,2603.39,7810.15,78.1,30.0
14,FY23,65010.76,57157.46,7853.3,12.08,1300.22,1950.32,2600.43,4602.77,1150.69,3452.08,34.52,30.0
14,FY24,71511.83,61092.56,10419.27,14.57,1430.24,2145.35,2860.47,6843.69,1710.92,5132.77,51.33,30.0
15,FY11,29693.02,22842.84,6850.18,23.07,593.86,890.79,1187.72,5365.53,1341.38,4024.15,40.24,30.0
15,FY12,32662.32,25336.16,7326.16,22.43,653.25,979.87,1306.49,5693.05,1423.26,4269.79,42.7,30.0
15,FY13,35928.55,30327.29,5601.26,15.59,718.57,1077.86,1437.14,3804.83,951.21,2853.62,28.54,30.0
15,FY14,39521.41,30277.35,9244.06,23.39,790.43,1185.64,1580.86,7267.99,1817.0,5450.99,54.51,30.0
15,FY15,43473.55,36604.73,6868.82,15.8,869.47,1304.21,1738.94,4695.14,1173.79,3521.35,35.21,30.0
15,FY16,47820.91,39590.93,8229.98,17.21,956.42,1434.63,1912.84,5838.93,1459.73,4379.2,43.79,30.0
15,FY17,52603.0,40009.84,12593.16,23.94,1052.06,1578.09,2104.12,9963.01,2490.75,7472.26,74.72,30.0
15,FY18,57863.3,44907.71,12955.59,22.39,1157.27,1735.9,2314.53,10062.43,2515.61,7546.82,75.47,30.0
15,FY19,63649.63,47361.69,16287.94,25.59,1272.99,1909.49,2545.99,13105.45,3276.36,9829.09,98.29,30.0
15,FY20,70014.59,54247.3,15767.29,22.52,1400.29,2100.44,2800.58,12266.56,3066.64,9199.92,92.0,30.0
15,FY21,77016.05,60773.37,16242.68,21.09,1540.32,2310.48,3080.64,12391.88,3097.97,9293.91,92.94,30.0
15,FY22,84717.65,73280.77,11436.88,13.5,1694.35,2541.53,3388.71,7200.99,1800.25,5400.74,54.01,30.0
15,FY23,93189.42,76527.15,16662.27,17.88,1863.79,2795.68,3727.58,12002.8,3000.7,9002.1,90.02,30.0
15,FY24,102508.36,85861.0,16647.36,16.24,2050.17,3075.25,4100.33,11521.95,2880.49,8641.46,86.41,30.0
16,FY11,15979.53,11573.97,4405.56,27.57,319.59,479.39,639.18,3606.58,901.64,2704.94,27.05,30.0
16,FY12,17577.49,14362.57,3214.92,18.29,351.55,527.32,703.1,2336.05,584.01,1752.04,17.52,30.0
16,FY13,19335.24,14255.87,5079.37,26.27,386.7,580.06,773.41,4112.6,1028.15,3084.45,30.84,30.0
16,FY14,21268.76,16568.36,4700.4,22.1,425.38,638.06,850.75,3636.97,909.24,2727.73,27.28,30.0
16,FY15,23395.64,17612.24,5783.4,24.72,467.91,701.87,935.83,4613.61,1153.4,3460.21,34.6,30.0
16,FY16,25735.2,20577.87,5157.33,20.04,514.7,772.06,1029.41,3870.56,967.64,2902.92,29.03,30.0
16,FY17,28308.72,22298.78,6009.94,21.23,566.17,849.26,1132.35,4594.5,1148.62,3445.88,34.46,30.0
16,FY18,31139.59,24949.04,6190.55,19.88,622.79,934.19,1245.58,4633.57,1158.39,3475.18,34.75,30.0
16,FY19,34253.55,29074.41,5179.14,15.12,685.07,1027.61,1370.14,3466.46,866.62,2599.84,26.0,30.0
16,FY20,37678.91,28801.76,8877.15,23.56,753.58,1130.37,1507.16,6993.2,1748.3,5244.9,52.45,30.0
16,FY21,41446.8,34612.22,6834.58,16.49,828.94,1243.4,1657.87,4762.25,1190.56,3571.69,35.72,30.0
16,FY22,45591.48,39942.7,5648.78,12.39,911.83,1367.74,1823.66,3369.21,842.3,2526.91,25.27,30.0
16,FY23,50150.62,38951.99,11198.63,22.33,1003.01,1504.52,2006.02,8691.1,2172.78,6518.32,65.18,30.0
16,FY24,55165.69,46984.62,8181.07,14.83,1103.31,1654.97,2206.63,5422.78,1355.69,4067.09,40.67,30.0
17,FY11,47320.64,34421.03,12899.61,27.26,946.41,1419.62,1892.83,10533.57,2633.39,7900.18,79.0,30.0
17,FY12,52052.7,38185.86,13866.84,26.64,1041.05,1561.58,2082.11,11264.2,2816.05,8448.15,84.48,30.0
17,FY13,57257.97,46997.34,10260.63,17.92,1145.16,1717.74,2290.32,7397.73,1849.43,5548.3,55.48,30.0
17,FY14,62983.77,55268.26,7715.51,12.25,1259.68,1889.51,2519.35,4566.33,1141.58,3424.75,34.25,30.0
17,FY15,69282.14,50679.89,18602.25,26.85,1385.64,2078.46,2771.29,15138.14,3784.53,11353.61,113.54,30.0
17,FY16,76210.36,61844.71,14365.65,18.85,1524.21,2286.31,3048.41,10555.14,2638.78,7916.36,79.16,30.0
17,FY17,83831.39,60802.91,23028.48,27.47,1676.63,2514.94,3353.26,18836.91,4709.23,14127.68,141.28,30.0
17,FY18,92214.53,66929.31,25285.22,27.42,1844.29,2766.44,3688.58,20674.49,5168.62,15505.87,155.06,30.0
17,FY19,101435.99,75417.66,26018.33,25.65,2028.72,3043.08,4057.44,20946.53,5236.63,15709.9,157.1,30.0
17,FY20,111579.59,92934.64,18644.95,16.71,2231.59,3347.39,4463.18,13065.97,3266.49,9799.48,97.99,30.0
17,FY21,122737.54,100448.4,22289.14,18.16,2454.75,3682.13,4909.5,16152.26,4038.07,12114.19,121.14,30.0
17,FY22,135011.3,100421.4,34589.9,25.62,2700.23,4050.34,5400.45,27839.34,6959.84,20879.5,208.79,30.0
17,FY23,148512.43,123161.36,25351.07,17.07,2970.25,4455.37,5940.5,17925.45,4481.36,13444.09,134.44,30.0
17,FY24,163363.67,139332.87,24030.8,14.71,3267.27,4900.91,6534.55,15862.61,3965.65,11896.96,118.97,30.0
18,FY11,30056.06,21946.94,8109.12,26.98,601.12,901.68,1202.24,6606.32,1651.58,4954.74,49.55,30.0
18,FY12,33061.66,25411.19,7650.47,23.14,661.23,991.85,1322.47,5997.38,1499.35,4498.03,44.98,30.0
18,FY13,36367.83,28686.94,7680.89,21.12,727.36,1091.03,1454.71,5862.51,1465.63,4396.88,43.97,30.0
18,FY14,40004.61,34583.99,5420.62,13.55,800.09,1200.14,1600.18,3420.39,855.1,2565.29,25.65,30.0
18,FY15,44005.07,34394.36,9610.71,21.84,880.1,1320.15,1760.2,7410.46,1852.62,5557.84,55.58,30.0
18,FY16,48405.58,34929.47,13476.11,27.84,968.11,1452.17,1936.22,11055.83,2763.96,8291.87,82.92,30.0
18,FY17,53246.14,45663.89,7582.25,14.24,1064.92,1597.38,2129.85,4919.94,1229.98,3689.96,36.9,30.0
18,FY18,58570.75,46686.74,11884.01,20.29,1171.41,1757.12,2342.83,8955.47,2238.87,6716.6,67.17,30.0
18,FY19,64427.83,47650.82,16777.01,26.04,1288.56,1932.83,2577.11,13555.63,3388.91,10166.72,101.67,30.0
18,FY20,70870.61,53967.97,16902.64,23.85,1417.41,2126.12,2834.82,13359.11,3339.78,10019.33,100.19,30.0
18,FY21,77957.67,59910.47,18047.2,23.15,1559.15,2338.73,3118.31,14149.31,3537.33,10611.98,106.12,30.0
18,FY22,85753.44,65824.34,19929.1,23.24,1715.07,2572.6,3430.14,15641.43,3910.36,11731.07,117.31,30.0
18,FY23,94328.78,77585.42,16743.36,17.75,1886.58,2829.86,3773.15,12026.93,3006.73,9020.2,90.2,30.0
18,FY24,103761.66,86433.46,17328.2,16.7,2075.23,3112.85,4150.47,12140.11,3035.03,9105.08,91.05,30.0
19,FY11,41421.25,31082.51,10338.74,24.96,828.43,1242.64,1656.85,8267.68,2066.92,6200.76,62.01,30.0
19,FY12,45563.38,33776.13,11787.25,25.87,911.27,1366.9,1822.54,9509.08,2377.27,7131.81,71.32,30.0
19,FY13,50119.71,36782.86,13336.85,26.61,1002.39,1503.59,2004.79,10830.86,2707.72,8123.14,81.23,30.0
19,FY14,55131.69,44006.11,11125.58,20.18,1102.63,1653.95,2205.27,8368.99,2092.25,6276.74,62.77,30.0
19,FY15,60644.86,48503.76,12141.1,20.02,1212.9,1819.35,2425.79,9108.86,2277.22,6831.64,68.32,30.0
19,FY16,66709.34,50185.44,16523.9,24.77,1334.19,2001.28,2668.37,13188.44,3297.11,9891.33,98.91,30.0
19,FY17,73380.27,56943.09,16437.18,22.4,1467.61,2201.41,2935.21,12768.17,3192.04,9576.13,95.76,30.0
19,FY18,80718.3,61967.44,18750.86,23.23,1614.37,2421.55,3228.73,14714.95,3678.74,11036.21,110.36,30.0
19,FY19,88790.13,66832.33,21957.8,24.73,1775.8,2663.7,3551.61,17518.29,4379.57,13138.72,131.39,30.0
19,FY20,97669.15,72040.77,25628.38,26.24,1953.38,2930.07,3906.77,20744.92,5186.23,15558.69,155.59,30.0
19,FY21,107436.06,88731.44,18704.62,17.41,2148.72,3223.08,4297.44,13332.82,3333.2,9999.62,100.0,30.0
19,FY22,118179.67,96895.51,21284.16,18.01,2363.59,3545.39,4727.19,15375.17,3843.79,11531.38,115.31,30.0
19,FY23,129997.63,112447.95,17549.68,13.5,2599.95,3899.93,5199.91,11049.79,2762.45,8287.34,82.87,30.0
19,FY24,142997.4,112610.45,30386.95,21.25,2859.95,4289.92,5719.9,23237.08,5809.27,17427.81,174.28,30.0
20,FY11,6617.4,5330.32,1287.08,19.45,132.35,198.52,264.7,956.21,239.05,717.16,7.17,30.0
20,FY12,7279.14,5773.81,1505.33,20.68,145.58,218.37,291.17,1141.37,285.34,856.03,8.56,30.0
20,FY13,8007.06,6679.49,1327.57,16.58,160.14,240.21,320.28,927.22,231.81,695.41,6.95,30.0
20,FY14,8807.76,6918.5,1889.26,21.45,176.16,264.23,352.31,1448.88,362.22,1086.66,10.87,30.0
20,FY15,9688.54,8478.44,1210.1,12.49,193.77,290.66,387.54,725.67,181.42,544.25,5.44,30.0
20,FY16,10657.39,9314.56,1342.83,12.6,213.15,319.72,426.3,809.96,202.49,607.47,6.07,30.0
20,FY17,11723.13,8773.59,2949.54,25.16,234.46,351.69,468.93,2363.38,590.85,1772.53,17.73,30.0
20,FY18,12895.45,10605.22,2290.23,17.76,257.91,386.86,515.82,1645.46,411.37,1234.09,12.34,30.0
20,FY19,14184.99,12194.84,1990.15,14.03,283.7,425.55,567.4,1280.9,320.23,960.67,9.61,30.0
20,FY20,15603.49,12426.62,3176.87,20.36,312.07,468.1,624.14,2396.7,599.17,1797.53,17.98,30.0
20,FY21,17163.84,12989.59,4174.25,24.32,343.28,514.92,686.55,3316.06,829.01,2487.05,24.87,30.0
20,FY22,18880.22,15963.23,2916.99,15.45,377.6,566.41,755.21,1972.97,493.24,1479.73,14.8,30.0
20,FY23,20768.24,16205.46,4562.78,21.97,415.36,623.05,830.73,3524.36,881.09,2643.27,26.43,30.0
20,FY24,22845.07,19790.68,3054.39,13.37,456.9,685.35,913.8,1912.14,478.04,1434.1,14.34,30.0
21,FY11,7325.68,5823.92,1501.76,20.5,146.51,219.77,293.03,1135.47,283.87,851.6,8.52,30.0
21,FY12,8058.25,6394.22,1664.03,20.65,161.16,241.75,322.33,1261.11,315.28,945.83,9.46,30.0
21,FY13,8864.07,6896.25,1967.82,22.2,177.28,265.92,354.56,1524.62,381.15,1143.47,11.43,30.0
21,FY14,9750.48,7447.42,2303.06,23.62,195.01,292.51,390.02,1815.54,453.88,1361.66,13.62,30.0
21,FY15,10725.52,7764.2,2961.32,27.61,214.51,321.77,429.02,2425.04,606.26,1818.78,18.19,30.0
21,FY16,11798.08,9407.79,2390.29,20.26,235.96,353.94,471.92,1800.39,450.1,1350.29,13.5,30.0
21,FY17,12977.88,10749.58,2228.3,17.17,259.56,389.34,519.12,1579.4,394.85,1184.55,11.85,30.0
21,FY18,14275.67,10746.72,3528.95,24.72,285.51,428.27,571.03,2815.16,703.79,2111.37,21.11,30.0
21,FY19,15703.24,13138.9,2564.34,16.33,314.06,471.1,628.13,1779.17,444.79,1334.38,13.34,30.0
21,FY20,17273.56,13988.13,3285.43,19.02,345.47,518.21,690.94,2421.75,605.44,1816.31,18.16,30.0
21,FY21,19000.92,16481.4,2519.52,13.26,380.02,570.03,760.04,1569.47,392.37,1177.1,11.77,30.0
21,FY22,20901.01,18307.19,2593.82,12.41,418.02,627.03,836.04,1548.77,387.19,1161.58,11.62,30.0
21,FY23,22991.11,16691.55,6299.56,27.4,459.82,689.73,919.64,5150.01,1287.5,3862.51,38.63,30.0
21,FY24,25290.23,18871.57,6418.66,25.38,505.8,758.71,1011.61,5154.14,1288.54,3865.6,38.66,30.0
22,FY11,36318.84,29585.33,6733.51,18.54,726.38,1089.57,1452.75,4917.57,1229.39,3688.18,36.88,30.0
22,FY12,39950.72,34050.0,5900.72,14.77,799.01,1198.52,1598.03,3903.18,975.79,2927.39,29.27,30.0
22,FY13,43945.8,37573.66,6372.14,14.5,878.92,1318.37,1757.83,4174.86,1043.71,3131.15,31.31,30.0
22,FY14,48340.38,40605.92,7734.46,16.0,966.81,1450.21,1933.62,5317.44,1329.36,3988.08,39.88,30.0
22,FY15,53174.41,42119.45,11054.96,20.79,1063.49,1595.23,2126.98,8396.24,2099.06,6297.18,62.97,30.0
22,FY16,58491.85,44787.21,13704.64,23.43,1169.84,1754.76,2339.67,10780.05,2695.01,8085.04,80.85,30.0
22,FY17,64341.04,49825.7,14515.34,22.56,1286.82,1930.23,2573.64,11298.29,2824.57,8473.72,84.74,30.0
22,FY18,70775.14,59111.4,11663.74,16.48,1415.5,2123.25,2831.01,8124.98,2031.24,6093.74,60.94,30.0
22,FY19,77852.66,56614.45,21238.21,27.28,1557.05,2335.58,3114.11,17345.57,4336.39,13009.18,130.09,30.0
22,FY20,85637.92,65247.53,20390.39,23.81,1712.76,2569.14,3425.52,16108.49,4027.12,12081.37,120.81,30.0
22,FY21,94201.72,74541.82,19659.9,20.87,1884.03,2826.05,3768.07,14949.81,3737.45,11212.36,112.12,30.0
22,FY22,103621.89,81042.68,22579.21,21.79,2072.44,3108.66,4144.88,17398.11,4349.53,13048.58,130.49,30.0
22,FY23,113984.08,92657.66,21326.42,18.71,2279.68,3419.52,4559.36,15627.22,3906.8,11720.42,117.2,30.0
22,FY24,125382.48,105371.44,20011.04,15.96,2507.65,3761.47,5015.3,13741.92,3435.48,10306.44,103.06,30.0
23,FY11,21018.77,15946.94,5071.83,24.13,420.38,630.56,840.75,4020.9,1005.23,3015.67,30.16,30.0
23,FY12,23120.65,20292.99,2827.66,12.23,462.41,693.62,924.83,1671.62,417.9,1253.72,12.54,30.0
23,FY13,25432.71,21907.74,3524.97,13.86,508.65,762.98,1017.31,2253.33,563.33,1690.0,16.9,30.0
23,FY14,27975.98,24411.84,3564.14,12.74,559.52,839.28,1119.04,2165.34,541.34,1624.0,16.24,30.0
23,FY15,30773.58,26880.72,3892.86,12.65,615.47,923.21,1230.94,2354.18,588.54,1765.64,17.66,30.0
23,FY16,33850.94,25154.63,8696.31,25.69,677.02,1015.53,1354.04,7003.76,1750.94,5252.82,52.53,30.0
23,FY17,37236.03,28574.93,8661.1,23.26,744.72,1117.08,1489.44,6799.3,1699.83,5099.47,50.99,30.0
23,FY18,40959.64,32935.65,8023.99,19.59,819.19,1228.79,1638.39,5976.0,1494.0,4482.0,44.82,30.0
23,FY19,45055.6,38941.56,6114.04,13.57,901.11,1351.67,1802.22,3861.26,965.32,2895.94,28.96,30.0
23,FY20,49561.16,39713.36,9847.8,19.87,991.22,1486.83,1982.45,7369.74,1842.43,5527.31,55.27,30.0
23,FY21,54517.28,43842.8,10674.48,19.58,1090.35,1635.52,2180.69,7948.62,1987.15,5961.47,59.61,30.0
23,FY22,59969.01,51111.59,8857.42,14.77,1199.38,1799.07,2398.76,5858.97,1464.74,4394.23,43.94,30.0
23,FY23,65965.91,53471.97,12493.94,18.94,1319.32,1978.98,2638.64,9195.64,2298.91,6896.73,68.97,30.0
23,FY24,72562.5,59225.51,13336.99,18.38,1451.25,2176.88,2902.5,9708.86,2427.22,7281.64,72.82,30.0
24,FY11,32713.25,25463.99,7249.26,22.16,654.26,981.4,1308.53,5613.59,1403.4,4210.19,42.1,30.0
24,FY12,35984.58,31407.34,4577.24,12.72,719.69,1079.54,1439.38,2778.01,694.5,2083.51,20.84,30.0
24,FY13,39583.04,32462.05,7120.99,17.99,791.66,1187.49,1583.32,5141.84,1285.46,3856.38,38.56,30.0
24,FY14,43541.34,33957.89,9583.45,22.01,870.83,1306.24,1741.65,7406.39,1851.6,5554.79,55.55,30.0
24,FY15,47895.48,38292.44,9603.04,20.05,957.91,1436.86,1915.82,7208.27,1802.07,5406.2,54.06,30.0
24,FY16,52685.02,39144.97,13540.05,25.7,1053.7,1580.55,2107.4,10905.8,2726.45,8179.35,81.79,30.0
24,FY17,57953.53,44890.8,13062.73,22.54,1159.07,1738.61,2318.14,10165.05,2541.26,7623.79,76.24,30.0
24,FY18,63748.88,54435.17,9313.71,14.61,1274.98,1912.47,2549.96,6126.26,1531.57,4594.69,45.95,30.0
24,FY19,70123.77,60916.52,9207.25,13.13,1402.48,2103.71,2804.95,5701.07,1425.27,4275.8,42.76,30.0
24,FY20,77136.14,59950.21,17185.93,22.28,1542.72,2314.08,3085.45,13329.12,3332.28,9996.84,99.97,30.0
24,FY21,84849.76,74311.42,10538.34,12.42,1697.0,2545.49,3393.99,6295.86,1573.96,4721.9,47.22,30.0
24,FY22,93334.73,73389.1,19945.63,21.37,1866.69,2800.04,3733.39,15278.89,3819.72,11459.17,114.59,30.0
24,FY23,102668.21,74906.73,27761.48,27.04,2053.36,3080.05,4106.73,22628.06,5657.02,16971.04,169.71,30.0
24,FY24,112935.03,88981.51,23953.52,21.21,2258.7,3388.05,4517.4,18306.77,4576.69,13730.08,137.3,30.0
25,FY11,22467.65,17459.61,5008.04,22.29,449.35,674.03,898.71,3884.65,971.16,2913.49,29.13,30.0
25,FY12,24714.41,19937.11,4777.3,19.33,494.29,741.43,988.58,3541.58,885.39,2656.19,26.56,30.0
25,FY13,27185.85,21550.22,5635.63,20.73,543.72,815.58,1087.43,4276.34,1069.09,3207.25,32.07,30.0
25,FY14,29904.44,21812.3,8092.14,27.06,598.09,897.13,1196.18,6596.92,1649.23,4947.69,49.48,30.0
25,FY15,32894.88,26914.59,5980.29,18.18,657.9,986.85,1315.8,4335.54,1083.88,3251.66,32.52,30.0
25,FY16,36184.37,26277.09,9907.28,27.38,723.69,1085.53,1447.37,8098.07,2024.52,6073.55,60.74,30.0
25,FY17,39802.81,29259.05,10543.76,26.49,796.06,1194.08,1592.11,8553.63,2138.41,6415.22,64.15,30.0
25,FY18,43783.09,37158.71,6624.38,15.13,875.66,1313.49,1751.32,4435.23,1108.81,3326.42,33.26,30.0
25,FY19,48161.4,41847.44,6313.96,13.11,963.23,1444.84,1926.46,3905.89,976.47,2929.42,29.29,30.0
25,FY20,52977.54,45767.3,7210.24,13.61,1059.55,1589.33,2119.1,4561.36,1140.34,3421.02,34.21,30.0
25,FY21,58275.29,51113.26,7162.03,12.29,1165.51,1748.26,2331.01,4248.27,1062.07,3186.2,31.86,30.0
25,FY22,64102.82,55442.53,8660.29,13.51,1282.06,1923.08,2564.11,5455.16,1363.79,4091.37,40.91,30.0
25,FY23,70513.1,54344.45,16168.65,22.93,1410.26,2115.39,2820.52,12643.0,3160.75,9482.25,94.82,30.0
25,FY24,77564.41,67372.45,10191.96,13.14,1551.29,2326.93,3102.58,6313.74,1578.43,4735.31,47.35,30.0
26,FY11,19353.9,14414.78,4939.12,25.52,387.08,580.62,774.16,3971.42,992.86,2978.56,29.79,30.0
26,FY12,21289.29,18655.8,2633.49,12.37,425.79,638.68,851.57,1569.03,392.26,1176.77,11.77,30.0
26,FY13,23418.22,17556.64,5861.58,25.03,468.36,702.55,936.73,4690.66,1172.66,3518.0,35.18,30.0
26,FY14,25760.05,21507.07,4252.98,16.51,515.2,772.8,1030.4,2964.98,741.25,2223.73,22.24,30.0
26,FY15,28336.05,24400.17,3935.88,13.89,566.72,850.08,1133.44,2519.08,629.77,1889.31,18.89,30.0
26,FY16,31169.65,23953.88,7215.77,23.15,623.39,935.09,1246.79,5657.28,1414.32,4242.96,42.43,30.0
26,FY17,34286.62,26722.99,7563.63,22.06,685.73,1028.6,1371.46,5849.3,1462.33,4386.97,43.87,30.0
26,FY18,37715.28,27894.22,9821.06,26.04,754.31,1131.46,1508.61,7935.3,1983.83,5951.47,59.51,30.0
26,FY19,41486.81,31629.54,9857.27,23.76,829.74,1244.6,1659.47,7782.94,1945.73,5837.21,58.37,30.0
26,FY20,45635.49,34290.51,11344.98,24.86,912.71,1369.06,1825.42,9063.21,2265.8,6797.41,67.97,30.0
26,FY21,50199.04,41911.18,8287.86,16.51,1003.98,1505.97,2007.96,5777.91,1444.48,4333.43,43.33,30.0
26,FY22,55218.95,47024.46,8194.49,14.84,1104.38,1656.57,2208.76,5433.54,1358.38,4075.16,40.75,30.0
26,FY23,60740.84,46156.96,14583.88,24.01,1214.82,1822.23,2429.63,11546.84,2886.71,8660.13,86.6,30.0
26,FY24,66814.92,50171.32,16643.6,24.91,1336.3,2004.45,2672.6,13302.85,3325.71,9977.14,99.77,30.0
27,FY11,49572.73,40352.2,9220.53,18.6,991.45,1487.18,1982.91,6741.89,1685.47,5056.42,50.56,30.0
27,FY12,54530.0,44741.86,9788.14,17.95,1090.6,1635.9,2181.2,7061.64,1765.41,5296.23,52.96,30.0
27,FY13,59983.0,45335.15,14647.85,24.42,1199.66,1799.49,2399.32,11648.7,2912.18,8736.52,87.37,30.0
27,FY14,65981.31,54467.57,11513.74,17.45,1319.63,1979.44,2639.25,8214.68,2053.67,6161.01,61.61,30.0
27,FY15,72579.44,53062.83,19516.61,26.89,1451.59,2177.38,2903.18,15887.64,3971.91,11915.73,119.16,30.0
27,FY16,79837.38,59295.22,20542.16,25.73,1596.75,2395.12,3193.5,16550.29,4137.57,12412.72,124.13,30.0
27,FY17,87821.12,71258.06,16563.06,18.86,1756.42,2634.63,3512.84,12172.01,3043.0,9129.01,91.29,30.0
27,FY18,96603.23,73408.79,23194.44,24.01,1932.06,2898.1,3864.13,18364.27,4591.07,13773.2,137.73,30.0
27,FY19,106263.55,80685.91,25577.64,24.07,2125.27,3187.91,4250.54,20264.46,5066.11,15198.35,151.98,30.0
27,FY20,116889.91,100934.44,15955.47,13.65,2337.8,3506.7,4675.6,10110.97,2527.74,7583.23,75.83,30.0
27,FY21,128578.9,94582.64,33996.26,26.44,2571.58,3857.37,5143.16,27567.31,6891.83,20675.48,206.75,30.0
27,FY22,141436.79,113036.28,28400.51,20.08,2828.74,4243.1,5657.47,21328.68,5332.17,15996.51,159.97,30.0
27,FY23,155580.47,116343.08,39237.39,25.22,3111.61,4667.41,6223.22,31458.37,7864.59,23593.78,235.94,30.0
27,FY24,171138.51,141839.6,29298.91,17.12,3422.77,5134.16,6845.54,20741.98,5185.49,15556.49,155.56,30.0
28,FY11,45298.55,37040.62,8257.93,18.23,905.97,1358.96,1811.94,5993.0,1498.25,4494.75,44.95,30.0
28,FY12,49828.4,43764.28,6064.12,12.17,996.57,1494.85,1993.14,3572.7,893.17,2679.53,26.8,30.0
28,FY13,54811.24,40291.74,14519.5,26.49,1096.22,1644.34,2192.45,11778.93,2944.73,8834.2,88.34,30.0
28,FY14,60292.36,52177.01,8115.35,13.46,1205.85,1808.77,2411.69,5100.74,1275.18,3825.56,38.26,30.0
28,FY15,66321.6,54973.97,11347.63,17.11,1326.43,1989.65,2652.86,8031.55,2007.89,6023.66,60.24,30.0
28,FY16,72953.76,53110.34,19843.42,27.2,1459.08,2188.61,2918.15,16195.74,4048.93,12146.81,121.47,30.0
28,FY17,80249.14,58413.35,21835.79,27.21,1604.98,2407.47,3209.97,17823.33,4455.83,13367.5,133.68,30.0
28,FY18,88274.05,69577.61,18696.44,21.18,1765.48,2648.22,3530.96,14282.74,3570.68,10712.06,107.12,30.0
28,FY19,97101.45,75632.32,21469.13,22.11,1942.03,2913.04,3884.06,16614.06,4153.52,12460.54,124.61,30.0
28,FY20,106811.6,86325.14,20486.46,19.18,2136.23,3204.35,4272.46,15145.88,3786.47,11359.41,113.59,30.0
28,FY21,117492.76,97883.22,19609.54,16.69,2349.86,3524.78,4699.71,13734.91,3433.73,10301.18,103.01,30.0
28,FY22,129242.04,106934.86,22307.18,17.26,2584.84,3877.26,5169.68,15845.08,3961.27,11883.81,118.84,30.0
28,FY23,142166.24,109809.2,32357.04,22.76,2843.32,4264.99,5686.65,25248.72,6312.18,18936.54,189.37,30.0
28,FY24,156382.86,118788.42,37594.44,24.04,3127.66,4691.49,6255.31,29775.3,7443.82,22331.48,223.31,30.0
29,FY11,40621.06,30616.09,10004.97,24.63,812.42,1218.63,1624.84,7973.92,1993.48,5980.44,59.8,30.0
29,FY12,44683.16,38668.81,6014.35,13.46,893.66,1340.49,1787.33,3780.19,945.05,2835.14,28.35,30.0
29,FY13,49151.48,39365.42,9786.06,19.91,983.03,1474.54,1966.06,7328.49,1832.12,5496.37,54.96,30.0
29,FY14,54066.63,47081.22,6985.41,12.92,1081.33,1622.0,2162.67,4282.07,1070.52,3211.55,32.12,30.0
29,FY15,59473.29,47108.79,12364.5,20.79,1189.47,1784.2,2378.93,9390.84,2347.71,7043.13,70.43,30.0
29,FY16,65420.62,52951.45,12469.17,19.06,1308.41,1962.62,2616.82,9198.14,2299.53,6898.61,68.99,30.0
29,FY17,71962.68,53108.46,18854.22,26.2,1439.25,2158.88,2878.51,15256.08,3814.02,11442.06,114.42,30.0
29,FY18,79158.95,65219.06,13939.89,17.61,1583.18,2374.77,3166.36,9981.94,2495.49,7486.45,74.86,30.0
29,FY19,87074.84,74997.56,12077.28,13.87,1741.5,2612.25,3482.99,7723.54,1930.88,5792.66,57.93,30.0
29,FY20,95782.33,82095.04,13687.29,14.29,1915.65,2873.47,3831.29,8898.18,2224.55,6673.63,66.74,30.0
29,FY21,105360.56,79884.38,25476.18,24.18,2107.21,3160.82,4214.42,20208.15,5052.04,15156.11,151.56,30.0
29,FY22,115896.62,90526.85,25369.77,21.89,2317.93,3476.9,4635.86,19574.94,4893.73,14681.21,146.81,30.0
29,FY23,127486.28,110122.65,17363.63,13.62,2549.73,3824.59,5099.45,10989.32,2747.33,8241.99,82.42,30.0
29,FY24,140234.91,121513.55,18721.36,13.35,2804.7,4207.05,5609.4,11709.61,2927.4,8782.21,87.82,30.0
30,FY11,36543.61,31734.47,4809.14,13.16,730.87,1096.31,1461.74,2981.96,745.49,2236.47,22.36,30.0
30,FY12,40197.97,30088.18,10109.79,25.15,803.96,1205.94,1607.92,8099.89,2024.97,6074.92,60.75,30.0
30,FY13,44217.77,33915.03,10302.74,23.3,884.36,1326.53,1768.71,8091.86,2022.96,6068.9,60.69,30.0
30,FY14,48639.55,42170.49,6469.06,13.3,972.79,1459.19,1945.58,4037.08,1009.27,3027.81,30.28,30.0
30,FY15,53503.5,46355.43,7148.07,13.36,1070.07,1605.11,2140.14,4472.89,1118.22,3354.67,33.55,30.0
30,FY16,58853.85,42498.37,16355.48,27.79,1177.08,1765.62,2354.15,13412.79,3353.2,10059.59,100.6,30.0
30,FY17,64739.24,53092.65,11646.59,17.99,1294.78,1942.18,2589.57,8409.62,2102.41,6307.21,63.07,30.0
30,FY18,71213.16,58444.64,12768.52,17.93,1424.26,2136.39,2848.53,9207.86,2301.97,6905.89,69.06,30.0
30,FY19,78334.48,58750.86,19583.62,25.0,1566.69,2350.03,3133.38,15666.9,3916.72,11750.18,117.5,30.0
30,FY20,86167.92,62764.71,23403.21,27.16,1723.36,2585.04,3446.72,19094.81,4773.7,14321.11,143.21,30.0
30,FY21,94784.72,68453.52,26331.2,27.78,1895.69,2843.54,3791.39,21591.96,5397.99,16193.97,161.94,30.0
30,FY22,104263.19,79187.89,25075.3,24.05,2085.26,3127.9,4170.53,19862.13,4965.53,14896.6,148.97,30.0
30,FY23,114689.51,94022.46,20667.05,18.02,2293.79,3440.69,4587.58,14932.57,3733.14,11199.43,111.99,30.0
30,FY24,126158.46,109328.92,16829.54,13.34,2523.17,3784.75,5046.34,10521.62,2630.41,7891.21,78.91,30.0
31,FY11,39971.61,31605.55,8366.06,20.93,799.43,1199.15,1598.86,6367.48,1591.87,4775.61,47.76,30.0
31,FY12,43968.77,35707.04,8261.73,18.79,879.38,1319.06,1758.75,6063.3,1515.83,4547.47,45.47,30.0
31,FY13,48365.65,35548.75,12816.9,26.5,967.31,1450.97,1934.63,10398.61,2599.65,7798.96,77.99,30.0
31,FY14,53202.21,45870.95,7331.26,13.78,1064.04,1596.07,2128.09,4671.14,1167.79,3503.35,35.03,30.0
31,FY15,58522.44,46888.18,11634.26,19.88,1170.45,1755.67,2340.9,8708.14,2177.03,6531.11,65.31,30.0
31,FY16,64374.68,56533.84,7840.84,12.18,1287.49,1931.24,2574.99,4622.1,1155.53,3466.57,34.67,30.0
31,FY17,70812.15,57003.78,13808.37,19.5,1416.24,2124.36,2832.49,10267.76,2566.94,7700.82,77.01,30.0
31,FY18,77893.36,67845.12,10048.24,12.9,1557.87,2336.8,3115.73,6153.58,1538.39,4615.19,46.15,30.0
31,FY19,85682.7,73772.8,11909.9,13.9,1713.65,2570.48,3427.31,7625.76,1906.44,5719.32,57.19,30.0
31,FY20,94250.97,81168.94,13082.03,13.88,1885.02,2827.53,3770.04,8369.48,2092.37,6277.11,62.77,30.0
31,FY21,103676.07,80463.0,23213.07,22.39,2073.52,3110.28,4147.04,18029.27,4507.32,13521.95,135.22,30.0
31,FY22,114043.67,86741.62,27302.05,23.94,2280.87,3421.31,4561.75,21599.86,5399.97,16199.89,162.0,30.0
31,FY23,125448.04,98689.97,26758.07,21.33,2508.96,3763.44,5017.92,20485.67,5121.42,15364.25,153.64,30.0
31,FY24,137992.84,100196.6,37796.24,27.39,2759.86,4139.79,5519.71,30896.6,7724.15,23172.45,231.72,30.0
32,FY11,21869.18,18245.46,3623.72,16.57,437.38,656.08,874.77,2530.25,632.56,1897.69,18.98,30.0
32,FY12,24056.09,17825.56,6230.53,25.9,481.12,721.68,962.24,5027.73,1256.93,3770.8,37.71,30.0
32,FY13,26461.7,22338.97,4122.73,15.58,529.23,793.85,1058.47,2799.64,699.91,2099.73,21.0,30.0
32,FY14,29107.87,21129.4,7978.47,27.41,582.16,873.24,1164.31,6523.08,1630.77,4892.31,48.92,30.0
32,FY15,32018.66,28115.59,3903.07,12.19,640.37,960.56,1280.75,2302.13,575.53,1726.6,17.27,30.0
32,FY16,35220.53,25527.84,9692.69,27.52,704.41,1056.62,1408.82,7931.66,1982.91,5948.75,59.49,30.0
32,FY17,38742.58,33826.15,4916.43,12.69,774.85,1162.28,1549.7,2979.3,744.83,2234.47,22.34,30.0
32,FY18,42616.84,31425.66,11191.18,26.26,852.34,1278.51,1704.67,9060.34,2265.09,6795.25,67.95,30.0
32,FY19,46878.52,37296.55,9581.97,20.44,937.57,1406.36,1875.14,7238.04,1809.51,5428.53,54.29,30.0
32,FY20,51566.37,37184.51,14381.86,27.89,1031.33,1546.99,2062.65,11803.55,2950.89,8852.66,88.53,30.0
32,FY21,56723.01,49246.92,7476.09,13.18,1134.46,1701.69,2268.92,4639.94,1159.98,3479.96,34.8,30.0
32,FY22,62395.31,49379.65,13015.66,20.86,1247.91,1871.86,2495.81,9895.9,2473.97,7421.93,74.22,30.0
32,FY23,68634.84,49753.4,18881.44,27.51,1372.7,2059.05,2745.39,15449.7,3862.43,11587.27,115.87,30.0
32,FY24,75498.33,60119.32,15379.01,20.37,1509.97,2264.95,3019.93,11604.1,2901.03,8703.07,87.03,30.0
33,FY11,33322.94,25615.34,7707.6,23.13,666.46,999.69,1332.92,6041.45,1510.36,4531.09,45.31,30.0
33,FY12,36655.23,29591.77,7063.46,19.27,733.1,1099.66,1466.21,5230.69,1307.67,3923.02,39.23,30.0
33,FY13,40320.76,31434.06,8886.7,22.04,806.42,1209.62,1612.83,6870.67,1717.67,5153.0,51.53,30.0
33,FY14,44352.83,34883.5,9469.33,21.35,887.06,1330.58,1774.11,7251.7,1812.92,5438.78,54.39,30.0
33,FY15,48788.11,35898.29,12889.82,26.42,975.76,1463.64,1951.52,10450.42,2612.61,7837.81,78.38,30.0
33,FY16,53666.93,46835.13,6831.8,12.73,1073.34,1610.01,2146.68,4148.45,1037.11,3111.34,31.11,30.0
33,FY17,59033.62,49293.07,9740.55,16.5,1180.67,1771.01,2361.34,6788.87,1697.22,5091.65,50.92,30.0
33,FY18,64936.98,47267.63,17669.35,27.21,1298.74,1948.11,2597.48,14422.5,3605.62,10816.88,108.17,30.0
33,FY19,71430.68,52687.27,18743.41,26.24,1428.61,2142.92,2857.23,15171.87,3792.97,11378.9,113.79,30.0
33,FY20,78573.75,63416.87,15156.88,19.29,1571.48,2357.21,3142.95,11228.2,2807.05,8421.15,84.21,30.0
33,FY21,86431.12,67485.42,18945.7,21.92,1728.62,2592.93,3457.24,14624.15,3656.04,10968.11,109.68,30.0
33,FY22,95074.23,79444.03,15630.2,16.44,1901.48,2852.23,3802.97,10876.48,2719.12,8157.36,81.57,30.0
33,FY23,104581.66,88883.95,15697.71,15.01,2091.63,3137.45,4183.27,10468.62,2617.16,7851.46,78.51,30.0
33,FY24,115039.82,92699.09,22340.73,19.42,2300.8,3451.19,4601.59,16588.75,4147.19,12441.56,124.42,30.0
34,FY11,20900.85,16440.61,4460.24,21.34,418.02,627.03,836.03,3415.2,853.8,2561.4,25.61,30.0
34,FY12,22990.94,19946.94,3044.0,13.24,459.82,689.73,919.64,1894.45,473.61,1420.84,14.21,30.0
34,FY13,25290.03,18312.51,6977.52,27.59,505.8,758.7,1011.6,5713.02,1428.26,4284.76,42.85,30.0
34,FY14,27819.03,20090.9,7728.13,27.78,556.38,834.57,1112.76,6337.18,1584.3,4752.88,47.53,30.0
34,FY15,30600.93,23510.69,7090.24,23.17,612.02,918.03,1224.04,5560.19,1390.05,4170.14,41.7,30.0
34,FY16,33661.03,26733.59,6927.44,20.58,673.22,1009.83,1346.44,5244.39,1311.1,3933.29,39.33,30.0
34,FY17,37027.13,30751.03,6276.1,16.95,740.54,1110.81,1481.09,4424.74,1106.18,3318.56,33.19,30.0
34,FY18,40729.84,30539.23,10190.61,25.02,814.6,1221.9,1629.19,8154.12,2038.53,6115.59,61.16,30.0
34,FY19,44802.83,34516.1,10286.73,22.96,896.06,1344.08,1792.11,8046.6,2011.65,6034.95,60.35,30.0
34,FY20,49283.11,42087.78,7195.33,14.6,985.66,1478.49,1971.32,4731.18,1182.8,3548.38,35.48,30.0
34,FY21,54211.42,39807.45,14403.97,26.57,1084.23,1626.34,2168.46,11693.4,2923.35,8770.05,87.7,30.0
34,FY22,59632.57,44629.02,15003.55,25.16,1192.65,1788.98,2385.3,12021.92,3005.48,9016.44,90.16,30.0
34,FY23,65595.82,47753.76,17842.06,27.2,1311.92,1967.87,2623.83,14562.28,3640.57,10921.71,109.22,30.0
34,FY24,72155.4,55119.51,17035.89,23.61,1443.11,2164.66,2886.22,13428.12,3357.03,10071.09,100.71,30.0
35,FY11,32603.68,26510.05,6093.63,18.69,652.07,978.11,1304.15,4463.44,1115.86,3347.58,33.48,30.0
35,FY12,35864.05,26209.45,9654.6,26.92,717.28,1075.92,1434.56,7861.4,1965.35,5896.05,58.96,30.0
35,FY13,39450.46,29248.57,10201.89,25.86,789.01,1183.51,1578.02,8229.37,2057.34,6172.03,61.72,30.0
35,FY14,43395.5,37875.59,5519.91,12.72,867.91,1301.87,1735.82,3350.13,837.53,2512.6,25.13,30.0
35,FY15,47735.05,41806.36,5928.69,12.42,954.7,1432.05,1909.4,3541.94,885.49,2656.45,26.56,30.0
35,FY16,52508.56,43046.52,9462.04,18.02,1050.17,1575.26,2100.34,6836.61,1709.15,5127.46,51.27,30.0
35,FY17,57759.41,43336.89,14422.52,24.97,1155.19,1732.78,2310.38,11534.55,2883.64,8650.91,86.51,30.0
35,FY18,63535.36,45872.53,17662.83,27.8,1270.71,1906.06,2541.41,14486.07,3621.52,10864.55,108.65,30.0
35,FY19,69888.89,59817.9,10070.99,14.41,1397.78,2096.67,2795.56,6576.54,1644.13,4932.41,49.32,30.0
35,FY20,76877.78,60341.37,16536.41,21.51,1537.56,2306.33,3075.11,12692.53,3173.13,9519.4,95.19,30.0
35,FY21,84565.56,69267.65,15297.91,18.09,1691.31,2536.97,3382.62,11069.63,2767.41,8302.22,83.02,30.0
35,FY22,93022.11,67422.43,25599.68,27.52,1860.44,2790.66,3720.88,20948.58,5237.15,15711.43,157.11,30.0
35,FY23,102324.33,76262.32,26062.01,25.47,2046.49,3069.73,4092.97,20945.8,5236.45,15709.35,157.09,30.0
35,FY24,112556.76,83956.09,28600.67,25.41,2251.14,3376.7,4502.27,22972.84,5743.21,17229.63,172.3,30.0
36,FY11,26091.19,21227.79,4863.4,18.64,521.82,782.74,1043.65,3558.83,889.71,2669.12,26.69,30.0
36,FY12,28700.31,24002.07,4698.24,16.37,574.01,861.01,1148.01,3263.23,815.81,2447.42,24.47,30.0
36,FY13,31570.34,27497.77,4072.57,12.9,631.41,947.11,1262.81,2494.06,623.51,1870.55,18.71,30.0
36,FY14,34727.38,25753.83,8973.55,25.84,694.55,1041.82,1389.1,7237.18,1809.3,5427.88,54.28,30.0
36,FY15,38200.11,28646.26,9553.85,25.01,764.0,1146.0,1528.0,7643.85,1910.96,5732.89,57.33,30.0
36,FY16,42020.13,30254.49,11765.64,28.0,840.4,1260.6,1680.81,9664.63,2416.16,7248.47,72.48,30.0
36,FY17,46222.14,33303.05,12919.09,27.95,924.44,1386.66,1848.89,10607.98,2651.99,7955.99,79.56,30.0
36,FY18,50844.35,40222.97,10621.38,20.89,1016.89,1525.33,2033.77,8079.17,2019.79,6059.38,60.59,30.0
36,FY19,55928.79,42338.09,13590.7,24.3,1118.58,1677.86,2237.15,10794.27,2698.57,8095.7,80.96,30.0
36,FY20,61521.67,44836.99,16684.68,27.12,1230.43,1845.65,2460.87,13608.59,3402.15,10206.44,102.06,30.0
36,FY21,67673.83,50356.1,17317.73,25.59,1353.48,2030.21,2706.95,13934.05,3483.51,10450.54,104.51,30.0
36,FY22,74441.22,62560.4,11880.82,15.96,1488.82,2233.24,2977.65,8158.75,2039.69,6119.06,61.19,30.0
36,FY23,81885.34,66155.17,15730.17,19.21,1637.71,2456.56,3275.41,11635.91,2908.98,8726.93,87.27,30.0
36,FY24,90073.87,77400.48,12673.39,14.07,1801.48,2702.22,3602.95,8169.7,2042.42,6127.28,61.27,30.0
37,FY11,47932.3,37530.99,10401.31,21.7,958.65,1437.97,1917.29,8004.7,2001.17,6003.53,60.04,30.0
37,FY12,52725.53,44468.71,8256.82,15.66,1054.51,1581.77,2109.02,5620.54,1405.13,4215.41,42.15,30.0
37,FY13,57998.08,44803.52,13194.56,22.75,1159.96,1739.94,2319.92,10294.66,2573.66,7721.0,77.21,30.0
37,FY14,63797.89,49832.53,13965.36,21.89,1275.96,1913.94,2551.92,10775.46,2693.86,8081.6,80.82,30.0
37,FY15,70177.67,57735.17,12442.5,17.73,1403.55,2105.33,2807.11,8933.61,2233.4,6700.21,67.0,30.0
37,FY16,77195.44,66527.03,10668.41,13.82,1543.91,2315.86,3087.82,6808.64,1702.16,5106.48,51.06,30.0
37,FY17,84914.99,65596.83,19318.16,22.75,1698.3,2547.45,3396.6,15072.41,3768.1,11304.31,113.04,30.0
37,FY18,93406.49,74426.29,18980.2,20.32,1868.13,2802.19,3736.26,14309.88,3577.47,10732.41,107.32,30.0
37,FY19,102747.13,77717.93,25029.2,24.36,2054.94,3082.41,4109.89,19891.84,4972.96,14918.88,149.19,30.0
37,FY20,113021.85,90055.81,22966.04,20.32,2260.44,3390.66,4520.87,17314.95,4328.74,12986.21,129.86,30.0
37,FY21,124324.03,92459.78,31864.25,25.63,2486.48,3729.72,4972.96,25648.05,6412.01,19236.04,192.36,30.0
37,FY22,136756.44,108270.07,28486.37,20.83,2735.13,4102.69,5470.26,21648.55,5412.14,16236.41,162.36,30.0
37,FY23,150432.08,118871.43,31560.65,20.98,3008.64,4512.96,6017.28,24039.05,6009.76,18029.29,180.29,30.0
37,FY24,165475.29,122402.07,43073.22,26.03,3309.51,4964.26,6619.01,34799.46,8699.86,26099.6,261.0,30.0
38,FY11,23156.73,19882.37,3274.36,14.14,463.13,694.7,926.27,2116.52,529.13,1587.39,15.87,30.0
38,FY12,25472.4,22298.54,3173.86,12.46,509.45,764.17,1018.9,1900.24,475.06,1425.18,14.25,30.0
38,FY13,28019.64,21272.51,6747.13,24.08,560.39,840.59,1120.79,5346.14,1336.54,4009.6,40.1,30.0
38,FY14,30821.61,24065.51,6756.1,21.92,616.43,924.65,1232.86,5215.02,1303.76,3911.26,39.11,30.0
38,FY15,33903.77,26014.36,7889.41,23.27,678.08,1017.11,1356.15,6194.23,1548.56,4645.67,46.46,30.0
38,FY16,37294.14,31547.11,5747.03,15.41,745.88,1118.82,1491.77,3882.32,970.58,2911.74,29.12,30.0
38,FY17,41023.56,35206.42,5817.14,14.18,820.47,1230.71,1640.94,3765.96,941.49,2824.47,28.24,30.0
38,FY18,45125.91,39607.01,5518.9,12.23,902.52,1353.78,1805.04,3262.6,815.65,2446.95,24.47,30.0
38,FY19,49638.51,40897.17,8741.34,17.61,992.77,1489.16,1985.54,6259.41,1564.85,4694.56,46.95,30.0
38,FY20,54602.36,42895.61,11706.75,21.44,1092.05,1638.07,2184.09,8976.64,2244.16,6732.48,67.32,30.0
38,FY21,60062.59,49083.15,10979.44,18.28,1201.25,1801.88,2402.5,7976.31,1994.08,5982.23,59.82,30.0
38,FY22,66068.85,53515.77,12553.08,19.0,1321.38,1982.07,2642.75,9249.64,2312.41,6937.23,69.37,30.0
38,FY23,72675.74,53438.47,19237.27,26.47,1453.51,2180.27,2907.03,15603.48,3900.87,11702.61,117.03,30.0
38,FY24,79943.31,65897.27,14046.04,17.57,1598.87,2398.3,3197.73,10048.88,2512.22,7536.66,75.37,30.0
39,FY11,28129.53,21226.54,6902.99,24.54,562.59,843.89,1125.18,5496.51,1374.13,4122.38,41.22,30.0
39,FY12,30942.48,25267.63,5674.85,18.34,618.85,928.27,1237.7,4127.73,1031.93,3095.8,30.96,30.0
39,FY13,34036.73,26565.67,7471.06,21.95,680.73,1021.1,1361.47,5769.22,1442.31,4326.91,43.27,30.0
39,FY14,37440.4,27780.78,9659.62,25.8,748.81,1123.21,1497.62,7787.6,1946.9,5840.7,58.41,30.0
39,FY15,41184.44,29986.39,11198.05,27.19,823.69,1235.53,1647.38,9138.83,2284.71,6854.12,68.54,30.0
39,FY16,45302.88,38801.92,6500.96,14.35,906.06,1359.09,1812.12,4235.81,1058.95,3176.86,31.77,30.0
39,FY17,49833.17,36462.93,13370.24,26.83,996.66,1495.0,1993.33,10878.57,2719.64,8158.93,81.59,30.0
39,FY18,54816.49,43924.45,10892.04,19.87,1096.33,1644.49,2192.66,8151.22,2037.81,6113.41,61.13,30.0
39,FY19,60298.14,50572.05,9726.09,16.13,1205.96,1808.94,2411.93,6711.18,1677.8,5033.38,50.33,30.0
39,FY20,66327.95,53493.49,12834.46,19.35,1326.56,1989.84,2653.12,9518.06,2379.51,7138.55,71.39,30.0
39,FY21,72960.75,52765.21,20195.54,27.68,1459.21,2188.82,2918.43,16547.5,4136.88,12410.62,124.11,30.0
39,FY22,80256.82,64301.76,15955.06,19.88,1605.14,2407.7,3210.27,11942.23,2985.56,8956.67,89.57,30.0
39,FY23,88282.51,73044.95,15237.56,17.26,1765.65,2648.48,3531.3,10823.43,2705.86,8117.57,81.18,30.0
39,FY24,97110.76,75620.15,21490.61,22.13,1942.22,2913.32,3884.43,16635.08,4158.77,12476.31,124.76,30.0
40,FY11,15806.55,13718.5,2088.05,13.21,316.13,474.2,632.26,1297.72,324.43,973.29,9.73,30.0
40,FY12,17387.21,14942.57,2444.64,14.06,347.74,521.62,695.49,1575.27,393.82,1181.45,11.81,30.0
40,FY13,19125.93,16438.74,2687.19,14.05,382.52,573.78,765.04,1730.89,432.72,1298.17,12.98,30.0
40,FY14,21038.52,18002.66,3035.86,14.43,420.77,631.16,841.54,1983.93,495.98,1487.95,14.88,30.0
40,FY15,23142.37,19851.52,3290.85,14.22,462.85,694.27,925.69,2133.74,533.43,1600.31,16.0,30.0
40,FY16,25456.61,19792.51,5664.1,22.25,509.13,763.7,1018.26,4391.27,1097.82,3293.45,32.93,30.0
40,FY17,28002.27,23827.13,4175.14,14.91,560.05,840.07,1120.09,2775.03,693.76,2081.27,20.81,30.0
40,FY18,30802.5,25402.82,5399.68,17.53,616.05,924.07,1232.1,3859.56,964.89,2894.67,28.95,30.0
40,FY19,33882.75,24954.65,8928.1,26.35,677.65,1016.48,1355.31,7233.96,1808.49,5425.47,54.25,30.0
40,FY20,37271.02,29973.35,7297.67,19.58,745.42,1118.13,1490.84,5434.12,1358.53,4075.59,40.76,30.0
40,FY21,40998.13,31699.75,9298.38,22.68,819.96,1229.94,1639.93,7248.47,1812.12,5436.35,54.36,30.0
40,FY22,45097.94,38441.48,6656.46,14.76,901.96,1352.94,1803.92,4401.56,1100.39,3301.17,33.01,30.0
40,FY23,49607.73,42126.88,7480.85,15.08,992.15,1488.23,1984.31,5000.46,1250.12,3750.34,37.5,30.0
40,FY24,54568.51,47665.59,6902.92,12.65,1091.37,1637.06,2182.74,4174.49,1043.62,3130.87,31.31,30.0
41,FY11,12602.08,10527.78,2074.3,16.46,252.04,378.06,504.08,1444.2,361.05,1083.15,10.83,30.0
41,FY12,13862.29,11806.51,2055.78,14.83,277.25,415.87,554.49,1362.67,340.67,1022.0,10.22,30.0
41,FY13,15248.51,13202.16,2046.35,13.42,304.97,457.46,609.94,1283.92,320.98,962.94,9.63,30.0
41,FY14,16773.37,14436.84,2336.53,13.93,335.47,503.2,670.93,1497.87,374.47,1123.4,11.23,30.0
41,FY15,18450.7,14876.8,3573.9,19.37,369.01,553.52,738.03,2651.36,662.84,1988.52,19.89,30.0
41,FY16,20295.77,17190.52,3105.25,15.3,405.92,608.87,811.83,2090.47,522.62,1567.85,15.68,30.0
41,FY17,22325.35,18344.74,3980.61,17.83,446.51,669.76,893.01,2864.35,716.09,2148.26,21.48,30.0
41,FY18,24557.88,19634.03,4923.85,20.05,491.16,736.74,982.32,3695.95,923.99,2771.96,27.72,30.0
41,FY19,27013.67,20787.02,6226.65,23.05,540.27,810.41,1080.55,4875.96,1218.99,3656.97,36.57,30.0
41,FY20,29715.04,25962.03,3753.01,12.63,594.3,891.45,1188.6,2267.26,566.82,1700.44,17.0,30.0
41,FY21,32686.54,24583.55,8102.99,24.79,653.73,980.6,1307.46,6468.66,1617.16,4851.5,48.52,30.0
41,FY22,35955.2,28027.08,7928.12,22.05,719.1,1078.66,1438.21,6130.35,1532.59,4597.76,45.98,30.0
41,FY23,39550.72,34286.52,5264.2,13.31,791.01,1186.52,1582.03,3286.66,821.66,2465.0,24.65,30.0
41,FY24,43505.79,32202.99,11302.8,25.98,870.12,1305.17,1740.23,9127.52,2281.88,6845.64,68.46,30.0
42,FY11,46439.26,40411.44,6027.82,12.98,928.79,1393.18,1857.57,3705.86,926.47,2779.39,27.79,30.0
42,FY12,51083.18,42690.21,8392.97,16.43,1021.66,1532.5,2043.33,5838.8,1459.7,4379.1,43.79,30.0
42,FY13,56191.5,42199.82,13991.68,24.9,1123.83,1685.74,2247.66,11182.11,2795.53,8386.58,83.87,30.0
42,FY14,61810.65,46994.64,14816.01,23.97,1236.21,1854.32,2472.43,11725.47,2931.37,8794.1,87.94,30.0
42,FY15,67991.72,57826.96,10164.76,14.95,1359.83,2039.75,2719.67,6765.17,1691.29,5073.88,50.74,30.0
42,FY16,74790.89,63310.49,11480.4,15.35,1495.82,2243.73,2991.64,7740.85,1935.21,5805.64,58.06,30.0
42,FY17,82269.98,67518.97,14751.01,17.93,1645.4,2468.1,3290.8,10637.51,2659.38,7978.13,79.78,30.0
42,FY18,90496.98,72623.83,17873.15,19.75,1809.94,2714.91,3619.88,13348.3,3337.07,10011.23,100.11,30.0
42,FY19,99546.67,77755.9,21790.77,21.89,1990.93,2986.4,3981.87,16813.43,4203.36,12610.07,126.1,30.0
42,FY20,109501.34,89900.6,19600.74,17.9,2190.03,3285.04,4380.05,14125.68,3531.42,10594.26,105.94,30.0
42,FY21,120451.48,97083.89,23367.59,19.4,2409.03,3613.54,4818.06,17345.02,4336.26,13008.76,130.09,30.0
42,FY22,132496.62,100750.43,31746.19,23.96,2649.93,3974.9,5299.86,25121.36,6280.34,18841.02,188.41,30.0
42,FY23,145746.29,127396.83,18349.46,12.59,2914.93,4372.39,5829.85,11062.15,2765.54,8296.61,82.97,30.0
42,FY24,160320.91,134605.44,25715.47,16.04,3206.42,4809.63,6412.84,17699.42,4424.85,13274.57,132.75,30.0
43,FY11,37100.73,27335.82,9764.91,26.32,742.01,1113.02,1484.03,7909.87,1977.47,5932.4,59.32,30.0
43,FY12,40810.8,32571.1,8239.7,20.19,816.22,1224.32,1632.43,6199.17,1549.79,4649.38,46.49,30.0
43,FY13,44891.88,35684.56,9207.32,20.51,897.84,1346.76,1795.68,6962.72,1740.68,5222.04,52.22,30.0
43,FY14,49381.07,42610.93,6770.14,13.71,987.62,1481.43,1975.24,4301.09,1075.27,3225.82,32.26,30.0
43,FY15,54319.18,43911.63,10407.55,19.16,1086.38,1629.58,2172.77,7691.58,1922.89,5768.69,57.69,30.0
43,FY16,59751.1,47490.17,12260.93,20.52,1195.02,1792.53,2390.04,9273.38,2318.34,6955.04,69.55,30.0
43,FY17,65726.21,55288.89,10437.32,15.88,1314.52,1971.79,2629.05,7151.0,1787.75,5363.25,53.63,30.0
43,FY18,72298.83,60506.89,11791.94,16.31,1445.98,2168.96,2891.95,8177.01,2044.25,6132.76,61.33,30.0
43,FY19,79528.71,65181.73,14346.98,18.04,1590.57,2385.86,3181.15,10370.54,2592.64,7777.9,77.78,30.0
43,FY20,87481.58,76703.85,10777.73,12.32,1749.63,2624.45,3499.26,6403.65,1600.91,4802.74,48.03,30.0
43,FY21,96229.74,79726.34,16503.4,17.15,1924.59,2886.89,3849.19,11691.91,2922.98,8768.93,87.69,30.0
43,FY22,105852.72,89572.57,16280.15,15.38,2117.05,3175.58,4234.11,10987.51,2746.88,8240.63,82.41,30.0
43,FY23,116437.99,96364.08,20073.91,17.24,2328.76,3493.14,4657.52,14252.01,3563.0,10689.01,106.89,30.0
43,FY24,128081.79,110252.8,17828.99,13.92,2561.64,3842.45,5123.27,11424.91,2856.23,8568.68,85.69,30.0
44,FY11,45073.73,35382.88,9690.85,21.5,901.47,1352.21,1802.95,7437.16,1859.29,5577.87,55.78,30.0
44,FY12,49581.1,38241.9,11339.2,22.87,991.62,1487.43,1983.24,8860.15,2215.04,6645.11,66.45,30.0
44,FY13,54539.21,41106.2,13433.01,24.63,1090.78,1636.18,2181.57,10706.04,2676.51,8029.53,80.3,30.0
44,FY14,59993.13,48006.5,11986.63,19.98,1199.86,1799.79,2399.73,8986.97,2246.74,6740.23,67.4,30.0
44,FY15,65992.44,57156.05,8836.39,13.39,1319.85,1979.77,2639.7,5536.77,1384.19,4152.58,41.53,30.0
44,FY16,72591.69,57645.06,14946.63,20.59,1451.83,2177.75,2903.67,11317.04,2829.26,8487.78,84.88,30.0
44,FY17,79850.86,62770.76,17080.1,21.39,1597.02,2395.53,3194.03,13087.56,3271.89,9815.67,98.16,30.0
44,FY18,87835.94,66816.8,21019.14,23.93,1756.72,2635.08,3513.44,16627.34,4156.84,12470.5,124.7,30.0
44,FY19,96619.54,78348.78,18270.76,18.91,1932.39,2898.59,3864.78,13439.78,3359.95,10079.83,100.8,30.0
44,FY20,106281.49,91359.57,14921.92,14.04,2125.63,3188.44,4251.26,9607.85,2401.96,7205.89,72.06,30.0
44,FY21,116909.64,97572.79,19336.85,16.54,2338.19,3507.29,4676.39,13491.36,3372.84,10118.52,101.19,30.0
44,FY22,128600.61,105696.84,22903.77,17.81,2572.01,3858.02,5144.02,16473.74,4118.44,12355.3,123.55,30.0
44,FY23,141460.67,109872.5,31588.17,22.33,2829.21,4243.82,5658.43,24515.13,6128.78,18386.35,183.86,30.0
44,FY24,155606.73,122727.03,32879.7,21.13,3112.13,4668.2,6224.27,25099.36,6274.84,18824.52,188.25,30.0
45,FY11,21024.35,15183.79,5840.56,27.78,420.49,630.73,840.97,4789.35,1197.34,3592.01,35.92,30.0
45,FY12,23126.79,18110.59,5016.2,21.69,462.54,693.8,925.07,3859.87,964.97,2894.9,28.95,30.0
45,FY13,25439.47,21420.03,4019.44,15.8,508.79,763.18,1017.58,2747.47,686.87,2060.6,20.61,30.0
45,FY14,27983.41,24169.27,3814.14,13.63,559.67,839.5,1119.34,2414.97,603.74,1811.23,18.11,30.0
45,FY15,30781.75,26333.79,4447.96,14.45,615.63,923.45,1231.27,2908.87,727.22,2181.65,21.82,30.0
45,FY16,33859.93,28462.66,5397.27,15.94,677.2,1015.8,1354.4,3704.27,926.07,2778.2,27.78,30.0
45,FY17,37245.92,31819.19,5426.73,14.57,744.92,1117.38,1489.84,3564.43,891.11,2673.32,26.73,30.0
45,FY18,40970.52,34829.04,6141.48,14.99,819.41,1229.12,1638.82,4092.95,1023.24,3069.71,30.7,30.0
45,FY19,45067.57,37604.38,7463.19,16.56,901.35,1352.03,1802.7,5209.81,1302.45,3907.36,39.07,30.0
45,FY20,49574.32,42252.19,7322.13,14.77,991.49,1487.23,1982.97,4843.42,1210.86,3632.56,36.33,30.0
45,FY21,54531.76,40162.64,14369.12,26.35,1090.64,1635.95,2181.27,11642.54,2910.64,8731.9,87.32,30.0
45,FY22,59984.93,52018.93,7966.0,13.28,1199.7,1799.55,2399.4,4966.75,1241.69,3725.06,37.25,30.0
45,FY23,65983.43,52529.41,13454.02,20.39,1319.67,1979.5,2639.34,10154.85,2538.71,7616.14,76.16,30.0
45,FY24,72581.77,59103.34,13478.43,18.57,1451.64,2177.45,2903.27,9849.35,2462.34,7387.01,73.87,30.0
46,FY11,49207.04,42421.39,6785.65,13.79,984.14,1476.21,1968.28,4325.3,1081.33,3243.97,32.44,30.0
46,FY12,54127.74,44184.47,9943.27,18.37,1082.55,1623.83,2165.11,7236.88,1809.22,5427.66,54.28,30.0
46,FY13,59540.52,43160.92,16379.6,27.51,1190.81,1786.22,2381.62,13402.57,3350.64,10051.93,100.52,30.0
46,FY14,65494.57,48564.22,16930.35,25.85,1309.89,1964.84,2619.78,13655.62,3413.91,10241.71,102.42,30.0
46,FY15,72044.02,53982.58,18061.44,25.07,1440.88,2161.32,2881.76,14459.24,3614.81,10844.43,108.44,30.0
46,FY16,79248.43,66465.66,12782.77,16.13,1584.97,2377.45,3169.94,8820.35,2205.09,6615.26,66.15,30.0
46,FY17,87173.27,74332.65,12840.62,14.73,1743.47,2615.2,3486.93,8481.96,2120.49,6361.47,63.61,30.0
46,FY18,95890.6,74123.43,21767.17,22.7,1917.81,2876.72,3835.62,16972.64,4243.16,12729.48,127.29,30.0
46,FY19,105479.66,77137.28,28342.38,26.87,2109.59,3164.39,4219.19,23068.39,5767.1,17301.29,173.01,30.0
46,FY20,116027.62,91766.24,24261.38,20.91,2320.55,3480.83,4641.1,18460.0,4615.0,13845.0,138.45,30.0
46,FY21,127630.38,100636.55,26993.83,21.15,2552.61,3828.91,5105.22,20612.31,5153.08,15459.23,154.59,30.0
46,FY22,140393.42,117256.58,23136.84,16.48,2807.87,4211.8,5615.74,16117.17,4029.29,12087.88,120.88,30.0
46,FY23,154432.76,116890.16,37542.6,24.31,3088.66,4632.98,6177.31,29820.97,7455.24,22365.73,223.66,30.0
46,FY24,169876.04,144411.62,25464.42,14.99,3397.52,5096.28,6795.04,16970.62,4242.65,12727.97,127.28,30.0
47,FY11,19565.57,15885.29,3680.28,18.81,391.31,586.97,782.62,2702.0,675.5,2026.5,20.27,30.0
47,FY12,21522.12,17191.87,4330.25,20.12,430.44,645.66,860.88,3254.15,813.54,2440.61,24.41,30.0
47,FY13,23674.33,19914.85,3759.48,15.88,473.49,710.23,946.97,2575.77,643.94,1931.83,19.32,30.0
47,FY14,26041.77,22437.59,3604.18,13.84,520.84,781.25,1041.67,2302.1,575.52,1726.58,17.27,30.0
47,FY15,28645.94,22409.72,6236.22,21.77,572.92,859.38,1145.84,4803.92,1200.98,3602.94,36.03,30.0
47,FY16,31510.54,26273.49,5237.05,16.62,630.21,945.32,1260.42,3661.52,915.38,2746.14,27.46,30.0
47,FY17,34661.59,27278.67,7382.92,21.3,693.23,1039.85,1386.46,5649.84,1412.46,4237.38,42.37,30.0
47,FY18,38127.75,32610.66,5517.09,14.47,762.56,1143.83,1525.11,3610.71,902.68,2708.03,27.08,30.0
47,FY19,41940.53,33678.25,8262.28,19.7,838.81,1258.22,1677.62,6165.25,1541.31,4623.94,46.24,30.0
47,FY20,46134.58,36667.76,9466.82,20.52,922.69,1384.04,1845.38,7160.09,1790.02,5370.07,53.7,30.0
47,FY21,50748.04,44237.07,6510.97,12.83,1014.96,1522.44,2029.92,3973.57,993.39,2980.18,29.8,30.0
47,FY22,55822.84,46115.25,9707.59,17.39,1116.46,1674.69,2232.91,6916.45,1729.11,5187.34,51.87,30.0
47,FY23,61405.13,52716.3,8688.83,14.15,1228.1,1842.15,2456.21,5618.57,1404.64,4213.93,42.14,30.0
47,FY24,67545.64,58757.95,8787.69,13.01,1350.91,2026.37,2701.83,5410.4,1352.6,4057.8,40.58,30.0
48,FY11,49548.21,41045.74,8502.47,17.16,990.96,1486.45,1981.93,6025.05,1506.26,4518.79,45.19,30.0
48,FY12,54503.03,40899.07,13603.96,24.96,1090.06,1635.09,2180.12,10878.81,2719.7,8159.11,81.59,30.0
48,FY13,59953.33,50318.83,9634.5,16.07,1199.07,1798.6,2398.13,6636.84,1659.21,4977.63,49.78,30.0
48,FY14,65948.67,50846.42,15102.25,22.9,1318.97,1978.46,2637.95,11804.81,2951.2,8853.61,88.54,30.0
48,FY15,72543.53,55017.01,17526.52,24.16,1450.87,2176.31,2901.74,13899.34,3474.84,10424.5,104.25,30.0
48,FY16,79797.89,62617.4,17180.49,21.53,1595.96,2393.94,3191.92,13190.59,3297.65,9892.94,98.93,30.0
48,FY17,87777.68,70617.14,17160.54,19.55,1755.55,2633.33,3511.11,12771.65,3192.91,9578.74,95.79,30.0
48,FY18,96555.44,78605.78,17949.66,18.59,1931.11,2896.66,3862.22,13121.89,3280.47,9841.42,98.41,30.0
48,FY19,106210.99,87539.1,18671.89,17.58,2124.22,3186.33,4248.44,13361.34,3340.34,10021.0,100.21,30.0
48,FY20,116832.09,85439.31,31392.78,26.87,2336.64,3504.96,4673.28,25551.18,6387.8,19163.38,191.63,30.0
48,FY21,128515.3,96013.78,32501.52,25.29,2570.31,3855.46,5140.61,26075.76,6518.94,19556.82,195.57,30.0
48,FY22,141366.83,102575.77,38791.06,27.44,2827.34,4241.0,5654.67,31722.73,7930.68,23792.05,237.92,30.0
48,FY23,155503.51,133748.57,21754.94,13.99,3110.07,4665.11,6220.14,13979.76,3494.94,10484.82,104.85,30.0
48,FY24,171053.86,130531.2,40522.66,23.69,3421.08,5131.62,6842.15,31969.97,7992.49,23977.48,239.77,30.0
49,FY11,47225.32,40188.75,7036.57,14.9,944.51,1416.76,1889.01,4675.31,1168.83,3506.48,35.06,30.0
49,FY12,51947.85,45163.46,6784.39,13.06,1038.96,1558.44,2077.91,4187.0,1046.75,3140.25,31.4,30.0
49,FY13,57142.64,43508.41,13634.23,23.86,1142.85,1714.28,2285.71,10777.09,2694.27,8082.82,80.83,30.0
49,FY14,62856.9,49537.52,13319.38,21.19,1257.14,1885.71,2514.28,10176.53,2544.13,7632.4,76.32,30.0
49,FY15,69142.59,51531.97,17610.62,25.47,1382.85,2074.28,2765.7,14153.49,3538.37,10615.12,106.15,30.0
49,FY16,76056.85,65226.35,10830.5,14.24,1521.14,2281.71,3042.27,7027.66,1756.91,5270.75,52.71,30.0
49,FY17,83662.54,62981.16,20681.38,24.72,1673.25,2509.88,3346.5,16498.25,4124.56,12373.69,123.74,30.0
49,FY18,92028.79,78012.81,14015.98,15.23,1840.58,2760.86,3681.15,9414.55,2353.64,7060.91,70.61,30.0
49,FY19,101231.67,86431.6,14800.07,14.62,2024.63,3036.95,4049.27,9738.48,2434.62,7303.86,73.04,30.0
49,FY20,111354.84,95063.63,16291.21,14.63,2227.1,3340.65,4454.19,10723.47,2680.87,8042.6,80.43,30.0
49,FY21,122490.32,91830.99,30659.33,25.03,2449.81,3674.71,4899.61,24534.82,6133.7,18401.12,184.01,30.0
49,FY22,134739.35,104234.36,30504.99,22.64,2694.79,4042.18,5389.57,23768.03,5942.01,17826.02,178.26,30.0
49,FY23,148213.29,118022.24,30191.05,20.37,2964.27,4446.4,5928.53,22780.39,5695.1,17085.29,170.85,30.0
49,FY24,163034.61,134112.27,28922.34,17.74,3260.69,4891.04,6521.38,20770.61,5192.65,15577.96,155.78,30.0
50,FY11,44474.02,36344.17,8129.85,18.28,889.48,1334.22,1778.96,5906.15,1476.54,4429.61,44.3,30.0
50,FY12,48921.43,36656.83,12264.6,25.07,978.43,1467.64,1956.86,9818.53,2454.63,7363.9,73.64,30.0
50,FY13,53813.57,43572.85,10240.72,19.03,1076.27,1614.41,2152.54,7550.04,1887.51,5662.53,56.63,30.0
50,FY14,59194.93,48522.08,10672.85,18.03,1183.9,1775.85,2367.8,7713.1,1928.28,5784.82,57.85,30.0
50,FY15,65114.42,52482.22,12632.2,19.4,1302.29,1953.43,2604.58,9376.48,2344.12,7032.36,70.32,30.0
50,FY16,71625.86,59578.39,12047.47,16.82,1432.52,2148.78,2865.03,8466.18,2116.55,6349.63,63.5,30.0
50,FY17,78788.45,59910.74,18877.71,23.96,1575.77,2363.65,3151.54,14938.29,3734.57,11203.72,112.04,30.0
50,FY18,86667.29,69299.17,17368.12,20.04,1733.35,2600.02,3466.69,13034.76,3258.69,9776.07,97.76,30.0
50,FY19,95334.02,80347.51,14986.51,15.72,1906.68,2860.02,3813.36,10219.81,2554.95,7664.86,76.65,30.0
50,FY20,104867.42,77192.91,27674.51,26.39,2097.35,3146.02,4194.7,22431.14,5607.78,16823.36,168.23,30.0
50,FY21,115354.17,94428.92,20925.25,18.14,2307.08,3460.63,4614.17,15157.53,3789.38,11368.15,113.68,30.0
50,FY22,126889.58,100623.44,26266.14,20.7,2537.79,3806.69,5075.58,19921.66,4980.41,14941.25,149.41,30.0
50,FY23,139578.54,102590.23,36988.31,26.5,2791.57,4187.36,5583.14,30009.38,7502.35,22507.03,225.07,30.0
50,FY24,153536.39,119773.74,33762.65,21.99,3070.73,4606.09,6141.46,26085.83,6521.46,19564.37,195.64,30.0
51,FY11,10260.41,7486.0,2774.41,27.04,205.21,307.81,410.42,2261.39,565.35,1696.04,16.96,30.0
51,FY12,11286.45,8798.92,2487.53,22.04,225.73,338.59,451.46,1923.21,480.8,1442.41,14.42,30.0
51,FY13,12415.1,10259.84,2155.26,17.36,248.3,372.45,496.6,1534.51,383.63,1150.88,11.51,30.0
51,FY14,13656.61,11713.27,1943.34,14.23,273.13,409.7,546.26,1260.51,315.13,945.38,9.45,30.0
51,FY15,15022.27,11311.77,3710.5,24.7,300.45,450.67,600.89,2959.39,739.85,2219.54,22.2,30.0
51,FY16,16524.5,12902.33,3622.17,21.92,330.49,495.73,660.98,2795.95,698.99,2096.96,20.97,30.0
51,FY17,18176.95,14443.4,3733.55,20.54,363.54,545.31,727.08,2824.7,706.17,2118.53,21.19,30.0
51,FY18,19994.64,14736.05,5258.59,26.3,399.89,599.84,799.79,4258.85,1064.71,3194.14,31.94,30.0
51,FY19,21994.1,16579.15,5414.95,24.62,439.88,659.82,879.76,4315.25,1078.81,3236.44,32.36,30.0
51,FY20,24193.51,20702.39,3491.12,14.43,483.87,725.81,967.74,2281.44,570.36,1711.08,17.11,30.0
51,FY21,26612.87,22091.34,4521.53,16.99,532.26,798.39,1064.51,3190.89,797.72,2393.17,23.93,30.0
51,FY22,29274.15,24596.14,4678.01,15.98,585.48,878.22,1170.97,3214.3,803.58,2410.72,24.11,30.0
51,FY23,32201.57,24505.39,7696.18,23.9,644.03,966.05,1288.06,6086.1,1521.53,4564.57,45.65,30.0
51,FY24,35421.72,30979.84,4441.88,12.54,708.43,1062.65,1416.87,2670.79,667.7,2003.09,20.03,30.0
52,FY11,30645.04,23228.94,7416.1,24.2,612.9,919.35,1225.8,5883.85,1470.96,4412.89,44.13,30.0
52,FY12,33709.54,24934.95,8774.59,26.03,674.19,1011.29,1348.38,7089.11,1772.28,5316.83,53.17,30.0
52,FY13,37080.49,30602.53,6477.96,17.47,741.61,1112.41,1483.22,4623.94,1155.98,3467.96,34.68,30.0
52,FY14,40788.54,30534.3,10254.24,25.14,815.77,1223.66,1631.54,8214.81,2053.7,6161.11,61.61,30.0
52,FY15,44867.4,38689.16,6178.24,13.77,897.35,1346.02,1794.7,3934.87,983.72,2951.15,29.51,30.0
52,FY16,49354.14,36749.09,12605.05,25.54,987.08,1480.62,1974.17,10137.34,2534.34,7603.0,76.03,30.0
52,FY17,54289.55,46667.3,7622.25,14.04,1085.79,1628.69,2171.58,4907.77,1226.94,3680.83,36.81,30.0
52,FY18,59718.51,48754.19,10964.32,18.36,1194.37,1791.56,2388.74,7978.39,1994.6,5983.79,59.84,30.0
52,FY19,65690.36,49425.43,16264.93,24.76,1313.81,1970.71,2627.61,12980.42,3245.11,9735.31,97.35,30.0
52,FY20,72259.39,61854.04,10405.35,14.4,1445.19,2167.78,2890.38,6792.38,1698.1,5094.28,50.94,30.0
52,FY21,79485.33,67029.98,12455.35,15.67,1589.71,2384.56,3179.41,8481.09,2120.27,6360.82,63.61,30.0
52,FY22,87433.86,66834.44,20599.42,23.56,1748.68,2623.02,3497.35,16227.73,4056.93,12170.8,121.71,30.0
52,FY23,96177.25,73556.36,22620.89,23.52,1923.55,2885.32,3847.09,17812.03,4453.01,13359.02,133.59,30.0
52,FY24,105794.98,82245.02,23549.96,22.26,2115.9,3173.85,4231.8,18260.21,4565.05,13695.16,136.95,30.0
53,FY11,36227.68,28735.8,7491.88,20.68,724.55,1086.83,1449.11,5680.49,1420.12,4260.37,42.6,30.0
53,FY12,39850.45,33462.42,6388.03,16.03,797.01,1195.51,1594.02,4395.51,1098.88,3296.63,32.97,30.0
53,FY13,43835.49,36151.13,7684.36,17.53,876.71,1315.06,1753.42,5492.59,1373.15,4119.44,41.19,30.0
53,FY14,48219.04,41029.58,7189.46,14.91,964.38,1446.57,1928.76,4778.51,1194.63,3583.88,35.84,30.0
53,FY15,53040.95,38963.88,14077.07,26.54,1060.82,1591.23,2121.64,11425.02,2856.26,8568.76,85.69,30.0
53,FY16,58345.04,45900.04,12445.0,21.33,1166.9,1750.35,2333.8,9527.75,2381.94,7145.81,71.46,30.0
53,FY17,64179.55,52364.09,11815.46,18.41,1283.59,1925.39,2567.18,8606.48,2151.62,6454.86,64.55,30.0
53,FY18,70597.5,56908.64,13688.86,19.39,1411.95,2117.92,2823.9,10158.99,2539.75,7619.24,76.19,30.0
53,FY19,77657.25,56565.54,21091.71,27.16,1553.14,2329.72,3106.29,17208.84,4302.21,12906.63,129.07,30.0
53,FY20,85422.97,73079.35,12343.62,14.45,1708.46,2562.69,3416.92,8072.47,2018.12,6054.35,60.54,30.0
53,FY21,93965.27,73875.5,20089.77,21.38,1879.31,2818.96,3758.61,15391.51,3847.88,11543.63,115.44,30.0
53,FY22,103361.8,82596.41,20765.39,20.09,2067.24,3100.85,4134.47,15597.31,3899.33,11697.98,116.98,30.0
53,FY23,113697.98,88934.56,24763.42,21.78,2273.96,3410.94,4547.92,19078.52,4769.63,14308.89,143.09,30.0
53,FY24,125067.78,109696.95,15370.83,12.29,2501.36,3752.03,5002.71,9117.45,2279.36,6838.09,68.38,30.0
54,FY11,44245.58,32339.09,11906.49,26.91,884.91,1327.37,1769.82,9694.21,2423.55,7270.66,72.71,30.0
54,FY12,48670.13,38429.93,10240.2,21.04,973.4,1460.1,1946.81,7806.69,1951.67,5855.02,58.55,30.0
54,FY13,53537.15,41143.3,12393.85,23.15,1070.74,1606.11,2141.49,9716.99,2429.25,7287.74,72.88,30.0
54,FY14,58890.86,43131.67,15759.19,26.76,1177.82,1766.73,2355.63,12814.65,3203.66,9610.99,96.11,30.0
54,FY15,64779.95,49673.27,15106.68,23.32,1295.6,1943.4,2591.2,11867.68,2966.92,8900.76,89.01,30.0
54,FY16,71257.94,60968.29,10289.65,14.44,1425.16,2137.74,2850.32,6726.75,1681.69,5045.06,50.45,30.0
54,FY17,78383.74,61750.71,16633.03,21.22,1567.67,2351.51,3135.35,12713.84,3178.46,9535.38,95.35,30.0
54,FY18,86222.11,67503.29,18718.82,21.71,1724.44,2586.66,3448.88,14407.72,3601.93,10805.79,108.06,30.0
54,FY19,94844.32,77023.07,17821.25,18.79,1896.89,2845.33,3793.77,13079.04,3269.76,9809.28,98.09,30.0
54,FY20,104328.75,79519.37,24809.38,23.78,2086.57,3129.86,4173.15,19592.94,4898.23,14694.71,146.95,30.0
54,FY21,114761.63,83833.37,30928.26,26.95,2295.23,3442.85,4590.47,25190.17,6297.54,18892.63,188.93,30.0
54,FY22,126237.79,92393.44,33844.35,26.81,2524.76,3787.13,5049.51,27532.47,6883.12,20649.35,206.49,30.0
54,FY23,138861.57,112186.26,26675.31,19.21,2777.23,4165.85,5554.46,19732.23,4933.06,14799.17,147.99,30.0
54,FY24,152747.73,131653.27,21094.46,13.81,3054.95,4582.43,6109.91,13457.07,3364.27,10092.8,100.93,30.0
55,FY11,49317.85,36781.25,12536.6,25.42,986.36,1479.54,1972.71,10070.71,2517.68,7553.03,75.53,30.0
55,FY12,54249.64,46660.12,7589.52,13.99,1084.99,1627.49,2169.99,4877.03,1219.26,3657.77,36.58,30.0
55,FY13,59674.6,43723.58,15951.02,26.73,1193.49,1790.24,2386.98,12967.29,3241.82,9725.47,97.25,30.0
55,FY14,65642.06,48627.64,17014.42,25.92,1312.84,1969.26,2625.68,13732.32,3433.08,10299.24,102.99,30.0
55,FY15,72206.27,57548.4,14657.87,20.3,1444.13,2166.19,2888.25,11047.56,2761.89,8285.67,82.86,30.0
55,FY16,79426.9,62381.89,17045.01,21.46,1588.54,2382.81,3177.08,13073.66,3268.41,9805.25,98.05,30.0
55,FY17,87369.59,71311.06,16058.53,18.38,1747.39,2621.09,3494.78,11690.05,2922.51,8767.54,87.68,30.0
55,FY18,96106.55,83728.03,12378.52,12.88,1922.13,2883.2,3844.26,7573.19,1893.3,5679.89,56.8,30.0
55,FY19,105717.2,87364.69,18352.51,17.36,2114.34,3171.52,4228.69,13066.64,3266.66,9799.98,98.0,30.0
55,FY20,116288.92,87391.12,28897.8,24.85,2325.78,3488.67,4651.56,23083.35,5770.84,17312.51,173.13,30.0
55,FY21,127917.81,112478.13,15439.68,12.07,2558.36,3837.53,5116.71,9043.8,2260.95,6782.85,67.83,30.0
55,FY22,140709.59,116310.55,24399.04,17.34,2814.19,4221.29,5628.38,17363.56,4340.89,13022.67,130.23,30.0
55,FY23,154780.55,126347.36,28433.19,18.37,3095.61,4643.42,6191.22,20694.16,5173.54,15520.62,155.21,30.0
55,FY24,170258.61,135185.34,35073.27,20.6,3405.17,5107.76,6810.34,26560.34,6640.09,19920.25,199.2,30.0
56,FY11,46393.5,38256.08,8137.42,17.54,927.87,1391.8,1855.74,5817.75,1454.44,4363.31,43.63,30.0
56,FY12,51032.85,42076.58,8956.27,17.55,1020.66,1530.99,2041.31,6404.63,1601.16,4803.47,48.03,30.0
56,FY13,56136.14,42775.74,13360.4,23.8,1122.72,1684.08,2245.45,10553.59,2638.4,7915.19,79.15,30.0
56,FY14,61749.75,49869.1,11880.65,19.24,1235.0,1852.49,2469.99,8793.17,2198.29,6594.88,65.95,30.0
56,FY15,67924.73,57335.26,10589.47,15.59,1358.49,2037.74,2716.99,7193.23,1798.31,5394.92,53.95,30.0
56,FY16,74717.2,60341.61,14375.59,19.24,1494.34,2241.52,2988.69,10639.72,2659.93,7979.79,79.8,30.0
56,FY17,82188.92,70477.0,11711.92,14.25,1643.78,2465.67,3287.56,7602.47,1900.62,5701.85,57.02,30.0
56,FY18,90407.81,77009.37,13398.44,14.82,1808.16,2712.23,3616.31,8878.06,2219.51,6658.55,66.59,30.0
56,FY19,99448.59,79588.71,19859.88,19.97,1988.97,2983.46,3977.94,14887.45,3721.86,11165.59,111.66,30.0
56,FY20,109393.45,88936.87,20456.58,18.7,2187.87,3281.8,4375.74,14986.91,3746.73,11240.18,112.4,30.0
56,FY21,120332.8,88276.14,32056.66,26.64,2406.66,3609.98,4813.31,26040.03,6510.01,19530.02,195.3,30.0
56,FY22,132366.08,108804.92,23561.16,17.8,2647.32,3970.98,5294.64,16942.86,4235.72,12707.14,127.07,30.0
56,FY23,145602.69,114603.88,30998.81,21.29,2912.05,4368.08,5824.11,23718.67,5929.67,17789.0,177.89,30.0
56,FY24,160162.95,124734.91,35428.04,22.12,3203.26,4804.89,6406.52,27419.89,6854.97,20564.92,205.65,30.0
57,FY11,5589.25,4324.96,1264.29,22.62,111.78,167.68,223.57,984.82,246.21,738.61,7.39,30.0
57,FY12,6148.18,5235.18,913.0,14.85,122.96,184.45,245.93,605.58,151.4,454.18,4.54,30.0
57,FY13,6762.99,4911.28,1851.71,27.38,135.26,202.89,270.52,1513.56,378.39,1135.17,11.35,30.0
57,FY14,7439.29,6369.52,1069.77,14.38,148.79,223.18,297.57,697.81,174.45,523.36,5.23,30.0
57,FY15,8183.22,6658.69,1524.53,18.63,163.66,245.5,327.33,1115.36,278.84,836.52,8.37,30.0
57,FY16,9001.54,7798.03,1203.51,13.37,180.03,270.05,360.06,753.43,188.36,565.07,5.65,30.0
57,FY17,9901.7,7134.17,2767.53,27.95,198.03,297.05,396.07,2272.44,568.11,1704.33,17.04,30.0
57,FY18,10891.87,8709.14,2182.73,20.04,217.84,326.76,435.67,1638.14,409.54,1228.6,12.29,30.0
57,FY19,11981.05,9401.53,2579.52,21.53,239.62,359.43,479.24,1980.47,495.12,1485.35,14.85,30.0
57,FY20,13179.16,11456.64,1722.52,13.07,263.58,395.37,527.17,1063.56,265.89,797.67,7.98,30.0
57,FY21,14497.08,11017.78,3479.3,24.0,289.94,434.91,579.88,2754.45,688.61,2065.84,20.66,30.0
57,FY22,15946.78,13497.35,2449.43,15.36,318.94,478.4,637.87,1652.1,413.02,1239.08,12.39,30.0
57,FY23,17541.46,12915.78,4625.68,26.37,350.83,526.24,701.66,3748.61,937.15,2811.46,28.11,30.0
57,FY24,19295.61,16347.24,2948.37,15.28,385.91,578.87,771.82,1983.59,495.9,1487.69,14.88,30.0
58,FY11,13580.95,11872.47,1708.48,12.58,271.62,407.43,543.24,1029.43,257.36,772.07,7.72,30.0
58,FY12,14939.04,12018.46,2920.58,19.55,298.78,448.17,597.56,2173.63,543.41,1630.22,16.3,30.0
58,FY13,16432.95,12975.46,3457.49,21.04,328.66,492.99,657.32,2635.84,658.96,1976.88,19.77,30.0
58,FY14,18076.24,15717.29,2358.95,13.05,361.52,542.29,723.05,1455.13,363.78,1091.35,10.91,30.0
58,FY15,19883.87,15030.22,4853.65,24.41,397.68,596.52,795.35,3859.46,964.87,2894.59,28.95,30.0
58,FY16,21872.25,17661.84,4210.41,19.25,437.44,656.17,874.89,3116.79,779.2,2337.59,23.38,30.0
58,FY17,24059.48,19153.75,4905.73,20.39,481.19,721.78,962.38,3702.76,925.69,2777.07,27.77,30.0
58,FY18,26465.42,21423.76,5041.66,19.05,529.31,793.96,1058.62,3718.39,929.6,2788.79,27.89,30.0
58,FY19,29111.97,23752.46,5359.51,18.41,582.24,873.36,1164.48,3903.91,975.98,2927.93,29.28,30.0
58,FY20,32023.16,25314.31,6708.85,20.95,640.46,960.69,1280.93,5107.69,1276.92,3830.77,38.31,30.0
58,FY21,35225.48,30124.83,5100.65,14.48,704.51,1056.76,1409.02,3339.38,834.85,2504.53,25.05,30.0
58,FY22,38748.03,32970.7,5777.33,14.91,774.96,1162.44,1549.92,3839.93,959.98,2879.95,28.8,30.0
58,FY23,42622.83,31630.4,10992.43,25.79,852.46,1278.68,1704.91,8861.3,2215.32,6645.98,66.46,30.0
58,FY24,46885.11,34160.49,12724.62,27.14,937.7,1406.55,1875.4,10380.37,2595.09,7785.28,77.85,30.0
59,FY11,21798.92,18239.16,3559.76,16.33,435.98,653.97,871.96,2469.81,617.45,1852.36,18.52,30.0
59,FY12,23978.81,18631.54,5347.27,22.3,479.58,719.36,959.15,4148.34,1037.09,3111.25,31.11,30.0
59,FY13,26376.69,21486.45,4890.24,18.54,527.53,791.3,1055.07,3571.4,892.85,2678.55,26.79,30.0
59,FY14,29014.36,25413.68,3600.68,12.41,580.29,870.43,1160.57,2149.97,537.49,1612.48,16.12,30.0
59,FY15,31915.8,27288.01,4627.79,14.5,638.32,957.47,1276.63,3032.01,758.0,2274.01,22.74,30.0
59,FY16,35107.38,26871.19,8236.19,23.46,702.15,1053.22,1404.3,6480.82,1620.2,4860.62,48.61,30.0
59,FY17,38618.12,29913.6,8704.52,22.54,772.36,1158.54,1544.72,6773.62,1693.4,5080.22,50.8,30.0
59,FY18,42479.93,37199.67,5280.26,12.43,849.6,1274.4,1699.2,3156.26,789.07,2367.19,23.67,30.0
59,FY19,46727.92,39461.73,7266.19,15.55,934.56,1401.84,1869.12,4929.79,1232.45,3697.34,36.97,30.0
59,FY20,51400.71,43330.8,8069.91,15.7,1028.01,1542.02,2056.03,5499.87,1374.97,4124.9,41.25,30.0
59,FY21,56540.78,43677.75,12863.03,22.75,1130.82,1696.22,2261.63,10036.0,2509.0,7527.0,75.27,30.0
59,FY22,62194.86,54532.45,7662.41,12.32,1243.9,1865.85,2487.79,4552.67,1138.17,3414.5,34.15,30.0
59,FY23,68414.35,59062.11,9352.24,13.67,1368.29,2052.43,2736.57,5931.53,1482.88,4448.65,44.49,30.0
59,FY24,75255.78,56592.35,18663.43,24.8,1505.12,2257.67,3010.23,14900.65,3725.16,11175.49,111.75,30.0
60,FY11,13034.51,10109.57,2924.94,22.44,260.69,391.04,521.38,2273.21,568.3,1704.91,17.05,30.0
60,FY12,14337.96,12071.13,2266.83,15.81,286.76,430.14,573.52,1549.93,387.48,1162.45,11.62,30.0
60,FY13,15771.76,13628.38,2143.38,13.59,315.44,473.15,630.87,1354.8,338.7,1016.1,10.16,30.0
60,FY14,17348.93,14592.19,2756.74,15.89,346.98,520.47,693.96,1889.29,472.32,1416.97,14.17,30.0
60,FY15,19083.83,14587.68,4496.15,23.56,381.68,572.51,763.35,3541.97,885.49,2656.48,26.56,30.0
60,FY16,20992.21,15599.31,5392.9,25.69,419.84,629.77,839.69,4343.28,1085.82,3257.46,32.57,30.0
60,FY17,23091.43,17253.92,5837.51,25.28,461.83,692.74,923.66,4682.94,1170.73,3512.21,35.12,30.0
60,FY18,25400.57,20739.57,4661.0,18.35,508.01,762.02,1016.02,3390.97,847.74,2543.23,25.43,30.0
60,FY19,27940.63,21600.9,6339.73,22.69,558.81,838.22,1117.63,4942.69,1235.67,3707.02,37.07,30.0
60,FY20,30734.69,26038.43,4696.26,15.28,614.69,922.04,1229.39,3159.52,789.88,2369.64,23.7,30.0
60,FY21,33808.16,28165.58,5642.58,16.69,676.16,1014.24,1352.33,3952.17,988.04,2964.13,29.64,30.0
60,FY22,37188.98,27393.4,9795.58,26.34,743.78,1115.67,1487.56,7936.13,1984.03,5952.1,59.52,30.0
60,FY23,40907.88,35913.03,4994.85,12.21,818.16,1227.24,1636.32,2949.45,737.36,2212.09,22.12,30.0
60,FY24,44998.66,38982.34,6016.32,13.37,899.97,1349.96,1799.95,3766.38,941.6,2824.78,28.25,30.0
61,FY11,14354.88,12572.0,1782.88,12.42,287.1,430.65,574.2,1065.13,266.28,798.85,7.99,30.0
61,FY12,15790.37,13437.6,2352.77,14.9,315.81,473.71,631.61,1563.26,390.81,1172.45,11.72,30.0
61,FY13,17369.41,13664.51,3704.9,21.33,347.39,521.08,694.78,2836.43,709.11,2127.32,21.27,30.0
61,FY14,19106.35,15525.82,3580.53,18.74,382.13,573.19,764.25,2625.22,656.3,1968.92,19.69,30.0
61,FY15,21016.98,15493.72,5523.26,26.28,420.34,630.51,840.68,4472.41,1118.1,3354.31,33.54,30.0
61,FY16,23118.68,17320.52,5798.16,25.08,462.37,693.56,924.75,4642.22,1160.56,3481.66,34.82,30.0
61,FY17,25430.55,20987.83,4442.72,17.47,508.61,762.92,1017.22,3171.19,792.8,2378.39,23.78,30.0
61,FY18,27973.6,23455.86,4517.74,16.15,559.47,839.21,1118.94,3119.06,779.76,2339.3,23.39,30.0
61,FY19,30770.96,25207.57,5563.39,18.08,615.42,923.13,1230.84,4024.84,1006.21,3018.63,30.19,30.0
61,FY20,33848.06,26591.04,7257.02,21.44,676.96,1015.44,1353.92,5564.62,1391.15,4173.47,41.73,30.0
61,FY21,37232.87,31167.64,6065.23,16.29,744.66,1116.99,1489.31,4203.59,1050.9,3152.69,31.53,30.0
61,FY22,40956.15,31949.89,9006.26,21.99,819.12,1228.68,1638.25,6958.45,1739.61,5218.84,52.19,30.0
61,FY23,45051.77,36694.67,8357.1,18.55,901.04,1351.55,1802.07,6104.52,1526.13,4578.39,45.78,30.0
61,FY24,49556.94,39234.23,10322.71,20.83,991.14,1486.71,1982.28,7844.86,1961.21,5883.65,58.84,30.0
62,FY11,24625.69,20510.74,4114.95,16.71,492.51,738.77,985.03,2883.66,720.91,2162.75,21.63,30.0
62,FY12,27088.26,19725.67,7362.59,27.18,541.77,812.65,1083.53,6008.18,1502.05,4506.13,45.06,30.0
62,FY13,29797.09,22580.23,7216.86,24.22,595.94,893.91,1191.88,5727.01,1431.75,4295.26,42.95,30.0
62,FY14,32776.8,28109.38,4667.42,14.24,655.54,983.3,1311.07,3028.59,757.15,2271.44,22.71,30.0
62,FY15,36054.48,26716.37,9338.11,25.9,721.09,1081.63,1442.18,7535.39,1883.85,5651.54,56.52,30.0
62,FY16,39659.93,31807.26,7852.67,19.8,793.2,1189.8,1586.4,5869.67,1467.42,4402.25,44.02,30.0
62,FY17,43625.92,32147.94,11477.98,26.31,872.52,1308.78,1745.04,9296.68,2324.17,6972.51,69.73,30.0
62,FY18,47988.51,36087.36,11901.15,24.8,959.77,1439.66,1919.54,9501.72,2375.43,7126.29,71.26,30.0
62,FY19,52787.36,42863.34,9924.02,18.8,1055.75,1583.62,2111.49,7284.66,1821.16,5463.5,54.63,30.0
62,FY20,58066.1,50889.13,7176.97,12.36,1161.32,1741.98,2322.64,4273.67,1068.42,3205.25,32.05,30.0
62,FY21,63872.71,53461.46,10411.25,16.3,1277.45,1916.18,2554.91,7217.61,1804.4,5413.21,54.13,30.0
62,FY22,70259.98,55737.24,14522.74,20.67,1405.2,2107.8,2810.4,11009.74,2752.43,8257.31,82.57,30.0
62,FY23,77285.98,60174.86,17111.12,22.14,1545.72,2318.58,3091.44,13246.82,3311.7,9935.12,99.35,30.0
62,FY24,85014.57,71301.72,13712.85,16.13,1700.29,2550.44,3400.58,9462.12,2365.53,7096.59,70.97,30.0
63,FY11,11271.02,8412.69,2858.33,25.36,225.42,338.13,450.84,2294.78,573.7,1721.08,17.21,30.0
63,FY12,12398.13,8957.65,3440.48,27.75,247.96,371.94,495.93,2820.57,705.14,2115.43,21.15,30.0
63,FY13,13637.94,10854.44,2783.5,20.41,272.76,409.14,545.52,2101.6,525.4,1576.2,15.76,30.0
63,FY14,15001.73,12788.97,2212.76,14.75,300.03,450.05,600.07,1462.67,365.67,1097.0,10.97,30.0
63,FY15,16501.91,13802.2,2699.71,16.36,330.04,495.06,660.08,1874.61,468.65,1405.96,14.06,30.0
63,FY16,18152.1,15921.21,2230.89,12.29,363.04,544.56,726.08,1323.29,330.82,992.47,9.92,30.0
63,FY17,19967.31,14650.02,5317.29,26.63,399.35,599.02,798.69,4318.93,1079.73,3239.2,32.39,30.0
63,FY18,21964.04,18915.43,3048.61,13.88,439.28,658.92,878.56,1950.41,487.6,1462.81,14.63,30.0
63,FY19,24160.44,19033.59,5126.85,21.22,483.21,724.81,966.42,3918.83,979.71,2939.12,29.39,30.0
63,FY20,26576.48,22223.25,4353.23,16.38,531.53,797.29,1063.06,3024.41,756.1,2268.31,22.68,30.0
63,FY21,29234.13,23132.97,6101.16,20.87,584.68,877.02,1169.37,4639.45,1159.86,3479.59,34.8,30.0
63,FY22,32157.54,24947.82,7209.72,22.42,643.15,964.73,1286.3,5601.84,1400.46,4201.38,42.01,30.0
63,FY23,35373.3,26430.93,8942.37,25.28,707.47,1061.2,1414.93,7173.71,1793.43,5380.28,53.8,30.0
63,FY24,38910.63,32957.3,5953.33,15.3,778.21,1167.32,1556.43,4007.79,1001.95,3005.84,30.06,30.0
64,FY11,5494.81,4715.1,779.71,14.19,109.9,164.84,219.79,504.98,126.25,378.73,3.79,30.0
64,FY12,6044.29,4448.6,1595.69,26.4,120.89,181.33,241.77,1293.48,323.37,970.11,9.7,30.0
64,FY13,6648.72,4921.38,1727.34,25.98,132.97,199.46,265.95,1394.9,348.73,1046.17,10.46,30.0
64,FY14,7313.6,5736.79,1576.81,21.56,146.27,219.41,292.54,1211.13,302.78,908.35,9.08,30.0
64,FY15,8044.95,6306.44,1738.51,21.61,160.9,241.35,321.8,1336.26,334.06,1002.2,10.02,30.0
64,FY16,8849.45,6845.93,2003.52,22.64,176.99,265.48,353.98,1561.05,390.26,1170.79,11.71,30.0
64,FY17,9734.4,8292.74,1441.66,14.81,194.69,292.03,389.38,954.94,238.74,716.2,7.16,30.0
64,FY18,10707.83,7856.33,2851.5,26.63,214.16,321.23,428.31,2316.12,579.03,1737.09,17.37,30.0
64,FY19,11778.62,9576.02,2202.6,18.7,235.57,353.36,471.14,1613.67,403.42,1210.25,12.1,30.0
64,FY20,12956.48,10607.47,2349.01,18.13,259.13,388.69,518.26,1701.19,425.3,1275.89,12.76,30.0
64,FY21,14252.13,11358.95,2893.18,20.3,285.04,427.56,570.09,2180.57,545.14,1635.43,16.35,30.0
64,FY22,15677.34,13678.48,1998.86,12.75,313.55,470.32,627.09,1215.0,303.75,911.25,9.11,30.0
64,FY23,17245.07,14716.94,2528.13,14.66,344.9,517.35,689.8,1665.88,416.47,1249.41,12.49,30.0
64,FY24,18969.58,14452.92,4516.66,23.81,379.39,569.09,758.78,3568.18,892.04,2676.14,26.76,30.0
65,FY11,8725.94,6836.77,1889.17,21.65,174.52,261.78,349.04,1452.87,363.22,1089.65,10.9,30.0
65,FY12,9598.53,8069.48,1529.05,15.93,191.97,287.96,383.94,1049.12,262.28,786.84,7.87,30.0
65,FY13,10558.39,8633.6,1924.79,18.23,211.17,316.75,422.34,1396.87,349.22,1047.65,10.48,30.0
65,FY14,11614.23,9683.94,1930.29,16.62,232.28,348.43,464.57,1349.57,337.39,1012.18,10.12,30.0
65,FY15,12775.65,10515.64,2260.01,17.69,255.51,383.27,511.03,1621.22,405.31,1215.91,12.16,30.0
65,FY16,14053.21,10750.71,3302.5,23.5,281.06,421.6,562.13,2599.83,649.96,1949.87,19.5,30.0
65,FY17,15458.54,12869.23,2589.31,16.75,309.17,463.76,618.34,1816.38,454.1,1362.28,13.62,30.0
65,FY18,17004.39,13423.27,3581.12,21.06,340.09,510.13,680.18,2730.9,682.73,2048.17,20.48,30.0
65,FY19,18704.83,15034.94,3669.89,19.62,374.1,561.14,748.19,2734.66,683.66,2051.0,20.51,30.0
65,FY20,20575.31,15921.17,4654.14,22.62,411.51,617.26,823.01,3625.38,906.35,2719.03,27.19,30.0
65,FY21,22632.84,16524.24,6108.6,26.99,452.66,678.99,905.31,4976.96,1244.24,3732.72,37.33,30.0
65,FY22,24896.13,18990.77,5905.36,23.72,497.92,746.88,995.85,4660.55,1165.14,3495.41,34.95,30.0
65,FY23,27385.74,23157.38,4228.36,15.44,547.71,821.57,1095.43,2859.07,714.77,2144.3,21.44,30.0
65,FY24,30124.31,26358.77,3765.54,12.5,602.49,903.73,1204.97,2259.33,564.83,1694.5,16.95,30.0
66,FY11,16801.88,13186.12,3615.76,21.52,336.04,504.06,672.08,2775.66,693.91,2081.75,20.82,30.0
66,FY12,18482.07,16112.67,2369.4,12.82,369.64,554.46,739.28,1445.3,361.32,1083.98,10.84,30.0
66,FY13,20330.28,16276.42,4053.86,19.94,406.61,609.91,813.21,3037.35,759.34,2278.01,22.78,30.0
66,FY14,22363.3,17544.01,4819.29,21.55,447.27,670.9,894.53,3701.13,925.28,2775.85,27.76,30.0
66,FY15,24599.64,20331.6,4268.04,17.35,491.99,737.99,983.99,3038.05,759.51,2278.54,22.79,30.0
66,FY16,27059.6,20476.0,6583.6,24.33,541.19,811.79,1082.38,5230.62,1307.65,3922.97,39.23,30.0
66,FY17,29765.56,25684.7,4080.86,13.71,595.31,892.97,1190.62,2592.58,648.14,1944.44,19.44,30.0
66,FY18,32742.11,28420.15,4321.96,13.2,654.84,982.26,1309.68,2684.86,671.22,2013.64,20.14,30.0
66,FY19,36016.33,27498.47,8517.86,23.65,720.33,1080.49,1440.65,6717.05,1679.26,5037.79,50.38,30.0
66,FY20,39617.96,31722.1,7895.86,19.93,792.36,1188.54,1584.72,5914.96,1478.74,4436.22,44.36,30.0
66,FY21,43579.75,33552.05,10027.7,23.01,871.6,1307.39,1743.19,7848.72,1962.18,5886.54,58.87,30.0
66,FY22,47937.73,38848.74,9088.99,18.96,958.75,1438.13,1917.51,6692.1,1673.03,5019.07,50.19,30.0
66,FY23,52731.5,44326.1,8405.4,15.94,1054.63,1581.94,2109.26,5768.83,1442.21,4326.62,43.27,30.0
66,FY24,58004.65,43439.68,14564.97,25.11,1160.09,1740.14,2320.19,11664.73,2916.18,8748.55,87.49,30.0
67,FY11,40973.71,31500.59,9473.12,23.12,819.47,1229.21,1638.95,7424.43,1856.11,5568.32,55.68,30.0
67,FY12,45071.09,37701.97,7369.12,16.35,901.42,1352.13,1802.84,5115.57,1278.89,3836.68,38.37,30.0
67,FY13,49578.19,38948.63,10629.56,21.44,991.56,1487.35,1983.13,8150.64,2037.66,6112.98,61.13,30.0
67,FY14,54536.01,44839.51,9696.5,17.78,1090.72,1636.08,2181.44,6969.7,1742.42,5227.28,52.27,30.0
67,FY15,59989.62,51909.02,8080.6,13.47,1199.79,1799.69,2399.58,5081.12,1270.28,3810.84,38.11,30.0
67,FY16,65988.58,48382.83,17605.75,26.68,1319.77,1979.66,2639.54,14306.32,3576.58,10729.74,107.3,30.0
67,FY17,72587.43,62287.27,10300.16,14.19,1451.75,2177.62,2903.5,6670.79,1667.7,5003.09,50.03,30.0
67,FY18,79846.18,58128.02,21718.16,27.2,1596.92,2395.39,3193.85,17725.84,4431.46,13294.38,132.94,30.0
67,FY19,87830.8,71019.98,16810.82,19.14,1756.62,2634.92,3513.23,12419.29,3104.82,9314.47,93.14,30.0
67,FY20,96613.88,82160.44,14453.44,14.96,1932.28,2898.42,3864.56,9622.74,2405.68,7217.06,72.17,30.0
67,FY21,106275.26,84308.16,21967.1,20.67,2125.51,3188.26,4251.01,16653.34,4163.34,12490.0,124.9,30.0
67,FY22,116902.79,86543.14,30359.65,25.97,2338.06,3507.08,4676.11,24514.52,6128.63,18385.89,183.86,30.0
67,FY23,128593.07,98090.79,30502.28,23.72,2571.86,3857.79,5143.72,24072.63,6018.16,18054.47,180.54,30.0
67,FY24,141452.38,106230.74,35221.64,24.9,2829.05,4243.57,5658.1,28149.02,7037.26,21111.76,211.12,30.0
68,FY11,34645.25,26649.13,7996.12,23.08,692.9,1039.36,1385.81,6263.85,1565.96,4697.89,46.98,30.0
68,FY12,38109.78,28357.49,9752.29,25.59,762.2,1143.29,1524.39,7846.81,1961.7,5885.11,58.85,30.0
68,FY13,41920.75,35217.62,6703.13,15.99,838.41,1257.62,1676.83,4607.09,1151.77,3455.32,34.55,30.0
68,FY14,46112.83,36968.66,9144.17,19.83,922.26,1383.38,1844.51,6838.54,1709.63,5128.91,51.29,30.0
68,FY15,50724.11,42841.58,7882.53,15.54,1014.48,1521.72,2028.96,5346.33,1336.58,4009.75,40.1,30.0
68,FY16,55796.52,40285.09,15511.43,27.8,1115.93,1673.9,2231.86,12721.6,3180.4,9541.2,95.41,30.0
68,FY17,61376.18,44743.24,16632.94,27.1,1227.52,1841.29,2455.05,13564.12,3391.03,10173.09,101.73,30.0
68,FY18,67513.79,58986.8,8526.99,12.63,1350.28,2025.41,2700.55,5151.31,1287.83,3863.48,38.63,30.0
68,FY19,74265.17,56968.81,17296.36,23.29,1485.3,2227.96,2970.61,13583.09,3395.77,10187.32,101.87,30.0
68,FY20,81691.69,59798.32,21893.37,26.8,1633.83,2450.75,3267.67,17808.78,4452.19,13356.59,133.57,30.0
68,FY21,89860.86,76480.58,13380.28,14.89,1797.22,2695.83,3594.43,8887.24,2221.81,6665.43,66.65,30.0
68,FY22,98846.95,78000.13,20846.82,21.09,1976.94,2965.41,3953.88,15904.47,3976.12,11928.35,119.28,30.0
68,FY23,108731.64,79754.66,28976.98,26.65,2174.63,3261.95,4349.27,23540.39,5885.1,17655.29,176.55,30.0
68,FY24,119604.8,104606.36,14998.44,12.54,2392.1,3588.14,4784.19,9018.21,2254.55,6763.66,67.64,30.0
69,FY11,36383.91,30285.97,6097.94,16.76,727.68,1091.52,1455.36,4278.74,1069.68,3209.06,32.09,30.0
69,FY12,40022.3,29300.33,10721.97,26.79,800.45,1200.67,1600.89,8720.86,2180.22,6540.64,65.41,30.0
69,FY13,44024.53,31900.17,12124.36,27.54,880.49,1320.74,1760.98,9923.13,2480.78,7442.35,74.42,30.0
69,FY14,48426.99,35298.43,13128.56,27.11,968.54,1452.81,1937.08,10707.21,2676.8,8030.41,80.3,30.0
69,FY15,53269.69,42834.16,10435.53,19.59,1065.39,1598.09,2130.79,7772.04,1943.01,5829.03,58.29,30.0
69,FY16,58596.65,43484.57,15112.08,25.79,1171.93,1757.9,2343.87,12182.24,3045.56,9136.68,91.37,30.0
69,FY17,64456.32,48013.51,16442.81,25.51,1289.13,1933.69,2578.25,13220.0,3305.0,9915.0,99.15,30.0
69,FY18,70901.95,58770.63,12131.32,17.11,1418.04,2127.06,2836.08,8586.22,2146.55,6439.67,64.4,30.0
69,FY19,77992.15,58291.33,19700.82,25.26,1559.84,2339.76,3119.69,15801.21,3950.3,11850.91,118.51,30.0
69,FY20,85791.36,74990.23,10801.13,12.59,1715.83,2573.74,3431.65,6511.57,1627.89,4883.68,48.84,30.0
69,FY21,94370.5,74043.09,20327.41,21.54,1887.41,2831.11,3774.82,15608.89,3902.22,11706.67,117.07,30.0
69,FY22,103807.55,87530.53,16277.02,15.68,2076.15,3114.23,4152.3,11086.64,2771.66,8314.98,83.15,30.0
69,FY23,114188.3,98281.87,15906.43,13.93,2283.77,3425.65,4567.53,10197.02,2549.26,7647.76,76.48,30.0
69,FY24,125607.13,108989.31,16617.82,13.23,2512.14,3768.21,5024.29,10337.46,2584.36,7753.1,77.53,30.0
70,FY11,36332.99,29996.52,6336.47,17.44,726.66,1089.99,1453.32,4519.82,1129.95,3389.87,33.9,30.0
70,FY12,39966.29,30534.25,9432.04,23.6,799.33,1198.99,1598.65,7433.73,1858.43,5575.3,55.75,30.0
70,FY13,43962.92,38225.76,5737.16,13.05,879.26,1318.89,1758.52,3539.01,884.75,2654.26,26.54,30.0
70,FY14,48359.22,40118.81,8240.41,17.04,967.18,1450.78,1934.37,5822.44,1455.61,4366.83,43.67,30.0
70,FY15,53195.14,42220.98,10974.16,20.63,1063.9,1595.85,2127.81,8314.4,2078.6,6235.8,62.36,30.0
70,FY16,58514.65,44090.79,14423.86,24.65,1170.29,1755.44,2340.59,11498.12,2874.53,8623.59,86.24,30.0
70,FY17,64366.12,53359.51,11006.61,17.1,1287.32,1930.98,2574.64,7788.31,1947.08,5841.23,58.41,30.0
70,FY18,70802.73,55219.05,15583.68,22.01,1416.05,2124.08,2832.11,12043.54,3010.89,9032.65,90.33,30.0
70,FY19,77883.0,57493.23,20389.77,26.18,1557.66,2336.49,3115.32,16495.62,4123.9,12371.72,123.72,30.0
70,FY20,85671.3,66952.12,18719.18,21.85,1713.43,2570.14,3426.85,14435.62,3608.91,10826.71,108.27,30.0
70,FY21,94238.43,79414.72,14823.71,15.73,1884.77,2827.15,3769.54,10111.79,2527.95,7583.84,75.84,30.0
70,FY22,103662.27,90818.51,12843.76,12.39,2073.25,3109.87,4146.49,7660.65,1915.16,5745.49,57.45,30.0
70,FY23,114028.5,84472.31,29556.19,25.92,2280.57,3420.86,4561.14,23854.76,5963.69,17891.07,178.91,30.0
70,FY24,125431.35,109953.12,15478.23,12.34,2508.63,3762.94,5017.25,9206.67,2301.67,6905.0,69.05,30.0
71,FY11,44361.58,35285.2,9076.38,20.46,887.23,1330.85,1774.46,6858.3,1714.58,5143.72,51.44,30.0
71,FY12,48797.73,35607.7,13190.03,27.03,975.95,1463.93,1951.91,10750.14,2687.53,8062.61,80.63,30.0
71,FY13,53677.51,40376.22,13301.29,24.78,1073.55,1610.33,2147.1,10617.41,2654.35,7963.06,79.63,30.0
71,FY14,59045.26,42530.3,16514.96,27.97,1180.91,1771.36,2361.81,13562.7,3390.68,10172.02,101.72,30.0
71,FY15,64949.78,53512.12,11437.66,17.61,1299.0,1948.49,2597.99,8190.18,2047.55,6142.63,61.43,30.0
71,FY16,71444.76,54097.97,17346.79,24.28,1428.9,2143.34,2857.79,13774.56,3443.64,10330.92,103.31,30.0
71,FY17,78589.24,64105.24,14484.0,18.43,1571.78,2357.68,3143.57,10554.53,2638.63,7915.9,79.16,30.0
71,FY18,86448.16,69435.16,17013.0,19.68,1728.96,2593.44,3457.93,12690.59,3172.65,9517.94,95.18,30.0
71,FY19,95092.98,74134.49,20958.49,22.04,1901.86,2852.79,3803.72,16203.84,4050.96,12152.88,121.53,30.0
71,FY20,104602.27,77426.6,27175.67,25.98,2092.05,3138.07,4184.09,21945.56,5486.39,16459.17,164.59,30.0
71,FY21,115062.5,83132.66,31929.84,27.75,2301.25,3451.88,4602.5,26176.71,6544.18,19632.53,196.33,30.0
71,FY22,126568.75,95825.2,30743.55,24.29,2531.38,3797.06,5062.75,24415.12,6103.78,18311.34,183.11,30.0
71,FY23,139225.63,113218.28,26007.35,18.68,2784.51,4176.77,5569.03,19046.06,4761.52,14284.54,142.85,30.0
71,FY24,153148.19,124448.22,28699.97,18.74,3062.96,4594.45,6125.93,21042.55,5260.64,15781.91,157.82,30.0
72,FY11,38191.2,32149.35,6041.85,15.82,763.82,1145.74,1527.65,4132.28,1033.07,3099.21,30.99,30.0
72,FY12,42010.32,36225.5,5784.82,13.77,840.21,1260.31,1680.41,3684.31,921.08,2763.23,27.63,30.0
72,FY13,46211.36,38045.81,8165.55,17.67,924.23,1386.34,1848.45,5854.99,1463.75,4391.24,43.91,30.0
72,FY14,50832.49,42394.3,8438.19,16.6,1016.65,1524.97,2033.3,5896.57,1474.14,4422.43,44.22,30.0
72,FY15,55915.74,46555.45,9360.29,16.74,1118.31,1677.47,2236.63,6564.5,1641.12,4923.38,49.23,30.0
72,FY16,61507.32,51826.07,9681.25,15.74,1230.15,1845.22,2460.29,6605.89,1651.47,4954.42,49.54,30.0
72,FY17,67658.05,59085.78,8572.27,12.67,1353.16,2029.74,2706.32,5189.37,1297.34,3892.03,38.92,30.0
72,FY18,74423.85,65277.16,9146.69,12.29,1488.48,2232.72,2976.95,5425.5,1356.38,4069.12,40.69,30.0
72,FY19,81866.24,59107.43,22758.81,27.8,1637.32,2455.99,3274.65,18665.49,4666.37,13999.12,139.99,30.0
72,FY20,90052.86,73086.9,16965.96,18.84,1801.06,2701.59,3602.11,12463.32,3115.83,9347.49,93.47,30.0
72,FY21,99058.15,81079.1,17979.05,18.15,1981.16,2971.74,3962.33,13026.14,3256.53,9769.61,97.7,30.0
72,FY22,108963.96,84043.9,24920.06,22.87,2179.28,3268.92,4358.56,19471.86,4867.97,14603.89,146.04,30.0
72,FY23,119860.36,101293.99,18566.37,15.49,2397.21,3595.81,4794.41,12573.36,3143.34,9430.02,94.3,30.0
72,FY24,131846.39,95984.17,35862.22,27.2,2636.93,3955.39,5273.86,29269.9,7317.48,21952.42,219.52,30.0
73,FY11,40385.53,34961.75,5423.78,13.43,807.71,1211.57,1615.42,3404.5,851.12,2553.38,25.53,30.0
73,FY12,44424.08,36125.66,8298.42,18.68,888.48,1332.72,1776.96,6077.22,1519.31,4557.91,45.58,30.0
73,FY13,48866.49,36127.0,12739.49,26.07,977.33,1465.99,1954.66,10296.17,2574.04,7722.13,77.22,30.0
73,FY14,53753.13,39175.28,14577.85,27.12,1075.06,1612.59,2150.13,11890.19,2972.55,8917.64,89.18,30.0
73,FY15,59128.45,47610.23,11518.22,19.48,1182.57,1773.85,2365.14,8561.8,2140.45,6421.35,64.21,30.0
73,FY16,65041.29,50855.78,14185.51,21.81,1300.83,1951.24,2601.65,10933.45,2733.36,8200.09,82.0,30.0
73,FY17,71545.42,61049.71,10495.71,14.67,1430.91,2146.36,2861.82,6918.44,1729.61,5188.83,51.89,30.0
73,FY18,78699.96,56774.15,21925.81,27.86,1574.0,2361.0,3148.0,17990.81,4497.7,13493.11,134.93,30.0
73,FY19,86569.96,72969.82,13600.14,15.71,1731.4,2597.1,3462.8,9271.64,2317.91,6953.73,69.54,30.0
73,FY20,95226.96,69439.5,25787.46,27.08,1904.54,2856.81,3809.08,21026.11,5256.53,15769.58,157.7,30.0
73,FY21,104749.65,81296.2,23453.45,22.39,2094.99,3142.49,4189.99,18215.96,4553.99,13661.97,136.62,30.0
73,FY22,115224.62,90197.83,25026.79,21.72,2304.49,3456.74,4608.98,19265.56,4816.39,14449.17,144.49,30.0
73,FY23,126747.08,101144.17,25602.91,20.2,2534.94,3802.41,5069.88,19265.56,4816.39,14449.17,144.49,30.0
73,FY24,139421.79,117546.51,21875.28,15.69,2788.44,4182.65,5576.87,14904.2,3726.05,11178.15,111.78,30.0
74,FY11,12943.76,10933.59,2010.17,15.53,258.88,388.31,517.75,1362.99,340.75,1022.24,10.22,30.0
74,FY12,14238.14,12105.27,2132.87,14.98,284.76,427.14,569.53,1420.96,355.24,1065.72,10.66,30.0
74,FY13,15661.95,11829.47,3832.48,24.47,313.24,469.86,626.48,3049.38,762.35,2287.03,22.87,30.0
74,FY14,17228.15,14196.0,3032.15,17.6,344.56,516.84,689.13,2170.74,542.68,1628.06,16.28,30.0
74,FY15,18950.96,16500.6,2450.36,12.93,379.02,568.53,758.04,1502.81,375.7,1127.11,11.27,30.0
74,FY16,20846.06,15111.31,5734.75,27.51,416.92,625.38,833.84,4692.45,1173.11,3519.34,35.19,30.0
74,FY17,22930.66,16936.59,5994.07,26.14,458.61,687.92,917.23,4847.53,1211.88,3635.65,36.36,30.0
74,FY18,25223.73,18453.68,6770.05,26.84,504.47,756.71,1008.95,5508.86,1377.21,4131.65,41.32,30.0
74,FY19,27746.1,19999.39,7746.71,27.92,554.92,832.38,1109.84,6359.41,1589.85,4769.56,47.7,30.0
74,FY20,30520.71,26009.75,4510.96,14.78,610.41,915.62,1220.83,2984.92,746.23,2238.69,22.39,30.0
74,FY21,33572.78,27415.53,6157.25,18.34,671.46,1007.18,1342.91,4478.62,1119.65,3358.97,33.59,30.0
74,FY22,36930.06,28018.84,8911.22,24.13,738.6,1107.9,1477.2,7064.72,1766.18,5298.54,52.99,30.0
74,FY23,40623.07,31222.89,9400.18,23.14,812.46,1218.69,1624.92,7369.03,1842.26,5526.77,55.27,30.0
74,FY24,44685.38,38223.87,6461.51,14.46,893.71,1340.56,1787.42,4227.24,1056.81,3170.43,31.7,30.0
75,FY11,41712.49,35209.51,6502.98,15.59,834.25,1251.37,1668.5,4417.36,1104.34,3313.02,33.13,30.0
75,FY12,45883.74,38735.05,7148.69,15.58,917.67,1376.51,1835.35,4854.5,1213.62,3640.88,36.41,30.0
75,FY13,50472.11,40079.9,10392.21,20.59,1009.44,1514.16,2018.88,7868.61,1967.15,5901.46,59.01,30.0
75,FY14,55519.33,43588.23,11931.1,21.49,1110.39,1665.58,2220.77,9155.14,2288.78,6866.36,68.66,30.0
75,FY15,61071.26,48075.3,12995.96,21.28,1221.43,1832.14,2442.85,9942.4,2485.6,7456.8,74.57,30.0
75,FY16,67178.38,58136.17,9042.21,13.46,1343.57,2015.35,2687.14,5683.29,1420.82,4262.47,42.62,30.0
75,FY17,73896.22,54653.64,19242.58,26.04,1477.92,2216.89,2955.85,15547.76,3886.94,11660.82,116.61,30.0
75,FY18,81285.84,68076.89,13208.95,16.25,1625.72,2438.58,3251.43,9144.66,2286.16,6858.5,68.58,30.0
75,FY19,89414.43,76833.82,12580.61,14.07,1788.29,2682.43,3576.58,8109.89,2027.47,6082.42,60.82,30.0
75,FY20,98355.87,72566.96,25788.91,26.22,1967.12,2950.68,3934.23,20871.12,5217.78,15653.34,156.53,30.0
75,FY21,108191.46,78666.01,29525.45,27.29,2163.83,3245.74,4327.66,24115.88,6028.97,18086.91,180.87,30.0
75,FY22,119010.6,88317.77,30692.83,25.79,2380.21,3570.32,4760.42,24742.3,6185.57,18556.73,185.57,30.0
75,FY23,130911.66,98249.2,32662.46,24.95,2618.23,3927.35,5236.47,26116.87,6529.22,19587.65,195.88,30.0
75,FY24,144002.83,111630.99,32371.84,22.48,2880.06,4320.08,5760.11,25171.71,6292.93,18878.78,188.79,30.0
76,FY11,29788.58,25799.89,3988.69,13.39,595.77,893.66,1191.54,2499.26,624.82,1874.44,18.74,30.0
76,FY12,32767.44,26692.36,6075.08,18.54,655.35,983.02,1310.7,4436.71,1109.18,3327.53,33.28,30.0
76,FY13,36044.18,29570.65,6473.53,17.96,720.88,1081.33,1441.77,4671.31,1167.83,3503.48,35.03,30.0
76,FY14,39648.6,33241.39,6407.21,16.16,792.97,1189.46,1585.94,4424.78,1106.19,3318.59,33.19,30.0
76,FY15,43613.46,33333.77,10279.69,23.57,872.27,1308.4,1744.54,8099.02,2024.76,6074.26,60.74,30.0
76,FY16,47974.81,38413.43,9561.38,19.93,959.5,1439.24,1918.99,7162.65,1790.66,5371.99,53.72,30.0
76,FY17,52772.29,45753.58,7018.71,13.3,1055.45,1583.17,2110.89,4380.1,1095.03,3285.07,32.85,30.0
76,FY18,58049.52,49040.23,9009.29,15.52,1160.99,1741.49,2321.98,6106.81,1526.7,4580.11,45.8,30.0
76,FY19,63854.47,49212.64,14641.83,22.93,1277.09,1915.63,2554.18,11449.11,2862.28,8586.83,85.87,30.0
76,FY20,70239.92,60954.2,9285.72,13.22,1404.8,2107.2,2809.6,5773.72,1443.43,4330.29,43.3,30.0
76,FY21,77263.91,57468.9,19795.01,25.62,1545.28,2317.92,3090.56,15931.81,3982.95,11948.86,119.49,30.0
76,FY22,84990.3,68060.23,16930.07,19.92,1699.81,2549.71,3399.61,12680.56,3170.14,9510.42,95.1,30.0
76,FY23,93489.33,75081.28,18408.05,19.69,1869.79,2804.68,3739.57,13733.59,3433.4,10300.19,103.0,30.0
76,FY24,102838.26,80748.6,22089.66,21.48,2056.77,3085.15,4113.53,16947.75,4236.94,12710.81,127.11,30.0
77,FY11,42110.64,34716.01,7394.63,17.56,842.21,1263.32,1684.43,5289.09,1322.27,3966.82,39.67,30.0
77,FY12,46321.71,35737.2,10584.51,22.85,926.43,1389.65,1852.87,8268.42,2067.11,6201.31,62.01,30.0
77,FY13,50953.88,40228.09,10725.79,21.05,1019.08,1528.62,2038.16,8178.09,2044.52,6133.57,61.34,30.0
77,FY14,56049.27,46930.05,9119.22,16.27,1120.99,1681.48,2241.97,6316.76,1579.19,4737.57,47.38,30.0
77,FY15,61654.19,45587.11,16067.08,26.06,1233.08,1849.63,2466.17,12984.36,3246.09,9738.27,97.38,30.0
77,FY16,67819.61,51027.47,16792.14,24.76,1356.39,2034.59,2712.78,13401.16,3350.29,10050.87,100.51,30.0
77,FY17,74601.57,57786.38,16815.19,22.54,1492.03,2238.05,2984.06,13085.11,3271.28,9813.83,98.14,30.0
77,FY18,82061.73,61045.72,21016.01,25.61,1641.23,2461.85,3282.47,16912.92,4228.23,12684.69,126.85,30.0
77,FY19,90267.9,66906.57,23361.33,25.88,1805.36,2708.04,3610.72,18847.93,4711.98,14135.95,141.36,30.0
77,FY20,99294.69,76129.24,23165.45,23.33,1985.89,2978.84,3971.79,18200.71,4550.18,13650.53,136.51,30.0
77,FY21,109224.16,81492.15,27732.01,25.39,2184.48,3276.72,4368.97,22270.8,5567.7,16703.1,167.03,30.0
77,FY22,120146.58,92320.63,27825.95,23.16,2402.93,3604.4,4805.86,21818.62,5454.65,16363.97,163.64,30.0
77,FY23,132161.24,101922.75,30238.49,22.88,2643.22,3964.84,5286.45,23630.42,5907.6,17722.82,177.23,30.0
77,FY24,145377.36,113539.72,31837.64,21.9,2907.55,4361.32,5815.09,24568.78,6142.19,18426.59,184.27,30.0
78,FY11,38872.25,33220.22,5652.03,14.54,777.45,1166.17,1554.89,3708.42,927.11,2781.31,27.81,30.0
78,FY12,42759.47,31603.52,11155.95,26.09,855.19,1282.78,1710.38,9017.98,2254.49,6763.49,67.63,30.0
78,FY13,47035.42,34829.73,12205.69,25.95,940.71,1411.06,1881.42,9853.92,2463.48,7390.44,73.9,30.0
78,FY14,51738.96,45287.11,6451.85,12.47,1034.78,1552.17,2069.56,3864.9,966.23,2898.67,28.99,30.0
78,FY15,56912.86,42565.13,14347.73,25.21,1138.26,1707.39,2276.51,11502.09,2875.52,8626.57,86.27,30.0
78,FY16,62604.15,53802.01,8802.14,14.06,1252.08,1878.12,2504.17,5671.93,1417.98,4253.95,42.54,30.0
78,FY17,68864.56,56909.67,11954.89,17.36,1377.29,2065.94,2754.58,8511.66,2127.91,6383.75,63.84,30.0
78,FY18,75751.02,57646.53,18104.49,23.9,1515.02,2272.53,3030.04,14316.94,3579.24,10737.7,107.38,30.0
78,FY19,83326.12,71185.5,12140.62,14.57,1666.52,2499.78,3333.04,7974.32,1993.58,5980.74,59.81,30.0
78,FY20,91658.73,68661.55,22997.18,25.09,1833.17,2749.76,3666.35,18414.24,4603.56,13810.68,138.11,30.0
78,FY21,100824.6,75305.89,25518.71,25.31,2016.49,3024.74,4032.98,20477.48,5119.37,15358.11,153.58,30.0
78,FY22,110907.06,88592.56,22314.5,20.12,2218.14,3327.21,4436.28,16769.15,4192.29,12576.86,125.77,30.0
78,FY23,121997.77,107236.04,14761.73,12.1,2439.96,3659.93,4879.91,8661.85,2165.46,6496.39,64.96,30.0
78,FY24,134197.55,111934.18,22263.37,16.59,2683.95,4025.93,5367.9,15553.49,3888.37,11665.12,116.65,30.0
79,FY11,32761.71,23686.72,9074.99,27.7,655.23,982.85,1310.47,7436.9,1859.22,5577.68,55.78,30.0
79,FY12,36037.88,28069.9,7967.98,22.11,720.76,1081.14,1441.52,6166.08,1541.52,4624.56,46.25,30.0
79,FY13,39641.67,33235.58,6406.09,16.16,792.83,1189.25,1585.67,4424.0,1106.0,3318.0,33.18,30.0
79,FY14,43605.84,33951.51,9654.33,22.14,872.12,1308.18,1744.23,7474.04,1868.51,5605.53,56.06,30.0
79,FY15,47966.42,38066.15,9900.27,20.64,959.33,1438.99,1918.66,7501.95,1875.49,5626.46,56.26,30.0
79,FY16,52763.06,39846.66,12916.4,24.48,1055.26,1582.89,2110.52,10278.25,2569.56,7708.69,77.09,30.0
79,FY17,58039.37,50082.17,7957.2,13.71,1160.79,1741.18,2321.57,5055.24,1263.81,3791.43,37.91,30.0
79,FY18,63843.31,48406.0,15437.31,24.18,1276.87,1915.3,2553.73,12245.15,3061.29,9183.86,91.84,30.0
79,FY19,70227.64,55718.61,14509.03,20.66,1404.55,2106.83,2809.11,10997.64,2749.41,8248.23,82.48,30.0
79,FY20,77250.4,56076.07,21174.33,27.41,1545.01,2317.51,3090.02,17311.81,4327.95,12983.86,129.84,30.0
79,FY21,84975.44,70130.23,14845.21,17.47,1699.51,2549.26,3399.02,10596.44,2649.11,7947.33,79.47,30.0
79,FY22,93472.99,72796.76,20676.23,22.12,1869.46,2804.19,3738.92,16002.58,4000.64,12001.94,120.02,30.0
79,FY23,102820.28,75151.34,27668.94,26.91,2056.41,3084.61,4112.81,22527.93,5631.98,16895.95,168.96,30.0
79,FY24,113102.31,97675.15,15427.16,13.64,2262.05,3393.07,4524.09,9772.05,2443.01,7329.04,73.29,30.0
80,FY11,47175.28,36320.25,10855.03,23.01,943.51,1415.26,1887.01,8496.27,2124.07,6372.2,63.72,30.0
80,FY12,51892.81,45100.04,6792.77,13.09,1037.86,1556.78,2075.71,4198.14,1049.54,3148.6,31.49,30.0
80,FY13,57082.09,47480.88,9601.21,16.82,1141.64,1712.46,2283.28,6747.11,1686.78,5060.33,50.6,30.0
80,FY14,62790.3,48141.32,14648.98,23.33,1255.81,1883.71,2511.61,11509.47,2877.37,8632.1,86.32,30.0
80,FY15,69069.33,60035.06,9034.27,13.08,1381.39,2072.08,2762.77,5580.81,1395.2,4185.61,41.86,30.0
80,FY16,75976.26,59785.72,16190.54,21.31,1519.53,2279.29,3039.05,12391.73,3097.93,9293.8,92.94,30.0
80,FY17,83573.89,68923.39,14650.5,17.53,1671.48,2507.22,3342.96,10471.8,2617.95,7853.85,78.54,30.0
80,FY18,91931.28,71770.75,20160.53,21.93,1838.63,2757.94,3677.25,15563.97,3890.99,11672.98,116.73,30.0
80,FY19,101124.41,88251.27,12873.14,12.73,2022.49,3033.73,4044.98,7816.92,1954.23,5862.69,58.63,30.0
80,FY20,111236.85,82382.01,28854.84,25.94,2224.74,3337.11,4449.47,23293.0,5823.25,17469.75,174.7,30.0
80,FY21,122360.53,88613.5,33747.03,27.58,2447.21,3670.82,4894.42,27629.0,6907.25,20721.75,207.22,30.0
80,FY22,134596.58,97582.52,37014.06,27.5,2691.93,4037.9,5383.86,30284.23,7571.06,22713.17,227.13,30.0
80,FY23,148056.24,112537.55,35518.69,23.99,2961.12,4441.69,5922.25,28115.87,7028.97,21086.9,210.87,30.0
80,FY24,162861.87,139930.92,22930.95,14.08,3257.24,4885.86,6514.47,14787.86,3696.97,11090.89,110.91,30.0
81,FY12,39121.84,34274.64,4847.2,12.39,782.44,1173.66,1564.87,2891.11,722.78,2168.33,21.68,30.0
81,FY13,43034.03,37719.33,5314.7,12.35,860.68,1291.02,1721.36,3163.0,790.75,2372.25,23.72,30.0
81,FY14,47337.43,39204.86,8132.57,17.18,946.75,1420.12,1893.5,5765.7,1441.42,4324.28,43.24,30.0
81,FY15,52071.17,41750.66,10320.51,19.82,1041.42,1562.14,2082.85,7716.94,1929.23,5787.71,57.88,30.0
81,FY16,57278.29,43342.48,13935.81,24.33,1145.57,1718.35,2291.13,11071.9,2767.97,8303.93,83.04,30.0
81,FY17,63006.12,48558.82,14447.3,22.93,1260.12,1890.18,2520.24,11297.0,2824.25,8472.75,84.73,30.0
81,FY18,69306.73,56048.35,13258.38,19.13,1386.13,2079.2,2772.27,9793.04,2448.26,7344.78,73.45,30.0
81,FY19,76237.41,63749.72,12487.69,16.38,1524.75,2287.12,3049.5,8675.82,2168.95,6506.87,65.07,30.0
81,FY20,83861.15,60421.96,23439.19,27.95,1677.22,2515.83,3354.45,19246.13,4811.53,14434.6,144.35,30.0
81,FY21,92247.26,74886.33,17360.93,18.82,1844.95,2767.42,3689.89,12748.57,3187.14,9561.43,95.61,30.0
81,FY22,101471.99,81969.07,19502.92,19.22,2029.44,3044.16,4058.88,14429.32,3607.33,10821.99,108.22,30.0
81,FY23,111619.19,95300.46,16318.73,14.62,2232.38,3348.58,4464.77,10737.76,2684.44,8053.32,80.53,30.0
81,FY24,122781.1,92429.61,30351.49,24.72,2455.62,3683.43,4911.24,24212.44,6053.11,18159.33,181.59,30.0
82,FY12,36215.7,30591.4,5624.3,15.53,724.31,1086.47,1448.63,3813.51,953.38,2860.13,28.6,30.0
82,FY13,39837.27,34530.95,5306.32,13.32,796.75,1195.12,1593.49,3314.46,828.62,2485.84,24.86,30.0
82,FY14,43821.0,33790.37,10030.63,22.89,876.42,1314.63,1752.84,7839.58,1959.89,5879.69,58.8,30.0
82,FY15,48203.1,37371.86,10831.24,22.47,964.06,1446.09,1928.12,8421.09,2105.27,6315.82,63.16,30.0
82,FY16,53023.41,44343.48,8679.93,16.37,1060.47,1590.7,2120.94,6028.76,1507.19,4521.57,45.22,30.0
82,FY17,58325.75,42455.31,15870.44,27.21,1166.52,1749.77,2333.03,12954.16,3238.54,9715.62,97.16,30.0
82,FY18,64158.32,54906.69,9251.63,14.42,1283.17,1924.75,2566.33,6043.72,1510.93,4532.79,45.33,30.0
82,FY19,70574.15,57221.52,13352.63,18.92,1411.48,2117.22,2822.97,9823.92,2455.98,7367.94,73.68,30.0
82,FY20,77631.57,56593.41,21038.16,27.1,1552.63,2328.95,3105.26,17156.58,4289.15,12867.43,128.67,30.0
82,FY21,85394.73,69408.84,15985.89,18.72,1707.89,2561.84,3415.79,11716.15,2929.04,8787.11,87.87,30.0
82,FY22,93934.2,73062.02,20872.18,22.22,1878.68,2818.03,3757.37,16175.46,4043.86,12131.6,121.32,30.0
82,FY23,103327.62,84356.67,18970.95,18.36,2066.55,3099.83,4133.1,13804.57,3451.14,10353.43,103.53,30.0
82,FY24,113660.38,95031.44,18628.94,16.39,2273.21,3409.81,4546.42,12945.92,3236.48,9709.44,97.09,30.0
83,FY12,49278.99,40137.74,9141.25,18.55,985.58,1478.37,1971.16,6677.3,1669.33,5007.97,50.08,30.0
83,FY13,54206.89,39945.06,14261.83,26.31,1084.14,1626.21,2168.28,11551.48,2887.87,8663.61,86.64,30.0
83,FY14,59627.58,50277.98,9349.6,15.68,1192.55,1788.83,2385.1,6368.22,1592.06,4776.16,47.76,30.0
83,FY15,65590.34,55482.87,10107.47,15.41,1311.81,1967.71,2623.61,6827.96,1706.99,5120.97,51.21,30.0
83,FY16,72149.38,63130.71,9018.67,12.5,1442.99,2164.48,2885.98,5411.2,1352.8,4058.4,40.58,30.0
83,FY17,79364.31,61562.9,17801.41,22.43,1587.29,2380.93,3174.57,13833.2,3458.3,10374.9,103.75,30.0
83,FY18,87300.74,71673.91,15626.83,17.9,1746.01,2619.02,3492.03,11261.79,2815.45,8446.34,84.46,30.0
83,FY19,96030.82,71226.06,24804.76,25.83,1920.62,2880.92,3841.23,20003.23,5000.81,15002.42,150.02,30.0
83,FY20,105633.9,84961.35,20672.55,19.57,2112.68,3169.02,4225.36,15390.85,3847.71,11543.14,115.43,30.0
83,FY21,116197.29,84254.65,31942.64,27.49,2323.95,3485.92,4647.89,26132.78,6533.19,19599.59,196.0,30.0
83,FY22,127817.02,108682.81,19134.21,14.97,2556.34,3834.51,5112.68,12743.36,3185.84,9557.52,95.58,30.0
83,FY23,140598.72,104183.65,36415.07,25.9,2811.97,4217.96,5623.95,29385.13,7346.28,22038.85,220.39,30.0
83,FY24,154658.59,116875.5,37783.09,24.43,3093.17,4639.76,6186.34,30050.16,7512.54,22537.62,225.38,30.0
84,FY12,39691.48,29562.21,10129.27,25.52,793.83,1190.74,1587.66,8144.7,2036.17,6108.53,61.09,30.0
84,FY13,43660.63,33103.49,10557.14,24.18,873.21,1309.82,1746.43,8374.1,2093.53,6280.57,62.81,30.0
84,FY14,48026.69,37451.21,10575.48,22.02,960.53,1440.8,1921.07,8174.14,2043.54,6130.6,61.31,30.0
84,FY15,52829.36,45380.42,7448.94,14.1,1056.59,1584.88,2113.17,4807.48,1201.87,3605.61,36.06,30.0
84,FY16,58112.3,50836.64,7275.66,12.52,1162.25,1743.37,2324.49,4370.05,1092.51,3277.54,32.78,30.0
84,FY17,63923.53,46836.77,17086.76,26.73,1278.47,1917.71,2556.94,13890.58,3472.64,10417.94,104.18,30.0
84,FY18,70315.88,54937.8,15378.08,21.87,1406.32,2109.48,2812.64,11862.28,2965.57,8896.71,88.97,30.0
84,FY19,77347.47,58211.71,19135.76,24.74,1546.95,2320.42,3093.9,15268.39,3817.1,11451.29,114.51,30.0
84,FY20,85082.22,68321.02,16761.2,19.7,1701.64,2552.47,3403.29,12507.08,3126.77,9380.31,93.8,30.0
84,FY21,93590.44,80600.09,12990.35,13.88,1871.81,2807.71,3743.62,8310.83,2077.71,6233.12,62.33,30.0
84,FY22,102949.48,88536.55,14412.93,14.0,2058.99,3088.48,4117.98,9265.46,2316.36,6949.1,69.49,30.0
84,FY23,113244.43,87232.18,26012.25,22.97,2264.89,3397.33,4529.78,20350.03,5087.51,15262.52,152.63,30.0
84,FY24,124568.88,101050.28,23518.6,18.88,2491.38,3737.07,4982.76,17290.15,4322.54,12967.61,129.68,30.0
85,FY12,14023.61,11237.12,2786.49,19.87,280.47,420.71,560.94,2085.31,521.33,1563.98,15.64,30.0
85,FY13,15425.97,13415.97,2010.0,13.03,308.52,462.78,617.04,1238.7,309.68,929.02,9.29,30.0
85,FY14,16968.57,13352.57,3616.0,21.31,339.37,509.06,678.74,2767.57,691.89,2075.68,20.76,30.0
85,FY15,18665.43,15622.96,3042.47,16.3,373.31,559.96,746.62,2109.2,527.3,1581.9,15.82,30.0
85,FY16,20531.97,15448.25,5083.72,24.76,410.64,615.96,821.28,4057.12,1014.28,3042.84,30.43,30.0
85,FY17,22585.17,18752.47,3832.7,16.97,451.7,677.56,903.41,2703.43,675.86,2027.57,20.28,30.0
85,FY18,24843.69,20053.83,4789.86,19.28,496.87,745.31,993.75,3547.67,886.92,2660.75,26.61,30.0
85,FY19,27328.05,23996.76,3331.29,12.19,546.56,819.84,1093.12,1964.89,491.22,1473.67,14.74,30.0
85,FY20,30060.86,26104.85,3956.01,13.16,601.22,901.83,1202.43,2452.97,613.24,1839.73,18.4,30.0
85,FY21,33066.95,27022.31,6044.64,18.28,661.34,992.01,1322.68,4391.29,1097.82,3293.47,32.93,30.0
85,FY22,36373.64,29215.31,7158.33,19.68,727.47,1091.21,1454.95,5339.64,1334.91,4004.73,40.05,30.0
85,FY23,40011.0,31368.62,8642.38,21.6,800.22,1200.33,1600.44,6641.83,1660.46,4981.37,49.81,30.0
85,FY24,44012.1,36675.28,7336.82,16.67,880.24,1320.36,1760.48,5136.22,1284.06,3852.16,38.52,30.0
86,FY12,36274.18,26929.95,9344.23,25.76,725.48,1088.23,1450.97,7530.51,1882.63,5647.88,56.48,30.0
86,FY13,39901.6,30133.69,9767.91,24.48,798.03,1197.05,1596.06,7772.83,1943.21,5829.62,58.3,30.0
86,FY14,43891.76,38348.23,5543.53,12.63,877.84,1316.75,1755.67,3348.95,837.24,2511.71,25.12,30.0
86,FY15,48280.94,38774.42,9506.52,19.69,965.62,1448.43,1931.24,7092.47,1773.12,5319.35,53.19,30.0
86,FY16,53109.03,45843.71,7265.32,13.68,1062.18,1593.27,2124.36,4609.87,1152.47,3457.4,34.57,30.0
86,FY17,58419.94,49148.7,9271.24,15.87,1168.4,1752.6,2336.8,6350.24,1587.56,4762.68,47.63,30.0
86,FY18,64261.93,46403.54,17858.39,27.79,1285.24,1927.86,2570.48,14645.29,3661.32,10983.97,109.84,30.0
86,FY19,70688.12,60593.86,10094.26,14.28,1413.76,2120.64,2827.52,6559.86,1639.96,4919.9,49.2,30.0
86,FY20,77756.94,62221.1,15535.84,19.98,1555.14,2332.71,3110.28,11647.99,2912.0,8735.99,87.36,30.0
86,FY21,85532.63,66809.54,18723.09,21.89,1710.65,2565.98,3421.31,14446.45,3611.61,10834.84,108.35,30.0
86,FY22,94085.89,72220.33,21865.56,23.24,1881.72,2822.58,3763.44,17161.26,4290.31,12870.95,128.71,30.0
86,FY23,103494.48,81812.39,21682.09,20.95,2069.89,3104.83,4139.78,16507.37,4126.84,12380.53,123.81,30.0
86,FY24,113843.93,100000.51,13843.42,12.16,2276.88,3415.32,4553.76,8151.22,2037.81,6113.41,61.13,30.0
87,FY12,19690.76,15697.47,3993.29,20.28,393.82,590.72,787.63,3008.76,752.19,2256.57,22.57,30.0
87,FY13,21659.83,18755.25,2904.58,13.41,433.2,649.79,866.39,1821.6,455.4,1366.2,13.66,30.0
87,FY14,23825.82,19630.09,4195.73,17.61,476.52,714.77,953.03,3004.45,751.11,2253.34,22.53,30.0
87,FY15,26208.4,22924.49,3283.91,12.53,524.17,786.25,1048.34,1973.49,493.37,1480.12,14.8,30.0
87,FY16,28829.24,25006.48,3822.76,13.26,576.58,864.88,1153.17,2381.29,595.32,1785.97,17.86,30.0
87,FY17,31712.16,25892.98,5819.18,18.35,634.24,951.36,1268.49,4233.57,1058.39,3175.18,31.75,30.0
87,FY18,34883.38,29957.85,4925.53,14.12,697.67,1046.5,1395.34,3181.36,795.34,2386.02,23.86,30.0
87,FY19,38371.72,30282.96,8088.76,21.08,767.43,1151.15,1534.87,6170.17,1542.54,4627.63,46.28,30.0
87,FY20,42208.89,32488.18,9720.71,23.03,844.18,1266.27,1688.36,7610.26,1902.57,5707.69,57.08,30.0
87,FY21,46429.78,34910.55,11519.23,24.81,928.6,1392.89,1857.19,9197.75,2299.44,6898.31,68.98,30.0
87,FY22,51072.76,43309.7,7763.06,15.2,1021.46,1532.18,2042.91,5209.43,1302.36,3907.07,39.07,30.0
87,FY23,56180.03,47932.8,8247.23,14.68,1123.6,1685.4,2247.2,5438.23,1359.56,4078.67,40.79,30.0
87,FY24,61798.04,53350.25,8447.79,13.67,1235.96,1853.94,2471.92,5357.89,1339.47,4018.42,40.18,30.0
88,FY12,33639.36,25801.39,7837.97,23.3,672.79,1009.18,1345.57,6156.01,1539.0,4617.01,46.17,30.0
88,FY13,37003.3,32374.19,4629.11,12.51,740.07,1110.1,1480.13,2778.95,694.74,2084.21,20.84,30.0
88,FY14,40703.63,29721.79,10981.84,26.98,814.07,1221.11,1628.15,8946.65,2236.66,6709.99,67.1,30.0
88,FY15,44773.99,39029.49,5744.5,12.83,895.48,1343.22,1790.96,3505.8,876.45,2629.35,26.29,30.0
88,FY16,49251.39,39076.05,10175.34,20.66,985.03,1477.54,1970.06,7712.77,1928.19,5784.58,57.85,30.0
88,FY17,54176.53,41531.73,12644.8,23.34,1083.53,1625.3,2167.06,9935.97,2483.99,7451.98,74.52,30.0
88,FY18,59594.18,44135.45,15458.73,25.94,1191.88,1787.83,2383.77,12479.01,3119.75,9359.26,93.59,30.0
88,FY19,65553.6,50194.39,15359.21,23.43,1311.07,1966.61,2622.14,12081.53,3020.38,9061.15,90.61,30.0
88,FY20,72108.96,54204.31,17904.65,24.83,1442.18,2163.27,2884.36,14299.2,3574.8,10724.4,107.24,30.0
88,FY21,79319.85,65494.4,13825.45,17.43,1586.4,2379.6,3172.79,9859.46,2464.86,7394.6,73.95,30.0
88,FY22,87251.84,65403.98,21847.86,25.04,1745.04,2617.56,3490.07,17485.27,4371.32,13113.95,131.14,30.0
88,FY23,95977.02,83231.27,12745.75,13.28,1919.54,2879.31,3839.08,7946.9,1986.72,5960.18,59.6,30.0
88,FY24,105574.73,77787.46,27787.27,26.32,2111.49,3167.24,4222.99,22508.53,5627.13,16881.4,168.81,30.0
89,FY12,29641.66,22207.53,7434.13,25.08,592.83,889.25,1185.67,5952.04,1488.01,4464.03,44.64,30.0
89,FY13,32605.82,26332.46,6273.36,19.24,652.12,978.17,1304.23,4643.08,1160.77,3482.31,34.82,30.0
89,FY14,35866.4,27868.19,7998.21,22.3,717.33,1075.99,1434.66,6204.89,1551.22,4653.67,46.54,30.0
89,FY15,39453.05,31396.74,8056.31,20.42,789.06,1183.59,1578.12,6083.66,1520.91,4562.75,45.63,30.0
89,FY16,43398.35,33108.6,10289.75,23.71,867.97,1301.95,1735.93,8119.84,2029.96,6089.88,60.9,30.0
89,FY17,47738.18,41384.23,6353.95,13.31,954.76,1432.15,1909.53,3967.03,991.76,2975.27,29.75,30.0
89,FY18,52512.0,45701.19,6810.81,12.97,1050.24,1575.36,2100.48,4185.21,1046.3,3138.91,31.39,30.0
89,FY19,57763.2,48549.97,9213.23,15.95,1155.26,1732.9,2310.53,6325.06,1581.27,4743.79,47.44,30.0
89,FY20,63539.52,54294.52,9245.0,14.55,1270.79,1906.19,2541.58,6068.02,1517.01,4551.01,45.51,30.0
89,FY21,69893.48,51756.12,18137.36,25.95,1397.87,2096.8,2795.74,14642.69,3660.67,10982.02,109.82,30.0
89,FY22,76882.82,64958.29,11924.53,15.51,1537.66,2306.48,3075.31,8080.4,2020.1,6060.3,60.6,30.0
89,FY23,84571.11,61221.03,23350.08,27.61,1691.42,2537.13,3382.84,19121.53,4780.38,14341.15,143.41,30.0
89,FY24,93028.22,76850.61,16177.61,17.39,1860.56,2790.85,3721.13,11526.19,2881.55,8644.64,86.45,30.0
90,FY12,13195.31,9943.99,3251.32,24.64,263.91,395.86,527.81,2591.56,647.89,1943.67,19.44,30.0
90,FY13,14514.84,11243.2,3271.64,22.54,290.3,435.45,580.59,2545.9,636.48,1909.42,19.09,30.0
90,FY14,15966.32,12777.85,3188.47,19.97,319.33,478.99,638.65,2390.16,597.54,1792.62,17.93,30.0
90,FY15,17562.95,13894.05,3668.9,20.89,351.26,526.89,702.52,2790.75,697.69,2093.06,20.93,30.0
90,FY16,19319.25,14777.29,4541.96,23.51,386.38,579.58,772.77,3575.99,894.0,2681.99,26.82,30.0
90,FY17,21251.17,17923.24,3327.93,15.66,425.02,637.54,850.05,2265.36,566.34,1699.02,16.99,30.0
90,FY18,23376.29,16844.95,6531.34,27.94,467.53,701.29,935.05,5362.53,1340.63,4021.9,40.22,30.0
90,FY19,25713.92,18616.88,7097.04,27.6,514.28,771.42,1028.56,5811.34,1452.84,4358.5,43.59,30.0
90,FY20,28285.31,21946.57,6338.74,22.41,565.71,848.56,1131.41,4924.48,1231.12,3693.36,36.93,30.0
90,FY21,31113.84,26387.65,4726.19,15.19,622.28,933.42,1244.55,3170.5,792.62,2377.88,23.78,30.0
90,FY22,34225.23,26394.5,7830.73,22.88,684.5,1026.76,1369.01,6119.46,1529.87,4589.59,45.9,30.0
90,FY23,37647.75,32693.31,4954.44,13.16,752.96,1129.43,1505.91,3072.06,768.01,2304.05,23.04,30.0
90,FY24,41412.52,36240.1,5172.42,12.49,828.25,1242.38,1656.5,3101.79,775.45,2326.34,23.26,30.0
91,FY12,16595.73,13376.16,3219.57,19.4,331.91,497.87,663.83,2389.78,597.45,1792.33,17.92,30.0
91,FY13,18255.3,13529.0,4726.3,25.89,365.11,547.66,730.21,3813.54,953.38,2860.16,28.6,30.0
91,FY14,20080.83,15335.73,4745.1,23.63,401.62,602.42,803.23,3741.07,935.27,2805.8,28.06,30.0
91,FY15,22088.92,16814.09,5274.83,23.88,441.78,662.67,883.56,4170.38,1042.6,3127.78,31.28,30.0
91,FY16,24297.81,19727.39,4570.42,18.81,485.96,728.93,971.91,3355.54,838.88,2516.66,25.17,30.0
91,FY17,26727.59,22042.24,4685.35,17.53,534.55,801.83,1069.1,3348.97,837.24,2511.73,25.12,30.0
91,FY18,29400.35,24125.93,5274.42,17.94,588.01,882.01,1176.01,3804.41,951.1,2853.31,28.53,30.0
91,FY19,32340.38,23349.75,8990.63,27.8,646.81,970.21,1293.62,7373.61,1843.4,5530.21,55.3,30.0
91,FY20,35574.42,31077.81,4496.61,12.64,711.49,1067.23,1422.98,2717.89,679.47,2038.42,20.38,30.0
91,FY21,39131.86,29008.45,10123.41,25.87,782.64,1173.96,1565.27,8166.82,2041.7,6125.12,61.25,30.0
91,FY22,43045.05,33893.67,9151.38,21.26,860.9,1291.35,1721.8,6999.13,1749.78,5249.35,52.49,30.0
91,FY23,47349.55,38343.67,9005.88,19.02,946.99,1420.49,1893.98,6638.4,1659.6,4978.8,49.79,30.0
91,FY24,52084.51,39792.57,12291.94,23.6,1041.69,1562.54,2083.38,9687.71,2421.93,7265.78,72.66,30.0
92,FY12,26900.1,19914.14,6985.96,25.97,538.0,807.0,1076.0,5640.96,1410.24,4230.72,42.31,30.0
92,FY13,29590.11,21775.36,7814.75,26.41,591.8,887.7,1183.6,6335.25,1583.81,4751.44,47.51,30.0
92,FY14,32549.12,26446.16,6102.96,18.75,650.98,976.47,1301.96,4475.51,1118.88,3356.63,33.57,30.0
92,FY15,35804.04,29921.44,5882.6,16.43,716.08,1074.12,1432.16,4092.4,1023.1,3069.3,30.69,30.0
92,FY16,39384.44,30924.66,8459.78,21.48,787.69,1181.53,1575.38,6490.56,1622.64,4867.92,48.68,30.0
92,FY17,43322.88,31798.99,11523.89,26.6,866.46,1299.69,1732.92,9357.74,2339.43,7018.31,70.18,30.0
92,FY18,47655.17,40330.57,7324.6,15.37,953.1,1429.66,1906.21,4941.83,1235.46,3706.37,37.06,30.0
92,FY19,52420.69,40903.86,11516.83,21.97,1048.41,1572.62,2096.83,8895.79,2223.95,6671.84,66.72,30.0
92,FY20,57662.76,44919.29,12743.47,22.1,1153.26,1729.88,2306.51,9860.34,2465.09,7395.25,73.95,30.0
92,FY21,63429.03,48377.32,15051.71,23.73,1268.58,1902.87,2537.16,11880.26,2970.07,8910.19,89.1,30.0
92,FY22,69771.94,59927.12,9844.82,14.11,1395.44,2093.16,2790.88,6356.22,1589.06,4767.16,47.67,30.0
92,FY23,76749.13,58751.46,17997.67,23.45,1534.98,2302.47,3069.97,14160.21,3540.05,10620.16,106.2,30.0
92,FY24,84424.04,62017.9,22406.14,26.54,1688.48,2532.72,3376.96,18184.94,4546.23,13638.71,136.39,30.0
