company_id,date,open_price,high_price,low_price,close_price,volume
1,2024-01-01,1265.38,1285.52,1252.73,1272.79,400271
1,2024-01-02,1225.75,1241.24,1213.49,1228.95,99737
1,2024-01-03,1228.45,1240.73,1208.38,1220.59,857830
1,2024-01-04,1240.0,1259.65,1227.6,1247.18,674485
1,2024-01-05,1259.42,1279.29,1246.83,1266.62,693922
1,2024-01-08,1267.91,1280.59,1252.53,1265.18,330536
1,2024-01-09,1278.39,1291.17,1259.6,1272.32,349845
1,2024-01-10,1258.74,1271.33,1242.55,1255.1,425374
1,2024-01-11,1247.8,1260.28,1225.76,1238.14,323039
1,2024-01-12,1246.69,1262.5,1234.22,1250.0,105187
1,2024-01-15,1244.96,1263.28,1232.51,1250.77,843706
1,2024-01-16,1220.01,1244.29,1207.81,1231.97,410139
1,2024-01-17,1227.57,1240.03,1215.29,1227.75,434075
1,2024-01-18,1210.19,1222.29,1197.35,1209.44,615375
1,2024-01-19,1220.3,1232.5,1197.0,1209.09,543080
1,2024-01-22,1208.6,1220.69,1192.28,1204.32,346270
1,2024-01-23,1217.76,1229.94,1205.07,1217.24,977213
1,2024-01-24,1221.14,1242.65,1208.93,1230.35,66100
1,2024-01-25,1233.33,1255.2,1221.0,1242.77,302303
1,2024-01-26,1241.7,1266.34,1229.28,1253.8,328643
1,2024-01-29,1251.91,1268.28,1239.39,1255.72,403152
1,2024-01-30,1272.09,1297.75,1259.37,1284.9,334810
1,2024-01-31,1297.02,1309.99,1275.2,1288.08,72415
1,2024-02-01,1299.34,1312.33,1276.17,1289.06,794038
1,2024-02-02,1282.12,1297.59,1269.3,1284.74,337769
1,2024-02-05,1302.04,1326.58,1289.02,1313.45,266823
1,2024-02-06,1317.91,1331.09,1298.31,1311.42,500119
1,2024-02-07,1267.79,1291.89,1255.11,1279.1,959900
1,2024-02-08,1291.34,1304.25,1266.7,1279.5,121824
1,2024-02-09,1280.48,1296.77,1267.68,1283.93,264112
1,2024-02-12,1279.83,1292.63,1263.93,1276.7,792255
1,2024-02-13,1272.61,1285.34,1257.91,1270.62,189614
1,2024-02-14,1277.26,1292.92,1264.49,1280.12,690423
1,2024-02-15,1295.76,1315.03,1282.8,1302.01,377932
1,2024-02-16,1296.66,1310.41,1283.69,1297.44,895634
1,2024-02-19,1311.95,1325.07,1293.45,1306.52,109093
1,2024-02-20,1280.71,1303.05,1267.9,1290.15,960037
1,2024-02-21,1331.38,1344.69,1317.28,1330.59,279798
1,2024-02-22,1359.36,1384.69,1345.77,1370.98,310968
1,2024-02-23,1379.54,1393.34,1357.41,1371.12,486681
1,2024-02-26,1313.54,1338.89,1300.4,1325.63,207462
1,2024-02-27,1354.64,1369.68,1341.09,1356.12,248726
1,2024-02-28,1359.8,1373.4,1333.92,1347.39,237079
1,2024-02-29,1371.56,1385.28,1345.7,1359.29,995078
1,2024-03-01,1325.04,1339.98,1311.79,1326.71,613882
1,2024-03-04,1324.5,1349.27,1311.25,1335.91,641226
1,2024-03-05,1351.36,1364.87,1331.0,1344.44,203587
1,2024-03-06,1344.21,1358.28,1330.77,1344.83,732414
1,2024-03-07,1363.88,1377.52,1345.76,1359.35,204564
1,2024-03-08,1334.72,1348.07,1319.65,1332.98,783045
1,2024-03-11,1313.69,1339.99,1300.55,1326.72,389177
1,2024-03-12,1338.02,1351.4,1313.44,1326.71,267242
1,2024-03-13,1297.19,1314.85,1284.22,1301.83,855639
1,2024-03-14,1319.64,1332.84,1300.49,1313.63,140629
1,2024-03-15,1304.52,1318.07,1291.47,1305.02,679312
1,2024-03-18,1293.78,1316.77,1280.84,1303.73,324440
1,2024-03-19,1331.28,1344.59,1305.1,1318.28,92665
1,2024-03-20,1321.56,1334.78,1301.55,1314.7,403137
1,2024-03-21,1353.94,1367.48,1329.27,1342.7,953382
1,2024-03-22,1332.66,1345.99,1317.3,1330.61,389265
2,2024-01-01,1996.59,2022.27,1976.62,2002.25,673799
2,2024-01-02,1944.66,1974.36,1925.21,1954.81,232013
2,2024-01-03,1892.45,1929.16,1873.53,1910.06,84217
2,2024-01-04,1898.58,1930.1,1879.59,1910.99,873431
2,2024-01-05,1869.83,1888.53,1848.17,1866.84,540863
2,2024-01-08,1932.33,1951.65,1903.16,1922.38,318371
2,2024-01-09,1962.22,1981.84,1925.4,1944.85,897930
2,2024-01-10,1933.25,1955.73,1913.92,1936.37,791347
2,2024-01-11,1914.51,1945.15,1895.36,1925.89,611573
2,2024-01-12,1814.15,1843.87,1796.01,1825.61,364986
2,2024-01-15,1800.01,1833.74,1782.01,1815.58,115557
2,2024-01-16,1843.78,1862.22,1809.39,1827.67,531574
2,2024-01-17,1874.88,1893.63,1843.75,1862.37,365581
2,2024-01-18,1859.24,1877.83,1833.55,1852.07,782566
2,2024-01-19,1839.34,1857.73,1807.36,1825.62,562139
2,2024-01-22,1829.2,1855.56,1810.91,1837.19,453966
2,2024-01-23,1839.68,1874.77,1821.28,1856.21,974424
2,2024-01-24,1775.2,1802.83,1757.45,1784.98,338988
2,2024-01-25,1739.88,1774.97,1722.48,1757.4,742877
2,2024-01-26,1753.87,1771.41,1720.27,1737.65,263078
2,2024-01-29,1781.71,1799.53,1751.69,1769.38,451497
2,2024-01-30,1784.1,1809.07,1766.26,1791.16,359030
2,2024-01-31,1802.81,1832.5,1784.78,1814.36,402393
2,2024-02-01,1844.85,1863.3,1811.84,1830.14,816358
2,2024-02-02,1876.23,1894.99,1851.51,1870.21,124533
2,2024-02-05,1823.58,1841.82,1803.74,1821.96,723854
2,2024-02-06,1838.16,1856.54,1816.74,1835.09,954610
2,2024-02-07,1802.77,1837.61,1784.74,1819.42,302059
2,2024-02-08,1783.69,1801.53,1758.31,1776.07,771055
2,2024-02-09,1782.9,1815.16,1765.07,1797.19,538161
2,2024-02-12,1749.96,1767.46,1717.59,1734.94,836131
2,2024-02-13,1745.89,1763.35,1721.64,1739.03,728610
2,2024-02-14,1767.17,1784.84,1742.72,1760.32,742532
2,2024-02-15,1771.08,1788.79,1740.78,1758.36,310368
2,2024-02-16,1738.82,1761.66,1721.43,1744.22,368829
2,2024-02-19,1775.18,1792.93,1740.77,1758.35,863710
2,2024-02-20,1788.48,1806.36,1768.4,1786.26,949736
2,2024-02-21,1811.24,1829.49,1793.13,1811.38,411491
2,2024-02-22,1832.27,1850.59,1805.48,1823.72,415137
2,2024-02-23,1791.91,1827.18,1773.99,1809.09,847047
2,2024-02-26,1797.87,1825.52,1779.89,1807.45,719627
2,2024-02-27,1831.32,1849.63,1801.58,1819.78,569108
2,2024-02-28,1883.0,1901.83,1850.75,1869.44,220292
2,2024-02-29,1881.78,1900.6,1851.85,1870.56,575071
2,2024-03-01,1856.06,1874.62,1824.17,1842.6,199409
2,2024-03-04,1827.88,1853.21,1809.6,1834.86,325543
2,2024-03-05,1856.17,1874.73,1826.77,1845.22,287944
2,2024-03-06,1872.3,1891.02,1848.96,1867.64,593158
2,2024-03-07,1861.65,1888.29,1843.03,1869.59,341437
2,2024-03-08,1846.2,1870.17,1827.74,1851.65,640227
2,2024-03-11,1881.87,1904.32,1863.05,1885.47,114935
2,2024-03-12,1871.47,1890.18,1842.3,1860.91,321470
2,2024-03-13,1905.12,1930.65,1886.07,1911.53,103756
2,2024-03-14,1887.91,1911.61,1869.03,1892.68,947226
2,2024-03-15,1937.17,1956.54,1912.74,1932.06,239042
2,2024-03-18,1962.08,1984.94,1942.46,1965.29,763392
2,2024-03-19,1947.87,1976.19,1928.39,1956.62,460417
2,2024-03-20,1959.77,1979.37,1921.71,1941.12,114127
2,2024-03-21,1920.35,1939.55,1883.42,1902.44,157638
2,2024-03-22,1900.98,1923.7,1881.97,1904.65,750990
3,2024-01-01,1737.76,1758.74,1720.38,1741.33,301062
3,2024-01-02,1706.93,1734.22,1689.86,1717.05,508887
3,2024-01-03,1698.62,1715.61,1676.38,1693.31,970110
3,2024-01-04,1671.27,1687.98,1651.13,1667.81,123130
3,2024-01-05,1657.41,1673.98,1637.59,1654.13,642466
3,2024-01-08,1652.28,1668.8,1630.92,1647.39,304031
3,2024-01-09,1674.33,1691.07,1650.77,1667.44,629507
3,2024-01-10,1632.59,1655.11,1616.26,1638.72,307541
3,2024-01-11,1678.59,1695.38,1647.09,1663.73,150610
3,2024-01-12,1658.98,1687.22,1642.39,1670.51,947499
3,2024-01-15,1674.31,1701.17,1657.57,1684.33,608206
3,2024-01-16,1699.74,1716.74,1676.0,1692.93,696106
3,2024-01-17,1689.9,1706.8,1670.23,1687.1,290446
3,2024-01-18,1684.32,1702.86,1667.48,1686.0,959701
3,2024-01-19,1703.75,1731.57,1686.71,1714.43,688837
3,2024-01-22,1722.11,1739.33,1688.78,1705.84,146798
3,2024-01-23,1691.35,1722.29,1674.44,1705.24,760965
3,2024-01-24,1714.88,1732.03,1683.77,1700.78,462319
3,2024-01-25,1697.19,1714.16,1672.74,1689.64,58601
3,2024-01-26,1651.87,1668.39,1632.43,1648.92,632627
3,2024-01-29,1623.88,1640.12,1600.79,1616.96,136821
3,2024-01-30,1623.86,1650.03,1607.62,1633.69,883596
3,2024-01-31,1607.08,1630.62,1591.01,1614.48,285181
3,2024-02-01,1583.78,1613.74,1567.94,1597.76,485993
3,2024-02-02,1619.69,1635.89,1597.97,1614.11,127091
3,2024-02-05,1665.02,1681.67,1633.62,1650.12,846567
3,2024-02-06,1676.88,1693.65,1645.87,1662.49,567041
3,2024-02-07,1664.22,1691.0,1647.58,1674.26,635944
3,2024-02-08,1696.82,1713.79,1679.13,1696.09,115035
3,2024-02-09,1714.23,1735.85,1697.09,1718.66,924728
3,2024-02-12,1738.25,1763.78,1720.87,1746.32,400026
3,2024-02-13,1822.54,1840.77,1790.16,1808.24,683139
3,2024-02-14,1806.67,1824.74,1783.96,1801.98,285964
3,2024-02-15,1848.83,1867.32,1822.85,1841.26,456221
3,2024-02-16,1912.84,1931.97,1877.33,1896.29,110806
3,2024-02-19,1886.65,1905.52,1855.74,1874.48,327763
3,2024-02-20,1856.17,1882.23,1837.61,1863.59,527499
3,2024-02-21,1845.79,1880.94,1827.33,1862.32,516540
3,2024-02-22,1854.28,1872.82,1830.05,1848.54,297224
3,2024-02-23,1875.71,1907.46,1856.95,1888.57,202439
3,2024-02-26,1922.97,1942.2,1891.85,1910.96,700877
3,2024-02-27,1905.75,1939.92,1886.69,1920.71,324728
3,2024-02-28,1890.02,1908.92,1870.56,1889.45,558776
3,2024-02-29,1860.72,1884.72,1842.11,1866.06,386099
3,2024-03-01,1872.32,1898.35,1853.6,1879.55,918099
3,2024-03-04,1912.14,1931.26,1876.03,1894.98,360405
3,2024-03-05,1914.16,1933.3,1878.45,1897.42,882503
3,2024-03-06,1819.68,1852.6,1801.48,1834.26,423094
3,2024-03-07,1827.82,1857.47,1809.54,1839.08,865875
3,2024-03-08,1928.23,1947.51,1902.22,1921.43,846012
3,2024-03-11,1931.19,1952.88,1911.88,1933.54,630019
3,2024-03-12,1937.89,1970.65,1918.51,1951.14,689963
3,2024-03-13,1956.76,1987.07,1937.19,1967.4,161673
3,2024-03-14,1927.3,1959.69,1908.03,1940.29,51892
3,2024-03-15,1969.28,1988.97,1949.0,1968.69,203294
3,2024-03-18,1979.19,2015.77,1959.4,1995.81,68172
3,2024-03-19,1958.98,1994.32,1939.39,1974.57,261243
3,2024-03-20,1938.03,1957.41,1917.92,1937.29,627365
3,2024-03-21,1886.62,1916.23,1867.75,1897.26,961869
3,2024-03-22,1885.57,1904.43,1862.38,1881.19,579034
4,2024-01-01,1124.36,1135.6,1108.76,1119.96,717038
4,2024-01-02,1073.71,1091.62,1062.97,1080.81,525107
4,2024-01-03,1100.15,1111.15,1086.3,1097.27,555878
4,2024-01-04,1084.89,1104.23,1074.04,1093.3,625355
4,2024-01-05,1080.02,1098.67,1069.22,1087.79,707469
4,2024-01-08,1068.59,1085.66,1057.9,1074.91,422266
4,2024-01-09,1072.95,1083.68,1062.05,1072.78,448308
4,2024-01-10,1065.25,1086.38,1054.6,1075.62,803120
4,2024-01-11,1076.18,1086.94,1064.13,1074.88,647005
4,2024-01-12,1066.56,1077.23,1051.92,1062.55,290608
4,2024-01-15,1089.35,1100.24,1071.57,1082.39,851159
4,2024-01-16,1084.21,1095.38,1073.37,1084.53,366946
4,2024-01-17,1073.8,1091.45,1063.06,1080.64,862225
4,2024-01-18,1112.27,1123.39,1092.78,1103.82,492994
4,2024-01-19,1107.44,1118.51,1089.75,1100.76,906685
4,2024-01-22,1082.77,1100.12,1071.94,1089.23,113624
4,2024-01-23,1085.64,1096.5,1073.88,1084.73,969662
4,2024-01-24,1090.5,1111.04,1079.6,1100.04,665902
4,2024-01-25,1103.5,1114.54,1085.87,1096.84,461798
4,2024-01-26,1096.73,1107.7,1075.07,1085.93,581106
4,2024-01-29,1065.18,1079.05,1054.53,1068.37,403906
4,2024-01-30,1048.21,1067.9,1037.73,1057.33,401095
4,2024-01-31,1088.67,1099.56,1074.42,1085.27,723327
4,2024-02-01,1070.04,1091.48,1059.34,1080.67,256784
4,2024-02-02,1066.62,1088.05,1055.95,1077.28,814269
4,2024-02-05,1117.44,1128.61,1100.27,1111.38,570998
4,2024-02-06,1140.37,1151.77,1123.31,1134.66,812851
4,2024-02-07,1142.13,1153.55,1130.3,1141.72,183308
4,2024-02-08,1165.74,1177.4,1148.52,1160.12,211386
4,2024-02-09,1179.44,1198.55,1167.65,1186.68,895889
4,2024-02-12,1199.19,1211.18,1181.09,1193.02,617297
4,2024-02-13,1200.61,1212.62,1184.95,1196.92,894671
4,2024-02-14,1221.95,1242.7,1209.73,1230.4,500225
4,2024-02-15,1256.29,1268.85,1238.37,1250.88,307395
4,2024-02-16,1232.64,1251.44,1220.31,1239.05,254167
4,2024-02-19,1218.48,1232.51,1206.3,1220.31,912446
4,2024-02-20,1185.08,1207.14,1173.23,1195.19,711348
4,2024-02-21,1192.95,1207.71,1181.02,1195.75,830739
4,2024-02-22,1210.09,1227.79,1197.99,1215.63,707740
4,2024-02-23,1220.72,1238.78,1208.51,1226.51,942115
4,2024-02-26,1194.82,1212.35,1182.87,1200.35,231380
4,2024-02-27,1225.0,1237.25,1208.05,1220.25,257779
4,2024-02-28,1196.18,1208.14,1180.4,1192.32,824192
4,2024-02-29,1210.06,1222.16,1191.34,1203.37,772808
4,2024-03-01,1184.62,1198.09,1172.77,1186.23,79591
4,2024-03-04,1205.93,1223.88,1193.87,1211.76,81992
4,2024-03-05,1207.09,1219.16,1193.65,1205.71,87030
4,2024-03-06,1218.65,1230.84,1202.45,1214.6,356875
4,2024-03-07,1238.99,1251.38,1214.55,1226.82,834144
4,2024-03-08,1229.86,1242.16,1209.23,1221.44,286558
4,2024-03-11,1198.69,1220.56,1186.7,1208.48,998947
4,2024-03-12,1206.55,1222.86,1194.48,1210.75,760774
4,2024-03-13,1229.56,1241.86,1205.27,1217.44,279421
4,2024-03-14,1211.97,1235.44,1199.85,1223.21,440631
4,2024-03-15,1247.15,1259.62,1233.05,1245.5,347139
4,2024-03-18,1238.15,1250.53,1222.0,1234.34,270417
4,2024-03-19,1247.45,1271.65,1234.98,1259.06,845263
4,2024-03-20,1273.99,1286.73,1258.24,1270.95,585225
4,2024-03-21,1291.62,1304.54,1276.49,1289.38,601902
4,2024-03-22,1308.49,1321.57,1282.81,1295.77,768893
5,2024-01-01,1141.03,1158.72,1129.62,1147.25,617009
5,2024-01-02,1183.67,1195.51,1161.88,1173.62,932682
5,2024-01-03,1173.28,1191.89,1161.55,1180.09,995849
5,2024-01-04,1153.92,1165.46,1131.49,1142.92,667033
5,2024-01-05,1155.79,1167.35,1142.1,1153.64,100680
5,2024-01-08,1167.9,1180.65,1156.22,1168.96,691046
5,2024-01-09,1160.55,1172.16,1138.89,1150.39,208989
5,2024-01-10,1175.97,1187.73,1164.2,1175.96,706339
5,2024-01-11,1188.43,1205.74,1176.55,1193.8,198396
5,2024-01-12,1221.13,1233.34,1205.64,1217.82,619337
5,2024-01-15,1227.0,1240.38,1214.73,1228.1,684372
5,2024-01-16,1220.07,1232.27,1199.77,1211.89,211242
5,2024-01-17,1248.53,1261.02,1227.74,1240.14,812670
5,2024-01-18,1267.61,1280.29,1243.47,1256.03,559138
5,2024-01-19,1200.0,1220.45,1188.0,1208.37,593976
5,2024-01-22,1197.62,1215.02,1185.64,1202.99,925242
5,2024-01-23,1231.09,1247.02,1218.78,1234.67,99389
5,2024-01-24,1251.96,1276.44,1239.44,1263.8,452168
5,2024-01-25,1277.16,1289.93,1254.83,1267.5,888769
5,2024-01-26,1257.07,1269.64,1240.55,1253.08,250670
5,2024-01-29,1259.51,1277.56,1246.91,1264.91,812508
5,2024-01-30,1262.08,1274.7,1237.15,1249.65,78524
5,2024-01-31,1266.28,1278.94,1241.86,1254.4,491759
5,2024-02-01,1278.66,1291.45,1257.14,1269.84,109274
5,2024-02-02,1271.98,1284.7,1247.4,1260.0,826125
5,2024-02-05,1265.15,1277.8,1243.73,1256.29,941066
5,2024-02-06,1241.67,1264.93,1229.25,1252.41,250253
5,2024-02-07,1231.68,1250.76,1219.36,1238.38,495651
5,2024-02-08,1221.09,1241.55,1208.88,1229.26,189911
5,2024-02-09,1235.59,1247.95,1211.77,1224.01,771327
5,2024-02-12,1217.46,1235.11,1205.29,1222.88,808378
5,2024-02-13,1227.39,1243.99,1215.12,1231.67,334414
5,2024-02-14,1216.71,1234.9,1204.54,1222.67,387553
5,2024-02-15,1220.45,1232.65,1204.06,1216.22,109436
5,2024-02-16,1218.41,1239.35,1206.23,1227.08,375512
5,2024-02-19,1225.69,1237.95,1204.65,1216.82,197179
5,2024-02-20,1211.44,1228.41,1199.33,1216.25,585237
5,2024-02-21,1208.07,1220.15,1188.76,1200.77,180291
5,2024-02-22,1195.51,1216.12,1183.55,1204.08,642798
5,2024-02-23,1247.05,1265.25,1234.58,1252.72,513442
5,2024-02-26,1246.37,1263.72,1233.91,1251.21,831262
5,2024-02-27,1224.63,1247.94,1212.38,1235.58,447676
5,2024-02-28,1269.69,1282.39,1255.13,1267.81,683851
5,2024-02-29,1268.69,1281.38,1249.08,1261.7,869092
5,2024-03-01,1277.78,1290.56,1256.46,1269.15,989978
5,2024-03-04,1242.05,1254.47,1220.13,1232.45,402893
5,2024-03-05,1237.5,1249.88,1219.23,1231.55,517940
5,2024-03-06,1205.18,1217.65,1193.13,1205.59,846318
5,2024-03-07,1220.52,1235.03,1208.31,1222.8,361821
5,2024-03-08,1214.96,1228.24,1202.81,1216.08,774324
5,2024-03-11,1222.58,1234.81,1199.52,1211.64,216717
5,2024-03-12,1207.82,1219.9,1194.13,1206.19,600348
5,2024-03-13,1239.6,1258.79,1227.2,1246.33,575029
5,2024-03-14,1240.18,1255.79,1227.78,1243.36,678583
5,2024-03-15,1239.55,1259.87,1227.15,1247.4,314710
5,2024-03-18,1219.97,1239.14,1207.77,1226.87,223695
5,2024-03-19,1227.17,1239.44,1204.61,1216.78,971430
5,2024-03-20,1233.75,1246.09,1219.67,1231.99,185851
5,2024-03-21,1251.17,1267.05,1238.66,1254.5,132666
5,2024-03-22,1246.25,1258.71,1232.39,1244.84,852864
6,2024-01-01,2014.58,2046.16,1994.43,2025.9,257297
6,2024-01-02,2011.11,2031.22,1976.22,1996.18,287185
6,2024-01-03,2010.16,2030.26,1985.0,2005.05,762752
6,2024-01-04,2002.3,2036.49,1982.28,2016.33,485407
6,2024-01-05,1994.17,2014.67,1974.23,1994.72,924702
6,2024-01-08,1968.61,2006.76,1948.92,1986.89,326887
6,2024-01-09,1983.4,2003.23,1947.66,1967.33,494665
6,2024-01-10,1944.39,1965.16,1924.95,1945.7,772546
6,2024-01-11,1941.67,1963.83,1922.25,1944.39,617065
6,2024-01-12,1928.05,1947.33,1889.89,1908.98,780976
6,2024-01-15,1929.74,1961.96,1910.44,1942.53,78940
6,2024-01-16,1920.46,1951.2,1901.26,1931.88,373390
6,2024-01-17,2018.16,2038.34,1981.7,2001.72,534361
6,2024-01-18,2008.42,2028.5,1988.29,2008.37,97730
6,2024-01-19,2007.58,2030.17,1987.5,2010.07,847221
6,2024-01-22,1981.09,2014.58,1961.28,1994.63,73723
6,2024-01-23,1930.61,1967.64,1911.3,1948.16,738368
6,2024-01-24,1924.28,1958.74,1905.04,1939.35,627903
6,2024-01-25,1911.04,1934.81,1891.93,1915.65,811373
6,2024-01-26,1895.85,1918.95,1876.89,1899.95,763231
6,2024-01-29,1899.17,1928.3,1880.18,1909.21,693523
6,2024-01-30,1898.93,1917.92,1877.47,1896.43,932687
6,2024-01-31,1860.16,1897.0,1841.56,1878.22,835515
6,2024-02-01,1874.47,1893.21,1854.8,1873.54,786481
6,2024-02-02,1836.37,1872.33,1818.01,1853.79,963417
6,2024-02-05,1826.4,1844.66,1802.09,1820.29,936544
6,2024-02-06,1845.84,1864.3,1820.88,1839.27,351672
6,2024-02-07,1811.45,1829.56,1780.94,1798.93,949803
6,2024-02-08,1799.82,1825.95,1781.82,1807.87,317535
6,2024-02-09,1839.22,1857.61,1804.11,1822.33,59770
6,2024-02-12,1853.97,1872.51,1830.94,1849.43,990603
6,2024-02-13,1871.17,1897.02,1852.46,1878.24,372973
6,2024-02-14,1866.22,1893.93,1847.56,1875.18,376217
6,2024-02-15,1865.1,1883.75,1834.17,1852.7,938710
6,2024-02-16,1855.45,1874.0,1821.28,1839.68,108718
6,2024-02-19,1793.08,1825.9,1775.15,1807.82,204651
6,2024-02-20,1794.77,1812.72,1760.34,1778.12,474378
6,2024-02-21,1786.13,1803.99,1768.22,1786.08,284325
6,2024-02-22,1850.94,1869.45,1823.27,1841.69,766174
6,2024-02-23,1834.26,1852.6,1813.1,1831.41,909141
6,2024-02-26,1830.54,1865.43,1812.23,1846.96,56534
6,2024-02-27,1855.6,1884.99,1837.04,1866.33,680347
6,2024-02-28,1832.52,1850.85,1800.34,1818.53,900784
6,2024-02-29,1790.69,1808.6,1758.39,1776.15,348184
6,2024-03-01,1735.92,1764.2,1718.56,1746.73,225400
6,2024-03-04,1765.35,1788.65,1747.7,1770.94,458459
6,2024-03-05,1769.49,1794.8,1751.8,1777.03,518178
6,2024-03-06,1815.39,1840.91,1797.24,1822.68,616277
6,2024-03-07,1775.9,1807.52,1758.14,1789.62,569360
6,2024-03-08,1797.57,1815.55,1765.39,1783.22,376759
6,2024-03-11,1821.6,1839.82,1787.95,1806.01,829931
6,2024-03-12,1842.36,1860.78,1821.51,1839.91,674178
6,2024-03-13,1827.58,1852.27,1809.3,1833.93,60270
6,2024-03-14,1869.7,1888.4,1838.99,1857.57,810931
6,2024-03-15,1861.17,1881.14,1842.56,1862.51,162773
6,2024-03-18,1854.69,1873.24,1818.66,1837.03,253961
6,2024-03-19,1849.93,1868.43,1822.72,1841.13,80821
6,2024-03-20,1828.15,1846.43,1804.15,1822.37,555677
6,2024-03-21,1790.25,1808.15,1756.94,1774.69,827803
6,2024-03-22,1807.5,1825.58,1772.29,1790.19,296687
7,2024-01-01,2336.67,2381.45,2313.3,2357.87,100126
7,2024-01-02,2336.38,2359.74,2304.17,2327.44,485032
7,2024-01-03,2335.27,2370.34,2311.92,2346.87,598750
7,2024-01-04,2293.38,2322.86,2270.45,2299.86,832374
7,2024-01-05,2289.78,2319.6,2266.88,2296.63,394431
7,2024-01-08,2356.62,2380.19,2318.88,2342.3,361770
7,2024-01-09,2304.53,2327.58,2266.03,2288.92,260176
7,2024-01-10,2186.46,2213.6,2164.6,2191.68,817985
7,2024-01-11,2176.37,2199.93,2154.61,2178.15,338121
7,2024-01-12,2235.02,2257.37,2193.69,2215.85,162711
7,2024-01-15,2223.58,2245.82,2199.96,2222.18,81026
7,2024-01-16,2236.06,2259.52,2213.7,2237.15,437360
7,2024-01-17,2273.59,2296.33,2229.85,2252.37,584079
7,2024-01-18,2228.71,2251.0,2196.99,2219.18,115027
7,2024-01-19,2192.06,2213.98,2165.26,2187.13,941558
7,2024-01-22,2187.4,2209.27,2158.55,2180.35,122962
7,2024-01-23,2199.45,2225.76,2177.46,2203.72,841961
7,2024-01-24,2149.4,2170.89,2114.6,2135.96,631239
7,2024-01-25,2075.52,2112.93,2054.76,2092.01,387152
7,2024-01-26,2066.16,2090.45,2045.5,2069.75,692031
7,2024-01-29,2048.2,2073.03,2027.72,2052.5,222689
7,2024-01-30,2044.66,2079.38,2024.21,2058.79,835937
7,2024-01-31,2042.27,2076.47,2021.85,2055.91,885363
7,2024-02-01,2041.92,2062.34,2019.19,2039.59,269811
7,2024-02-02,2112.46,2133.58,2072.35,2093.28,259423
7,2024-02-05,2110.03,2131.13,2072.92,2093.86,937588
7,2024-02-06,2106.39,2127.45,2079.93,2100.94,433050
7,2024-02-07,2133.49,2154.82,2101.54,2122.77,554729
7,2024-02-08,2109.15,2130.24,2078.44,2099.43,833247
7,2024-02-09,2141.43,2178.25,2120.02,2156.68,841283
7,2024-02-12,2192.5,2217.48,2170.57,2195.52,410088
7,2024-02-13,2218.4,2240.58,2178.14,2200.14,288610
7,2024-02-14,2198.89,2220.88,2176.29,2198.27,343044
7,2024-02-15,2241.73,2264.15,2216.08,2238.46,358950
7,2024-02-16,2245.5,2267.95,2212.94,2235.29,378515
7,2024-02-19,2257.06,2279.63,2226.87,2249.36,815158
7,2024-02-20,2257.71,2280.29,2222.54,2244.99,302632
7,2024-02-21,2286.73,2309.6,2241.87,2264.52,74481
7,2024-02-22,2329.28,2352.57,2297.34,2320.55,164368
7,2024-02-23,2378.5,2402.28,2334.24,2357.82,222124
7,2024-02-26,2303.18,2335.21,2280.15,2312.09,569135
7,2024-02-27,2328.08,2355.26,2304.8,2331.94,202214
7,2024-02-28,2333.37,2356.7,2298.21,2321.42,903066
7,2024-02-29,2260.34,2302.09,2237.74,2279.3,423448
7,2024-03-01,2299.55,2338.3,2276.55,2315.15,272122
7,2024-03-04,2350.04,2396.37,2326.54,2372.64,843199
7,2024-03-05,2410.51,2434.62,2366.22,2390.12,448646
7,2024-03-06,2355.91,2401.05,2332.35,2377.28,87422
7,2024-03-07,2287.42,2332.28,2264.55,2309.19,604089
7,2024-03-08,2331.83,2378.4,2308.51,2354.85,798003
7,2024-03-11,2355.86,2379.42,2328.18,2351.7,427800
7,2024-03-12,2372.64,2396.37,2326.87,2350.37,566988
7,2024-03-13,2373.03,2407.76,2349.3,2383.92,909031
7,2024-03-14,2341.52,2370.87,2318.1,2347.4,572375
7,2024-03-15,2359.49,2383.08,2320.47,2343.91,815366
7,2024-03-18,2309.91,2345.95,2286.81,2322.72,264775
7,2024-03-19,2311.32,2342.05,2288.21,2318.86,877154
7,2024-03-20,2268.61,2310.55,2245.92,2287.67,250569
7,2024-03-21,2180.67,2209.8,2158.86,2187.92,424843
7,2024-03-22,2176.92,2198.69,2153.86,2175.62,203298
8,2024-01-01,1475.94,1501.09,1461.18,1486.23,191786
8,2024-01-02,1495.19,1517.17,1480.24,1502.15,393020
8,2024-01-03,1526.75,1555.81,1511.48,1540.41,82939
8,2024-01-04,1517.13,1535.62,1501.96,1520.42,712305
8,2024-01-05,1525.04,1547.72,1509.79,1532.4,891781
8,2024-01-08,1518.17,1533.35,1491.19,1506.25,332422
8,2024-01-09,1487.89,1510.61,1473.01,1495.65,688764
8,2024-01-10,1473.15,1487.88,1448.97,1463.61,689437
8,2024-01-11,1445.37,1469.92,1430.92,1455.37,751053
8,2024-01-12,1477.05,1495.99,1462.28,1481.18,687707
8,2024-01-15,1487.32,1502.19,1458.08,1472.81,198391
8,2024-01-16,1482.59,1497.42,1453.57,1468.25,978415
8,2024-01-17,1483.89,1498.73,1466.76,1481.58,872796
8,2024-01-18,1500.03,1521.43,1485.03,1506.37,494297
8,2024-01-19,1474.54,1491.45,1459.79,1476.68,363770
8,2024-01-22,1517.76,1532.94,1500.65,1515.81,858045
8,2024-01-23,1538.64,1554.03,1521.54,1536.91,790540
8,2024-01-24,1534.43,1564.91,1519.09,1549.42,827461
8,2024-01-25,1557.11,1580.49,1541.54,1564.84,872284
8,2024-01-26,1535.55,1563.32,1520.19,1547.84,169657
8,2024-01-29,1542.75,1558.18,1521.95,1537.32,614529
8,2024-01-30,1561.16,1576.77,1542.37,1557.95,698405
8,2024-01-31,1510.94,1532.92,1495.83,1517.74,780152
8,2024-02-01,1550.81,1574.94,1535.3,1559.35,707736
8,2024-02-02,1581.6,1597.42,1558.08,1573.82,257778
8,2024-02-05,1529.17,1558.18,1513.88,1542.75,174425
8,2024-02-06,1553.31,1583.26,1537.78,1567.58,747443
8,2024-02-07,1570.23,1590.98,1554.53,1575.23,504601
8,2024-02-08,1569.2,1585.99,1553.51,1570.29,62998
8,2024-02-09,1569.61,1598.69,1553.91,1582.86,295662
8,2024-02-12,1582.33,1600.51,1566.51,1584.66,570737
8,2024-02-13,1567.91,1593.96,1552.23,1578.18,331135
8,2024-02-14,1569.13,1599.2,1553.44,1583.37,895865
8,2024-02-15,1587.64,1603.52,1569.35,1585.2,585723
8,2024-02-16,1553.97,1582.49,1538.43,1566.82,620866
8,2024-02-19,1561.85,1582.5,1546.23,1566.83,921404
8,2024-02-20,1548.36,1563.84,1526.32,1541.74,328685
8,2024-02-21,1536.05,1551.41,1519.92,1535.27,712941
8,2024-02-22,1543.25,1558.68,1522.45,1537.83,695651
8,2024-02-23,1555.1,1570.65,1525.94,1541.35,331032
8,2024-02-26,1560.6,1576.21,1540.88,1556.44,613788
8,2024-02-27,1515.08,1545.18,1499.93,1529.88,742339
8,2024-02-28,1558.38,1573.96,1541.05,1556.62,375594
8,2024-02-29,1516.38,1542.82,1501.22,1527.54,139697
8,2024-03-01,1507.16,1525.22,1492.09,1510.12,742492
8,2024-03-04,1525.11,1540.36,1501.45,1516.62,162307
8,2024-03-05,1472.61,1501.97,1457.88,1487.1,563284
8,2024-03-06,1480.52,1495.33,1455.49,1470.19,959750
8,2024-03-07,1471.3,1498.45,1456.59,1483.61,571429
8,2024-03-08,1541.45,1560.61,1526.04,1545.16,626778
8,2024-03-11,1500.71,1528.1,1485.7,1512.97,349172
8,2024-03-12,1487.36,1514.45,1472.49,1499.46,218052
8,2024-03-13,1499.71,1514.71,1483.76,1498.75,879937
8,2024-03-14,1519.85,1535.05,1489.88,1504.93,603578
8,2024-03-15,1486.44,1507.16,1471.58,1492.24,432568
8,2024-03-18,1520.18,1535.38,1499.8,1514.95,698082
8,2024-03-19,1500.91,1515.92,1481.98,1496.95,171909
8,2024-03-20,1490.33,1505.23,1473.11,1487.99,708751
8,2024-03-21,1522.38,1537.6,1496.0,1511.11,524961
8,2024-03-22,1536.73,1552.1,1514.39,1529.69,638214
9,2024-01-01,569.04,574.73,559.43,565.08,236433
9,2024-01-02,552.31,562.04,546.79,556.48,965305
9,2024-01-03,556.98,562.55,550.47,556.03,564305
9,2024-01-04,543.3,553.32,537.87,547.84,104175
9,2024-01-05,549.94,555.44,543.96,549.45,272053
9,2024-01-08,543.49,548.92,536.58,542.0,829064
9,2024-01-09,544.03,549.47,536.56,541.98,289696
9,2024-01-10,535.12,542.56,529.77,537.19,632956
9,2024-01-11,548.51,555.5,543.02,550.0,658917
9,2024-01-12,554.36,560.29,548.82,554.74,230439
9,2024-01-15,557.34,564.51,551.77,558.92,915772
9,2024-01-16,568.48,579.72,562.8,573.98,349984
9,2024-01-17,567.13,572.8,559.49,565.14,426140
9,2024-01-18,578.52,584.31,569.81,575.57,481474
9,2024-01-19,578.53,587.24,572.74,581.43,164424
9,2024-01-22,581.22,587.03,574.44,580.24,970855
9,2024-01-23,573.22,580.82,567.49,575.07,530635
9,2024-01-24,569.76,579.38,564.06,573.64,675197
9,2024-01-25,559.38,569.36,553.79,563.72,889109
9,2024-01-26,548.51,554.94,543.02,549.45,417910
9,2024-01-29,545.22,550.67,538.17,543.61,108373
9,2024-01-30,563.05,568.68,553.94,559.54,943478
9,2024-01-31,558.98,568.53,553.39,562.9,503545
9,2024-02-01,565.16,570.81,558.37,564.01,602649
9,2024-02-02,545.67,555.27,540.21,549.77,422155
9,2024-02-05,537.68,546.74,532.3,541.33,747647
9,2024-02-06,563.07,568.7,553.32,558.91,598132
9,2024-02-07,567.13,574.58,561.46,568.89,812861
9,2024-02-08,562.66,568.29,556.3,561.92,912617
9,2024-02-09,561.41,568.21,555.8,562.58,331509
9,2024-02-12,561.2,567.58,555.59,561.96,615895
9,2024-02-13,556.61,566.93,551.04,561.32,942590
9,2024-02-14,569.3,574.99,559.92,565.58,126177
9,2024-02-15,577.94,583.99,572.16,578.21,648588
9,2024-02-16,579.87,588.29,574.07,582.47,943836
9,2024-02-19,583.04,593.32,577.21,587.45,881376
9,2024-02-20,592.24,598.16,585.38,591.29,939140
9,2024-02-21,570.79,576.5,563.14,568.83,507214
9,2024-02-22,562.39,568.7,556.77,563.07,661758
9,2024-02-23,558.34,565.27,552.76,559.67,101837
9,2024-02-26,565.41,572.4,559.76,566.73,255516
9,2024-02-27,567.85,574.19,562.17,568.5,95944
9,2024-02-28,573.14,578.87,566.41,572.13,385447
9,2024-02-29,579.17,584.96,569.96,575.72,576952
9,2024-03-01,582.86,588.69,573.76,579.56,618634
9,2024-03-04,588.12,595.02,582.24,589.13,960048
9,2024-03-05,605.8,615.3,599.74,609.21,644368
9,2024-03-06,618.21,624.39,611.16,617.33,225596
9,2024-03-07,621.94,628.16,612.49,618.68,547231
9,2024-03-08,609.63,619.11,603.53,612.98,683195
9,2024-03-11,607.83,618.07,601.75,611.95,225236
9,2024-03-12,600.96,610.61,594.95,604.56,417371
9,2024-03-13,603.54,609.58,597.37,603.4,509129
9,2024-03-14,596.93,604.31,590.96,598.33,847189
9,2024-03-15,593.26,604.49,587.33,598.5,117597
9,2024-03-18,588.85,594.74,582.1,587.98,587717
9,2024-03-19,594.78,600.73,583.47,589.36,96260
9,2024-03-20,593.6,604.39,587.66,598.41,91862
9,2024-03-21,601.73,607.75,593.98,599.98,93305
9,2024-03-22,593.19,599.12,582.07,587.95,850057
10,2024-01-01,789.68,799.85,781.78,791.93,990030
10,2024-01-02,796.27,804.23,785.42,793.35,951531
10,2024-01-03,790.24,798.14,781.49,789.38,122920
10,2024-01-04,769.68,785.16,761.98,777.39,686912
10,2024-01-05,764.25,772.05,756.61,764.41,444670
10,2024-01-08,777.24,792.56,769.47,784.71,368603
10,2024-01-09,789.6,797.5,778.15,786.01,349595
10,2024-01-10,790.3,799.91,782.4,791.99,275077
10,2024-01-11,800.11,808.11,791.37,799.36,501335
10,2024-01-12,818.69,826.88,803.71,811.83,119098
10,2024-01-15,805.42,813.47,792.89,800.9,992888
10,2024-01-16,781.07,792.99,773.26,785.14,880591
10,2024-01-17,777.73,787.09,769.95,779.3,439189
10,2024-01-18,793.78,801.72,778.4,786.26,221847
10,2024-01-19,782.81,790.64,771.42,779.21,449010
10,2024-01-22,793.05,800.98,783.89,791.81,840981
10,2024-01-23,788.83,803.8,780.94,795.84,707448
10,2024-01-24,793.46,807.2,785.53,799.21,445027
10,2024-01-25,773.02,780.75,764.99,772.72,996699
10,2024-01-26,779.79,793.38,771.99,785.52,691683
10,2024-01-29,768.44,781.46,760.76,773.72,951809
10,2024-01-30,776.28,784.04,762.73,770.43,911689
10,2024-01-31,785.99,794.1,778.13,786.24,447470
10,2024-02-01,770.26,780.18,762.56,772.46,614091
10,2024-02-02,758.35,766.37,750.77,758.78,575798
10,2024-02-05,762.85,770.48,754.16,761.78,249601
10,2024-02-06,776.54,784.31,767.79,775.55,298104
10,2024-02-07,771.29,779.0,760.61,768.29,589021
10,2024-02-08,777.57,785.35,768.1,775.86,513768
10,2024-02-09,779.74,793.36,771.94,785.5,298266
10,2024-02-12,807.04,815.11,798.75,806.82,323775
10,2024-02-13,781.19,796.87,773.38,788.98,521427
10,2024-02-14,793.12,808.75,785.19,800.74,605586
10,2024-02-15,796.8,804.77,781.93,789.83,215688
10,2024-02-16,781.23,789.04,771.48,779.27,573005
10,2024-02-19,777.11,786.34,769.34,778.55,545308
10,2024-02-20,770.67,785.88,762.96,778.1,868581
10,2024-02-21,779.88,787.68,770.89,778.68,896125
10,2024-02-22,792.2,801.25,784.28,793.32,762366
10,2024-02-23,804.57,812.62,790.0,797.98,593516
10,2024-02-26,786.36,799.04,778.5,791.13,284514
10,2024-02-27,778.72,789.57,770.93,781.75,577377
10,2024-02-28,765.26,772.91,755.87,763.5,127496
10,2024-02-29,778.36,792.68,770.58,784.83,213237
10,2024-03-01,763.97,774.97,756.33,767.3,430297
10,2024-03-04,773.17,780.9,760.7,768.38,63169
10,2024-03-05,788.47,796.35,775.95,783.79,936115
10,2024-03-06,790.03,805.67,782.13,797.69,196094
10,2024-03-07,797.44,805.41,788.45,796.41,679875
10,2024-03-08,811.24,819.35,800.27,808.35,935153
10,2024-03-11,808.87,824.39,800.78,816.23,269526
10,2024-03-12,818.22,826.4,803.65,811.77,293381
10,2024-03-13,811.79,819.91,797.94,806.0,525055
10,2024-03-14,804.38,812.42,793.56,801.58,277113
10,2024-03-15,808.06,819.21,799.98,811.1,440148
10,2024-03-18,815.9,828.87,807.74,820.66,977732
10,2024-03-19,824.3,835.83,816.06,827.55,792796
10,2024-03-20,834.29,842.63,821.58,829.88,707072
10,2024-03-21,822.57,836.98,814.34,828.69,688123
10,2024-03-22,837.69,846.07,825.53,833.87,596307
11,2024-01-01,577.83,584.46,572.05,578.67,662957
11,2024-01-02,581.92,587.74,573.29,579.08,270613
11,2024-01-03,562.27,571.34,556.65,565.68,794217
11,2024-01-04,564.9,570.55,554.71,560.31,401720
11,2024-01-05,567.75,573.43,558.21,563.85,223672
11,2024-01-08,571.28,576.99,560.45,566.11,407842
11,2024-01-09,561.73,567.51,556.11,561.89,153562
11,2024-01-10,557.53,565.95,551.95,560.35,351095
11,2024-01-11,560.3,568.15,554.7,562.52,865763
11,2024-01-12,568.35,574.03,558.68,564.32,776418
11,2024-01-15,573.14,578.87,562.4,568.08,698413
11,2024-01-16,559.15,566.65,553.56,561.04,525550
11,2024-01-17,558.12,568.01,552.54,562.39,346460
11,2024-01-18,584.56,590.41,575.24,581.05,868347
11,2024-01-19,594.43,600.37,585.54,591.45,821348
11,2024-01-22,585.46,591.31,574.49,580.29,347273
11,2024-01-23,591.34,597.25,583.36,589.25,289698
11,2024-01-24,601.41,607.42,590.99,596.96,210415
11,2024-01-25,597.33,603.6,591.36,597.62,856643
11,2024-01-26,594.88,602.23,588.93,596.27,209864
11,2024-01-29,594.15,603.85,588.21,597.87,734364
11,2024-01-30,609.03,615.12,602.8,608.89,624097
11,2024-01-31,624.63,630.88,614.33,620.54,723919
11,2024-02-01,614.24,625.32,608.1,619.13,846911
11,2024-02-02,628.71,636.74,622.42,630.44,885315
11,2024-02-05,643.33,649.76,634.04,640.44,156960
11,2024-02-06,643.52,655.89,637.08,649.4,963345
11,2024-02-07,649.55,656.05,640.76,647.23,649807
11,2024-02-08,643.97,650.41,631.95,638.33,333358
11,2024-02-09,633.79,640.13,624.02,630.32,423465
11,2024-02-12,632.67,640.67,626.34,634.33,389332
11,2024-02-13,632.73,641.06,626.4,634.71,544516
11,2024-02-14,644.42,650.86,637.91,644.35,532369
11,2024-02-15,638.17,649.25,631.79,642.82,983602
11,2024-02-16,643.16,649.59,634.66,641.07,615598
11,2024-02-19,638.96,646.45,632.57,640.05,451082
11,2024-02-20,638.14,644.52,627.74,634.08,666309
11,2024-02-21,638.58,646.02,632.19,639.62,485127
11,2024-02-22,648.02,654.5,641.37,647.85,354811
11,2024-02-23,641.03,647.44,633.4,639.8,995947
11,2024-02-26,645.4,653.88,638.95,647.41,101996
11,2024-02-27,642.4,652.68,635.98,646.22,447760
11,2024-02-28,634.44,645.68,628.1,639.29,114224
11,2024-02-29,647.18,653.65,637.85,644.29,932367
11,2024-03-01,634.83,641.18,628.32,634.67,381390
11,2024-03-04,631.36,639.27,625.05,632.94,640264
11,2024-03-05,621.55,633.65,615.33,627.38,994613
11,2024-03-06,627.11,636.78,620.84,630.48,101138
11,2024-03-07,640.29,648.75,633.89,642.33,471974
11,2024-03-08,640.25,646.65,631.63,638.01,533449
11,2024-03-11,640.45,647.07,634.05,640.66,987551
11,2024-03-12,643.71,650.15,634.05,640.45,286174
11,2024-03-13,647.22,653.69,636.19,642.62,142498
11,2024-03-14,645.44,651.89,636.36,642.79,378300
11,2024-03-15,647.09,655.69,640.62,649.2,836147
11,2024-03-18,637.39,650.26,631.02,643.82,342428
11,2024-03-19,630.78,642.63,624.47,636.27,227768
11,2024-03-20,629.72,636.02,622.73,629.02,326793
11,2024-03-21,616.34,622.5,605.62,611.74,910034
11,2024-03-22,600.39,606.47,594.39,600.47,363648
12,2024-01-01,349.42,354.19,345.93,350.68,206072
12,2024-01-02,347.06,350.53,341.66,345.11,166372
12,2024-01-03,337.58,343.91,334.2,340.5,913958
12,2024-01-04,340.01,345.55,336.61,342.13,830187
12,2024-01-05,341.08,344.49,334.62,338.0,284613
12,2024-01-08,340.86,344.27,335.05,338.43,210369
12,2024-01-09,349.41,352.9,342.94,346.4,913742
12,2024-01-10,348.98,352.47,343.29,346.76,893781
12,2024-01-11,341.99,346.87,338.57,343.44,408201
12,2024-01-12,338.13,342.24,334.75,338.85,567327
12,2024-01-15,339.06,344.74,335.67,341.33,344793
12,2024-01-16,336.91,340.28,333.52,336.89,806618
12,2024-01-17,338.53,344.29,335.14,340.88,569693
12,2024-01-18,344.66,351.01,341.21,347.53,408495
12,2024-01-19,343.35,348.36,339.92,344.91,957866
12,2024-01-22,347.54,351.02,340.98,344.42,384710
12,2024-01-23,344.81,350.77,341.36,347.3,775340
12,2024-01-24,343.89,350.07,340.45,346.6,982194
12,2024-01-25,352.33,356.97,348.81,353.44,646285
12,2024-01-26,348.28,353.94,344.8,350.44,188719
12,2024-01-29,354.08,357.62,348.39,351.91,115585
12,2024-01-30,355.28,360.02,351.73,356.46,348017
12,2024-01-31,346.51,352.45,343.04,348.96,616643
12,2024-02-01,358.11,361.69,352.31,355.87,413017
12,2024-02-02,352.53,357.93,349.0,354.39,334902
12,2024-02-05,353.61,357.15,349.07,352.6,620898
12,2024-02-06,349.64,353.14,343.92,347.39,243883
12,2024-02-07,354.49,358.26,350.95,354.71,810891
12,2024-02-08,354.27,357.81,349.44,352.97,74081
12,2024-02-09,358.57,362.16,353.64,357.21,350296
12,2024-02-12,356.12,361.56,352.56,357.98,417466
12,2024-02-13,351.9,358.43,348.38,354.88,189805
12,2024-02-14,354.92,358.47,348.51,352.03,55744
12,2024-02-15,350.53,354.15,347.02,350.64,167085
12,2024-02-16,350.74,356.66,347.23,353.13,967540
12,2024-02-19,349.93,355.52,346.43,352.0,754487
12,2024-02-20,357.69,361.27,353.73,357.3,557831
12,2024-02-21,355.77,361.53,352.21,357.95,207917
12,2024-02-22,355.72,360.2,352.16,356.63,771832
12,2024-02-23,358.66,363.42,355.07,359.82,954459
12,2024-02-26,365.93,369.59,359.53,363.16,97125
12,2024-02-27,369.58,375.09,365.88,371.38,491784
12,2024-02-28,378.67,382.46,371.76,375.52,452581
12,2024-02-29,369.66,374.54,365.96,370.83,963473
12,2024-03-01,366.54,371.31,362.87,367.63,914071
12,2024-03-04,352.12,355.64,348.12,351.64,774065
12,2024-03-05,348.33,352.28,344.85,348.79,856048
12,2024-03-06,353.4,357.91,349.87,354.37,804238
12,2024-03-07,356.94,360.51,351.67,355.22,814842
12,2024-03-08,360.73,364.34,354.68,358.26,425300
12,2024-03-11,358.83,362.42,354.01,357.59,477832
12,2024-03-12,356.31,359.87,350.99,354.54,389133
12,2024-03-13,350.24,353.74,345.01,348.5,568411
12,2024-03-14,348.97,354.56,345.48,351.05,327315
12,2024-03-15,348.45,353.94,344.97,350.44,968907
12,2024-03-18,360.74,364.35,355.6,359.19,959278
12,2024-03-19,357.25,360.82,350.89,354.43,548796
12,2024-03-20,342.08,345.5,337.26,340.67,289564
12,2024-03-21,333.41,338.73,330.08,335.38,50896
12,2024-03-22,331.56,337.99,328.24,334.64,978419
13,2024-01-01,692.17,699.09,684.56,691.47,195487
13,2024-01-02,699.45,706.44,689.31,696.27,620238
13,2024-01-03,712.25,719.37,698.48,705.54,594885
13,2024-01-04,711.33,720.73,704.22,713.59,666041
13,2024-01-05,714.33,721.47,702.75,709.85,617446
13,2024-01-08,700.13,708.64,693.13,701.62,499763
13,2024-01-09,702.43,709.45,690.31,697.28,133727
13,2024-01-10,710.74,717.85,699.76,706.83,855170
13,2024-01-11,699.15,710.9,692.16,703.86,721273
13,2024-01-12,690.85,697.76,683.46,690.36,653557
13,2024-01-15,678.07,691.19,671.29,684.35,355964
13,2024-01-16,678.88,685.67,671.29,678.07,865038
13,2024-01-17,676.71,683.48,663.92,670.63,733282
13,2024-01-18,695.58,702.54,682.75,689.65,551208
13,2024-01-19,680.66,690.19,673.85,683.36,555847
13,2024-01-22,687.97,694.85,680.21,687.08,620554
13,2024-01-23,684.59,691.44,676.16,682.99,971327
13,2024-01-24,674.76,681.51,664.98,671.7,926473
13,2024-01-25,672.63,683.57,665.9,676.8,683351
13,2024-01-26,693.2,700.13,684.58,691.49,622345
13,2024-01-29,721.78,731.42,714.56,724.18,543347
13,2024-01-30,707.67,719.1,700.59,711.98,814915
13,2024-01-31,731.61,739.85,724.29,732.52,312916
13,2024-02-01,724.85,732.1,716.77,724.01,379652
13,2024-02-02,704.91,711.96,694.56,701.58,84877
13,2024-02-05,701.53,708.9,694.51,701.88,369507
13,2024-02-06,718.96,726.37,711.77,719.18,131132
13,2024-02-07,729.9,737.2,715.84,723.07,542109
13,2024-02-08,708.01,715.32,700.93,708.24,457692
13,2024-02-09,708.46,721.69,701.38,714.54,150852
13,2024-02-12,704.98,716.4,697.93,709.31,529665
13,2024-02-13,719.9,727.1,708.89,716.05,108849
13,2024-02-14,698.93,712.52,691.94,705.47,100106
13,2024-02-15,712.3,719.42,700.49,707.57,162073
13,2024-02-16,711.59,718.71,699.66,706.73,299287
13,2024-02-19,699.49,707.6,692.5,700.59,87926
13,2024-02-20,724.42,731.66,716.16,723.39,365805
13,2024-02-21,705.33,715.02,698.28,707.94,151292
13,2024-02-22,703.37,710.4,692.64,699.64,967960
13,2024-02-23,703.46,710.49,689.94,696.91,871817
13,2024-02-26,710.55,720.76,703.44,713.62,649231
13,2024-02-27,721.57,729.43,714.35,722.21,507916
13,2024-02-28,710.84,720.57,703.73,713.44,928409
13,2024-02-29,717.26,730.92,710.09,723.68,511352
13,2024-03-01,726.57,733.84,718.64,725.9,287256
13,2024-03-04,731.94,741.58,724.62,734.24,859445
13,2024-03-05,736.02,749.38,728.66,741.96,65226
13,2024-03-06,780.46,788.26,765.56,773.29,408136
13,2024-03-07,767.53,775.21,757.08,764.73,935938
13,2024-03-08,767.97,775.65,759.14,766.81,169809
13,2024-03-11,782.16,791.47,774.34,783.63,885845
13,2024-03-12,791.25,799.16,781.01,788.9,904286
13,2024-03-13,774.69,785.43,766.94,777.65,241705
13,2024-03-14,787.76,795.64,773.56,781.37,772380
13,2024-03-15,762.58,775.1,754.95,767.43,768628
13,2024-03-18,779.16,787.36,771.37,779.56,264500
13,2024-03-19,771.66,782.09,763.94,774.35,495129
13,2024-03-20,770.2,783.42,762.5,775.66,985421
13,2024-03-21,766.57,778.85,758.9,771.14,780608
13,2024-03-22,766.46,775.28,758.8,767.6,587145
14,2024-01-01,151.24,152.75,148.79,150.29,890976
14,2024-01-02,147.92,150.64,146.44,149.15,561444
14,2024-01-03,149.67,151.17,147.2,148.69,177010
14,2024-01-04,151.7,153.22,148.89,150.39,763852
14,2024-01-05,150.36,152.28,148.86,150.77,941272
14,2024-01-08,151.03,153.23,149.52,151.71,365563
14,2024-01-09,155.35,156.9,152.49,154.03,244562
14,2024-01-10,156.74,158.31,154.25,155.81,751618
14,2024-01-11,154.75,156.98,153.2,155.43,339265
14,2024-01-12,155.46,157.01,152.43,153.97,660638
14,2024-01-15,156.56,158.34,154.99,156.77,876056
14,2024-01-16,154.62,157.17,153.07,155.61,950301
14,2024-01-17,154.82,156.37,152.49,154.03,424067
14,2024-01-18,151.83,153.35,149.98,151.5,472344
14,2024-01-19,148.27,151.09,146.79,149.59,334932
14,2024-01-22,151.19,152.78,149.68,151.27,209619
14,2024-01-23,147.32,150.13,145.85,148.64,604141
14,2024-01-24,146.0,147.46,143.44,144.89,194155
14,2024-01-25,148.31,150.04,146.83,148.55,716042
14,2024-01-26,150.51,152.29,149.0,150.78,529405
14,2024-01-29,149.74,151.64,148.24,150.14,980080
14,2024-01-30,150.12,151.86,148.62,150.36,526848
14,2024-01-31,151.19,152.7,149.43,150.94,807914
14,2024-02-01,153.14,154.67,150.51,152.03,484043
14,2024-02-02,148.02,149.5,145.18,146.65,712307
14,2024-02-05,144.31,146.98,142.87,145.52,869811
14,2024-02-06,143.99,145.43,142.41,143.85,446306
14,2024-02-07,144.87,146.32,142.34,143.78,243794
14,2024-02-08,142.97,145.7,141.54,144.26,973253
14,2024-02-09,147.03,148.5,145.52,146.99,326333
14,2024-02-12,148.94,151.02,147.45,149.52,233042
14,2024-02-13,148.19,150.79,146.71,149.3,332966
14,2024-02-14,148.15,150.45,146.67,148.96,207875
14,2024-02-15,151.82,153.85,150.3,152.33,942928
14,2024-02-16,150.46,151.96,147.8,149.29,487337
14,2024-02-19,149.78,151.28,147.66,149.15,984526
14,2024-02-20,146.05,148.45,144.59,146.98,87393
14,2024-02-21,147.72,150.64,146.24,149.15,785761
14,2024-02-22,149.25,150.74,147.44,148.93,456934
14,2024-02-23,145.06,147.91,143.61,146.45,794326
14,2024-02-26,146.2,147.66,144.64,146.1,503134
14,2024-02-27,147.82,149.63,146.34,148.15,893053
14,2024-02-28,147.81,149.29,146.0,147.47,930562
14,2024-02-29,150.47,151.97,147.6,149.09,533511
14,2024-03-01,146.52,147.99,143.74,145.19,185673
14,2024-03-04,144.61,146.06,142.94,144.38,318422
14,2024-03-05,144.35,145.79,141.49,142.92,102217
14,2024-03-06,139.77,141.17,138.15,139.55,128443
14,2024-03-07,139.15,140.54,137.73,139.12,295852
14,2024-03-08,136.17,138.04,134.81,136.67,132618
14,2024-03-11,136.53,137.9,134.98,136.34,914115
14,2024-03-12,135.86,138.59,134.5,137.22,820149
14,2024-03-13,135.9,137.93,134.54,136.56,477446
14,2024-03-14,137.14,138.51,135.24,136.61,746502
14,2024-03-15,140.41,142.09,139.01,140.68,210703
14,2024-03-18,146.88,148.35,144.04,145.49,860651
14,2024-03-19,150.15,152.48,148.65,150.97,566597
14,2024-03-20,151.47,152.98,149.37,150.88,539408
14,2024-03-21,152.78,155.33,151.25,153.79,415290
14,2024-03-22,151.91,153.9,150.39,152.38,460216
15,2024-01-01,2022.44,2042.66,1999.16,2019.35,374965
15,2024-01-02,2029.48,2049.77,1996.81,2016.98,276375
15,2024-01-03,2008.09,2037.92,1988.01,2017.74,58632
15,2024-01-04,1976.89,1996.66,1951.33,1971.04,535539
15,2024-01-05,1988.45,2008.33,1965.76,1985.62,870259
15,2024-01-08,1969.6,2003.75,1949.9,1983.91,590746
15,2024-01-09,1999.55,2019.55,1970.96,1990.87,403441
15,2024-01-10,2005.31,2042.01,1985.26,2021.79,485005
15,2024-01-11,2041.54,2072.57,2021.12,2052.05,968397
15,2024-01-12,2061.94,2082.56,2022.79,2043.22,285250
15,2024-01-15,2085.79,2106.65,2045.84,2066.5,471267
15,2024-01-16,2050.09,2078.03,2029.59,2057.46,549789
15,2024-01-17,2032.43,2052.75,2002.63,2022.86,99074
15,2024-01-18,2032.57,2071.57,2012.24,2051.06,416973
15,2024-01-19,2008.9,2029.35,1988.81,2009.26,354696
15,2024-01-22,1964.55,1996.49,1944.9,1976.72,343996
15,2024-01-23,1972.52,1994.45,1952.79,1974.7,597717
15,2024-01-24,2004.67,2024.72,1965.63,1985.48,279521
15,2024-01-25,2024.35,2044.59,1999.81,2020.01,134149
15,2024-01-26,2056.75,2077.32,2029.0,2049.5,110889
15,2024-01-29,2083.77,2116.85,2062.93,2095.89,849540
15,2024-01-30,2095.06,2136.08,2074.11,2114.93,851622
15,2024-01-31,2052.7,2088.53,2032.17,2067.85,955641
15,2024-02-01,2043.76,2081.99,2023.32,2061.38,239138
15,2024-02-02,2100.57,2121.58,2077.7,2098.69,169361
15,2024-02-05,2041.99,2071.12,2021.57,2050.61,276814
15,2024-02-06,2045.89,2066.35,2017.2,2037.58,256580
15,2024-02-07,1990.52,2015.8,1970.61,1995.84,421371
15,2024-02-08,1959.9,1996.75,1940.3,1976.98,351058
15,2024-02-09,1989.37,2018.68,1969.48,1998.69,530629
15,2024-02-12,2027.41,2047.68,1993.38,2013.52,391691
15,2024-02-13,2032.68,2053.01,2004.85,2025.1,347192
15,2024-02-14,2009.89,2050.09,1989.79,2029.79,438723
15,2024-02-15,2012.65,2039.74,1992.52,2019.54,708708
15,2024-02-16,2008.88,2028.97,1976.48,1996.44,329220
15,2024-02-19,2025.29,2047.74,2005.04,2027.47,740667
15,2024-02-20,2052.68,2073.21,2027.71,2048.19,919343
15,2024-02-21,1998.92,2032.88,1978.93,2012.75,764208
15,2024-02-22,1961.6,1982.23,1941.98,1962.6,367087
15,2024-02-23,1980.56,2000.37,1957.65,1977.42,894550
15,2024-02-26,2035.97,2056.33,2014.86,2035.21,98607
15,2024-02-27,2055.46,2087.16,2034.91,2066.5,517401
15,2024-02-28,2037.52,2057.9,2016.98,2037.35,356669
15,2024-02-29,2010.44,2040.41,1990.34,2020.21,490786
15,2024-03-01,2016.45,2052.78,1996.29,2032.46,787083
15,2024-03-04,2066.93,2087.6,2033.74,2054.28,779376
15,2024-03-05,2077.55,2098.33,2043.11,2063.75,598485
15,2024-03-06,2044.19,2064.63,2017.84,2038.22,485445
15,2024-03-07,2027.77,2048.05,2001.93,2022.15,127374
15,2024-03-08,2020.5,2043.36,2000.3,2023.13,328022
15,2024-03-11,1997.62,2017.6,1970.09,1989.99,805260
15,2024-03-12,1980.6,2013.97,1960.79,1994.03,149097
15,2024-03-13,1907.96,1942.32,1888.88,1923.09,667078
15,2024-03-14,1996.59,2016.56,1962.18,1982.0,836776
15,2024-03-15,1946.96,1981.79,1927.49,1962.17,96843
15,2024-03-18,1958.45,1987.68,1938.87,1968.0,178878
15,2024-03-19,1965.0,1984.65,1928.26,1947.74,629857
15,2024-03-20,1918.65,1937.84,1886.82,1905.88,724833
15,2024-03-21,1906.54,1934.3,1887.47,1915.15,657152
15,2024-03-22,1893.81,1918.85,1874.87,1899.85,997788
16,2024-01-01,729.05,743.41,721.76,736.05,711854
16,2024-01-02,737.54,744.92,726.89,734.23,844559
16,2024-01-03,743.31,756.37,735.88,748.88,667677
16,2024-01-04,771.09,778.8,756.08,763.72,916227
16,2024-01-05,755.43,765.1,747.88,757.52,835070
16,2024-01-08,759.76,767.36,749.14,756.71,486376
16,2024-01-09,755.06,763.09,747.51,755.53,932127
16,2024-01-10,750.45,757.95,740.86,748.34,346070
16,2024-01-11,746.94,754.41,732.55,739.95,392056
16,2024-01-12,740.1,747.83,732.7,740.43,387519
16,2024-01-15,756.16,763.72,745.39,752.92,304736
16,2024-01-16,764.38,774.88,756.74,767.21,168988
16,2024-01-17,764.99,772.64,755.87,763.5,876211
16,2024-01-18,770.73,778.44,757.1,764.75,476585
16,2024-01-19,758.12,765.7,747.98,755.54,830196
16,2024-01-22,750.81,762.21,743.3,754.66,450235
16,2024-01-23,753.52,765.76,745.98,758.18,146784
16,2024-01-24,746.32,753.78,732.83,740.23,829482
16,2024-01-25,735.54,745.25,728.18,737.87,569152
16,2024-01-26,744.78,758.43,737.33,750.92,768814
16,2024-01-29,731.98,743.94,724.66,736.57,225036
16,2024-01-30,733.71,747.67,726.37,740.27,608408
16,2024-01-31,746.07,753.53,733.92,741.33,360401
16,2024-02-01,732.52,742.08,725.19,734.73,616529
16,2024-02-02,744.16,751.6,735.53,742.96,754599
16,2024-02-05,761.21,768.82,750.96,758.55,245587
16,2024-02-06,743.12,756.15,735.69,748.66,692385
16,2024-02-07,750.15,757.65,737.36,744.81,964595
16,2024-02-08,726.23,739.32,718.97,732.0,822208
16,2024-02-09,738.27,745.65,729.74,737.11,637370
16,2024-02-12,749.91,757.41,737.48,744.93,103403
16,2024-02-13,759.61,767.21,748.31,755.87,858310
16,2024-02-14,763.21,773.72,755.58,766.06,960072
16,2024-02-15,743.34,757.84,735.91,750.34,600803
16,2024-02-16,751.3,763.76,743.79,756.2,273614
16,2024-02-19,746.84,754.39,739.37,746.92,919093
16,2024-02-20,745.6,753.06,734.34,741.76,525588
16,2024-02-21,743.68,751.12,730.23,737.61,189283
16,2024-02-22,718.96,731.17,711.77,723.93,699257
16,2024-02-23,732.64,739.97,723.96,731.27,767086
16,2024-02-26,724.33,732.96,717.09,725.7,984884
16,2024-02-27,702.53,712.51,695.5,705.46,330076
16,2024-02-28,711.11,721.8,704.0,714.65,919525
16,2024-02-29,690.44,700.63,683.54,693.69,901024
16,2024-03-01,702.41,709.43,689.77,696.74,210311
16,2024-03-04,695.43,702.38,682.09,688.98,480239
16,2024-03-05,687.8,697.45,680.92,690.54,228887
16,2024-03-06,691.75,701.42,684.83,694.48,138366
16,2024-03-07,703.55,715.72,696.51,708.63,173804
16,2024-03-08,706.89,713.96,697.82,704.87,237323
16,2024-03-11,719.65,726.85,711.92,719.11,693268
16,2024-03-12,708.09,715.17,698.45,705.51,647297
16,2024-03-13,716.79,723.96,708.64,715.8,840771
16,2024-03-14,721.64,728.86,707.46,714.61,205435
16,2024-03-15,733.27,740.6,719.04,726.3,986320
16,2024-03-18,742.13,749.55,731.98,739.37,281434
16,2024-03-19,741.49,748.9,729.98,737.35,914686
16,2024-03-20,737.15,746.27,729.78,738.88,649103
16,2024-03-21,717.06,726.99,709.89,719.79,774023
16,2024-03-22,705.02,712.07,691.93,698.92,943713
17,2024-01-01,519.78,527.58,514.58,522.36,113920
17,2024-01-02,524.49,532.21,519.25,526.94,916597
17,2024-01-03,535.34,543.33,529.99,537.95,733418
17,2024-01-04,539.58,550.17,534.18,544.72,406555
17,2024-01-05,539.97,545.37,531.13,536.5,273279
17,2024-01-08,541.04,546.45,534.01,539.4,434937
17,2024-01-09,527.01,537.47,521.74,532.15,914086
17,2024-01-10,531.44,539.24,526.13,533.9,828693
17,2024-01-11,545.76,551.22,535.32,540.73,920023
17,2024-01-12,530.79,536.1,525.45,530.76,805354
17,2024-01-15,523.61,531.27,518.37,526.01,825157
17,2024-01-16,522.38,528.89,517.16,523.65,133977
17,2024-01-17,510.98,519.55,505.87,514.41,986867
17,2024-01-18,531.85,537.17,523.18,528.46,317403
17,2024-01-19,534.67,540.02,524.82,530.12,521906
17,2024-01-22,525.87,531.13,517.07,522.29,473592
17,2024-01-23,526.83,535.59,521.56,530.29,393155
17,2024-01-24,539.08,544.47,532.22,537.6,117161
17,2024-01-25,547.38,552.85,536.58,542.0,500806
17,2024-01-26,527.66,532.94,519.11,524.35,460463
17,2024-01-29,531.75,537.07,522.39,527.67,440395
17,2024-01-30,539.16,544.55,532.66,538.04,648517
17,2024-01-31,524.93,534.52,519.68,529.23,65837
17,2024-02-01,531.16,536.47,521.95,527.22,274651
17,2024-02-02,530.73,537.98,525.42,532.65,530742
17,2024-02-05,522.4,531.21,517.18,525.95,961758
17,2024-02-06,533.5,542.7,528.16,537.33,58188
17,2024-02-07,528.08,538.53,522.8,533.2,607271
17,2024-02-08,537.03,547.79,531.66,542.37,451552
17,2024-02-09,521.55,526.77,514.1,519.29,470559
17,2024-02-12,515.59,520.75,507.26,512.38,609009
17,2024-02-13,515.31,523.49,510.16,518.31,274884
17,2024-02-14,525.94,532.1,520.68,526.83,295385
17,2024-02-15,534.08,539.42,524.89,530.19,685804
17,2024-02-16,521.69,530.04,516.47,524.79,645462
17,2024-02-19,500.43,506.87,495.43,501.85,995862
17,2024-02-20,487.3,492.17,481.79,486.66,920918
17,2024-02-21,468.78,473.47,461.32,465.98,478573
17,2024-02-22,470.36,475.13,465.66,470.43,232699
17,2024-02-23,481.49,486.66,476.68,481.84,283527
17,2024-02-26,484.38,489.22,475.24,480.04,556402
17,2024-02-27,485.82,490.68,479.7,484.55,565793
17,2024-02-28,478.39,487.08,473.61,482.26,641806
17,2024-02-29,474.94,480.2,470.19,475.45,789085
17,2024-03-01,470.54,476.13,465.83,471.42,930256
17,2024-03-04,470.06,474.76,463.41,468.09,447977
17,2024-03-05,466.56,471.23,457.46,462.08,683086
17,2024-03-06,460.35,466.95,455.75,462.33,606517
17,2024-03-07,463.29,470.32,458.66,465.66,731683
17,2024-03-08,460.83,465.44,453.71,458.29,689748
17,2024-03-11,460.3,468.85,455.7,464.21,364369
17,2024-03-12,463.61,470.62,458.97,465.96,988613
17,2024-03-13,478.0,482.78,471.48,476.24,251477
17,2024-03-14,468.78,475.95,464.09,471.24,317220
17,2024-03-15,456.61,465.65,452.04,461.04,885423
17,2024-03-18,461.96,466.58,453.12,457.7,374491
17,2024-03-19,460.95,468.87,456.34,464.23,201683
17,2024-03-20,470.61,475.32,463.22,467.9,635476
17,2024-03-21,467.0,473.48,462.33,468.79,400288
17,2024-03-22,468.0,472.68,460.84,465.49,820388
18,2024-01-01,1064.66,1075.31,1048.31,1058.9,509683
18,2024-01-02,1076.73,1087.5,1057.56,1068.24,912373
18,2024-01-03,1069.65,1086.85,1058.95,1076.09,814863
18,2024-01-04,1092.53,1103.46,1074.08,1084.93,324692
18,2024-01-05,1088.64,1099.53,1076.12,1086.99,662892
18,2024-01-08,1057.47,1078.47,1046.9,1067.79,962348
18,2024-01-09,1077.63,1088.41,1057.71,1068.39,682649
18,2024-01-10,1070.88,1081.59,1053.37,1064.01,62617
18,2024-01-11,1031.54,1041.88,1021.22,1031.56,118602
18,2024-01-12,1068.18,1078.86,1053.61,1064.25,528059
18,2024-01-15,1055.39,1073.47,1044.84,1062.84,665844
18,2024-01-16,1081.03,1099.04,1070.22,1088.16,878774
18,2024-01-17,1080.37,1091.17,1059.77,1070.47,542447
18,2024-01-18,1067.02,1086.97,1056.35,1076.21,645491
18,2024-01-19,1095.53,1106.49,1077.72,1088.61,979999
18,2024-01-22,1078.45,1089.23,1067.63,1078.41,482209
18,2024-01-23,1070.45,1081.15,1058.76,1069.45,568935
18,2024-01-24,1066.75,1086.34,1056.08,1075.58,447084
18,2024-01-25,1076.96,1095.86,1066.19,1085.01,733996
18,2024-01-26,1070.37,1089.77,1059.67,1078.98,641980
18,2024-01-29,1092.3,1109.13,1081.38,1098.15,657241
18,2024-01-30,1082.68,1099.31,1071.85,1088.43,727977
18,2024-01-31,1084.54,1103.62,1073.69,1092.69,456164
18,2024-02-01,1101.93,1120.55,1090.91,1109.46,715330
18,2024-02-02,1102.87,1113.9,1091.7,1102.73,823893
18,2024-02-05,1116.78,1127.95,1096.05,1107.12,537841
18,2024-02-06,1105.62,1119.04,1094.56,1107.96,855792
18,2024-02-07,1118.36,1129.71,1107.18,1118.52,498307
18,2024-02-08,1146.36,1157.82,1127.41,1138.8,433343
18,2024-02-09,1134.43,1149.6,1123.09,1138.22,517331
18,2024-02-12,1119.06,1130.25,1101.39,1112.52,512158
18,2024-02-13,1115.79,1130.71,1104.63,1119.51,151479
18,2024-02-14,1103.79,1115.71,1092.75,1104.66,341733
18,2024-02-15,1085.84,1106.99,1074.98,1096.03,356987
18,2024-02-16,1128.12,1142.68,1116.84,1131.37,474937
18,2024-02-19,1173.31,1185.04,1150.87,1162.49,408481
18,2024-02-20,1146.52,1158.96,1135.05,1147.49,771544
18,2024-02-21,1126.86,1144.87,1115.59,1133.53,723831
18,2024-02-22,1138.81,1150.2,1121.23,1132.56,371796
18,2024-02-23,1128.29,1139.57,1115.58,1126.85,244730
18,2024-02-26,1129.24,1140.53,1109.64,1120.85,384902
18,2024-02-27,1132.84,1144.17,1116.54,1127.82,353264
18,2024-02-28,1117.9,1138.6,1106.72,1127.33,236181
18,2024-02-29,1114.68,1125.83,1093.82,1104.87,977665
18,2024-03-01,1117.14,1128.31,1104.98,1116.14,306255
18,2024-03-04,1117.31,1128.48,1101.68,1112.81,675956
18,2024-03-05,1097.94,1117.55,1086.96,1106.49,53722
18,2024-03-06,1119.98,1131.18,1097.81,1108.9,812160
18,2024-03-07,1105.3,1120.84,1094.25,1109.74,193701
18,2024-03-08,1129.65,1145.89,1118.35,1134.54,407172
18,2024-03-11,1129.14,1150.15,1117.85,1138.76,67127
18,2024-03-12,1156.84,1177.77,1145.27,1166.11,439973
18,2024-03-13,1176.44,1188.2,1157.69,1169.38,493055
18,2024-03-14,1176.45,1191.51,1164.69,1179.71,152980
18,2024-03-15,1177.08,1196.8,1165.31,1184.95,536647
18,2024-03-18,1191.63,1203.85,1179.71,1191.93,643836
18,2024-03-19,1194.86,1206.81,1181.96,1193.9,97806
18,2024-03-20,1194.42,1217.0,1182.48,1204.95,227979
18,2024-03-21,1200.73,1212.74,1180.78,1192.71,197046
18,2024-03-22,1195.37,1212.14,1183.42,1200.14,286528
19,2024-01-01,990.57,1002.33,980.66,992.41,987241
19,2024-01-02,958.74,977.0,949.15,967.33,185072
19,2024-01-03,960.82,979.15,951.21,969.46,844617
19,2024-01-04,962.1,971.72,952.25,961.87,550657
19,2024-01-05,938.2,953.35,928.82,943.91,352876
19,2024-01-08,948.98,958.47,937.74,947.21,249611
19,2024-01-09,930.7,946.91,921.39,937.53,188347
19,2024-01-10,954.9,964.45,941.63,951.14,660666
19,2024-01-11,934.16,948.37,924.82,938.98,850084
19,2024-01-12,940.18,955.14,930.78,945.68,118896
19,2024-01-15,942.58,952.01,925.38,934.73,667742
19,2024-01-16,949.46,966.87,939.97,957.3,950463
19,2024-01-17,943.65,954.96,934.21,945.5,98663
19,2024-01-18,928.15,937.49,918.87,928.21,167152
19,2024-01-19,909.64,918.74,895.65,904.7,813011
19,2024-01-22,883.33,898.39,874.5,889.5,398223
19,2024-01-23,881.02,889.83,867.03,875.79,721866
19,2024-01-24,865.5,879.6,856.85,870.89,398385
19,2024-01-25,867.77,883.13,859.09,874.39,986637
19,2024-01-26,868.44,877.12,854.95,863.59,420726
19,2024-01-29,875.25,884.0,865.56,874.3,215773
19,2024-01-30,874.24,885.13,865.5,876.37,850987
19,2024-01-31,900.69,909.7,885.19,894.13,899274
19,2024-02-01,919.12,928.31,902.36,911.47,140106
19,2024-02-02,939.02,948.41,924.88,934.22,626380
19,2024-02-05,932.25,947.88,922.93,938.5,807549
19,2024-02-06,931.52,941.51,922.2,932.19,215278
19,2024-02-07,932.49,944.89,923.17,935.53,67177
19,2024-02-08,953.19,962.72,941.41,950.92,680315
19,2024-02-09,925.85,935.11,910.46,919.66,254689
19,2024-02-12,928.56,937.85,910.5,919.7,142507
19,2024-02-13,932.98,946.04,923.65,936.67,656313
19,2024-02-14,936.71,954.37,927.34,944.92,571941
19,2024-02-15,943.72,953.16,932.59,942.01,670091
19,2024-02-16,937.96,947.34,922.24,931.56,235195
19,2024-02-19,918.88,928.07,903.78,912.91,584522
19,2024-02-20,918.33,932.97,909.15,923.73,590372
19,2024-02-21,944.05,953.49,927.79,937.16,460510
19,2024-02-22,929.75,945.8,920.45,936.44,419962
19,2024-02-23,952.03,961.55,934.07,943.51,353734
19,2024-02-26,938.43,947.81,924.89,934.23,345936
19,2024-02-27,936.2,945.56,921.62,930.93,470522
19,2024-02-28,950.04,961.8,940.54,952.28,470970
19,2024-02-29,948.76,960.63,939.27,951.12,398973
19,2024-03-01,968.11,980.5,958.43,970.79,548041
19,2024-03-04,975.8,985.56,962.76,972.48,305967
19,2024-03-05,981.03,990.84,966.89,976.66,598327
19,2024-03-06,977.38,987.15,964.75,974.5,77834
19,2024-03-07,978.21,987.99,967.55,977.32,391452
19,2024-03-08,1003.92,1022.51,993.88,1012.39,233672
19,2024-03-11,1009.98,1020.76,999.88,1010.65,100074
19,2024-03-12,1009.81,1029.43,999.71,1019.24,731322
19,2024-03-13,1024.83,1040.42,1014.58,1030.12,757513
19,2024-03-14,1071.07,1089.0,1060.36,1078.22,230438
19,2024-03-15,1043.88,1059.67,1033.44,1049.18,662975
19,2024-03-18,1047.14,1057.61,1033.55,1043.99,833291
19,2024-03-19,1027.82,1042.81,1017.54,1032.49,981005
19,2024-03-20,1032.28,1042.6,1020.0,1030.3,724250
19,2024-03-21,1020.91,1040.74,1010.7,1030.44,590768
19,2024-03-22,1035.41,1045.76,1016.5,1026.77,969998
20,2024-01-01,1416.2,1430.36,1397.19,1411.3,111654
20,2024-01-02,1409.0,1424.07,1394.91,1409.97,278232
20,2024-01-03,1359.93,1373.53,1344.12,1357.7,388931
20,2024-01-04,1314.68,1336.81,1301.53,1323.57,528533
20,2024-01-05,1329.01,1346.65,1315.72,1333.32,938746
20,2024-01-08,1364.25,1377.89,1339.56,1353.09,248880
20,2024-01-09,1358.63,1372.22,1344.23,1357.81,76448
20,2024-01-10,1369.2,1389.93,1355.51,1376.17,486634
20,2024-01-11,1401.86,1415.88,1381.14,1395.09,315778
20,2024-01-12,1440.01,1454.41,1423.76,1438.14,133735
20,2024-01-15,1476.36,1491.12,1455.96,1470.67,991110
20,2024-01-16,1452.71,1473.78,1438.18,1459.19,523279
20,2024-01-17,1454.96,1469.51,1430.2,1444.65,699998
20,2024-01-18,1414.07,1428.21,1389.31,1403.34,243335
20,2024-01-19,1391.3,1410.44,1377.39,1396.48,536484
20,2024-01-22,1424.44,1438.68,1397.87,1411.99,95392
20,2024-01-23,1428.92,1446.22,1414.63,1431.9,239199
20,2024-01-24,1421.39,1437.77,1407.18,1423.53,416274
20,2024-01-25,1426.73,1441.0,1412.31,1426.58,988952
20,2024-01-26,1430.44,1445.74,1416.14,1431.43,105325
20,2024-01-29,1412.28,1436.26,1398.16,1422.04,950186
20,2024-01-30,1394.76,1408.71,1373.49,1387.36,304872
20,2024-01-31,1432.95,1447.28,1406.21,1420.41,887553
20,2024-02-01,1434.73,1449.08,1419.95,1434.29,785919
20,2024-02-02,1460.44,1486.5,1445.84,1471.78,169830
20,2024-02-05,1518.04,1533.22,1501.97,1517.14,305418
20,2024-02-06,1520.3,1535.5,1503.92,1519.11,970373
20,2024-02-07,1508.97,1524.54,1493.88,1509.45,110421
20,2024-02-08,1551.99,1567.51,1521.35,1536.72,458826
20,2024-02-09,1535.39,1556.34,1520.04,1540.93,911320
20,2024-02-12,1548.45,1566.89,1532.97,1551.38,89028
20,2024-02-13,1518.59,1538.47,1503.4,1523.24,301967
20,2024-02-14,1523.29,1545.69,1508.06,1530.39,820892
20,2024-02-15,1519.73,1548.7,1504.53,1533.37,561214
20,2024-02-16,1559.65,1575.25,1534.11,1549.61,665143
20,2024-02-19,1592.08,1608.0,1561.52,1577.29,728260
20,2024-02-20,1565.97,1593.84,1550.31,1578.06,551768
20,2024-02-21,1585.21,1613.1,1569.36,1597.13,612868
20,2024-02-22,1636.97,1669.7,1620.6,1653.17,235098
20,2024-02-23,1644.6,1661.34,1628.15,1644.89,952978
20,2024-02-26,1621.38,1637.59,1598.31,1614.45,623603
20,2024-02-27,1562.16,1584.15,1546.54,1568.47,440275
20,2024-02-28,1546.02,1576.43,1530.56,1560.82,260690
20,2024-02-29,1547.51,1562.99,1523.49,1538.88,241116
20,2024-03-01,1522.65,1553.1,1507.42,1537.72,130527
20,2024-03-04,1527.93,1543.21,1503.4,1518.59,782899
20,2024-03-05,1519.46,1534.65,1495.8,1510.91,853235
20,2024-03-06,1523.1,1538.33,1498.9,1514.04,533055
20,2024-03-07,1534.21,1549.55,1512.0,1527.27,981723
20,2024-03-08,1506.5,1532.12,1491.43,1516.95,264381
20,2024-03-11,1521.74,1546.64,1506.52,1531.33,113326
20,2024-03-12,1532.16,1547.48,1501.86,1517.03,73576
20,2024-03-13,1517.66,1532.84,1492.29,1507.36,576889
20,2024-03-14,1543.58,1559.02,1515.97,1531.28,929883
20,2024-03-15,1561.64,1577.26,1534.11,1549.61,486944
20,2024-03-18,1525.52,1540.78,1507.04,1522.26,229074
20,2024-03-19,1508.77,1536.57,1493.68,1521.36,581179
20,2024-03-20,1481.4,1496.21,1466.51,1481.32,187214
20,2024-03-21,1439.05,1453.44,1424.04,1438.42,606371
20,2024-03-22,1409.87,1438.11,1395.77,1423.87,772955
21,2024-01-01,1806.72,1824.79,1779.57,1797.55,957416
21,2024-01-02,1784.17,1811.42,1766.33,1793.49,357348
21,2024-01-03,1789.39,1819.85,1771.5,1801.83,388384
21,2024-01-04,1774.37,1792.11,1749.74,1767.41,582110
21,2024-01-05,1735.05,1752.4,1715.57,1732.9,55571
21,2024-01-08,1670.53,1701.58,1653.82,1684.73,887195
21,2024-01-09,1704.46,1721.5,1673.36,1690.26,307149
21,2024-01-10,1674.59,1695.73,1657.84,1678.94,590475
21,2024-01-11,1675.3,1692.05,1652.95,1669.65,439788
21,2024-01-12,1674.02,1691.75,1657.28,1675.0,96690
21,2024-01-15,1687.41,1705.86,1670.54,1688.97,336579
21,2024-01-16,1670.11,1690.73,1653.41,1673.99,861679
21,2024-01-17,1640.1,1669.27,1623.7,1652.74,289398
21,2024-01-18,1689.79,1706.69,1658.93,1675.69,602509
21,2024-01-19,1730.91,1752.92,1713.6,1735.56,816751
21,2024-01-22,1757.92,1775.5,1739.53,1757.1,160910
21,2024-01-23,1775.29,1793.04,1742.32,1759.92,342934
21,2024-01-24,1744.25,1761.69,1714.14,1731.45,775890
21,2024-01-25,1728.56,1756.4,1711.27,1739.01,402707
21,2024-01-26,1725.84,1743.1,1708.52,1725.78,739194
21,2024-01-29,1719.45,1737.16,1702.26,1719.96,563785
21,2024-01-30,1706.8,1723.87,1679.04,1696.0,213094
21,2024-01-31,1713.18,1730.31,1694.16,1711.27,714551
21,2024-02-01,1732.81,1753.22,1715.48,1735.86,181477
21,2024-02-02,1748.74,1766.23,1726.44,1743.88,371098
21,2024-02-05,1812.61,1830.74,1780.0,1797.98,608001
21,2024-02-06,1804.43,1822.47,1777.28,1795.23,804427
21,2024-02-07,1772.35,1790.27,1754.63,1772.54,900010
21,2024-02-08,1770.59,1788.3,1739.02,1756.59,901443
21,2024-02-09,1721.89,1739.11,1698.36,1715.52,866031
21,2024-02-12,1681.86,1707.58,1665.04,1690.67,447070
21,2024-02-13,1668.66,1693.78,1651.97,1677.01,354539
21,2024-02-14,1669.04,1685.73,1649.96,1666.63,469761
21,2024-02-15,1643.11,1664.64,1626.68,1648.16,759129
21,2024-02-16,1649.33,1671.44,1632.84,1654.89,757220
21,2024-02-19,1653.66,1681.9,1637.12,1665.25,173802
21,2024-02-20,1683.94,1709.46,1667.1,1692.53,110090
21,2024-02-21,1666.26,1695.41,1649.6,1678.62,865807
21,2024-02-22,1646.8,1663.27,1628.53,1644.98,551200
21,2024-02-23,1668.02,1684.7,1646.22,1662.85,271528
21,2024-02-26,1659.05,1675.64,1636.1,1652.63,65318
21,2024-02-27,1667.79,1688.77,1651.11,1672.05,384124
21,2024-02-28,1662.18,1678.8,1636.06,1652.59,256891
21,2024-02-29,1660.41,1677.01,1638.0,1654.55,813051
21,2024-03-01,1700.22,1717.22,1677.78,1694.73,387753
21,2024-03-04,1715.83,1732.99,1688.25,1705.3,329966
21,2024-03-05,1741.33,1763.02,1723.92,1745.56,337629
21,2024-03-06,1756.09,1775.1,1738.53,1757.52,827065
21,2024-03-07,1765.3,1782.95,1742.02,1759.62,908109
21,2024-03-08,1765.36,1797.45,1747.71,1779.65,270474
21,2024-03-11,1815.42,1833.57,1784.52,1802.55,444351
21,2024-03-12,1802.59,1835.7,1784.56,1817.52,465892
21,2024-03-13,1806.61,1824.68,1778.86,1796.83,121750
21,2024-03-14,1782.05,1799.87,1752.75,1770.45,456285
21,2024-03-15,1743.38,1766.56,1725.95,1749.07,135215
21,2024-03-18,1770.2,1787.9,1736.47,1754.01,816898
21,2024-03-19,1729.14,1746.43,1697.14,1714.28,377366
21,2024-03-20,1697.03,1725.7,1680.06,1708.61,585006
21,2024-03-21,1735.61,1753.76,1718.25,1736.4,994836
21,2024-03-22,1748.12,1765.6,1724.46,1741.88,120371
22,2024-01-01,2425.66,2449.92,2398.63,2422.86,339092
22,2024-01-02,2377.69,2421.5,2353.91,2397.52,51356
22,2024-01-03,2445.12,2469.57,2417.17,2441.59,999246
22,2024-01-04,2424.49,2459.22,2400.25,2434.87,316432
22,2024-01-05,2413.61,2448.26,2389.47,2424.02,803198
22,2024-01-08,2432.66,2456.99,2388.95,2413.08,976332
22,2024-01-09,2420.49,2453.12,2396.29,2428.83,157198
22,2024-01-10,2435.59,2459.95,2393.52,2417.7,654300
22,2024-01-11,2398.31,2432.65,2374.33,2408.56,749954
22,2024-01-12,2362.86,2388.71,2339.23,2365.06,989815
22,2024-01-15,2358.58,2383.02,2334.99,2359.43,527976
22,2024-01-16,2333.58,2365.62,2310.24,2342.2,742778
22,2024-01-17,2358.91,2382.5,2332.96,2356.53,834593
22,2024-01-18,2359.77,2392.77,2336.17,2369.08,428554
22,2024-01-19,2346.57,2380.25,2323.1,2356.68,963530
22,2024-01-22,2278.9,2310.33,2256.11,2287.46,143142
22,2024-01-23,2246.16,2286.43,2223.7,2263.79,258419
22,2024-01-24,2263.59,2287.86,2240.95,2265.21,461588
22,2024-01-25,2283.68,2309.92,2260.84,2287.05,367018
22,2024-01-26,2306.14,2337.79,2283.08,2314.64,785295
22,2024-01-29,2293.71,2333.88,2270.77,2310.77,273787
22,2024-01-30,2381.17,2404.98,2337.14,2360.75,866527
22,2024-01-31,2356.15,2379.71,2331.64,2355.19,976482
22,2024-02-01,2443.22,2467.65,2396.46,2420.67,254505
22,2024-02-02,2387.87,2425.65,2363.99,2401.63,692288
22,2024-02-05,2416.44,2445.25,2392.28,2421.04,934967
22,2024-02-06,2442.21,2466.63,2397.72,2421.94,908907
22,2024-02-07,2373.39,2413.71,2349.66,2389.81,398305
22,2024-02-08,2373.17,2396.9,2327.65,2351.16,919011
22,2024-02-09,2348.71,2388.1,2325.22,2364.46,165097
22,2024-02-12,2349.46,2375.39,2325.97,2351.87,619060
22,2024-02-13,2286.27,2329.08,2263.41,2306.02,265420
22,2024-02-14,2333.26,2367.24,2309.93,2343.8,914107
22,2024-02-15,2298.03,2321.01,2268.97,2291.89,118311
22,2024-02-16,2285.01,2316.97,2262.16,2294.03,423197
22,2024-02-19,2251.55,2288.73,2229.03,2266.07,599168
22,2024-02-20,2247.31,2288.87,2224.84,2266.21,639001
22,2024-02-21,2279.04,2309.21,2256.25,2286.35,863128
22,2024-02-22,2226.75,2263.0,2204.48,2240.59,780325
22,2024-02-23,2220.59,2253.36,2198.38,2231.05,778871
22,2024-02-26,2208.3,2231.93,2186.22,2209.83,946036
22,2024-02-27,2193.94,2215.88,2153.41,2175.16,246528
22,2024-02-28,2143.62,2165.06,2121.76,2143.19,487553
22,2024-02-29,2147.53,2169.01,2109.15,2130.45,933505
22,2024-03-01,2141.83,2163.25,2103.74,2124.99,816372
22,2024-03-04,2027.96,2068.77,2007.68,2048.29,354056
22,2024-03-05,1991.49,2023.57,1971.58,2003.53,85895
22,2024-03-06,1996.57,2016.54,1970.95,1990.86,299384
22,2024-03-07,2002.68,2023.39,1982.65,2003.36,445267
22,2024-03-08,2033.41,2053.74,1994.02,2014.16,240536
22,2024-03-11,1980.04,2013.01,1960.24,1993.08,410397
22,2024-03-12,1980.7,2000.51,1944.91,1964.56,634580
22,2024-03-13,1966.69,2004.46,1947.02,1984.61,249762
22,2024-03-14,1983.11,2002.94,1960.69,1980.5,634774
22,2024-03-15,1983.38,2003.21,1957.71,1977.48,713167
22,2024-03-18,1968.59,1988.28,1943.54,1963.17,354535
22,2024-03-19,1944.08,1978.21,1924.64,1958.62,950242
22,2024-03-20,1932.37,1952.66,1913.05,1933.33,351396
22,2024-03-21,1925.64,1952.31,1906.38,1932.98,821369
22,2024-03-22,1993.53,2013.47,1959.21,1979.0,689357
23,2024-01-01,215.97,219.73,213.81,217.55,267237
23,2024-01-02,220.47,222.67,216.61,218.8,69115
23,2024-01-03,218.01,220.42,215.83,218.24,56741
23,2024-01-04,225.03,227.28,221.36,223.6,391833
23,2024-01-05,231.1,233.41,227.87,230.17,958181
23,2024-01-08,231.88,234.2,229.41,231.73,429733
23,2024-01-09,231.26,234.52,228.95,232.2,170141
23,2024-01-10,235.29,237.64,231.35,233.69,394072
23,2024-01-11,230.96,234.68,228.65,232.36,621602
23,2024-01-12,237.51,242.02,235.13,239.62,442675
23,2024-01-15,232.88,235.21,229.41,231.73,836528
23,2024-01-16,238.58,240.97,234.92,237.29,86872
23,2024-01-17,239.95,242.35,235.5,237.88,843208
23,2024-01-18,234.55,236.9,230.62,232.95,338047
23,2024-01-19,227.71,231.57,225.43,229.28,79514
23,2024-01-22,222.54,224.77,218.36,220.57,278676
23,2024-01-23,221.7,223.92,217.62,219.82,600750
23,2024-01-24,220.08,222.28,217.16,219.35,915998
23,2024-01-25,221.22,225.51,219.01,223.28,227433
23,2024-01-26,219.64,221.84,216.01,218.19,778429
23,2024-01-29,214.27,216.41,211.99,214.13,50228
23,2024-01-30,208.22,211.39,206.14,209.3,247820
23,2024-01-31,210.74,213.79,208.63,211.67,231945
23,2024-02-01,209.74,211.84,207.62,209.72,872362
23,2024-02-02,208.56,211.25,206.47,209.16,760269
23,2024-02-05,209.02,211.11,206.72,208.81,825953
23,2024-02-06,206.39,210.39,204.33,208.31,985105
23,2024-02-07,215.62,218.28,213.46,216.12,194616
23,2024-02-08,212.48,214.6,210.0,212.12,607429
23,2024-02-09,214.92,217.3,212.77,215.15,844312
23,2024-02-12,214.13,216.27,211.83,213.97,680443
23,2024-02-13,209.79,211.89,206.52,208.61,425066
23,2024-02-14,207.35,209.42,203.51,205.57,413905
23,2024-02-15,207.77,209.85,204.75,206.82,69324
23,2024-02-16,208.18,210.26,204.55,206.62,550892
23,2024-02-19,203.86,205.9,200.1,202.12,509607
23,2024-02-20,200.15,202.15,196.96,198.95,284617
23,2024-02-21,200.46,202.46,196.88,198.87,915283
23,2024-02-22,199.66,201.66,196.97,198.96,789590
23,2024-02-23,199.54,203.03,197.54,201.02,620909
23,2024-02-26,199.62,203.02,197.62,201.01,223776
23,2024-02-27,198.86,201.39,196.87,199.4,460815
23,2024-02-28,197.41,199.38,195.43,197.4,223493
23,2024-02-29,198.26,200.24,195.99,197.97,655534
23,2024-03-01,202.18,204.88,200.16,202.85,776851
23,2024-03-04,203.77,206.08,201.73,204.04,509975
23,2024-03-05,206.88,209.75,204.81,207.67,131504
23,2024-03-06,210.73,214.59,208.62,212.47,927062
23,2024-03-07,209.47,212.17,207.38,210.07,612858
23,2024-03-08,212.7,214.83,209.17,211.28,91477
23,2024-03-11,210.49,214.71,208.39,212.58,241329
23,2024-03-12,213.64,215.78,209.58,211.7,632731
23,2024-03-13,209.11,213.21,207.02,211.1,282507
23,2024-03-14,212.38,214.5,208.66,210.77,445117
23,2024-03-15,211.7,214.21,209.58,212.09,231713
23,2024-03-18,212.86,214.99,210.66,212.79,912679
23,2024-03-19,216.65,218.82,212.75,214.9,166357
23,2024-03-20,220.74,222.95,218.38,220.59,885489
23,2024-03-21,217.02,221.09,214.85,218.9,314236
23,2024-03-22,209.78,212.63,207.68,210.52,947866
24,2024-01-01,796.26,809.7,788.3,801.68,512120
24,2024-01-02,800.0,808.0,788.24,796.2,873512
24,2024-01-03,807.9,822.12,799.82,813.98,948487
24,2024-01-04,821.47,835.83,813.26,827.55,785939
24,2024-01-05,833.74,842.08,821.79,830.09,766123
24,2024-01-08,824.05,837.0,815.81,828.71,470887
24,2024-01-09,838.58,853.73,830.19,845.28,964247
24,2024-01-10,859.31,867.9,844.13,852.66,306831
24,2024-01-11,852.97,862.16,844.44,853.62,348712
24,2024-01-12,871.91,880.63,861.79,870.5,743394
24,2024-01-15,897.21,906.18,884.71,893.65,725565
24,2024-01-16,869.41,886.04,860.72,877.27,866760
24,2024-01-17,850.72,863.69,842.21,855.14,508863
24,2024-01-18,857.94,866.52,842.84,851.35,409430
24,2024-01-19,845.95,854.82,837.49,846.36,992101
24,2024-01-22,854.02,862.56,840.94,849.43,250002
24,2024-01-23,827.71,837.5,819.43,829.21,791079
24,2024-01-24,833.82,842.16,821.03,829.32,266695
24,2024-01-25,829.35,839.66,821.06,831.35,526838
24,2024-01-26,842.42,850.84,832.24,840.65,581896
24,2024-01-29,851.29,865.41,842.78,856.84,822096
24,2024-01-30,812.04,820.16,803.25,811.36,174525
24,2024-01-31,803.65,817.65,795.61,809.55,542479
24,2024-02-01,809.41,823.89,801.32,815.73,937288
24,2024-02-02,807.16,816.76,799.09,808.67,414006
24,2024-02-05,804.43,812.47,791.72,799.72,483500
24,2024-02-06,793.44,801.37,785.37,793.3,190081
24,2024-02-07,786.04,793.9,776.45,784.29,587459
24,2024-02-08,794.14,802.08,779.77,787.65,948771
24,2024-02-09,785.27,797.19,777.42,789.3,174987
24,2024-02-12,804.27,812.31,788.78,796.75,866358
24,2024-02-13,786.8,800.92,778.93,792.99,950056
24,2024-02-14,790.15,798.97,782.25,791.06,93765
24,2024-02-15,791.45,799.36,782.85,790.76,371626
24,2024-02-16,824.7,832.95,810.47,818.66,678806
24,2024-02-19,810.81,820.0,802.7,811.88,828456
24,2024-02-20,782.76,797.82,774.93,789.92,685119
24,2024-02-21,798.84,806.83,785.16,793.09,204757
24,2024-02-22,804.0,812.04,789.42,797.39,302020
24,2024-02-23,807.69,815.77,793.21,801.22,354629
24,2024-02-26,786.44,801.62,778.58,793.68,734354
24,2024-02-27,793.67,802.5,785.73,794.55,293477
24,2024-02-28,793.3,809.32,785.37,801.31,815596
24,2024-02-29,782.24,796.77,774.42,788.88,231915
24,2024-03-01,782.81,792.94,774.98,785.09,354676
24,2024-03-04,763.79,771.43,749.2,756.77,659500
24,2024-03-05,761.8,769.42,748.57,756.13,336383
24,2024-03-06,745.69,759.31,738.23,751.79,770465
24,2024-03-07,759.53,774.03,751.93,766.37,183474
24,2024-03-08,790.72,798.63,780.9,788.79,247432
24,2024-03-11,821.78,833.6,813.56,825.35,951003
24,2024-03-12,834.5,842.85,820.53,828.82,736254
24,2024-03-13,821.12,829.33,805.21,813.34,200594
24,2024-03-14,812.82,821.15,804.69,813.02,395915
24,2024-03-15,800.89,810.03,792.88,802.01,310969
24,2024-03-18,812.34,820.46,798.03,806.09,88556
24,2024-03-19,810.11,825.96,802.01,817.78,968522
24,2024-03-20,809.91,818.01,801.39,809.48,338116
24,2024-03-21,810.21,818.31,794.34,802.36,87327
24,2024-03-22,802.6,810.63,792.12,800.12,470599
25,2024-01-01,2383.87,2408.56,2360.03,2384.71,717723
25,2024-01-02,2306.54,2349.91,2283.47,2326.64,234099
25,2024-01-03,2336.37,2374.5,2313.01,2350.99,594817
25,2024-01-04,2308.29,2344.73,2285.21,2321.51,868543
25,2024-01-05,2315.67,2345.76,2292.51,2322.53,272354
25,2024-01-08,2325.72,2370.32,2302.46,2346.85,305075
25,2024-01-09,2383.93,2407.77,2339.32,2362.95,426463
25,2024-01-10,2446.77,2471.24,2412.95,2437.32,514856
25,2024-01-11,2371.3,2397.17,2347.59,2373.44,497245
25,2024-01-12,2386.63,2410.5,2353.04,2376.81,943607
25,2024-01-15,2366.47,2390.32,2342.81,2366.65,567238
25,2024-01-16,2347.21,2386.51,2323.74,2362.88,772441
25,2024-01-17,2383.05,2406.88,2349.61,2373.34,481154
25,2024-01-18,2366.78,2390.45,2341.21,2364.86,857120
25,2024-01-19,2282.81,2305.95,2259.98,2283.12,600173
25,2024-01-22,2256.64,2293.47,2234.07,2270.76,905862
25,2024-01-23,2289.85,2331.42,2266.95,2308.34,623965
25,2024-01-24,2340.39,2381.85,2316.99,2358.27,124762
25,2024-01-25,2276.16,2298.92,2249.4,2272.12,134761
25,2024-01-26,2292.27,2318.39,2269.35,2295.44,216047
25,2024-01-29,2305.21,2328.26,2273.63,2296.6,359147
25,2024-01-30,2287.16,2328.91,2264.29,2305.85,977077
25,2024-01-31,2292.05,2314.97,2262.35,2285.2,73462
25,2024-02-01,2241.62,2264.04,2205.52,2227.8,559749
25,2024-02-02,2204.92,2242.1,2182.87,2219.9,900282
25,2024-02-05,2224.16,2246.4,2193.76,2215.92,287406
25,2024-02-06,2225.27,2247.52,2199.83,2222.05,434293
25,2024-02-07,2202.03,2230.13,2180.01,2208.05,255973
25,2024-02-08,2216.55,2242.12,2194.38,2219.92,474354
25,2024-02-09,2169.36,2201.88,2147.67,2180.08,833878
25,2024-02-12,2266.92,2298.57,2244.25,2275.81,222718
25,2024-02-13,2223.3,2264.29,2201.07,2241.87,728413
25,2024-02-14,2257.5,2285.08,2234.93,2262.46,444986
25,2024-02-15,2227.88,2251.54,2205.6,2229.25,399323
25,2024-02-16,2226.46,2248.72,2197.0,2219.19,682495
25,2024-02-19,2188.77,2220.15,2166.88,2198.17,487097
25,2024-02-20,2158.69,2201.27,2137.1,2179.48,901909
25,2024-02-21,2147.37,2181.47,2125.9,2159.87,266157
25,2024-02-22,2144.66,2166.11,2117.31,2138.7,121385
25,2024-02-23,2110.74,2147.56,2089.63,2126.3,662518
25,2024-02-26,2169.33,2191.02,2145.17,2166.84,293220
25,2024-02-27,2141.43,2162.84,2113.64,2134.99,160459
25,2024-02-28,2048.46,2078.59,2027.98,2058.01,623804
25,2024-02-29,2116.6,2137.77,2079.99,2101.0,998959
25,2024-03-01,2043.11,2074.94,2022.68,2054.4,294241
25,2024-03-04,2105.06,2126.99,2084.01,2105.93,398913
25,2024-03-05,2093.43,2119.73,2072.5,2098.74,414357
25,2024-03-06,2135.54,2156.9,2100.05,2121.26,668248
25,2024-03-07,2084.44,2105.28,2050.56,2071.27,86445
25,2024-03-08,2120.48,2141.68,2083.82,2104.87,537112
25,2024-03-11,2109.69,2130.79,2081.62,2102.65,62127
25,2024-03-12,2038.13,2058.51,2002.87,2023.1,474402
25,2024-03-13,1993.56,2015.94,1973.62,1995.98,521506
25,2024-03-14,1980.54,2004.2,1960.73,1984.36,694727
25,2024-03-15,2003.38,2023.41,1979.42,1999.41,817104
25,2024-03-18,1981.21,2016.78,1961.4,1996.81,427426
25,2024-03-19,2035.3,2055.65,2000.5,2020.71,124421
25,2024-03-20,1947.13,1983.56,1927.66,1963.92,857801
25,2024-03-21,1984.65,2004.5,1963.12,1982.95,841248
25,2024-03-22,1935.64,1969.76,1916.28,1950.26,173293
26,2024-01-01,1428.91,1448.21,1414.62,1433.87,626354
26,2024-01-02,1459.4,1473.99,1432.47,1446.94,845081
26,2024-01-03,1461.76,1476.38,1437.93,1452.45,320982
26,2024-01-04,1425.43,1447.23,1411.18,1432.9,797627
26,2024-01-05,1429.68,1443.98,1415.21,1429.51,582331
26,2024-01-08,1424.49,1438.73,1403.83,1418.01,387103
26,2024-01-09,1448.26,1462.74,1432.41,1446.88,658459
26,2024-01-10,1478.61,1500.62,1463.82,1485.76,130416
26,2024-01-11,1479.26,1494.05,1464.46,1479.25,848420
26,2024-01-12,1476.21,1490.97,1455.59,1470.29,799588
26,2024-01-15,1442.99,1460.52,1428.56,1446.06,232279
26,2024-01-16,1396.45,1422.9,1382.49,1408.81,611370
26,2024-01-17,1429.48,1443.77,1409.43,1423.67,948389
26,2024-01-18,1409.83,1426.52,1395.73,1412.4,678871
26,2024-01-19,1457.72,1473.78,1443.14,1459.19,229200
26,2024-01-22,1446.41,1460.87,1431.72,1446.18,552154
26,2024-01-23,1464.04,1478.68,1444.67,1459.26,157717
26,2024-01-24,1483.19,1498.02,1461.9,1476.67,525289
26,2024-01-25,1475.51,1490.27,1459.52,1474.26,190695
26,2024-01-26,1473.11,1487.84,1451.23,1465.89,57936
26,2024-01-29,1478.64,1493.43,1457.61,1472.33,920810
26,2024-01-30,1451.73,1466.25,1431.33,1445.79,688190
26,2024-01-31,1452.9,1467.43,1433.35,1447.83,446575
26,2024-02-01,1431.9,1446.22,1411.07,1425.32,545769
26,2024-02-02,1447.32,1461.79,1421.62,1435.98,161679
26,2024-02-05,1466.46,1481.12,1437.7,1452.22,248936
26,2024-02-06,1463.15,1487.4,1448.52,1472.67,601217
26,2024-02-07,1457.33,1471.9,1431.19,1445.65,354172
26,2024-02-08,1426.97,1441.24,1409.19,1423.42,369627
26,2024-02-09,1427.07,1449.71,1412.8,1435.36,347522
26,2024-02-12,1403.01,1418.5,1388.98,1404.46,354509
26,2024-02-13,1399.06,1413.05,1378.33,1392.25,972658
26,2024-02-14,1417.07,1431.24,1401.06,1415.21,199373
26,2024-02-15,1416.58,1430.75,1397.09,1411.2,537762
26,2024-02-16,1426.24,1442.22,1411.98,1427.94,906118
26,2024-02-19,1441.68,1456.1,1420.15,1434.49,514174
26,2024-02-20,1412.83,1426.96,1385.31,1399.3,683983
26,2024-02-21,1406.67,1433.82,1392.6,1419.62,360290
26,2024-02-22,1394.44,1421.93,1380.5,1407.85,477523
26,2024-02-23,1406.38,1425.21,1392.32,1411.1,466383
26,2024-02-26,1401.06,1415.07,1381.82,1395.78,538842
26,2024-02-27,1376.74,1398.9,1362.97,1385.05,353609
26,2024-02-28,1360.55,1383.91,1346.94,1370.21,119583
26,2024-02-29,1381.94,1395.76,1359.63,1373.36,764788
26,2024-03-01,1395.12,1409.07,1376.51,1390.41,503142
26,2024-03-04,1414.63,1428.78,1396.51,1410.62,86443
26,2024-03-05,1438.05,1452.43,1423.66,1438.04,389637
26,2024-03-06,1443.8,1464.76,1429.36,1450.26,660661
26,2024-03-07,1461.97,1481.26,1447.35,1466.59,781283
26,2024-03-08,1476.98,1491.75,1460.42,1475.17,888694
26,2024-03-11,1516.61,1531.78,1499.11,1514.25,761849
26,2024-03-12,1592.19,1608.11,1561.75,1577.53,119885
26,2024-03-13,1631.88,1648.77,1615.56,1632.45,138974
26,2024-03-14,1656.06,1672.62,1630.76,1647.23,759863
26,2024-03-15,1630.37,1646.67,1603.24,1619.43,118739
26,2024-03-18,1605.01,1621.06,1576.94,1592.87,293828
26,2024-03-19,1614.43,1630.57,1592.61,1608.7,443708
26,2024-03-20,1618.22,1634.4,1595.99,1612.11,376780
26,2024-03-21,1625.26,1646.28,1609.01,1629.98,96702
26,2024-03-22,1645.7,1677.89,1629.24,1661.28,576472
27,2024-01-01,1945.88,1983.85,1926.42,1964.21,398414
27,2024-01-02,1957.81,1987.84,1938.23,1968.16,474909
27,2024-01-03,1978.1,1997.88,1956.2,1975.96,934291
27,2024-01-04,1955.22,1994.51,1935.67,1974.76,760826
27,2024-01-05,1987.03,2006.9,1950.24,1969.94,565267
27,2024-01-08,1945.27,1964.72,1924.76,1944.2,184069
27,2024-01-09,1967.18,1986.85,1931.49,1951.0,248219
27,2024-01-10,1936.37,1955.73,1910.69,1929.99,124763
27,2024-01-11,1906.13,1925.19,1878.21,1897.18,336169
27,2024-01-12,1905.74,1926.21,1886.68,1907.14,619459
27,2024-01-15,1914.83,1941.64,1895.68,1922.42,679253
27,2024-01-16,1888.46,1920.47,1869.58,1901.46,703711
27,2024-01-17,1885.98,1914.52,1867.12,1895.56,760956
27,2024-01-18,1857.36,1884.9,1838.79,1866.24,887631
27,2024-01-19,1867.28,1885.95,1844.41,1863.04,133331
27,2024-01-22,1863.12,1885.84,1844.49,1867.17,727655
27,2024-01-23,1891.73,1918.99,1872.81,1899.99,409123
27,2024-01-24,1927.26,1962.12,1907.99,1942.69,733071
27,2024-01-25,1987.11,2017.11,1967.24,1997.14,358216
27,2024-01-26,1991.55,2018.16,1971.63,1998.18,74455
27,2024-01-29,2046.99,2067.46,2010.54,2030.85,542307
27,2024-01-30,2011.66,2033.58,1991.54,2013.45,79283
27,2024-01-31,2006.59,2033.08,1986.52,2012.95,928007
27,2024-02-01,2014.24,2053.92,1994.1,2033.58,602353
27,2024-02-02,1985.68,2008.4,1965.82,1988.51,669650
27,2024-02-05,2005.26,2025.31,1976.23,1996.19,50681
27,2024-02-06,1954.8,1992.77,1935.25,1973.04,166899
27,2024-02-07,1966.21,1985.87,1927.8,1947.27,349455
27,2024-02-08,1958.86,1988.11,1939.27,1968.43,69864
27,2024-02-09,1970.7,2001.49,1950.99,1981.67,103689
27,2024-02-12,1966.28,1996.73,1946.62,1976.96,540148
27,2024-02-13,1940.13,1969.24,1920.73,1949.74,943510
27,2024-02-14,1948.24,1973.47,1928.76,1953.93,412089
27,2024-02-15,1975.98,1999.26,1956.22,1979.47,741200
27,2024-02-16,2031.08,2051.39,1993.07,2013.2,369148
27,2024-02-19,2010.99,2031.1,1988.46,2008.55,140303
27,2024-02-20,1985.33,2017.03,1965.48,1997.06,882732
27,2024-02-21,1944.12,1977.08,1924.68,1957.5,482877
27,2024-02-22,1999.54,2024.27,1979.54,2004.23,875644
27,2024-02-23,2033.36,2053.69,2010.28,2030.59,467532
27,2024-02-26,2041.74,2062.16,2008.44,2028.73,633813
27,2024-02-27,2019.27,2039.46,1985.88,2005.94,519311
27,2024-02-28,2050.36,2070.86,2018.14,2038.53,330965
27,2024-02-29,2005.45,2025.68,1985.4,2005.62,450062
27,2024-03-01,1948.3,1982.2,1928.82,1962.57,236854
27,2024-03-04,1931.21,1968.03,1911.9,1948.54,238224
27,2024-03-05,1926.91,1951.72,1907.64,1932.4,58028
27,2024-03-06,1913.49,1932.62,1881.59,1900.6,80394
27,2024-03-07,1971.99,1991.71,1946.28,1965.94,417697
27,2024-03-08,2026.96,2047.23,2000.8,2021.01,92529
27,2024-03-11,2021.09,2041.3,1998.9,2019.09,893426
27,2024-03-12,1983.3,2019.1,1963.47,1999.11,831515
27,2024-03-13,1977.54,2004.67,1957.76,1984.82,430147
27,2024-03-14,1932.38,1965.44,1913.06,1945.98,528391
27,2024-03-15,1937.87,1957.61,1918.49,1938.23,856329
27,2024-03-18,1986.21,2006.07,1958.28,1978.06,515931
27,2024-03-19,1996.58,2016.55,1973.57,1993.51,260090
27,2024-03-20,1974.55,2003.55,1954.8,1983.71,812976
27,2024-03-21,1988.18,2012.29,1968.3,1992.37,517605
27,2024-03-22,1996.59,2016.56,1961.68,1981.5,442265
28,2024-01-01,1395.84,1420.55,1381.88,1406.49,158073
28,2024-01-02,1380.43,1396.72,1366.63,1382.89,665445
28,2024-01-03,1353.72,1378.85,1340.18,1365.2,943377
28,2024-01-04,1370.13,1390.49,1356.43,1376.72,860679
28,2024-01-05,1375.22,1398.23,1361.47,1384.39,830711
28,2024-01-08,1402.19,1416.21,1380.73,1394.68,616886
28,2024-01-09,1358.69,1382.73,1345.1,1369.04,534269
28,2024-01-10,1354.1,1367.64,1338.27,1351.79,391372
28,2024-01-11,1310.28,1323.38,1293.53,1306.6,906196
28,2024-01-12,1289.98,1311.7,1277.08,1298.71,412338
28,2024-01-15,1311.39,1324.5,1292.36,1305.41,935317
28,2024-01-16,1280.37,1298.92,1267.57,1286.06,952700
28,2024-01-17,1277.55,1301.86,1264.77,1288.97,899085
28,2024-01-18,1277.35,1290.12,1263.82,1276.59,685880
28,2024-01-19,1259.52,1283.96,1246.92,1271.25,884937
28,2024-01-22,1271.57,1289.05,1258.85,1276.29,172529
28,2024-01-23,1309.68,1335.3,1296.58,1322.08,311150
28,2024-01-24,1294.65,1319.93,1281.7,1306.86,449318
28,2024-01-25,1296.92,1309.89,1273.62,1286.48,540435
28,2024-01-26,1285.64,1307.56,1272.78,1294.61,925640
28,2024-01-29,1315.83,1328.99,1297.25,1310.35,240322
28,2024-01-30,1320.37,1341.33,1307.17,1328.05,703878
28,2024-01-31,1329.15,1342.44,1308.48,1321.7,794754
28,2024-02-01,1291.62,1305.76,1278.7,1292.83,802580
28,2024-02-02,1294.52,1314.61,1281.57,1301.59,310311
28,2024-02-05,1315.98,1334.08,1302.82,1320.87,160963
28,2024-02-06,1302.46,1316.66,1289.44,1303.62,913015
28,2024-02-07,1280.12,1303.23,1267.32,1290.33,734254
28,2024-02-08,1289.2,1302.09,1265.62,1278.4,590048
28,2024-02-09,1280.38,1296.72,1267.58,1283.88,768711
28,2024-02-12,1288.49,1313.46,1275.61,1300.46,847437
28,2024-02-13,1278.07,1292.19,1265.29,1279.4,654858
28,2024-02-14,1299.69,1312.69,1279.72,1292.65,499552
28,2024-02-15,1274.56,1287.31,1258.85,1271.57,483509
28,2024-02-16,1280.16,1292.96,1258.76,1271.47,811284
28,2024-02-19,1287.77,1302.98,1274.89,1290.08,268580
28,2024-02-20,1306.07,1326.35,1293.01,1313.22,548214
28,2024-02-21,1314.44,1327.58,1293.38,1306.44,385803
28,2024-02-22,1271.29,1294.11,1258.58,1281.3,804665
28,2024-02-23,1284.69,1308.03,1271.84,1295.08,307812
28,2024-02-26,1299.45,1312.44,1274.4,1287.27,980747
28,2024-02-27,1299.17,1318.27,1286.18,1305.22,88929
28,2024-02-28,1286.41,1309.73,1273.55,1296.76,722146
28,2024-02-29,1319.43,1345.24,1306.24,1331.92,876686
28,2024-03-01,1348.6,1364.88,1335.11,1351.37,369497
28,2024-03-04,1356.78,1377.66,1343.21,1364.02,506615
28,2024-03-05,1399.96,1420.86,1385.96,1406.79,951221
28,2024-03-06,1414.73,1438.38,1400.58,1424.14,967370
28,2024-03-07,1419.11,1438.1,1404.92,1423.86,476667
28,2024-03-08,1418.54,1432.73,1402.37,1416.54,463809
28,2024-03-11,1455.37,1469.92,1435.48,1449.98,841607
28,2024-03-12,1430.27,1451.83,1415.97,1437.46,629052
28,2024-03-13,1398.08,1412.45,1384.1,1398.47,348093
28,2024-03-14,1413.08,1437.51,1398.95,1423.28,253111
28,2024-03-15,1434.59,1448.94,1415.69,1429.99,953076
28,2024-03-18,1421.96,1436.18,1401.31,1415.46,99443
28,2024-03-19,1473.92,1488.66,1445.42,1460.02,555689
28,2024-03-20,1441.27,1455.68,1415.38,1429.68,128886
28,2024-03-21,1426.59,1440.86,1409.94,1424.18,825416
28,2024-03-22,1409.25,1423.34,1381.66,1395.62,419408
29,2024-01-01,213.91,217.36,211.77,215.21,520087
29,2024-01-02,220.36,222.56,217.11,219.3,781891
29,2024-01-03,214.93,217.08,210.78,212.91,680194
29,2024-01-04,212.51,215.03,210.38,212.9,316440
29,2024-01-05,208.64,212.12,206.55,210.02,553342
29,2024-01-08,211.68,214.7,209.56,212.57,647459
29,2024-01-09,212.69,215.76,210.56,213.62,50230
29,2024-01-10,209.44,213.12,207.35,211.01,936934
29,2024-01-11,211.02,213.13,207.75,209.85,628143
29,2024-01-12,213.43,215.56,209.33,211.44,404925
29,2024-01-15,209.61,212.15,207.51,210.05,965626
29,2024-01-16,210.78,212.89,208.51,210.62,323485
29,2024-01-17,212.38,214.5,209.65,211.77,405241
29,2024-01-18,211.5,213.62,207.51,209.61,71092
29,2024-01-19,210.4,213.27,208.3,211.16,289640
29,2024-01-22,210.57,212.68,208.33,210.43,832611
29,2024-01-23,209.57,211.67,206.6,208.69,415710
29,2024-01-24,209.88,212.39,207.78,210.29,794125
29,2024-01-25,207.79,210.39,205.71,208.31,395029
29,2024-01-26,198.34,202.13,196.36,200.13,701261
29,2024-01-29,197.33,199.3,194.13,196.09,812432
29,2024-01-30,195.21,197.21,193.26,195.26,333528
29,2024-01-31,190.2,193.12,188.3,191.21,743988
29,2024-02-01,192.02,195.74,190.1,193.8,140030
29,2024-02-02,190.58,193.49,188.67,191.57,939319
29,2024-02-05,190.32,192.22,188.34,190.24,396577
29,2024-02-06,188.83,191.35,186.94,189.46,246918
29,2024-02-07,191.75,194.14,189.83,192.22,350850
29,2024-02-08,189.1,190.99,186.92,188.81,112597
29,2024-02-09,190.45,193.55,188.55,191.63,437035
29,2024-02-12,191.78,193.7,189.24,191.15,292332
29,2024-02-13,191.43,194.8,189.52,192.87,105609
29,2024-02-14,189.17,192.31,187.28,190.41,772721
29,2024-02-15,187.2,190.92,185.33,189.03,579919
29,2024-02-16,189.64,191.54,187.51,189.4,347699
29,2024-02-19,181.89,184.47,180.07,182.64,746731
29,2024-02-20,180.51,183.79,178.7,181.97,902906
29,2024-02-21,182.22,184.6,180.4,182.77,573751
29,2024-02-22,180.66,182.47,178.54,180.34,548883
29,2024-02-23,178.37,181.23,176.59,179.44,479275
29,2024-02-26,179.06,182.33,177.27,180.52,570620
29,2024-02-27,184.85,186.7,182.26,184.1,803068
29,2024-02-28,182.03,183.85,179.46,181.27,693474
29,2024-02-29,180.58,184.13,178.77,182.31,441160
29,2024-03-01,184.62,187.53,182.77,185.67,611328
29,2024-03-04,183.81,185.65,180.48,182.3,807912
29,2024-03-05,184.29,187.06,182.45,185.21,981978
29,2024-03-06,184.91,186.76,182.65,184.49,803860
29,2024-03-07,181.5,183.31,179.29,181.1,711229
29,2024-03-08,184.39,186.82,182.55,184.97,152564
29,2024-03-11,185.45,187.3,183.52,185.37,755090
29,2024-03-12,183.45,185.28,181.58,183.41,451323
29,2024-03-13,181.85,184.27,180.03,182.45,977219
29,2024-03-14,183.6,185.44,180.42,182.24,362909
29,2024-03-15,185.08,187.15,183.23,185.3,67059
29,2024-03-18,184.51,187.95,182.66,186.09,534873
29,2024-03-19,188.15,190.03,185.83,187.71,662202
29,2024-03-20,187.23,190.9,185.36,189.01,837103
29,2024-03-21,187.85,189.73,185.2,187.07,254111
29,2024-03-22,187.63,191.26,185.75,189.37,241079
30,2024-01-01,521.63,526.85,516.32,521.54,502916
30,2024-01-02,505.14,512.54,500.09,507.47,77712
30,2024-01-03,493.64,500.6,488.7,495.64,873593
30,2024-01-04,509.79,514.89,502.22,507.29,864877
30,2024-01-05,500.87,505.88,493.92,498.91,245770
30,2024-01-08,498.21,503.79,493.23,498.8,111750
30,2024-01-09,501.76,506.78,492.77,497.75,871019
30,2024-01-10,498.31,503.65,493.33,498.66,757149
30,2024-01-11,507.08,512.85,502.01,507.77,796518
30,2024-01-12,511.05,516.54,505.94,511.43,943917
30,2024-01-15,491.29,496.2,483.62,488.5,830498
30,2024-01-16,481.03,485.84,475.7,480.51,220807
30,2024-01-17,486.59,491.46,479.3,484.14,820604
30,2024-01-18,479.37,488.73,474.58,483.89,494466
30,2024-01-19,487.03,496.37,482.16,491.46,859816
30,2024-01-22,495.35,500.3,489.92,494.87,237448
30,2024-01-23,486.63,491.5,481.47,486.33,99101
30,2024-01-24,476.02,484.08,471.26,479.29,822058
30,2024-01-25,476.22,481.43,471.46,476.66,541264
30,2024-01-26,475.55,480.31,468.33,473.06,474965
30,2024-01-29,473.04,481.5,468.31,476.73,198514
30,2024-01-30,485.18,490.65,480.33,485.79,427044
30,2024-01-31,488.44,494.44,483.56,489.54,212222
30,2024-02-01,498.19,505.94,493.21,500.93,596725
30,2024-02-02,501.52,509.9,496.5,504.85,679760
30,2024-02-05,488.01,492.89,479.74,484.59,295042
30,2024-02-06,486.21,492.72,481.35,487.84,615294
30,2024-02-07,483.78,492.66,478.94,487.78,625714
30,2024-02-08,496.52,501.49,489.56,494.5,610242
30,2024-02-09,499.1,504.6,494.11,499.6,865454
30,2024-02-12,503.9,508.94,494.59,499.59,604166
30,2024-02-13,504.48,509.52,499.05,504.09,481758
30,2024-02-14,503.34,509.6,498.31,504.55,476060
30,2024-02-15,497.0,501.97,487.35,492.27,382758
30,2024-02-16,479.84,489.06,475.04,484.22,786639
30,2024-02-19,483.87,488.71,478.36,483.19,772669
30,2024-02-20,482.49,489.73,477.67,484.88,266658
30,2024-02-21,471.96,481.39,467.24,476.62,173823
30,2024-02-22,476.15,480.91,466.85,471.57,343201
30,2024-02-23,465.61,473.77,460.95,469.08,239128
30,2024-02-26,467.73,472.41,459.72,464.36,963424
30,2024-02-27,462.94,469.95,458.31,465.3,477590
30,2024-02-28,464.74,470.2,460.09,465.54,306555
30,2024-02-29,462.0,469.37,457.38,464.72,671321
30,2024-03-01,457.78,462.36,451.5,456.06,586818
30,2024-03-04,457.1,461.67,449.3,453.84,161602
30,2024-03-05,454.8,462.91,450.25,458.33,710079
30,2024-03-06,465.25,470.45,460.6,465.79,947735
30,2024-03-07,467.31,473.1,462.64,468.42,958973
30,2024-03-08,460.2,466.39,455.6,461.77,964076
30,2024-03-11,462.64,467.27,455.25,459.85,995823
30,2024-03-12,460.9,467.82,456.29,463.19,464938
30,2024-03-13,445.81,454.67,441.35,450.17,259122
30,2024-03-14,449.45,455.93,444.96,451.42,471419
30,2024-03-15,453.99,458.53,447.62,452.14,130940
30,2024-03-18,452.86,457.39,446.99,451.5,670973
30,2024-03-19,456.38,460.94,447.95,452.47,734557
30,2024-03-20,454.3,458.84,447.38,451.9,136908
30,2024-03-21,438.42,445.64,434.04,441.23,819788
30,2024-03-22,438.55,446.19,434.16,441.77,495219
31,2024-01-01,2337.64,2376.69,2314.26,2353.16,350299
31,2024-01-02,2354.66,2381.8,2331.11,2358.22,343858
31,2024-01-03,2351.23,2398.71,2327.72,2374.96,616373
31,2024-01-04,2369.47,2393.16,2326.42,2349.92,323537
31,2024-01-05,2378.34,2402.12,2344.59,2368.27,703628
31,2024-01-08,2321.5,2353.22,2298.28,2329.92,289592
31,2024-01-09,2369.29,2395.27,2345.6,2371.55,453169
31,2024-01-10,2350.09,2389.99,2326.59,2366.33,455085
31,2024-01-11,2349.03,2375.18,2325.54,2351.66,792288
31,2024-01-12,2361.27,2384.88,2329.27,2352.8,653399
31,2024-01-15,2405.41,2429.46,2379.39,2403.42,357700
31,2024-01-16,2396.13,2437.83,2372.17,2413.69,893184
31,2024-01-17,2455.86,2480.42,2427.13,2451.65,690482
31,2024-01-18,2463.57,2488.21,2424.18,2448.67,676197
31,2024-01-19,2475.83,2500.59,2436.3,2460.91,404967
31,2024-01-22,2363.59,2392.58,2339.95,2368.89,140905
31,2024-01-23,2327.36,2355.08,2304.09,2331.76,695574
31,2024-01-24,2373.43,2418.1,2349.7,2394.16,614020
31,2024-01-25,2400.32,2440.4,2376.32,2416.24,902548
31,2024-01-26,2442.31,2466.73,2410.36,2434.71,887762
31,2024-01-29,2563.21,2588.84,2516.49,2541.91,904914
31,2024-01-30,2500.13,2527.75,2475.13,2502.72,310692
31,2024-01-31,2433.44,2468.3,2409.11,2443.86,305150
31,2024-02-01,2406.4,2430.46,2365.26,2389.15,116368
31,2024-02-02,2347.62,2378.49,2324.14,2354.94,108465
31,2024-02-05,2362.33,2396.98,2338.71,2373.25,780000
31,2024-02-06,2362.11,2387.47,2338.49,2363.83,496807
31,2024-02-07,2394.56,2418.51,2353.03,2376.8,774659
31,2024-02-08,2467.41,2492.08,2425.89,2450.39,59062
31,2024-02-09,2451.43,2480.76,2426.92,2456.2,911881
31,2024-02-12,2468.61,2493.3,2442.48,2467.15,380381
31,2024-02-13,2529.89,2555.19,2503.56,2528.85,672614
31,2024-02-14,2610.18,2636.28,2565.55,2591.46,196950
31,2024-02-15,2564.51,2592.67,2538.86,2567.0,437619
31,2024-02-16,2531.84,2557.16,2499.51,2524.76,883614
31,2024-02-19,2551.71,2581.45,2526.19,2555.89,915464
31,2024-02-20,2577.01,2627.99,2551.24,2601.97,624264
31,2024-02-21,2590.71,2628.33,2564.8,2602.31,869218
31,2024-02-22,2649.62,2676.12,2614.02,2640.42,260418
31,2024-02-23,2571.43,2621.54,2545.72,2595.58,438787
31,2024-02-26,2646.03,2672.49,2603.93,2630.23,484172
31,2024-02-27,2611.82,2637.94,2580.21,2606.27,624046
31,2024-02-28,2583.58,2621.19,2557.74,2595.24,301783
31,2024-02-29,2645.06,2671.51,2616.72,2643.15,476690
31,2024-03-01,2620.31,2646.51,2582.81,2608.9,253049
31,2024-03-04,2588.17,2629.99,2562.29,2603.95,442120
31,2024-03-05,2614.46,2647.41,2588.32,2621.2,476466
31,2024-03-06,2566.74,2592.41,2539.18,2564.83,243358
31,2024-03-07,2466.13,2514.14,2441.47,2489.25,523077
31,2024-03-08,2436.59,2460.96,2409.61,2433.95,580898
31,2024-03-11,2390.36,2426.28,2366.46,2402.26,820193
31,2024-03-12,2444.0,2468.44,2398.12,2422.34,179136
31,2024-03-13,2347.17,2391.68,2323.7,2368.0,359228
31,2024-03-14,2350.69,2391.24,2327.18,2367.56,724436
31,2024-03-15,2303.81,2349.92,2280.77,2326.65,817749
31,2024-03-18,2315.37,2353.76,2292.22,2330.46,625905
31,2024-03-19,2354.19,2386.53,2330.65,2362.9,132592
31,2024-03-20,2287.4,2323.15,2264.53,2300.15,228655
31,2024-03-21,2353.54,2388.36,2330.0,2364.71,61466
31,2024-03-22,2335.41,2358.76,2311.18,2334.53,625471
32,2024-01-01,2385.71,2409.57,2358.39,2382.21,931505
32,2024-01-02,2486.37,2511.23,2445.45,2470.15,356829
32,2024-01-03,2441.19,2465.6,2416.56,2440.97,756846
32,2024-01-04,2409.21,2433.3,2384.96,2409.05,114406
32,2024-01-05,2429.5,2464.17,2405.2,2439.77,680919
32,2024-01-08,2458.89,2487.14,2434.3,2462.51,894663
32,2024-01-09,2475.24,2499.99,2441.14,2465.8,889182
32,2024-01-10,2510.32,2535.65,2485.22,2510.54,347588
32,2024-01-11,2475.46,2505.8,2450.71,2480.99,872440
32,2024-01-12,2518.7,2543.89,2482.38,2507.45,433620
32,2024-01-15,2474.03,2509.61,2449.29,2484.76,217284
32,2024-01-16,2452.12,2476.64,2415.84,2440.24,289466
32,2024-01-17,2382.54,2406.37,2336.19,2359.79,421537
32,2024-01-18,2308.99,2351.84,2285.9,2328.55,135334
32,2024-01-19,2383.76,2411.52,2359.92,2387.64,460251
32,2024-01-22,2421.19,2467.41,2396.98,2442.98,540719
32,2024-01-23,2380.29,2423.29,2356.49,2399.3,167393
32,2024-01-24,2380.73,2423.88,2356.92,2399.88,629222
32,2024-01-25,2361.89,2401.18,2338.27,2377.41,959943
32,2024-01-26,2366.9,2390.57,2326.73,2350.23,268970
32,2024-01-29,2311.85,2335.35,2288.73,2312.23,68630
32,2024-01-30,2297.86,2320.84,2267.11,2290.01,547000
32,2024-01-31,2292.44,2332.76,2269.52,2309.66,428631
32,2024-02-01,2314.94,2353.61,2291.79,2330.31,291984
32,2024-02-02,2339.87,2367.46,2316.47,2344.02,950346
32,2024-02-05,2268.88,2308.82,2246.19,2285.96,975007
32,2024-02-06,2303.67,2334.22,2280.63,2311.11,185927
32,2024-02-07,2302.37,2325.39,2263.15,2286.01,343417
32,2024-02-08,2312.02,2336.46,2288.9,2313.33,521028
32,2024-02-09,2390.48,2414.38,2355.64,2379.43,133384
32,2024-02-12,2383.66,2428.98,2359.82,2404.93,183620
32,2024-02-13,2426.35,2450.61,2391.72,2415.88,465417
32,2024-02-14,2378.74,2402.53,2354.64,2378.42,170218
32,2024-02-15,2367.51,2392.31,2343.83,2368.62,775434
32,2024-02-16,2387.09,2410.96,2340.19,2363.83,702317
32,2024-02-19,2319.43,2342.62,2280.66,2303.7,444105
32,2024-02-20,2290.55,2318.0,2267.64,2295.05,853457
32,2024-02-21,2277.09,2306.95,2254.32,2284.11,671890
32,2024-02-22,2300.74,2330.4,2277.73,2307.33,598200
32,2024-02-23,2356.85,2387.95,2333.28,2364.31,129680
32,2024-02-26,2391.92,2424.13,2368.0,2400.13,421881
32,2024-02-27,2341.0,2375.71,2317.59,2352.19,375891
32,2024-02-28,2409.13,2433.22,2384.48,2408.57,946386
32,2024-02-29,2363.33,2409.03,2339.7,2385.18,527914
32,2024-03-01,2390.97,2436.86,2367.06,2412.73,594824
32,2024-03-04,2435.42,2459.77,2394.14,2418.32,279831
32,2024-03-05,2434.3,2458.64,2402.4,2426.67,467077
32,2024-03-06,2409.03,2455.47,2384.94,2431.16,924108
32,2024-03-07,2422.83,2447.06,2389.53,2413.67,507745
32,2024-03-08,2394.44,2436.7,2370.5,2412.57,253558
32,2024-03-11,2422.75,2446.98,2392.68,2416.85,530455
32,2024-03-12,2406.88,2430.95,2367.79,2391.71,867958
32,2024-03-13,2369.05,2392.74,2342.29,2365.95,666626
32,2024-03-14,2419.34,2450.88,2395.15,2426.61,921243
32,2024-03-15,2416.65,2465.26,2392.48,2440.85,928418
32,2024-03-18,2391.59,2434.37,2367.67,2410.27,140140
32,2024-03-19,2356.02,2393.26,2332.46,2369.56,605865
32,2024-03-20,2314.04,2339.86,2290.9,2316.69,82466
32,2024-03-21,2360.2,2383.8,2327.77,2351.28,738627
32,2024-03-22,2340.13,2363.53,2307.58,2330.89,345424
33,2024-01-01,346.41,349.87,339.68,343.11,519154
33,2024-01-02,337.06,343.8,333.69,340.4,183042
33,2024-01-03,341.48,347.85,338.07,344.41,946189
33,2024-01-04,334.33,338.58,330.99,335.23,916955
33,2024-01-05,339.51,342.91,335.4,338.79,645444
33,2024-01-08,343.69,347.13,339.31,342.74,647285
33,2024-01-09,345.84,349.3,340.8,344.24,788099
33,2024-01-10,346.98,350.45,340.97,344.41,254857
33,2024-01-11,344.33,347.77,340.79,344.23,837722
33,2024-01-12,339.44,343.22,336.05,339.82,592310
33,2024-01-15,337.76,341.14,333.61,336.98,836641
33,2024-01-16,334.83,340.51,331.48,337.14,614615
33,2024-01-17,328.8,334.6,325.51,331.29,981049
33,2024-01-18,332.18,336.22,328.86,332.89,266050
33,2024-01-19,336.12,339.48,332.04,335.39,661374
33,2024-01-22,327.73,333.75,324.45,330.45,898857
33,2024-01-23,322.42,325.89,319.2,322.66,420562
33,2024-01-24,320.46,323.66,314.97,318.15,932797
33,2024-01-25,323.62,326.86,318.59,321.81,934267
33,2024-01-26,318.18,323.01,315.0,319.81,598111
33,2024-01-29,320.44,326.88,317.24,323.64,586578
33,2024-01-30,319.92,324.16,316.72,320.95,356549
33,2024-01-31,326.32,329.58,322.35,325.61,860514
33,2024-02-01,326.02,330.84,322.76,327.56,543526
33,2024-02-02,326.6,329.87,322.97,326.23,678448
33,2024-02-05,326.7,329.97,322.84,326.1,749465
33,2024-02-06,320.15,325.85,316.95,322.62,616650
33,2024-02-07,321.74,326.42,318.52,323.19,125662
33,2024-02-08,329.84,334.28,326.54,330.97,734412
33,2024-02-09,321.56,324.78,317.43,320.64,366177
33,2024-02-12,325.05,328.3,320.92,324.16,575756
33,2024-02-13,327.03,333.56,323.76,330.26,711681
33,2024-02-14,335.15,338.5,329.7,333.03,608309
33,2024-02-15,330.6,335.57,327.29,332.25,243531
33,2024-02-16,329.36,334.02,326.07,330.71,539183
33,2024-02-19,318.13,323.47,314.95,320.27,978827
33,2024-02-20,321.96,325.18,317.31,320.52,464245
33,2024-02-21,325.52,328.78,321.43,324.68,373547
33,2024-02-22,327.96,331.25,324.68,327.97,600559
33,2024-02-23,318.17,322.73,314.99,319.53,398609
33,2024-02-26,315.96,321.66,312.8,318.48,822281
33,2024-02-27,314.94,321.05,311.79,317.87,675995
33,2024-02-28,320.79,324.1,317.58,320.89,340297
33,2024-02-29,319.13,322.32,315.83,319.02,412860
33,2024-03-01,317.45,320.62,311.19,314.33,454278
33,2024-03-04,314.14,318.25,311.0,315.1,724699
33,2024-03-05,319.83,323.32,316.63,320.12,733580
33,2024-03-06,315.54,321.22,312.38,318.04,853813
33,2024-03-07,311.8,317.17,308.68,314.03,350477
33,2024-03-08,320.29,323.49,314.1,317.27,293989
33,2024-03-11,314.35,318.15,311.21,315.0,592754
33,2024-03-12,317.64,320.82,311.64,314.79,540899
33,2024-03-13,312.8,318.86,309.67,315.7,349257
33,2024-03-14,322.39,325.61,318.68,321.9,953064
33,2024-03-15,318.22,323.21,315.04,320.01,241114
33,2024-03-18,325.22,328.47,319.27,322.49,860032
33,2024-03-19,319.97,323.17,316.74,319.94,491115
33,2024-03-20,324.82,329.69,321.57,326.43,529776
33,2024-03-21,327.44,331.23,324.17,327.95,541292
33,2024-03-22,329.43,333.59,326.14,330.29,753740
34,2024-01-01,1993.61,2025.51,1973.67,2005.46,371071
34,2024-01-02,2032.24,2053.8,2011.92,2033.47,364253
34,2024-01-03,1995.21,2029.85,1975.26,2009.75,429088
34,2024-01-04,2064.4,2085.04,2024.32,2044.77,264587
34,2024-01-05,1991.09,2028.4,1971.18,2008.32,513482
34,2024-01-08,2076.59,2097.36,2047.55,2068.23,537558
34,2024-01-09,2039.13,2076.7,2018.74,2056.14,939737
34,2024-01-10,2072.27,2098.1,2051.55,2077.33,597585
34,2024-01-11,2066.33,2086.99,2036.87,2057.44,178647
34,2024-01-12,2081.47,2111.09,2060.66,2090.19,187475
34,2024-01-15,2081.41,2102.22,2051.68,2072.4,946133
34,2024-01-16,2093.35,2114.28,2071.27,2092.19,563027
34,2024-01-17,2029.02,2050.31,2008.73,2030.01,622667
34,2024-01-18,2036.11,2056.47,1996.34,2016.51,940876
34,2024-01-19,2096.09,2117.05,2058.86,2079.66,423303
34,2024-01-22,2085.44,2106.29,2045.7,2066.36,444996
34,2024-01-23,2134.24,2155.58,2094.03,2115.18,282385
34,2024-01-24,2149.79,2171.29,2117.87,2139.26,544774
34,2024-01-25,2169.65,2191.35,2145.72,2167.39,677925
34,2024-01-26,2135.95,2164.98,2114.59,2143.54,507210
34,2024-01-29,2086.59,2120.24,2065.72,2099.25,963558
34,2024-01-30,2153.28,2174.81,2131.26,2152.79,747224
34,2024-01-31,2091.74,2116.59,2070.82,2095.63,438736
34,2024-02-01,2063.28,2083.91,2040.85,2061.46,566296
34,2024-02-02,2026.64,2047.07,2006.37,2026.8,210648
34,2024-02-05,2011.38,2046.8,1991.27,2026.53,936013
34,2024-02-06,2072.28,2097.12,2051.56,2076.36,913531
34,2024-02-07,2115.78,2136.94,2088.86,2109.96,780711
34,2024-02-08,2136.35,2157.71,2101.51,2122.74,861251
34,2024-02-09,2105.18,2140.26,2084.13,2119.07,307415
34,2024-02-12,2102.22,2123.24,2066.51,2087.38,80290
34,2024-02-13,2040.72,2078.75,2020.31,2058.17,310219
34,2024-02-14,2051.16,2071.67,2018.62,2039.01,584970
34,2024-02-15,1997.82,2037.94,1977.84,2017.76,457856
34,2024-02-16,1996.47,2016.43,1969.57,1989.46,716992
34,2024-02-19,1991.56,2011.48,1962.97,1982.8,742047
34,2024-02-20,1979.56,2015.75,1959.76,1995.79,751839
34,2024-02-21,2026.27,2046.53,1987.72,2007.8,694619
34,2024-02-22,2024.56,2047.14,2004.31,2026.87,619328
34,2024-02-23,2028.96,2050.22,2008.67,2029.92,936203
34,2024-02-26,2037.58,2057.96,2009.69,2029.99,802311
34,2024-02-27,2008.58,2028.67,1985.2,2005.25,913471
34,2024-02-28,1988.67,2015.43,1968.78,1995.48,560024
34,2024-02-29,2009.87,2029.97,1973.56,1993.49,854226
34,2024-03-01,2010.15,2039.79,1990.05,2019.59,904480
34,2024-03-04,2110.98,2132.09,2072.16,2093.09,432480
34,2024-03-05,2094.86,2115.81,2064.13,2084.98,502145
34,2024-03-06,2096.21,2133.27,2075.25,2112.15,931537
34,2024-03-07,2159.84,2187.25,2138.24,2165.59,67936
34,2024-03-08,2137.64,2176.41,2116.26,2154.86,521408
34,2024-03-11,2128.01,2149.29,2098.52,2119.72,713703
34,2024-03-12,2168.27,2189.95,2137.87,2159.46,517895
34,2024-03-13,2156.58,2180.32,2135.01,2158.73,239411
34,2024-03-14,2178.26,2208.54,2156.48,2186.67,90217
34,2024-03-15,2134.8,2164.62,2113.45,2143.19,782273
34,2024-03-18,2158.34,2187.48,2136.76,2165.82,280086
34,2024-03-19,2165.76,2203.74,2144.1,2181.92,481066
34,2024-03-20,2162.69,2184.32,2140.77,2162.39,703020
34,2024-03-21,2179.65,2221.68,2157.85,2199.68,331618
34,2024-03-22,2206.21,2238.11,2184.15,2215.95,188716
35,2024-01-01,799.3,807.29,788.72,796.69,412045
35,2024-01-02,776.82,784.59,765.7,773.43,369357
35,2024-01-03,770.14,785.33,762.44,777.55,125799
35,2024-01-04,755.21,764.01,747.66,756.45,945767
35,2024-01-05,756.48,764.04,743.77,751.28,745685
35,2024-01-08,755.71,763.27,746.5,754.04,829278
35,2024-01-09,738.66,746.05,731.1,738.48,571399
35,2024-01-10,733.79,741.13,725.9,733.23,586820
35,2024-01-11,742.42,749.84,728.53,735.89,143569
35,2024-01-12,735.75,746.61,728.39,739.22,520303
35,2024-01-15,743.09,750.52,732.03,739.42,182011
35,2024-01-16,749.12,760.38,741.63,752.85,745187
35,2024-01-17,744.23,755.23,736.79,747.75,382368
35,2024-01-18,739.4,746.79,728.97,736.33,399454
35,2024-01-19,730.65,737.96,718.96,726.22,401394
35,2024-01-22,729.76,737.06,720.32,727.6,739120
35,2024-01-23,732.64,739.97,723.63,730.94,457288
35,2024-01-24,723.78,735.69,716.54,728.41,945185
35,2024-01-25,717.77,727.31,710.59,720.11,819190
35,2024-01-26,730.13,737.43,720.01,727.28,777495
35,2024-01-29,744.44,753.59,737.0,746.13,250699
35,2024-01-30,742.85,750.28,733.47,740.88,977213
35,2024-01-31,739.07,746.46,729.14,736.51,564430
35,2024-02-01,720.33,727.53,708.27,715.42,773655
35,2024-02-02,723.74,730.98,714.34,721.56,863470
35,2024-02-05,720.23,733.12,713.03,725.86,380350
35,2024-02-06,717.05,730.38,709.88,723.15,798712
35,2024-02-07,731.44,738.75,719.29,726.56,204519
35,2024-02-08,731.64,738.96,724.04,731.35,838737
35,2024-02-09,739.29,747.89,731.9,740.49,234294
35,2024-02-12,741.44,748.85,733.57,740.98,815301
35,2024-02-13,724.78,732.03,713.37,720.58,602298
35,2024-02-14,707.35,720.91,700.28,713.77,879952
35,2024-02-15,713.81,727.12,706.67,719.92,284354
35,2024-02-16,716.94,724.11,704.46,711.58,333080
35,2024-02-19,722.24,736.65,715.02,729.36,335622
35,2024-02-20,709.34,716.43,701.76,708.85,882768
35,2024-02-21,727.35,734.62,714.19,721.4,302675
35,2024-02-22,752.87,760.4,738.71,746.17,998686
35,2024-02-23,722.59,733.69,715.36,726.43,740630
35,2024-02-26,726.04,733.47,718.78,726.21,71441
35,2024-02-27,726.21,733.47,716.27,723.51,329303
35,2024-02-28,699.35,711.08,692.36,704.04,436815
35,2024-02-29,705.94,716.84,698.88,709.74,558060
35,2024-03-01,705.29,717.26,698.24,710.16,687425
35,2024-03-04,698.53,705.52,688.05,695.0,154874
35,2024-03-05,688.3,695.18,680.08,686.95,301184
35,2024-03-06,686.73,693.6,679.49,686.35,541587
35,2024-03-07,688.43,695.31,680.42,687.29,431570
35,2024-03-08,701.67,708.69,688.47,695.42,788326
35,2024-03-11,702.57,710.56,695.54,703.52,837233
35,2024-03-12,702.92,709.95,691.43,698.41,229426
35,2024-03-13,684.49,694.14,677.65,687.27,331530
35,2024-03-14,700.95,707.96,690.82,697.8,268334
35,2024-03-15,691.01,698.25,684.1,691.34,92341
35,2024-03-18,683.73,690.57,670.59,677.36,730259
35,2024-03-19,664.68,672.01,658.03,665.36,644932
35,2024-03-20,649.25,660.41,642.76,653.87,229483
35,2024-03-21,648.18,656.24,641.7,649.74,877708
35,2024-03-22,657.94,664.52,649.24,655.8,374626
36,2024-01-01,1792.69,1810.62,1758.77,1776.54,929499
36,2024-01-02,1789.56,1807.46,1757.28,1775.03,536561
36,2024-01-03,1767.32,1784.99,1743.02,1760.63,889797
36,2024-01-04,1693.51,1720.52,1676.57,1703.49,922283
36,2024-01-05,1680.93,1711.22,1664.12,1694.28,156629
36,2024-01-08,1702.96,1727.2,1685.93,1710.1,633474
36,2024-01-09,1695.06,1727.79,1678.11,1710.68,381054
36,2024-01-10,1641.64,1668.76,1625.22,1652.24,664716
36,2024-01-11,1639.42,1658.21,1623.03,1641.79,958218
36,2024-01-12,1553.67,1578.22,1538.13,1562.59,540831
36,2024-01-15,1585.41,1601.26,1556.2,1571.92,409069
36,2024-01-16,1609.72,1627.0,1593.62,1610.89,134096
36,2024-01-17,1563.2,1589.63,1547.57,1573.89,567304
36,2024-01-18,1593.53,1609.47,1576.58,1592.5,122078
36,2024-01-19,1604.53,1630.72,1588.48,1614.57,495963
36,2024-01-22,1657.67,1674.25,1633.9,1650.4,552963
36,2024-01-23,1613.79,1629.93,1594.13,1610.23,942153
36,2024-01-24,1592.62,1608.55,1571.3,1587.17,121008
36,2024-01-25,1597.38,1626.54,1581.41,1610.44,989431
36,2024-01-26,1622.5,1638.72,1591.98,1608.06,124360
36,2024-01-29,1614.63,1630.78,1587.53,1603.57,447464
36,2024-01-30,1615.83,1633.92,1599.67,1617.74,652530
36,2024-01-31,1582.52,1603.28,1566.69,1587.41,380570
36,2024-02-01,1595.27,1612.22,1579.32,1596.26,367429
36,2024-02-02,1609.97,1626.07,1579.52,1595.47,159891
36,2024-02-05,1597.22,1613.19,1567.26,1583.09,746693
36,2024-02-06,1626.67,1642.94,1599.95,1616.11,151573
36,2024-02-07,1648.17,1664.65,1631.53,1648.01,712236
36,2024-02-08,1662.92,1694.04,1646.29,1677.27,706165
36,2024-02-09,1686.19,1703.05,1668.19,1685.04,410202
36,2024-02-12,1727.61,1744.89,1697.07,1714.21,521367
36,2024-02-13,1685.86,1702.72,1658.23,1674.98,432048
36,2024-02-14,1666.02,1688.17,1649.36,1671.46,732040
36,2024-02-15,1666.34,1683.0,1641.71,1658.29,98311
36,2024-02-16,1641.82,1658.24,1623.86,1640.26,187289
36,2024-02-19,1606.38,1634.41,1590.32,1618.23,946599
36,2024-02-20,1602.78,1621.84,1586.75,1605.78,387840
36,2024-02-21,1626.96,1643.23,1601.37,1617.55,534702
36,2024-02-22,1623.38,1643.0,1607.15,1626.73,299778
36,2024-02-23,1608.34,1628.47,1592.26,1612.35,522868
36,2024-02-26,1579.79,1598.83,1563.99,1583.0,68214
36,2024-02-27,1574.02,1589.76,1549.84,1565.49,212397
36,2024-02-28,1577.01,1592.78,1552.74,1568.42,823137
36,2024-02-29,1559.51,1575.31,1543.91,1559.71,245099
36,2024-03-01,1572.52,1596.35,1556.79,1580.54,908237
36,2024-03-04,1592.91,1621.67,1576.98,1605.61,983553
36,2024-03-05,1629.94,1646.24,1599.6,1615.76,736195
36,2024-03-06,1625.22,1651.69,1608.97,1635.34,470048
36,2024-03-07,1638.94,1655.33,1614.75,1631.06,417121
36,2024-03-08,1609.01,1630.63,1592.92,1614.49,615587
36,2024-03-11,1594.43,1610.37,1572.34,1588.22,150438
36,2024-03-12,1584.77,1600.62,1563.76,1579.56,321871
36,2024-03-13,1563.42,1594.31,1547.79,1578.52,509413
36,2024-03-14,1570.49,1586.19,1554.76,1570.46,355579
36,2024-03-15,1568.28,1583.96,1547.27,1562.9,793276
36,2024-03-18,1541.47,1556.88,1525.11,1540.52,610342
36,2024-03-19,1515.33,1540.91,1500.18,1525.65,286830
36,2024-03-20,1496.64,1519.97,1481.67,1504.92,543476
36,2024-03-21,1510.28,1534.73,1495.18,1519.53,659591
36,2024-03-22,1531.26,1546.57,1506.39,1521.61,582229
37,2024-01-01,716.92,730.7,709.75,723.47,258330
37,2024-01-02,717.16,724.33,707.07,714.21,793518
37,2024-01-03,732.41,741.39,725.09,734.05,201917
37,2024-01-04,727.96,736.74,720.68,729.45,600969
37,2024-01-05,706.94,714.01,699.75,706.82,72776
37,2024-01-08,705.12,714.85,698.07,707.77,828874
37,2024-01-09,684.94,694.77,678.09,687.89,333140
37,2024-01-10,707.33,716.08,700.26,708.99,843792
37,2024-01-11,706.81,715.4,699.74,708.32,854223
37,2024-01-12,712.41,720.58,705.29,713.45,574417
37,2024-01-15,722.04,729.26,714.36,721.58,818582
37,2024-01-16,716.49,723.65,705.37,712.49,254254
37,2024-01-17,719.82,729.26,712.62,722.04,213978
37,2024-01-18,721.74,736.28,714.52,728.99,478358
37,2024-01-19,732.59,744.56,725.26,737.19,866682
37,2024-01-22,711.45,722.06,704.34,714.91,265108
37,2024-01-23,708.55,719.74,701.46,712.61,308267
37,2024-01-24,669.67,680.86,662.97,674.12,732537
37,2024-01-25,674.82,681.57,665.22,671.94,749138
37,2024-01-26,682.51,694.35,675.68,687.48,967869
37,2024-01-29,678.05,689.15,671.27,682.33,169378
37,2024-01-30,682.91,694.77,676.08,687.89,760753
37,2024-01-31,706.76,713.83,696.27,703.3,624382
37,2024-02-01,704.23,711.27,694.59,701.61,67437
37,2024-02-02,705.48,719.59,698.43,712.47,81328
37,2024-02-05,702.32,709.34,690.44,697.41,699823
37,2024-02-06,710.87,717.98,699.67,706.74,341454
37,2024-02-07,688.49,701.89,681.61,694.94,936140
37,2024-02-08,686.89,693.87,680.02,687.0,780044
37,2024-02-09,680.1,690.75,673.3,683.91,306015
37,2024-02-12,693.17,700.1,680.45,687.32,189551
37,2024-02-13,679.92,686.72,666.84,673.58,950103
37,2024-02-14,672.88,679.61,664.37,671.08,772846
37,2024-02-15,680.99,687.8,667.69,674.43,221402
37,2024-02-16,662.88,673.88,656.25,667.21,450308
37,2024-02-19,682.99,689.82,672.21,679.0,491607
37,2024-02-20,679.31,687.49,672.52,680.68,634630
37,2024-02-21,678.98,687.62,672.19,680.81,423146
37,2024-02-22,685.2,692.05,677.77,684.62,779979
37,2024-02-23,680.69,693.19,673.88,686.33,250600
37,2024-02-26,678.8,688.99,672.01,682.17,541531
37,2024-02-27,675.57,689.01,668.81,682.19,301318
37,2024-02-28,715.96,723.12,702.82,709.92,663078
37,2024-02-29,714.24,722.61,707.1,715.46,933833
37,2024-03-01,703.46,715.78,696.43,708.69,692021
37,2024-03-04,715.92,723.08,707.91,715.06,800189
37,2024-03-05,729.92,737.22,715.66,722.89,556910
37,2024-03-06,732.27,745.36,724.95,737.98,836859
37,2024-03-07,753.78,761.32,739.48,746.95,711955
37,2024-03-08,740.25,747.65,731.44,738.83,487366
37,2024-03-11,725.2,732.45,716.0,723.23,763709
37,2024-03-12,711.68,718.8,702.06,709.15,238489
37,2024-03-13,724.41,732.01,717.17,724.76,559792
37,2024-03-14,728.36,735.64,717.19,724.43,678202
37,2024-03-15,729.17,741.46,721.88,734.12,995740
37,2024-03-18,726.29,739.19,719.03,731.87,64202
37,2024-03-19,732.03,739.35,721.39,728.68,820464
37,2024-03-20,738.8,746.19,726.19,733.53,992014
37,2024-03-21,739.24,752.42,731.85,744.97,436468
37,2024-03-22,738.69,746.08,726.24,733.58,399275
38,2024-01-01,1584.0,1599.84,1553.47,1569.16,102948
38,2024-01-02,1572.83,1588.56,1554.8,1570.51,869877
38,2024-01-03,1552.99,1568.52,1535.6,1551.11,365470
38,2024-01-04,1539.56,1565.76,1524.16,1550.26,856582
38,2024-01-05,1577.36,1593.13,1552.08,1567.76,708323
38,2024-01-08,1553.11,1584.33,1537.58,1568.64,456432
38,2024-01-09,1556.24,1571.8,1540.16,1555.72,300195
38,2024-01-10,1527.32,1551.59,1512.05,1536.23,619144
38,2024-01-11,1570.68,1586.39,1553.27,1568.96,451732
38,2024-01-12,1551.65,1567.17,1534.11,1549.61,397178
38,2024-01-15,1575.89,1591.65,1550.71,1566.37,224838
38,2024-01-16,1567.46,1589.62,1551.79,1573.88,731195
38,2024-01-17,1584.16,1612.9,1568.32,1596.93,731872
38,2024-01-18,1625.05,1641.3,1603.04,1619.23,839376
38,2024-01-19,1596.41,1612.37,1578.6,1594.55,921481
38,2024-01-22,1582.32,1601.62,1566.5,1585.76,852702
38,2024-01-23,1575.68,1591.44,1546.36,1561.98,166393
38,2024-01-24,1604.09,1629.51,1588.05,1613.38,78064
38,2024-01-25,1584.34,1600.18,1556.97,1572.7,624693
38,2024-01-26,1564.47,1580.11,1545.3,1560.91,555315
38,2024-01-29,1573.73,1589.47,1542.58,1558.16,843467
38,2024-01-30,1549.86,1565.36,1522.38,1537.76,832065
38,2024-01-31,1517.46,1548.02,1502.29,1532.69,338334
38,2024-02-01,1513.39,1540.58,1498.26,1525.33,499153
38,2024-02-02,1550.96,1566.47,1527.84,1543.27,941656
38,2024-02-05,1538.0,1567.37,1522.62,1551.85,61570
38,2024-02-06,1514.92,1537.65,1499.77,1522.43,364342
38,2024-02-07,1537.43,1559.99,1522.06,1544.54,535864
38,2024-02-08,1563.58,1579.22,1542.62,1558.2,417773
38,2024-02-09,1484.43,1506.77,1469.59,1491.85,207890
38,2024-02-12,1528.16,1543.44,1505.15,1520.35,683560
38,2024-02-13,1494.28,1517.29,1479.34,1502.27,608681
38,2024-02-14,1490.15,1505.05,1473.77,1488.66,517201
38,2024-02-15,1551.28,1566.79,1533.76,1549.25,729730
38,2024-02-16,1544.83,1571.72,1529.38,1556.16,113296
38,2024-02-19,1560.02,1575.62,1529.86,1545.31,959142
38,2024-02-20,1533.57,1558.68,1518.23,1543.25,511077
38,2024-02-21,1537.4,1552.77,1512.04,1527.31,953081
38,2024-02-22,1497.97,1512.95,1479.93,1494.88,346401
38,2024-02-23,1536.54,1551.91,1508.81,1524.05,876880
38,2024-02-26,1474.62,1495.55,1459.87,1480.74,81747
38,2024-02-27,1504.16,1519.2,1479.77,1494.72,477864
38,2024-02-28,1496.76,1511.73,1472.41,1487.28,168383
38,2024-02-29,1452.77,1467.3,1428.03,1442.45,902633
38,2024-03-01,1431.45,1453.99,1417.14,1439.59,404958
38,2024-03-04,1447.16,1466.53,1432.69,1452.01,217346
38,2024-03-05,1451.13,1465.64,1426.18,1440.59,80504
38,2024-03-06,1496.87,1511.84,1477.65,1492.58,774801
38,2024-03-07,1509.45,1524.54,1487.54,1502.57,931419
38,2024-03-08,1504.28,1524.42,1489.24,1509.33,528048
38,2024-03-11,1493.77,1515.98,1478.83,1500.97,218191
38,2024-03-12,1481.46,1510.52,1466.65,1495.56,913838
38,2024-03-13,1507.48,1522.55,1487.29,1502.31,55072
38,2024-03-14,1534.35,1549.69,1504.41,1519.61,883940
38,2024-03-15,1521.69,1541.69,1506.47,1526.43,898966
38,2024-03-18,1536.99,1558.86,1521.62,1543.43,584575
38,2024-03-19,1536.31,1551.67,1519.18,1534.53,775888
38,2024-03-20,1526.62,1541.89,1507.75,1522.98,270527
38,2024-03-21,1540.98,1559.2,1525.57,1543.76,548687
38,2024-03-22,1540.97,1557.1,1525.56,1541.68,475242
39,2024-01-01,1893.26,1921.48,1874.33,1902.46,85859
39,2024-01-02,1913.86,1933.0,1891.57,1910.68,268463
39,2024-01-03,1929.45,1948.74,1903.26,1922.48,764547
39,2024-01-04,1895.47,1914.42,1876.38,1895.33,899351
39,2024-01-05,1873.01,1891.74,1836.54,1855.09,310429
39,2024-01-08,1871.11,1901.12,1852.4,1882.3,470046
39,2024-01-09,1926.45,1945.71,1901.27,1920.47,522172
39,2024-01-10,1962.41,2000.76,1942.79,1980.95,631695
39,2024-01-11,1972.32,1992.04,1942.6,1962.22,265651
39,2024-01-12,1999.19,2030.5,1979.2,2010.4,203346
39,2024-01-15,2054.86,2075.41,2021.06,2041.47,413682
39,2024-01-16,2033.45,2053.78,2009.53,2029.83,734775
39,2024-01-17,2028.87,2049.16,1989.79,2009.89,636679
39,2024-01-18,2013.7,2033.84,1974.56,1994.5,370868
39,2024-01-19,1955.57,1984.6,1936.01,1964.95,536307
39,2024-01-22,1979.09,2006.12,1959.3,1986.26,209240
39,2024-01-23,1967.99,2003.93,1948.31,1984.09,213109
39,2024-01-24,2024.1,2060.72,2003.86,2040.32,631963
39,2024-01-25,2027.44,2067.54,2007.17,2047.07,286906
39,2024-01-26,2052.17,2072.69,2015.9,2036.26,732604
39,2024-01-29,2077.37,2098.14,2052.46,2073.19,697741
39,2024-01-30,2092.88,2113.81,2051.71,2072.43,270718
39,2024-01-31,2031.55,2070.94,2011.23,2050.44,63747
39,2024-02-01,2102.28,2139.59,2081.26,2118.41,666637
39,2024-02-02,2150.6,2192.64,2129.09,2170.93,495837
39,2024-02-05,2257.6,2280.18,2216.2,2238.59,427712
39,2024-02-06,2294.46,2317.4,2258.68,2281.5,543316
39,2024-02-07,2317.49,2340.66,2278.01,2301.02,421809
39,2024-02-08,2281.01,2313.99,2258.2,2291.08,100464
39,2024-02-09,2319.52,2342.72,2282.83,2305.89,446202
39,2024-02-12,2298.85,2321.84,2257.73,2280.54,842220
39,2024-02-13,2257.63,2280.21,2232.67,2255.22,635305
39,2024-02-14,2192.61,2214.54,2152.79,2174.54,169332
39,2024-02-15,2152.58,2177.66,2131.05,2156.1,377333
39,2024-02-16,2055.38,2075.93,2034.05,2054.6,182923
39,2024-02-19,2050.92,2071.43,2029.88,2050.38,280297
39,2024-02-20,2042.78,2063.21,2017.24,2037.62,741213
39,2024-02-21,2091.0,2111.91,2062.69,2083.53,496975
39,2024-02-22,2040.69,2061.1,2014.64,2034.99,520054
39,2024-02-23,2006.06,2026.12,1972.23,1992.15,880966
39,2024-02-26,1991.28,2011.19,1966.24,1986.1,336164
39,2024-02-27,1961.57,2000.45,1941.95,1980.64,894210
39,2024-02-28,1996.96,2029.05,1976.99,2008.96,272484
39,2024-02-29,2033.6,2053.94,2012.41,2032.74,213494
39,2024-03-01,1986.19,2019.8,1966.33,1999.8,244923
39,2024-03-04,1975.82,1995.58,1944.84,1964.48,208836
39,2024-03-05,1985.53,2005.39,1947.14,1966.81,364653
39,2024-03-06,1943.37,1977.89,1923.94,1958.31,591867
39,2024-03-07,1966.21,1985.87,1941.79,1961.4,349303
39,2024-03-08,1967.48,1987.15,1946.17,1965.83,136682
39,2024-03-11,2018.77,2038.96,1980.17,2000.17,297377
39,2024-03-12,2008.41,2048.22,1988.33,2027.94,568328
39,2024-03-13,2044.16,2077.33,2023.72,2056.76,298665
39,2024-03-14,2078.1,2098.88,2056.8,2077.58,364070
39,2024-03-15,2087.43,2108.3,2054.25,2075.0,601588
39,2024-03-18,2121.89,2143.11,2089.26,2110.36,366039
39,2024-03-19,2095.55,2116.51,2072.68,2093.62,253306
39,2024-03-20,2117.0,2139.22,2095.83,2118.04,352266
39,2024-03-21,2152.68,2174.21,2110.71,2132.03,68906
39,2024-03-22,2123.79,2145.03,2094.22,2115.37,290266
40,2024-01-01,197.18,201.11,195.21,199.12,608491
40,2024-01-02,198.69,200.68,196.69,198.68,879714
40,2024-01-03,200.14,202.14,197.43,199.42,685626
40,2024-01-04,199.46,201.45,195.73,197.71,831933
40,2024-01-05,197.2,199.58,195.23,197.6,344639
40,2024-01-08,195.68,197.83,193.72,195.87,414984
40,2024-01-09,195.3,198.89,193.35,196.92,926119
40,2024-01-10,196.69,198.74,194.72,196.77,642555
40,2024-01-11,195.17,197.39,193.22,195.44,439042
40,2024-01-12,198.06,200.55,196.08,198.56,929252
40,2024-01-15,196.46,200.03,194.5,198.05,638138
40,2024-01-16,193.88,197.22,191.94,195.27,546254
40,2024-01-17,196.6,198.57,192.79,194.74,880398
40,2024-01-18,200.08,202.66,198.08,200.65,93212
40,2024-01-19,202.03,204.05,198.04,200.04,295655
40,2024-01-22,201.46,203.47,198.55,200.56,912633
40,2024-01-23,200.63,203.41,198.62,201.4,977592
40,2024-01-24,199.97,202.86,197.97,200.85,955764
40,2024-01-25,201.28,203.29,199.14,201.15,503983
40,2024-01-26,199.39,202.5,197.4,200.5,720316
40,2024-01-29,200.2,203.2,198.2,201.19,957840
40,2024-01-30,195.27,199.1,193.32,197.13,239741
40,2024-01-31,194.62,197.63,192.67,195.67,516781
40,2024-02-01,192.75,194.68,189.41,191.32,726460
40,2024-02-02,189.68,191.58,187.06,188.95,208093
40,2024-02-05,190.49,192.39,187.52,189.41,287553
40,2024-02-06,185.58,187.44,182.42,184.26,170217
40,2024-02-07,181.72,183.54,179.67,181.48,184958
40,2024-02-08,182.75,184.82,180.92,182.99,513687
40,2024-02-09,185.33,187.18,181.92,183.76,544941
40,2024-02-12,191.87,193.79,189.24,191.15,151539
40,2024-02-13,191.15,193.06,188.03,189.93,463729
40,2024-02-14,188.13,190.01,185.75,187.63,886124
40,2024-02-15,188.38,190.26,185.06,186.93,959780
40,2024-02-16,189.68,192.09,187.78,190.19,621471
40,2024-02-19,189.34,191.23,187.05,188.94,396774
40,2024-02-20,188.83,190.85,186.94,188.96,997638
40,2024-02-21,191.55,193.49,189.63,191.57,219478
40,2024-02-22,196.56,198.53,193.53,195.48,799152
40,2024-02-23,196.46,198.42,193.69,195.65,291506
40,2024-02-26,196.58,198.55,192.78,194.73,874907
40,2024-02-27,195.5,197.46,192.03,193.97,892057
40,2024-02-28,200.25,202.25,198.07,200.07,98646
40,2024-02-29,202.85,204.88,199.84,201.86,530065
40,2024-03-01,201.95,204.0,199.93,201.98,213199
40,2024-03-04,207.75,210.76,205.67,208.67,200910
40,2024-03-05,207.57,209.65,205.12,207.19,629669
40,2024-03-06,203.56,207.03,201.52,204.98,804031
40,2024-03-07,202.02,204.91,200.0,202.88,941088
40,2024-03-08,206.48,208.54,203.09,205.14,712907
40,2024-03-11,204.91,206.96,202.62,204.67,228040
40,2024-03-12,202.04,204.27,200.02,202.25,620974
40,2024-03-13,206.99,209.06,203.53,205.59,357428
40,2024-03-14,204.89,206.94,201.47,203.51,148397
40,2024-03-15,201.04,204.76,199.03,202.73,659686
40,2024-03-18,203.37,205.51,201.34,203.48,912496
40,2024-03-19,199.24,201.23,197.25,199.24,483148
40,2024-03-20,195.96,198.54,194.0,196.57,709054
40,2024-03-21,200.18,202.18,196.32,198.3,303323
40,2024-03-22,200.44,202.44,197.58,199.58,424545
41,2024-01-01,1738.42,1755.8,1713.19,1730.5,954866
41,2024-01-02,1741.82,1759.24,1712.93,1730.23,907755
41,2024-01-03,1717.15,1742.98,1699.98,1725.72,401804
41,2024-01-04,1743.48,1777.97,1726.05,1760.37,547793
41,2024-01-05,1867.08,1885.75,1831.05,1849.55,915881
41,2024-01-08,1855.68,1887.0,1837.12,1868.32,400438
41,2024-01-09,1826.47,1844.73,1797.47,1815.63,547835
41,2024-01-10,1790.29,1808.19,1769.83,1787.71,860362
41,2024-01-11,1786.65,1804.52,1761.25,1779.04,463664
41,2024-01-12,1778.87,1804.07,1761.08,1786.21,97517
41,2024-01-15,1718.26,1744.11,1701.08,1726.84,709938
41,2024-01-16,1731.06,1748.37,1704.56,1721.78,282550
41,2024-01-17,1675.1,1700.48,1658.35,1683.64,58555
41,2024-01-18,1701.3,1727.45,1684.29,1710.35,180841
41,2024-01-19,1682.48,1699.3,1664.7,1681.52,610610
41,2024-01-22,1684.23,1707.97,1667.39,1691.06,83311
41,2024-01-23,1679.03,1695.82,1652.45,1669.14,460146
41,2024-01-24,1695.97,1714.55,1679.01,1697.57,537238
41,2024-01-25,1659.35,1688.72,1642.76,1672.0,578254
41,2024-01-26,1689.82,1712.65,1672.92,1695.69,470366
41,2024-01-29,1697.51,1714.49,1676.51,1693.44,566990
41,2024-01-30,1757.99,1775.57,1732.1,1749.6,720639
41,2024-01-31,1814.87,1833.02,1783.4,1801.41,460657
41,2024-02-01,1808.44,1829.72,1790.36,1811.6,776033
41,2024-02-02,1806.04,1824.1,1774.07,1791.99,79243
41,2024-02-05,1804.64,1822.69,1777.76,1795.72,770854
41,2024-02-06,1751.41,1774.93,1733.9,1757.36,135802
41,2024-02-07,1810.02,1828.12,1789.67,1807.75,505088
41,2024-02-08,1822.94,1841.17,1796.17,1814.31,778914
41,2024-02-09,1805.67,1823.73,1773.24,1791.15,438997
41,2024-02-12,1766.69,1786.67,1749.02,1768.98,431803
41,2024-02-13,1758.56,1776.15,1738.34,1755.9,604216
41,2024-02-14,1743.74,1775.21,1726.3,1757.63,865376
41,2024-02-15,1794.62,1819.48,1776.67,1801.47,972732
41,2024-02-16,1780.84,1815.11,1763.03,1797.14,719857
41,2024-02-19,1803.12,1821.15,1772.67,1790.58,462367
41,2024-02-20,1799.28,1817.27,1776.66,1794.61,853148
41,2024-02-21,1806.42,1831.93,1788.36,1813.79,386552
41,2024-02-22,1814.56,1836.02,1796.41,1817.84,991261
41,2024-02-23,1812.16,1831.3,1794.04,1813.17,576144
41,2024-02-26,1744.1,1776.64,1726.66,1759.05,900868
41,2024-02-27,1778.52,1796.31,1750.14,1767.82,182550
41,2024-02-28,1780.06,1801.13,1762.26,1783.3,291320
41,2024-02-29,1830.73,1849.04,1799.47,1817.65,715178
41,2024-03-01,1862.09,1896.22,1843.47,1877.45,500223
41,2024-03-04,1892.69,1923.4,1873.76,1904.36,247964
41,2024-03-05,1919.38,1942.31,1900.19,1923.08,247361
41,2024-03-06,1936.23,1955.59,1911.19,1930.49,877627
41,2024-03-07,1948.38,1967.86,1927.49,1946.96,764282
41,2024-03-08,1944.04,1977.72,1924.6,1958.14,380860
41,2024-03-11,1982.34,2002.16,1945.82,1965.47,880581
41,2024-03-12,1879.67,1912.45,1860.87,1893.51,214150
41,2024-03-13,1859.02,1877.61,1836.21,1854.76,907637
41,2024-03-14,1845.84,1864.3,1810.64,1828.93,670922
41,2024-03-15,1820.79,1849.78,1802.58,1831.47,548453
41,2024-03-18,1867.67,1886.35,1846.95,1865.61,755334
41,2024-03-19,1844.09,1867.61,1825.65,1849.12,961467
41,2024-03-20,1812.32,1832.49,1794.2,1814.35,767339
41,2024-03-21,1794.14,1812.08,1773.64,1791.56,899587
41,2024-03-22,1814.73,1833.79,1796.58,1815.63,947861
42,2024-01-01,622.84,629.07,612.6,618.79,852205
42,2024-01-02,621.34,627.55,614.28,620.48,413246
42,2024-01-03,619.93,626.13,613.26,619.45,473808
42,2024-01-04,626.83,633.1,619.76,626.02,496979
42,2024-01-05,641.26,652.38,634.85,645.92,53218
42,2024-01-08,629.85,639.41,623.55,633.08,719356
42,2024-01-09,623.02,633.28,616.79,627.01,63282
42,2024-01-10,624.59,630.84,615.0,621.21,881282
42,2024-01-11,607.39,616.11,601.32,610.01,502130
42,2024-01-12,619.62,625.82,607.9,614.04,284983
42,2024-01-15,607.57,616.14,601.49,610.04,483120
42,2024-01-16,619.87,631.48,613.67,625.23,808753
42,2024-01-17,627.41,639.2,621.14,632.87,957343
42,2024-01-18,620.24,630.31,614.04,624.07,888604
42,2024-01-19,638.9,646.97,632.51,640.56,225149
42,2024-01-22,638.18,645.3,631.8,638.91,207461
42,2024-01-23,656.37,662.93,649.31,655.87,679076
42,2024-01-24,663.02,674.83,656.39,668.15,577267
42,2024-01-25,674.37,681.11,664.14,670.85,973888
42,2024-01-26,663.35,676.24,656.72,669.54,320876
42,2024-01-29,673.72,684.13,666.98,677.36,533553
42,2024-01-30,671.13,677.84,659.3,665.96,709070
42,2024-01-31,649.18,656.26,642.69,649.76,218189
42,2024-02-01,638.41,644.79,630.33,636.7,395945
42,2024-02-02,642.29,648.71,634.46,640.87,395992
42,2024-02-05,642.88,653.1,636.45,646.63,787344
42,2024-02-06,627.83,638.0,621.55,631.68,207130
42,2024-02-07,634.46,640.8,624.65,630.96,267537
42,2024-02-08,607.32,613.39,600.29,606.35,883297
42,2024-02-09,623.92,630.16,613.17,619.36,478522
42,2024-02-12,620.28,626.48,612.78,618.97,579876
42,2024-02-13,618.25,624.43,610.22,616.38,196371
42,2024-02-14,609.38,615.47,600.28,606.34,372133
42,2024-02-15,613.46,619.59,604.79,610.9,95472
42,2024-02-16,622.43,632.11,616.21,625.85,805522
42,2024-02-19,620.59,626.8,612.78,618.97,608183
42,2024-02-20,617.73,623.91,610.36,616.53,498839
42,2024-02-21,598.6,604.59,590.28,596.24,462012
42,2024-02-22,584.98,596.73,579.13,590.82,335909
42,2024-02-23,588.14,594.02,579.38,585.23,804454
42,2024-02-26,595.16,601.11,586.78,592.71,736311
42,2024-02-27,587.83,598.68,581.95,592.75,258991
42,2024-02-28,601.03,609.0,595.02,602.97,828367
42,2024-02-29,592.92,603.3,586.99,597.33,214704
42,2024-03-01,586.61,594.27,580.74,588.39,775464
42,2024-03-04,568.45,578.8,562.77,573.07,383656
42,2024-03-05,569.4,576.57,563.71,570.86,787571
42,2024-03-06,567.62,573.3,560.86,566.53,662147
42,2024-03-07,566.25,571.91,556.88,562.5,720338
42,2024-03-08,566.07,571.73,559.55,565.2,895248
42,2024-03-11,556.33,562.68,550.77,557.11,519340
42,2024-03-12,557.47,568.09,551.9,562.47,956905
42,2024-03-13,565.83,571.49,560.1,565.76,74350
42,2024-03-14,564.28,569.92,553.93,559.53,859244
42,2024-03-15,542.35,551.95,536.93,546.49,395222
42,2024-03-18,544.95,553.11,539.5,547.63,531356
42,2024-03-19,552.53,558.06,542.77,548.25,668334
42,2024-03-20,551.85,557.64,546.33,552.12,861877
42,2024-03-21,558.85,566.8,553.26,561.19,172372
42,2024-03-22,564.45,570.09,554.87,560.47,608044
43,2024-01-01,2160.35,2181.95,2133.38,2154.93,803911
43,2024-01-02,2146.06,2177.08,2124.6,2155.52,578958
43,2024-01-03,2145.62,2167.08,2110.91,2132.23,625804
43,2024-01-04,2164.68,2186.33,2123.94,2145.39,372552
43,2024-01-05,2128.14,2167.38,2106.86,2145.92,971050
43,2024-01-08,2094.64,2135.29,2073.69,2114.15,765828
43,2024-01-09,2024.87,2063.04,2004.62,2042.61,641058
43,2024-01-10,2059.32,2079.91,2035.26,2055.82,316839
43,2024-01-11,2045.56,2068.1,2025.1,2047.62,566574
43,2024-01-12,2048.21,2085.37,2027.73,2064.72,935553
43,2024-01-15,2038.44,2063.48,2018.06,2043.05,620192
43,2024-01-16,2037.19,2057.56,2016.26,2036.63,709814
43,2024-01-17,2046.68,2067.15,2013.36,2033.7,125899
43,2024-01-18,2042.08,2062.5,2007.38,2027.66,137301
43,2024-01-19,2018.91,2039.1,1994.25,2014.39,195242
43,2024-01-22,2028.31,2066.52,2008.03,2046.06,255141
43,2024-01-23,2034.86,2055.21,2013.93,2034.27,609321
43,2024-01-24,2022.67,2042.9,1990.9,2011.01,673427
43,2024-01-25,1967.1,1987.81,1947.43,1968.13,443794
43,2024-01-26,2033.68,2054.02,1999.66,2019.86,268500
43,2024-01-29,2041.04,2061.45,2006.23,2026.49,122891
43,2024-01-30,2005.51,2041.63,1985.45,2021.42,520413
43,2024-01-31,1984.59,2004.44,1956.26,1976.02,615170
43,2024-02-01,1990.55,2017.53,1970.64,1997.55,74102
43,2024-02-02,1987.08,2006.95,1954.14,1973.88,449275
43,2024-02-05,1997.46,2017.43,1974.45,1994.39,879301
43,2024-02-06,1972.68,2004.07,1952.95,1984.23,786388
43,2024-02-07,2010.14,2032.96,1990.04,2012.83,232439
43,2024-02-08,2050.8,2079.17,2030.29,2058.58,354010
43,2024-02-09,2087.26,2114.92,2066.39,2093.98,696150
43,2024-02-12,2098.31,2131.08,2077.33,2109.98,126804
43,2024-02-13,2106.16,2127.22,2069.58,2090.48,865813
43,2024-02-14,2143.63,2165.07,2119.78,2141.19,860308
43,2024-02-15,2108.62,2137.61,2087.53,2116.45,547488
43,2024-02-16,2062.53,2083.16,2026.04,2046.51,207584
43,2024-02-19,2025.44,2060.14,2005.19,2039.74,598064
43,2024-02-20,2002.04,2026.49,1982.02,2006.43,949235
43,2024-02-21,2013.08,2043.56,1992.95,2023.33,684942
43,2024-02-22,2030.14,2050.44,1992.4,2012.53,749823
43,2024-02-23,2060.54,2082.9,2039.93,2062.28,590868
43,2024-02-26,2102.73,2123.76,2066.05,2086.92,389044
43,2024-02-27,2130.45,2160.4,2109.15,2139.01,253146
43,2024-02-28,2158.27,2179.85,2129.85,2151.36,633910
43,2024-02-29,2192.34,2214.26,2155.36,2177.13,506253
43,2024-03-01,2184.43,2206.27,2144.29,2165.95,713724
43,2024-03-04,2184.6,2217.21,2162.75,2195.26,585880
43,2024-03-05,2162.18,2183.8,2136.66,2158.24,349046
43,2024-03-06,2142.21,2183.18,2120.79,2161.56,951223
43,2024-03-07,2197.53,2219.51,2167.92,2189.82,389134
43,2024-03-08,2201.13,2223.14,2178.56,2200.57,691959
43,2024-03-11,2212.89,2239.59,2190.76,2217.42,955365
43,2024-03-12,2233.15,2255.48,2201.89,2224.13,89905
43,2024-03-13,2221.22,2245.21,2199.01,2222.98,588143
43,2024-03-14,2237.38,2275.71,2215.01,2253.18,495707
43,2024-03-15,2320.78,2343.99,2283.92,2306.99,947930
43,2024-03-18,2291.61,2314.53,2263.78,2286.65,291895
43,2024-03-19,2366.39,2390.05,2323.02,2346.48,726774
43,2024-03-20,2363.6,2393.54,2339.96,2369.84,727376
43,2024-03-21,2361.43,2389.52,2337.82,2365.86,208496
43,2024-03-22,2327.38,2373.29,2304.11,2349.79,176712
44,2024-01-01,1713.24,1730.37,1681.41,1698.39,208689
44,2024-01-02,1662.71,1679.34,1638.94,1655.5,767229
44,2024-01-03,1659.5,1676.1,1641.85,1658.43,304283
44,2024-01-04,1619.42,1635.61,1590.14,1606.2,399849
44,2024-01-05,1605.56,1621.62,1588.51,1604.56,437810
44,2024-01-08,1593.59,1616.84,1577.65,1600.83,174757
44,2024-01-09,1578.86,1594.65,1559.39,1575.14,732519
44,2024-01-10,1535.42,1554.13,1520.07,1538.74,909683
44,2024-01-11,1503.03,1518.06,1483.64,1498.63,955163
44,2024-01-12,1554.99,1570.54,1530.42,1545.88,88012
44,2024-01-15,1531.85,1552.93,1516.53,1537.55,715178
44,2024-01-16,1500.13,1515.13,1475.5,1490.4,744777
44,2024-01-17,1493.74,1512.85,1478.8,1497.87,747418
44,2024-01-18,1496.49,1523.51,1481.53,1508.43,799866
44,2024-01-19,1471.38,1486.09,1452.14,1466.81,659538
44,2024-01-22,1464.55,1487.84,1449.9,1473.11,78877
44,2024-01-23,1525.55,1540.81,1499.01,1514.15,931805
44,2024-01-24,1474.71,1489.46,1459.12,1473.86,766113
44,2024-01-25,1500.34,1524.34,1485.34,1509.25,402511
44,2024-01-26,1504.34,1519.38,1485.31,1500.31,67250
44,2024-01-29,1514.71,1532.95,1499.56,1517.77,475545
44,2024-01-30,1540.23,1555.63,1514.19,1529.48,786871
44,2024-01-31,1512.23,1527.35,1491.77,1506.84,585038
44,2024-02-01,1469.99,1494.79,1455.29,1479.99,344433
44,2024-02-02,1501.07,1516.08,1471.75,1486.62,778661
44,2024-02-05,1514.06,1529.2,1485.78,1500.79,255379
44,2024-02-06,1488.02,1507.52,1473.14,1492.59,869284
44,2024-02-07,1548.83,1564.32,1522.55,1537.93,71186
44,2024-02-08,1498.66,1516.2,1483.67,1501.19,840438
44,2024-02-09,1525.08,1546.21,1509.83,1530.9,945896
44,2024-02-12,1548.16,1563.64,1527.42,1542.85,289585
44,2024-02-13,1513.81,1534.32,1498.67,1519.13,843058
44,2024-02-14,1503.08,1518.11,1487.04,1502.06,108596
44,2024-02-15,1519.02,1543.2,1503.83,1527.92,511529
44,2024-02-16,1538.25,1553.63,1517.0,1532.32,943381
44,2024-02-19,1536.16,1551.52,1519.15,1534.49,620207
44,2024-02-20,1520.97,1550.73,1505.76,1535.38,737612
44,2024-02-21,1550.86,1566.37,1523.0,1538.38,805801
44,2024-02-22,1594.56,1610.51,1563.29,1579.08,136128
44,2024-02-23,1604.87,1620.92,1583.52,1599.52,319227
44,2024-02-26,1618.05,1645.63,1601.87,1629.34,246409
44,2024-02-27,1672.94,1689.67,1652.19,1668.88,171818
44,2024-02-28,1681.4,1704.1,1664.59,1687.23,513657
44,2024-02-29,1689.01,1705.9,1657.5,1674.24,265791
44,2024-03-01,1720.89,1738.1,1695.03,1712.15,906570
44,2024-03-04,1685.85,1702.71,1655.24,1671.96,787808
44,2024-03-05,1653.52,1670.06,1630.12,1646.59,678074
44,2024-03-06,1623.55,1654.87,1607.31,1638.49,844764
44,2024-03-07,1633.62,1649.96,1611.87,1628.15,457947
44,2024-03-08,1588.17,1605.94,1572.29,1590.04,112346
44,2024-03-11,1637.29,1653.66,1607.57,1623.81,442822
44,2024-03-12,1608.52,1627.09,1592.43,1610.98,717495
44,2024-03-13,1648.23,1664.71,1628.17,1644.62,155057
44,2024-03-14,1641.85,1658.27,1621.29,1637.67,227408
44,2024-03-15,1727.94,1745.22,1697.89,1715.04,489369
44,2024-03-18,1735.79,1760.91,1718.43,1743.48,269418
44,2024-03-19,1738.88,1758.87,1721.49,1741.46,227814
44,2024-03-20,1753.28,1770.81,1726.31,1743.75,500654
44,2024-03-21,1721.97,1739.19,1692.82,1709.92,576085
44,2024-03-22,1681.67,1698.49,1657.63,1674.37,902186
45,2024-01-01,2254.07,2298.45,2231.53,2275.69,407993
45,2024-01-02,2289.29,2312.18,2248.6,2271.31,310905
45,2024-01-03,2244.46,2266.9,2217.04,2239.43,466416
45,2024-01-04,2213.28,2235.41,2181.26,2203.29,900165
45,2024-01-05,2187.1,2208.97,2146.66,2168.34,301268
45,2024-01-08,2173.29,2210.5,2151.56,2188.61,135468
45,2024-01-09,2140.97,2178.12,2119.56,2156.55,335028
45,2024-01-10,2152.29,2183.35,2130.77,2161.73,624027
45,2024-01-11,2169.68,2201.84,2147.98,2180.04,283044
45,2024-01-12,2222.94,2245.17,2180.4,2202.42,57824
45,2024-01-15,2214.69,2236.84,2173.1,2195.05,375191
45,2024-01-16,2201.71,2226.38,2179.69,2204.34,721764
45,2024-01-17,2149.94,2171.44,2126.15,2147.63,744171
45,2024-01-18,2154.34,2195.98,2132.8,2174.24,60639
45,2024-01-19,2145.79,2167.25,2117.37,2138.76,253349
45,2024-01-22,2131.92,2156.14,2110.6,2134.79,237787
45,2024-01-23,2082.58,2123.66,2061.75,2102.63,98575
45,2024-01-24,2125.77,2147.03,2085.56,2106.63,185171
45,2024-01-25,2078.63,2116.0,2057.84,2095.05,533432
45,2024-01-26,2099.12,2121.61,2078.13,2100.6,954001
45,2024-01-29,2063.5,2090.14,2042.87,2069.45,949733
45,2024-01-30,2143.41,2164.84,2117.62,2139.01,600118
45,2024-01-31,2131.9,2155.69,2110.58,2134.35,158907
45,2024-02-01,2159.93,2181.53,2124.02,2145.47,76250
45,2024-02-02,2155.6,2177.16,2117.67,2139.06,743284
45,2024-02-05,2130.6,2166.44,2109.29,2144.99,587527
45,2024-02-06,2129.98,2151.28,2093.64,2114.79,433346
45,2024-02-07,2093.2,2118.43,2072.27,2097.46,211392
45,2024-02-08,2121.62,2148.71,2100.4,2127.44,954023
45,2024-02-09,2136.77,2158.14,2096.69,2117.87,187653
45,2024-02-12,2121.47,2147.29,2100.26,2126.03,54155
45,2024-02-13,2109.16,2139.93,2088.07,2118.74,617747
45,2024-02-14,2090.78,2128.26,2069.87,2107.19,925988
45,2024-02-15,2127.19,2148.46,2095.39,2116.56,610290
45,2024-02-16,2115.03,2136.18,2083.11,2104.15,403212
45,2024-02-19,2139.84,2172.36,2118.44,2150.85,742562
45,2024-02-20,2154.26,2182.37,2132.72,2160.76,925641
45,2024-02-21,2177.8,2199.58,2137.51,2159.1,279760
45,2024-02-22,2167.1,2188.77,2127.66,2149.15,477618
45,2024-02-23,2204.01,2226.05,2171.36,2193.29,493619
45,2024-02-26,2167.73,2192.68,2146.05,2170.97,767719
45,2024-02-27,2155.49,2177.04,2129.46,2150.97,704197
45,2024-02-28,2126.43,2167.44,2105.17,2145.98,826655
45,2024-02-29,2108.06,2129.14,2066.73,2087.61,436535
45,2024-03-01,2136.39,2157.75,2102.92,2124.16,291189
45,2024-03-04,2186.24,2208.1,2153.02,2174.77,703584
45,2024-03-05,2175.58,2212.95,2153.82,2191.04,479936
45,2024-03-06,2143.42,2164.85,2105.93,2127.2,450131
45,2024-03-07,2123.77,2158.31,2102.53,2136.94,602050
45,2024-03-08,2174.0,2195.74,2152.0,2173.74,428709
45,2024-03-11,2148.25,2188.43,2126.77,2166.76,143830
45,2024-03-12,2131.42,2156.36,2110.11,2135.01,340112
45,2024-03-13,2139.76,2161.16,2107.49,2128.78,553735
45,2024-03-14,2158.82,2180.41,2128.54,2150.04,297110
45,2024-03-15,2165.83,2187.49,2130.05,2151.57,396793
45,2024-03-18,2156.61,2195.73,2135.04,2173.99,690026
45,2024-03-19,2160.25,2195.34,2138.65,2173.6,646006
45,2024-03-20,2186.56,2208.43,2144.13,2165.79,491182
45,2024-03-21,2166.68,2188.53,2145.01,2166.86,933902
45,2024-03-22,2227.88,2250.16,2188.53,2210.64,796510
46,2024-01-01,791.82,800.64,783.9,792.71,510002
46,2024-01-02,800.91,808.92,787.67,795.63,901226
46,2024-01-03,797.98,805.96,784.33,792.25,215564
46,2024-01-04,793.59,801.53,783.74,791.66,73722
46,2024-01-05,787.34,801.62,779.47,793.68,452508
46,2024-01-08,790.2,801.19,782.3,793.26,909833
46,2024-01-09,782.32,796.82,774.5,788.93,645781
46,2024-01-10,792.39,802.94,784.47,794.99,688480
46,2024-01-11,788.29,796.17,774.86,782.69,105661
46,2024-01-12,786.04,798.45,778.18,790.54,998632
46,2024-01-15,806.16,819.42,798.1,811.31,629375
46,2024-01-16,807.92,816.0,796.24,804.28,348752
46,2024-01-17,806.9,816.78,798.83,808.69,579760
46,2024-01-18,824.06,832.3,814.57,822.8,207258
46,2024-01-19,800.26,809.87,792.26,801.85,773055
46,2024-01-22,788.89,797.06,781.0,789.17,943300
46,2024-01-23,785.6,793.46,773.31,781.12,568723
46,2024-01-24,762.34,769.96,754.0,761.62,100673
46,2024-01-25,751.69,759.21,736.82,744.26,342937
46,2024-01-26,742.43,749.85,729.39,736.76,692422
46,2024-01-29,747.96,755.44,735.47,742.9,889199
46,2024-01-30,715.37,727.46,708.22,720.26,372594
46,2024-01-31,718.33,725.51,709.75,716.92,862079
46,2024-02-01,714.02,722.88,706.88,715.72,753034
46,2024-02-02,695.48,707.52,688.53,700.51,723857
46,2024-02-05,720.88,728.09,708.64,715.8,701561
46,2024-02-06,720.76,727.97,709.91,717.08,155050
46,2024-02-07,714.04,721.18,702.15,709.24,577733
46,2024-02-08,711.26,718.37,699.24,706.3,910941
46,2024-02-09,696.18,703.14,689.13,696.09,614399
46,2024-02-12,699.46,711.85,692.47,704.8,819565
46,2024-02-13,710.05,717.42,702.95,710.32,478092
46,2024-02-14,720.18,727.38,706.69,713.83,570793
46,2024-02-15,690.93,697.84,677.87,684.72,221275
46,2024-02-16,695.76,702.72,686.35,693.28,626576
46,2024-02-19,700.41,707.41,692.5,699.5,867883
46,2024-02-20,702.96,709.99,691.11,698.09,443365
46,2024-02-21,695.85,706.28,688.89,699.29,876280
46,2024-02-22,709.81,720.31,702.71,713.18,53732
46,2024-02-23,710.0,717.16,702.9,710.06,145216
46,2024-02-26,700.49,708.29,693.49,701.28,132681
46,2024-02-27,708.1,718.24,701.02,711.13,792415
46,2024-02-28,721.49,728.7,708.36,715.52,695844
46,2024-02-29,709.46,716.55,698.02,705.07,153523
46,2024-03-01,712.82,719.95,702.67,709.77,657576
46,2024-03-04,709.09,716.18,699.71,706.78,443490
46,2024-03-05,709.19,716.28,696.52,703.56,369351
46,2024-03-06,721.63,731.86,714.41,724.61,879156
46,2024-03-07,720.04,732.65,712.84,725.4,254317
46,2024-03-08,743.39,750.82,733.66,741.07,415789
46,2024-03-11,739.98,747.38,728.37,735.73,383869
46,2024-03-12,743.98,756.46,736.54,748.97,81723
46,2024-03-13,754.07,765.61,746.53,758.03,246187
46,2024-03-14,762.53,770.16,747.88,755.43,73753
46,2024-03-15,740.97,755.37,733.56,747.89,921912
46,2024-03-18,754.36,767.44,746.82,759.84,574190
46,2024-03-19,750.16,764.54,742.66,756.97,159778
46,2024-03-20,749.0,763.03,741.51,755.48,772530
46,2024-03-21,730.05,738.55,722.75,731.24,932499
46,2024-03-22,735.07,742.42,721.79,729.08,729892
47,2024-01-01,2194.59,2216.54,2167.71,2189.61,642444
47,2024-01-02,2138.59,2160.76,2117.2,2139.37,430624
47,2024-01-03,2182.66,2214.7,2160.83,2192.77,145160
47,2024-01-04,2170.68,2198.88,2148.97,2177.11,432824
47,2024-01-05,2192.64,2233.59,2170.71,2211.48,216246
47,2024-01-08,2167.11,2188.78,2128.85,2150.35,628253
47,2024-01-09,2118.62,2139.81,2082.5,2103.54,998680
47,2024-01-10,2079.76,2100.56,2053.64,2074.38,805383
47,2024-01-11,2058.22,2078.8,2034.62,2055.17,841404
47,2024-01-12,2100.1,2121.1,2071.31,2092.23,70105
47,2024-01-15,2052.96,2084.62,2032.43,2063.98,910215
47,2024-01-16,2032.18,2071.69,2011.86,2051.18,258810
47,2024-01-17,2081.49,2102.3,2059.27,2080.07,257356
47,2024-01-18,2018.69,2052.66,1998.5,2032.34,274958
47,2024-01-19,1996.15,2016.11,1958.66,1978.44,490671
47,2024-01-22,1961.56,1998.81,1941.94,1979.02,742803
47,2024-01-23,2005.08,2034.1,1985.03,2013.96,592206
47,2024-01-24,1985.06,2004.91,1954.57,1974.31,931608
47,2024-01-25,1948.09,1968.97,1928.61,1949.48,930816
47,2024-01-26,1929.39,1948.68,1894.88,1914.02,135384
47,2024-01-29,1898.57,1932.77,1879.58,1913.63,378301
47,2024-01-30,1868.63,1900.68,1849.94,1881.86,654238
47,2024-01-31,1933.08,1952.41,1900.21,1919.4,161588
47,2024-02-01,1878.25,1897.03,1852.45,1871.16,438401
47,2024-02-02,1843.18,1877.54,1824.75,1858.95,710636
47,2024-02-05,1813.28,1840.51,1795.15,1822.29,345835
47,2024-02-06,1900.6,1919.61,1878.98,1897.96,439968
47,2024-02-07,1879.17,1909.71,1860.38,1890.8,757876
47,2024-02-08,1857.13,1882.97,1838.56,1864.33,501466
47,2024-02-09,1881.25,1901.99,1862.44,1883.16,723150
47,2024-02-12,1933.65,1952.99,1906.16,1925.41,327982
47,2024-02-13,1955.36,1981.95,1935.81,1962.33,466097
47,2024-02-14,1930.55,1969.33,1911.24,1949.83,90644
47,2024-02-15,1951.42,1981.07,1931.91,1961.46,158576
47,2024-02-16,2004.56,2024.61,1975.16,1995.11,254828
47,2024-02-19,1994.28,2018.28,1974.34,1998.3,532499
47,2024-02-20,2027.62,2047.9,1991.03,2011.14,533782
47,2024-02-21,2030.82,2051.13,2002.73,2022.96,156210
47,2024-02-22,1972.71,1995.16,1952.98,1975.41,652347
47,2024-02-23,1977.81,2007.34,1958.03,1987.47,99575
47,2024-02-26,1983.95,2003.79,1945.17,1964.82,340705
47,2024-02-27,1929.4,1963.33,1910.11,1943.89,568284
47,2024-02-28,1948.19,1975.73,1928.71,1956.17,583535
47,2024-02-29,1989.53,2009.43,1961.21,1981.02,741699
47,2024-03-01,2020.54,2040.75,1985.63,2005.69,599989
47,2024-03-04,2014.08,2037.08,1993.94,2016.91,659491
47,2024-03-05,2038.26,2070.03,2017.88,2049.53,502955
47,2024-03-06,2031.84,2067.35,2011.52,2046.88,425322
47,2024-03-07,2027.5,2052.97,2007.22,2032.64,993512
47,2024-03-08,2018.94,2039.13,1979.17,1999.16,159046
47,2024-03-11,1975.4,2005.56,1955.65,1985.7,539769
47,2024-03-12,1976.35,1996.11,1953.86,1973.6,260513
47,2024-03-13,1966.45,1986.11,1930.49,1949.99,673886
47,2024-03-14,1978.9,2001.23,1959.11,1981.42,800416
47,2024-03-15,1958.05,1983.99,1938.47,1964.35,939157
47,2024-03-18,1976.69,2009.93,1956.92,1990.03,90042
47,2024-03-19,2042.61,2063.04,2011.25,2031.57,923554
47,2024-03-20,2026.44,2046.7,2004.85,2025.1,145061
47,2024-03-21,2050.71,2088.21,2030.2,2067.53,214024
47,2024-03-22,2061.03,2102.14,2040.42,2081.33,613969
48,2024-01-01,2229.98,2252.28,2186.97,2209.06,323540
48,2024-01-02,2258.52,2281.11,2218.66,2241.07,886711
48,2024-01-03,2236.74,2276.41,2214.37,2253.87,555373
48,2024-01-04,2299.53,2329.19,2276.53,2306.13,802606
48,2024-01-05,2293.87,2339.51,2270.93,2316.35,818648
48,2024-01-08,2343.17,2366.6,2299.57,2322.8,799835
48,2024-01-09,2330.42,2353.72,2301.15,2324.39,987568
48,2024-01-10,2313.74,2341.65,2290.6,2318.47,365310
48,2024-01-11,2378.08,2401.86,2333.92,2357.49,812967
48,2024-01-12,2369.17,2396.38,2345.48,2372.65,653168
48,2024-01-15,2358.12,2395.28,2334.54,2371.56,211237
48,2024-01-16,2388.82,2437.07,2364.93,2412.94,732326
48,2024-01-17,2392.61,2426.34,2368.68,2402.32,582360
48,2024-01-18,2381.4,2410.13,2357.59,2386.27,690940
48,2024-01-19,2301.05,2333.59,2278.04,2310.49,113676
48,2024-01-22,2328.42,2351.7,2287.04,2310.14,707227
48,2024-01-23,2380.73,2404.54,2344.9,2368.59,790964
48,2024-01-24,2343.03,2367.51,2319.6,2344.07,458388
48,2024-01-25,2318.11,2341.29,2275.83,2298.82,919185
48,2024-01-26,2336.9,2360.27,2291.12,2314.26,880353
48,2024-01-29,2313.47,2349.25,2290.34,2325.99,143515
48,2024-01-30,2360.9,2384.51,2315.1,2338.48,331223
48,2024-01-31,2325.27,2360.85,2302.02,2337.48,705349
48,2024-02-01,2326.47,2349.73,2300.19,2323.42,123611
48,2024-02-02,2296.07,2333.71,2273.11,2310.6,802611
48,2024-02-05,2268.36,2294.89,2245.68,2272.17,138760
48,2024-02-06,2225.09,2264.15,2202.84,2241.73,277629
48,2024-02-07,2256.69,2279.26,2218.17,2240.58,928381
48,2024-02-08,2213.44,2245.8,2191.31,2223.56,571697
48,2024-02-09,2266.78,2289.45,2234.2,2256.77,993704
48,2024-02-12,2302.5,2325.53,2263.79,2286.66,694540
48,2024-02-13,2325.3,2348.55,2281.34,2304.38,535454
48,2024-02-14,2274.43,2311.21,2251.69,2288.33,570714
48,2024-02-15,2315.24,2340.59,2292.09,2317.42,883870
48,2024-02-16,2319.72,2342.92,2285.02,2308.1,140237
48,2024-02-19,2284.55,2315.7,2261.7,2292.77,417797
48,2024-02-20,2272.43,2295.15,2233.6,2256.16,475165
48,2024-02-21,2288.01,2310.89,2246.39,2269.08,494476
48,2024-02-22,2223.21,2267.95,2200.98,2245.5,555549
48,2024-02-23,2213.31,2253.15,2191.18,2230.84,422141
48,2024-02-26,2163.63,2199.56,2141.99,2177.78,785985
48,2024-02-27,2218.03,2240.21,2176.41,2198.39,145418
48,2024-02-28,2202.79,2232.99,2180.76,2210.88,671591
48,2024-02-29,2186.84,2227.41,2164.97,2205.36,280213
48,2024-03-01,2229.61,2251.91,2188.58,2210.69,457313
48,2024-03-04,2278.39,2301.17,2239.04,2261.66,476507
48,2024-03-05,2303.1,2326.13,2264.33,2287.2,250146
48,2024-03-06,2281.42,2304.23,2253.0,2275.76,119048
48,2024-03-07,2244.18,2286.25,2221.74,2263.61,430208
48,2024-03-08,2279.61,2302.41,2253.35,2276.11,862171
48,2024-03-11,2254.29,2297.02,2231.75,2274.28,761659
48,2024-03-12,2291.59,2314.51,2265.72,2288.61,475496
48,2024-03-13,2282.07,2312.35,2259.25,2289.46,769161
48,2024-03-14,2223.99,2246.23,2199.82,2222.04,883005
48,2024-03-15,2184.94,2206.79,2148.0,2169.7,579358
48,2024-03-18,2165.43,2199.98,2143.78,2178.2,642332
48,2024-03-19,2208.88,2233.06,2186.79,2210.95,740119
48,2024-03-20,2179.45,2219.19,2157.66,2197.22,426223
48,2024-03-21,2173.37,2202.6,2151.64,2180.79,667847
48,2024-03-22,2166.91,2188.58,2134.27,2155.83,762050
49,2024-01-01,1308.46,1331.56,1295.38,1318.38,586219
49,2024-01-02,1356.7,1370.27,1331.09,1344.54,803343
49,2024-01-03,1393.71,1407.65,1367.99,1381.81,456925
49,2024-01-04,1397.61,1416.36,1383.63,1402.34,978379
49,2024-01-05,1392.84,1407.79,1378.91,1393.85,444324
49,2024-01-08,1401.29,1425.3,1387.28,1411.19,959928
49,2024-01-09,1423.02,1446.24,1408.79,1431.92,570477
49,2024-01-10,1412.98,1440.83,1398.85,1426.56,776009
49,2024-01-11,1452.96,1480.76,1438.43,1466.1,250486
49,2024-01-12,1479.58,1507.2,1464.78,1492.28,324468
49,2024-01-15,1518.73,1533.92,1500.18,1515.33,571788
49,2024-01-16,1553.31,1575.99,1537.78,1560.39,282282
49,2024-01-17,1522.67,1547.89,1507.44,1532.56,879383
49,2024-01-18,1550.21,1565.71,1527.29,1542.72,676429
49,2024-01-19,1521.86,1537.08,1492.34,1507.41,807377
49,2024-01-22,1487.99,1508.85,1473.11,1493.91,855186
49,2024-01-23,1473.85,1490.78,1459.11,1476.02,226655
49,2024-01-24,1486.91,1513.56,1472.04,1498.57,736623
49,2024-01-25,1531.2,1546.51,1501.01,1516.17,122788
49,2024-01-26,1502.42,1518.26,1487.4,1503.23,811959
49,2024-01-29,1513.78,1533.55,1498.64,1518.37,481160
49,2024-01-30,1538.28,1553.66,1520.01,1535.36,975243
49,2024-01-31,1541.02,1563.64,1525.61,1548.16,989620
49,2024-02-01,1548.15,1563.63,1527.47,1542.9,490335
49,2024-02-02,1502.01,1523.91,1486.99,1508.82,157876
49,2024-02-05,1513.66,1540.68,1498.52,1525.43,380288
49,2024-02-06,1526.27,1553.88,1511.01,1538.5,859624
49,2024-02-07,1573.77,1589.51,1554.88,1570.59,962812
49,2024-02-08,1546.54,1562.82,1531.07,1547.35,666072
49,2024-02-09,1544.64,1574.94,1529.19,1559.35,64164
49,2024-02-12,1548.38,1566.07,1532.9,1550.56,513068
49,2024-02-13,1526.38,1552.89,1511.12,1537.51,689722
49,2024-02-14,1485.78,1515.37,1470.92,1500.37,123765
49,2024-02-15,1514.03,1532.49,1498.89,1517.32,196275
49,2024-02-16,1552.17,1567.69,1535.19,1550.7,269617
49,2024-02-19,1513.18,1533.1,1498.05,1517.92,633329
49,2024-02-20,1528.83,1544.12,1511.93,1527.2,394178
49,2024-02-21,1536.35,1555.92,1520.99,1540.51,885446
49,2024-02-22,1554.95,1585.14,1539.4,1569.45,625252
49,2024-02-23,1595.71,1612.16,1579.75,1596.2,150489
49,2024-02-26,1611.45,1627.56,1593.74,1609.84,442745
49,2024-02-27,1588.32,1618.03,1572.44,1602.01,728415
49,2024-02-28,1622.94,1639.17,1606.38,1622.61,462095
49,2024-02-29,1662.82,1679.45,1643.12,1659.72,271725
49,2024-03-01,1656.62,1679.53,1640.05,1662.9,477195
49,2024-03-04,1689.02,1705.91,1661.97,1678.76,203535
49,2024-03-05,1698.04,1721.37,1681.06,1704.33,802876
49,2024-03-06,1661.99,1691.11,1645.37,1674.37,774551
49,2024-03-07,1673.97,1695.74,1657.23,1678.95,270964
49,2024-03-08,1705.39,1722.44,1684.4,1701.41,533552
49,2024-03-11,1679.08,1696.17,1662.29,1679.38,698355
49,2024-03-12,1716.98,1748.08,1699.81,1730.77,361934
49,2024-03-13,1738.85,1756.24,1711.71,1729.0,511221
49,2024-03-14,1686.95,1709.45,1670.08,1692.52,128235
49,2024-03-15,1653.12,1669.65,1632.84,1649.33,978328
49,2024-03-18,1645.69,1675.17,1629.23,1658.58,251519
49,2024-03-19,1680.15,1696.95,1654.36,1671.07,903317
49,2024-03-20,1664.79,1687.05,1648.14,1670.35,992436
49,2024-03-21,1707.88,1724.96,1681.51,1698.5,558320
49,2024-03-22,1725.96,1743.22,1698.59,1715.75,616017
50,2024-01-01,877.86,886.64,863.5,872.22,982640
50,2024-01-02,902.82,913.47,893.79,904.43,775221
50,2024-01-03,904.64,916.04,895.59,906.97,87420
50,2024-01-04,900.82,912.32,891.81,903.29,630110
50,2024-01-05,887.77,898.61,878.89,889.71,753768
50,2024-01-08,907.82,916.9,896.92,905.98,688060
50,2024-01-09,911.18,920.29,893.32,902.34,253226
50,2024-01-10,867.95,878.07,859.27,869.38,327232
50,2024-01-11,875.64,888.08,866.88,879.29,127320
50,2024-01-12,880.66,898.24,871.85,889.35,456078
50,2024-01-15,890.99,900.45,882.08,891.53,293597
50,2024-01-16,898.1,907.08,882.22,891.13,516514
50,2024-01-17,877.96,888.82,869.18,880.02,947012
50,2024-01-18,884.29,893.13,873.88,882.71,377276
50,2024-01-19,888.57,901.53,879.68,892.6,529860
50,2024-01-22,903.88,912.92,886.7,895.66,213776
50,2024-01-23,909.33,918.42,897.01,906.07,383658
50,2024-01-24,922.82,935.53,913.59,926.27,699999
50,2024-01-25,915.05,930.0,905.9,920.79,57889
50,2024-01-26,910.0,919.1,892.5,901.52,460117
50,2024-01-29,888.79,897.68,874.82,883.66,794517
50,2024-01-30,881.88,897.66,873.06,888.77,916461
50,2024-01-31,903.52,912.56,885.88,894.83,888276
50,2024-02-01,886.36,895.22,869.56,878.34,375468
50,2024-02-02,891.31,906.57,882.4,897.59,676744
50,2024-02-05,894.45,906.6,885.51,897.62,374141
50,2024-02-06,897.53,906.51,883.04,891.96,198122
50,2024-02-07,924.88,934.13,910.35,919.55,111023
50,2024-02-08,933.81,943.15,917.96,927.23,290045
50,2024-02-09,908.9,921.17,899.81,912.05,560264
50,2024-02-12,925.22,934.47,910.98,920.18,188027
50,2024-02-13,911.91,921.7,902.79,912.57,786086
50,2024-02-14,920.36,938.0,911.16,928.71,628254
50,2024-02-15,902.33,917.73,893.31,908.64,839054
50,2024-02-16,896.43,905.39,881.46,890.36,97636
50,2024-02-19,876.69,887.3,867.92,878.51,401503
50,2024-02-20,889.28,898.17,875.99,884.84,110727
50,2024-02-21,885.29,894.14,872.69,881.51,550934
50,2024-02-22,878.9,887.69,868.82,877.6,525717
50,2024-02-23,885.77,894.81,876.91,885.95,483300
50,2024-02-26,893.77,903.59,884.83,894.64,960590
50,2024-02-27,880.31,893.39,871.51,884.54,698606
50,2024-02-28,893.42,902.35,877.96,886.83,836106
50,2024-02-29,890.53,901.96,881.62,893.03,620117
50,2024-03-01,889.88,903.65,880.98,894.7,756549
50,2024-03-04,878.96,887.75,869.69,878.47,440665
50,2024-03-05,883.19,892.02,866.18,874.93,185645
50,2024-03-06,872.59,888.41,863.86,879.61,156600
50,2024-03-07,896.04,907.42,887.08,898.44,979001
50,2024-03-08,902.27,912.48,893.25,903.45,192926
50,2024-03-11,936.38,945.74,920.9,930.2,485829
50,2024-03-12,926.69,935.96,915.71,924.96,303977
50,2024-03-13,911.13,920.24,893.89,902.92,509186
50,2024-03-14,905.27,917.41,896.22,908.33,222422
50,2024-03-15,919.48,928.67,908.21,917.38,917583
50,2024-03-18,905.48,919.46,896.43,910.36,165081
50,2024-03-19,919.48,928.67,901.31,910.41,710217
50,2024-03-20,903.92,916.47,894.88,907.4,883015
50,2024-03-21,893.3,908.6,884.37,899.6,265014
50,2024-03-22,911.31,921.0,902.2,911.88,453624
51,2024-01-01,807.39,815.46,791.55,799.55,788902
51,2024-01-02,788.49,799.64,780.61,791.72,282568
51,2024-01-03,787.12,794.99,778.45,786.31,625130
51,2024-01-04,785.35,793.2,774.32,782.14,696202
51,2024-01-05,773.22,780.95,762.72,770.42,381975
51,2024-01-08,751.94,763.85,744.42,756.29,405619
51,2024-01-09,756.36,763.92,743.89,751.4,860455
51,2024-01-10,744.51,756.2,737.06,748.71,111533
51,2024-01-11,737.83,746.8,730.45,739.41,110928
51,2024-01-12,742.92,754.48,735.49,747.01,803257
51,2024-01-15,738.2,748.04,730.82,740.63,177526
51,2024-01-16,740.84,754.67,733.43,747.2,992563
51,2024-01-17,757.43,765.0,745.9,753.43,848073
51,2024-01-18,781.4,789.21,768.87,776.64,65712
51,2024-01-19,780.87,790.65,773.06,782.82,983358
51,2024-01-22,772.77,780.5,762.52,770.22,958721
51,2024-01-23,771.84,782.36,764.12,774.61,990086
51,2024-01-24,765.71,778.7,758.05,770.99,540522
51,2024-01-25,766.8,774.96,759.13,767.29,987038
51,2024-01-26,782.13,791.13,774.31,783.3,623868
51,2024-01-29,762.81,777.96,755.18,770.26,612085
51,2024-01-30,782.35,797.95,774.53,790.05,51143
51,2024-01-31,771.06,783.6,763.35,775.84,670607
51,2024-02-01,774.08,788.86,766.34,781.05,347735
51,2024-02-02,786.59,794.46,776.21,784.05,735079
51,2024-02-05,767.12,778.6,759.45,770.89,134787
51,2024-02-06,776.17,783.93,761.62,769.31,256842
51,2024-02-07,756.63,767.93,749.06,760.33,145844
51,2024-02-08,780.95,788.76,770.93,778.72,868073
51,2024-02-09,789.57,797.68,781.67,789.78,177734
51,2024-02-12,803.09,811.12,793.27,801.28,554452
51,2024-02-13,789.04,796.93,778.3,786.16,655521
51,2024-02-14,793.12,801.05,780.84,788.73,286271
51,2024-02-15,803.03,811.06,792.18,800.18,907084
51,2024-02-16,819.65,827.85,807.82,815.98,106549
51,2024-02-19,810.71,818.82,801.3,809.39,173679
51,2024-02-20,781.19,796.41,773.38,788.52,564559
51,2024-02-21,799.1,808.91,791.11,800.9,146022
51,2024-02-22,804.58,817.26,796.53,809.17,300394
51,2024-02-23,811.06,823.98,802.95,815.82,776810
51,2024-02-26,822.78,831.01,808.38,816.55,656764
51,2024-02-27,816.23,826.25,808.07,818.07,454473
51,2024-02-28,811.96,820.08,803.0,811.11,579778
51,2024-02-29,829.32,841.36,821.03,833.03,502097
51,2024-03-01,808.9,816.99,795.71,803.75,478605
51,2024-03-04,798.0,805.98,788.39,796.35,900744
51,2024-03-05,792.15,800.07,777.86,785.72,666780
51,2024-03-06,767.92,782.14,760.24,774.4,178609
51,2024-03-07,782.62,790.45,771.16,778.95,866661
51,2024-03-08,773.62,781.36,759.19,766.86,241619
51,2024-03-11,752.41,762.09,744.89,754.54,918931
51,2024-03-12,746.78,754.25,738.2,745.66,751282
51,2024-03-13,733.77,747.62,726.43,740.22,561026
51,2024-03-14,743.35,750.78,732.71,740.11,254564
51,2024-03-15,748.17,756.98,740.69,749.49,759098
51,2024-03-18,754.83,763.84,747.28,756.28,694433
51,2024-03-19,739.81,752.24,732.41,744.79,243869
51,2024-03-20,727.93,735.21,717.88,725.13,921193
51,2024-03-21,709.09,719.27,702.0,712.15,482299
51,2024-03-22,704.99,715.03,697.94,707.95,271900
52,2024-01-01,1877.83,1896.61,1848.19,1866.86,302916
52,2024-01-02,1864.42,1883.06,1841.97,1860.58,685455
52,2024-01-03,1835.51,1859.57,1817.15,1841.16,844127
52,2024-01-04,1905.98,1925.04,1877.22,1896.18,355192
52,2024-01-05,1884.07,1920.13,1865.23,1901.12,370080
52,2024-01-08,1886.36,1905.22,1858.09,1876.86,329630
52,2024-01-09,1889.22,1917.86,1870.33,1898.87,742381
52,2024-01-10,1932.28,1951.6,1903.52,1922.75,427581
52,2024-01-11,1942.1,1961.52,1906.61,1925.87,657635
52,2024-01-12,1871.07,1902.22,1852.36,1883.39,698619
52,2024-01-15,1945.76,1965.22,1917.32,1936.69,539199
52,2024-01-16,1904.99,1924.04,1874.17,1893.1,736047
52,2024-01-17,1875.71,1894.47,1844.56,1863.19,939110
52,2024-01-18,1859.29,1891.62,1840.7,1872.89,513829
52,2024-01-19,1905.6,1924.66,1878.22,1897.19,183840
52,2024-01-22,1888.0,1906.88,1855.13,1873.87,221924
52,2024-01-23,1861.7,1886.8,1843.08,1868.12,200327
52,2024-01-24,1895.04,1926.8,1876.09,1907.72,678796
52,2024-01-25,1863.63,1896.96,1844.99,1878.18,118695
52,2024-01-26,1891.24,1910.15,1863.24,1882.06,726287
52,2024-01-29,1869.0,1903.5,1850.31,1884.65,908558
52,2024-01-30,1880.84,1899.65,1846.99,1865.65,713321
52,2024-01-31,1865.72,1891.71,1847.06,1872.98,256909
52,2024-02-01,1901.06,1926.73,1882.05,1907.65,647070
52,2024-02-02,1891.01,1911.14,1872.1,1892.22,271397
52,2024-02-05,1874.78,1893.53,1852.75,1871.46,927017
52,2024-02-06,1897.04,1916.01,1874.97,1893.91,513550
52,2024-02-07,1915.69,1947.05,1896.53,1927.77,899974
52,2024-02-08,1927.37,1946.64,1898.6,1917.78,216834
52,2024-02-09,1906.77,1930.79,1887.7,1911.67,76870
52,2024-02-12,1888.81,1924.85,1869.92,1905.79,673824
52,2024-02-13,1912.07,1931.19,1880.28,1899.27,404649
52,2024-02-14,1884.31,1909.82,1865.47,1890.91,193200
52,2024-02-15,1906.38,1925.44,1882.77,1901.79,448876
52,2024-02-16,1942.8,1962.23,1921.62,1941.03,646248
52,2024-02-19,1975.42,1995.17,1938.79,1958.37,334111
52,2024-02-20,2002.79,2022.82,1978.36,1998.34,219606
52,2024-02-21,1967.07,1991.67,1947.4,1971.95,494446
52,2024-02-22,1951.61,1971.13,1915.83,1935.18,774202
52,2024-02-23,1925.42,1945.4,1906.17,1926.14,696057
52,2024-02-26,1945.75,1965.21,1914.84,1934.18,84442
52,2024-02-27,1905.28,1924.33,1868.14,1887.01,482161
52,2024-02-28,1836.04,1866.56,1817.68,1848.08,801995
52,2024-02-29,1838.79,1857.18,1803.97,1822.19,442962
52,2024-03-01,1875.42,1896.64,1856.67,1877.86,580787
52,2024-03-04,1855.07,1890.33,1836.52,1871.61,711450
52,2024-03-05,1850.11,1875.23,1831.61,1856.66,507244
52,2024-03-06,1878.61,1897.4,1856.24,1874.99,322985
52,2024-03-07,1812.68,1847.23,1794.55,1828.94,52401
52,2024-03-08,1834.73,1867.97,1816.38,1849.48,802638
52,2024-03-11,1847.69,1866.17,1828.75,1847.22,189505
52,2024-03-12,1863.38,1882.01,1842.87,1861.48,187422
52,2024-03-13,1868.09,1898.33,1849.41,1879.53,776335
52,2024-03-14,1866.25,1903.05,1847.59,1884.21,406722
52,2024-03-15,1863.38,1894.39,1844.75,1875.63,404639
52,2024-03-18,1850.04,1871.63,1831.54,1853.1,335561
52,2024-03-19,1866.78,1889.2,1848.11,1870.5,232725
52,2024-03-20,1868.46,1895.84,1849.78,1877.07,861300
52,2024-03-21,1824.28,1855.52,1806.04,1837.15,477240
52,2024-03-22,1890.95,1918.35,1872.04,1899.36,946004
53,2024-01-01,2210.69,2245.14,2188.58,2222.91,440238
53,2024-01-02,2210.95,2233.06,2172.47,2194.41,551138
53,2024-01-03,2171.26,2192.97,2136.72,2158.3,643292
53,2024-01-04,2136.77,2159.52,2115.4,2138.14,256610
53,2024-01-05,2148.08,2169.56,2125.75,2147.22,430664
53,2024-01-08,2144.85,2166.3,2122.49,2143.93,790039
53,2024-01-09,2114.36,2135.5,2089.66,2110.77,681943
53,2024-01-10,2103.43,2124.46,2073.57,2094.52,887888
53,2024-01-11,2092.76,2113.69,2053.01,2073.75,463261
53,2024-01-12,2072.61,2093.34,2046.83,2067.51,682990
53,2024-01-15,2033.82,2054.16,2003.26,2023.49,813564
53,2024-01-16,2032.44,2052.76,2009.99,2030.29,514133
53,2024-01-17,2009.47,2029.56,1971.49,1991.4,794441
53,2024-01-18,1965.31,1984.96,1939.45,1959.04,541765
53,2024-01-19,1934.23,1953.81,1914.89,1934.47,880298
53,2024-01-22,1941.68,1961.1,1907.49,1926.76,60417
53,2024-01-23,1899.41,1936.26,1880.42,1917.09,855400
53,2024-01-24,1947.43,1966.9,1914.03,1933.36,616419
53,2024-01-25,1982.1,2001.92,1951.1,1970.81,895600
53,2024-01-26,1981.98,2001.8,1960.09,1979.89,969264
53,2024-01-29,1975.42,1999.67,1955.67,1979.87,632418
53,2024-01-30,1997.51,2035.56,1977.53,2015.41,531138
53,2024-01-31,2003.06,2026.07,1983.03,2006.01,942506
53,2024-02-01,2015.24,2038.3,1995.09,2018.12,390449
53,2024-02-02,2050.66,2071.17,2024.81,2045.26,810658
53,2024-02-05,1959.31,1980.8,1939.72,1961.19,826606
53,2024-02-06,1906.55,1925.62,1881.54,1900.55,731836
53,2024-02-07,1915.04,1934.19,1893.69,1912.82,103784
53,2024-02-08,1889.28,1916.51,1870.39,1897.53,689749
53,2024-02-09,1856.16,1892.95,1837.6,1874.21,767897
53,2024-02-12,1850.11,1868.61,1830.59,1849.08,255129
53,2024-02-13,1832.44,1850.76,1800.28,1818.46,131100
53,2024-02-14,1854.43,1872.97,1831.64,1850.14,327713
53,2024-02-15,1842.09,1863.46,1823.67,1845.01,721359
53,2024-02-16,1815.68,1850.09,1797.52,1831.77,275290
53,2024-02-19,1843.21,1864.4,1824.78,1845.94,744037
53,2024-02-20,1809.17,1827.26,1790.96,1809.05,929903
53,2024-02-21,1837.69,1856.07,1807.92,1826.18,357030
53,2024-02-22,1829.0,1859.05,1810.71,1840.64,535912
53,2024-02-23,1804.62,1837.61,1786.57,1819.42,924841
53,2024-02-26,1854.49,1873.03,1819.76,1838.14,55822
53,2024-02-27,1829.6,1849.22,1811.3,1830.91,73423
53,2024-02-28,1816.45,1850.34,1798.29,1832.02,154762
53,2024-02-29,1852.28,1875.18,1833.76,1856.61,943222
53,2024-03-01,1872.86,1896.66,1854.13,1877.88,91053
53,2024-03-04,1907.09,1926.16,1870.28,1889.17,66314
53,2024-03-05,1866.5,1903.82,1847.84,1884.97,704699
53,2024-03-06,1917.51,1936.69,1880.27,1899.26,967344
53,2024-03-07,1891.28,1910.19,1869.91,1888.8,655439
53,2024-03-08,1886.73,1905.6,1858.96,1877.74,221997
53,2024-03-11,1894.13,1913.07,1862.26,1881.07,563062
53,2024-03-12,1888.88,1911.04,1869.99,1892.12,978323
53,2024-03-13,1939.12,1958.51,1902.48,1921.7,691586
53,2024-03-14,1930.31,1949.61,1909.14,1928.42,53335
53,2024-03-15,1903.99,1930.56,1884.95,1911.45,392062
53,2024-03-18,1886.91,1908.81,1868.04,1889.91,143923
53,2024-03-19,1894.24,1913.18,1873.9,1892.83,471936
53,2024-03-20,1890.2,1909.1,1866.28,1885.13,836295
53,2024-03-21,1956.66,1976.23,1919.68,1939.07,847643
53,2024-03-22,1907.81,1929.75,1888.73,1910.64,662480
54,2024-01-01,527.88,533.16,522.41,527.69,931256
54,2024-01-02,527.05,533.31,521.78,528.03,998902
54,2024-01-03,524.71,529.96,518.56,523.8,310844
54,2024-01-04,519.63,529.78,514.43,524.53,829810
54,2024-01-05,529.11,536.67,523.82,531.36,234610
54,2024-01-08,531.12,536.43,520.87,526.13,393563
54,2024-01-09,539.53,544.93,533.49,538.88,918960
54,2024-01-10,552.84,558.37,545.41,550.92,433546
54,2024-01-11,549.36,554.85,543.38,548.87,953022
54,2024-01-12,552.57,558.1,545.68,551.19,826120
54,2024-01-15,564.33,569.97,553.77,559.36,309275
54,2024-01-16,559.39,568.74,553.8,563.11,509791
54,2024-01-17,549.16,560.21,543.67,554.66,375788
54,2024-01-18,566.08,571.74,555.21,560.82,710219
54,2024-01-19,548.65,555.73,543.16,550.23,211347
54,2024-01-22,542.58,552.36,537.15,546.89,911405
54,2024-01-23,545.2,551.08,539.75,545.62,244580
54,2024-01-24,540.15,547.72,534.75,542.3,240827
54,2024-01-25,549.8,555.3,542.84,548.32,417856
54,2024-01-26,560.73,566.34,550.62,556.18,971055
54,2024-01-29,552.2,557.72,546.4,551.92,136688
54,2024-01-30,546.24,552.41,540.78,546.94,602701
54,2024-01-31,530.52,535.83,524.77,530.07,960860
54,2024-02-01,529.07,537.52,523.78,532.2,672089
54,2024-02-02,519.65,529.91,514.45,524.66,212937
54,2024-02-05,526.32,531.58,520.38,525.64,718173
54,2024-02-06,527.06,535.73,521.79,530.43,632784
54,2024-02-07,520.97,527.11,515.76,521.89,671109
54,2024-02-08,511.44,520.81,506.33,515.65,156659
54,2024-02-09,506.55,511.62,499.22,504.26,947115
54,2024-02-12,518.41,523.59,510.55,515.71,299673
54,2024-02-13,516.97,526.94,511.8,521.72,51779
54,2024-02-14,507.51,517.11,502.43,511.99,220551
54,2024-02-15,502.67,511.53,497.64,506.47,919134
54,2024-02-16,508.31,513.39,502.3,507.37,566314
54,2024-02-19,494.76,503.75,489.81,498.76,352858
54,2024-02-20,494.69,502.77,489.74,497.79,583550
54,2024-02-21,495.53,500.49,488.69,493.63,555513
54,2024-02-22,482.08,486.9,474.02,478.81,258399
54,2024-02-23,472.62,477.35,465.72,470.42,769608
54,2024-02-26,458.21,463.06,453.63,458.48,138553
54,2024-02-27,449.72,458.38,445.22,453.84,156023
54,2024-02-28,457.13,461.7,449.42,453.96,273860
54,2024-02-29,448.51,453.0,440.19,444.64,957162
54,2024-03-01,441.06,445.47,436.05,440.45,580747
54,2024-03-04,442.2,446.62,434.74,439.13,996191
54,2024-03-05,422.22,429.14,418.0,424.89,54559
54,2024-03-06,425.7,429.96,421.36,425.62,577742
54,2024-03-07,429.29,433.58,421.48,425.74,646679
54,2024-03-08,437.07,441.44,429.78,434.12,190886
54,2024-03-11,434.02,441.27,429.68,436.9,230275
54,2024-03-12,446.35,450.81,438.14,442.57,80604
54,2024-03-13,431.19,435.5,425.47,429.77,847647
54,2024-03-14,426.08,431.54,421.82,427.27,455556
54,2024-03-15,424.09,430.62,419.85,426.36,441270
54,2024-03-18,434.14,438.48,427.95,432.27,153958
54,2024-03-19,436.14,444.73,431.78,440.33,691557
54,2024-03-20,442.42,446.84,434.24,438.63,275081
54,2024-03-21,447.12,451.59,441.11,445.57,369274
54,2024-03-22,448.9,456.4,444.41,451.88,601723
55,2024-01-01,1248.66,1265.23,1236.17,1252.7,328804
55,2024-01-02,1276.81,1297.06,1264.04,1284.22,302459
55,2024-01-03,1267.2,1291.85,1254.53,1279.06,227093
55,2024-01-04,1271.71,1284.43,1252.81,1265.46,359195
55,2024-01-05,1290.78,1303.69,1275.8,1288.69,960762
55,2024-01-08,1294.53,1320.11,1281.58,1307.04,751720
55,2024-01-09,1288.8,1310.27,1275.91,1297.3,621242
55,2024-01-10,1284.18,1297.02,1265.96,1278.75,351220
55,2024-01-11,1313.14,1328.36,1300.01,1315.21,861314
55,2024-01-12,1330.16,1343.46,1309.74,1322.97,111432
55,2024-01-15,1297.91,1310.89,1283.46,1296.42,959044
55,2024-01-16,1318.24,1331.42,1295.24,1308.32,434290
55,2024-01-17,1289.82,1302.72,1276.09,1288.98,158536
55,2024-01-18,1275.28,1288.03,1261.28,1274.02,51266
55,2024-01-19,1265.04,1277.69,1240.7,1253.23,740880
55,2024-01-22,1236.64,1252.77,1224.27,1240.37,138202
55,2024-01-23,1213.58,1225.72,1200.57,1212.7,843594
55,2024-01-24,1217.1,1229.27,1202.15,1214.29,652098
55,2024-01-25,1239.07,1251.46,1216.18,1228.46,537087
55,2024-01-26,1225.06,1242.14,1212.81,1229.84,486607
55,2024-01-29,1238.92,1251.31,1226.53,1238.92,148135
55,2024-01-30,1210.54,1230.08,1198.43,1217.9,505650
55,2024-01-31,1225.35,1237.6,1208.71,1220.92,372077
55,2024-02-01,1240.38,1252.78,1226.22,1238.61,475010
55,2024-02-02,1230.81,1243.28,1218.5,1230.97,331192
55,2024-02-05,1229.37,1246.0,1217.08,1233.66,962871
55,2024-02-06,1223.48,1235.71,1211.01,1223.24,869875
55,2024-02-07,1203.86,1217.93,1191.82,1205.87,756672
55,2024-02-08,1195.44,1209.99,1183.49,1198.01,388728
55,2024-02-09,1220.74,1232.95,1200.54,1212.67,92129
55,2024-02-12,1234.24,1246.58,1220.3,1232.63,464474
55,2024-02-13,1211.93,1224.05,1198.85,1210.96,237705
55,2024-02-14,1221.94,1234.16,1200.09,1212.21,297793
55,2024-02-15,1169.64,1181.34,1149.49,1161.1,662029
55,2024-02-16,1148.75,1165.89,1137.26,1154.35,412369
55,2024-02-19,1163.33,1178.36,1151.7,1166.69,403720
55,2024-02-20,1176.41,1196.2,1164.65,1184.36,853682
55,2024-02-21,1164.68,1176.33,1145.88,1157.45,502659
55,2024-02-22,1138.75,1161.34,1127.36,1149.84,638247
55,2024-02-23,1159.41,1171.99,1147.82,1160.39,588806
55,2024-02-26,1172.98,1194.66,1161.25,1182.83,202679
55,2024-02-27,1200.05,1212.05,1182.54,1194.48,459797
55,2024-02-28,1163.86,1175.5,1149.76,1161.37,225906
55,2024-02-29,1155.2,1166.75,1140.76,1152.28,215108
55,2024-03-01,1142.88,1160.55,1131.45,1149.06,894542
55,2024-03-04,1130.65,1152.21,1119.34,1140.8,217783
55,2024-03-05,1111.98,1133.39,1100.86,1122.17,56889
55,2024-03-06,1180.73,1192.54,1157.63,1169.32,675892
55,2024-03-07,1155.36,1172.39,1143.81,1160.78,377630
55,2024-03-08,1125.52,1136.78,1110.95,1122.17,888671
55,2024-03-11,1120.34,1140.17,1109.14,1128.88,254242
55,2024-03-12,1112.22,1133.84,1101.1,1122.61,183771
55,2024-03-13,1111.77,1132.45,1100.65,1121.24,961740
55,2024-03-14,1143.9,1155.34,1123.94,1135.29,766948
55,2024-03-15,1152.26,1163.78,1132.36,1143.8,807065
55,2024-03-18,1155.41,1170.56,1143.86,1158.97,785678
55,2024-03-19,1135.12,1155.53,1123.77,1144.09,938322
55,2024-03-20,1119.04,1134.98,1107.85,1123.74,544591
55,2024-03-21,1127.8,1142.85,1116.52,1131.53,789618
55,2024-03-22,1137.71,1149.09,1118.38,1129.68,463826
56,2024-01-01,1017.8,1027.98,1002.51,1012.64,265770
56,2024-01-02,1023.56,1033.8,1005.51,1015.67,418202
56,2024-01-03,1027.66,1044.44,1017.38,1034.1,795284
56,2024-01-04,1040.42,1050.82,1028.04,1038.42,898674
56,2024-01-05,1040.71,1051.12,1023.49,1033.83,68270
56,2024-01-08,1007.06,1025.08,996.99,1014.93,991036
56,2024-01-09,1012.64,1022.77,997.46,1007.54,674889
56,2024-01-10,992.38,1002.3,980.86,990.77,553404
56,2024-01-11,982.8,993.77,972.97,983.93,197679
56,2024-01-12,994.63,1004.58,982.8,992.73,288017
56,2024-01-15,978.09,997.31,968.31,987.44,137341
56,2024-01-16,960.57,970.18,947.44,957.01,457521
56,2024-01-17,953.43,972.53,943.9,962.9,635876
56,2024-01-18,966.1,983.75,956.44,974.01,791886
56,2024-01-19,977.8,987.58,964.5,974.24,275448
56,2024-01-22,976.61,987.61,966.84,977.83,863290
56,2024-01-23,969.1,979.86,959.41,970.16,726636
56,2024-01-24,956.98,968.95,947.41,959.36,931345
56,2024-01-25,959.84,969.44,946.29,955.85,264687
56,2024-01-26,947.85,957.33,935.44,944.89,206006
56,2024-01-29,951.78,961.3,936.71,946.17,366021
56,2024-01-30,958.62,968.21,947.28,956.85,520204
56,2024-01-31,941.67,951.09,924.34,933.68,294474
56,2024-02-01,963.25,977.38,953.62,967.7,440778
56,2024-02-02,966.89,976.56,950.43,960.03,580362
56,2024-02-05,961.66,971.28,945.21,954.76,839578
56,2024-02-06,952.26,969.86,942.74,960.26,919489
56,2024-02-07,933.19,944.33,923.86,934.98,423992
56,2024-02-08,925.12,939.04,915.87,929.74,406109
56,2024-02-09,909.06,918.15,894.6,903.64,842542
56,2024-02-12,906.29,915.35,890.56,899.56,100039
56,2024-02-13,880.72,889.53,865.18,873.92,258225
56,2024-02-14,885.49,894.34,875.7,884.55,866392
56,2024-02-15,900.58,916.89,891.57,907.81,379676
56,2024-02-16,921.02,935.53,911.81,926.27,812783
56,2024-02-19,926.72,937.87,917.45,928.58,229468
56,2024-02-20,924.63,933.88,915.12,924.36,110681
56,2024-02-21,924.36,936.29,915.12,927.02,621022
56,2024-02-22,896.31,906.56,887.35,897.58,265431
56,2024-02-23,913.54,923.49,904.4,914.35,955592
56,2024-02-26,904.75,922.47,895.7,913.34,936848
56,2024-02-27,914.82,923.97,905.19,914.33,560945
56,2024-02-28,904.49,913.87,895.45,904.82,970229
56,2024-02-29,922.24,931.46,909.89,919.08,196057
56,2024-03-01,919.74,928.94,905.71,914.86,330608
56,2024-03-04,900.94,918.75,891.93,909.65,946965
56,2024-03-05,897.77,908.16,888.79,899.17,924370
56,2024-03-06,895.64,904.6,880.01,888.9,484049
56,2024-03-07,901.77,915.48,892.75,906.42,99575
56,2024-03-08,885.2,894.05,868.72,877.49,227364
56,2024-03-11,875.65,884.56,866.89,875.8,67512
56,2024-03-12,851.23,865.84,842.72,857.27,409247
56,2024-03-13,842.13,851.86,833.71,843.43,579477
56,2024-03-14,859.27,867.86,844.11,852.64,359766
56,2024-03-15,856.43,864.99,843.7,852.22,154366
56,2024-03-18,836.72,846.36,828.35,837.98,66895
56,2024-03-19,834.36,846.12,826.02,837.74,852851
56,2024-03-20,832.85,841.18,822.84,831.15,481236
56,2024-03-21,822.55,838.48,814.32,830.18,898153
56,2024-03-22,805.75,813.81,789.82,797.8,222412
57,2024-01-01,392.56,396.49,387.39,391.3,855527
57,2024-01-02,387.94,391.82,382.14,386.0,477205
57,2024-01-03,395.11,399.06,391.06,395.01,501868
57,2024-01-04,401.7,405.72,396.53,400.54,579600
57,2024-01-05,409.76,413.86,403.89,407.97,660663
57,2024-01-08,417.79,421.97,413.45,417.63,697706
57,2024-01-09,403.71,411.86,399.67,407.78,581965
57,2024-01-10,406.64,410.71,401.84,405.9,973446
57,2024-01-11,395.93,402.29,391.97,398.31,117007
57,2024-01-12,390.68,394.59,384.67,388.56,287197
57,2024-01-15,397.54,401.75,393.56,397.77,882534
57,2024-01-16,402.79,407.27,398.76,403.24,320663
57,2024-01-17,405.46,409.51,397.65,401.67,580590
57,2024-01-18,397.67,402.67,393.69,398.68,894280
57,2024-01-19,390.72,394.63,383.43,387.3,857041
57,2024-01-22,387.13,391.0,380.65,384.49,536670
57,2024-01-23,381.78,385.6,377.41,381.22,984653
57,2024-01-24,382.54,387.99,378.71,384.15,804634
57,2024-01-25,382.84,386.67,377.03,380.84,210140
57,2024-01-26,381.77,385.59,376.96,380.77,131380
57,2024-01-29,378.12,384.0,374.34,380.2,172679
57,2024-01-30,384.83,388.68,377.62,381.43,726308
57,2024-01-31,381.22,385.22,377.41,381.41,154520
57,2024-02-01,391.64,395.56,387.26,391.17,284570
57,2024-02-02,386.82,390.69,380.78,384.63,165951
57,2024-02-05,380.64,386.85,376.83,383.02,250944
57,2024-02-06,389.82,395.18,385.92,391.27,130436
57,2024-02-07,392.66,396.87,388.73,392.94,760704
57,2024-02-08,392.36,396.28,384.99,388.88,956446
57,2024-02-09,388.66,392.55,381.03,384.88,817276
57,2024-02-12,380.49,385.53,376.69,381.71,352225
57,2024-02-13,381.76,385.58,374.53,378.31,799620
57,2024-02-14,376.66,380.43,369.86,373.6,836476
57,2024-02-15,374.38,380.69,370.64,376.92,877611
57,2024-02-16,375.94,379.7,371.01,374.76,671114
57,2024-02-19,370.57,377.34,366.86,373.6,352909
57,2024-02-20,365.65,372.45,361.99,368.76,313056
57,2024-02-21,370.72,376.32,367.01,372.59,272816
57,2024-02-22,373.09,378.12,369.36,374.38,829327
57,2024-02-23,364.67,370.66,361.02,366.99,491395
57,2024-02-26,363.66,370.59,360.02,366.92,978837
57,2024-02-27,367.23,370.9,361.46,365.11,515605
57,2024-02-28,367.97,371.65,362.42,366.08,231181
57,2024-02-29,362.21,365.83,358.1,361.72,823500
57,2024-03-01,368.23,371.91,361.81,365.46,940797
57,2024-03-04,368.1,372.49,364.42,368.8,590330
57,2024-03-05,376.18,379.94,368.77,372.49,62993
57,2024-03-06,376.89,381.77,373.12,377.99,316976
57,2024-03-07,374.73,378.48,369.44,373.17,130521
57,2024-03-08,370.87,374.58,365.4,369.09,708754
57,2024-03-11,365.39,369.04,360.81,364.45,774062
57,2024-03-12,362.54,366.17,356.23,359.83,859532
57,2024-03-13,363.22,366.85,356.68,360.28,818087
57,2024-03-14,365.7,369.36,359.21,362.84,61045
57,2024-03-15,364.84,368.49,359.05,362.68,170843
57,2024-03-18,364.77,369.19,361.12,365.53,307887
57,2024-03-19,364.03,367.67,358.2,361.82,58780
57,2024-03-20,358.44,363.39,354.86,359.79,215690
57,2024-03-21,349.93,355.14,346.43,351.62,513921
57,2024-03-22,355.59,359.15,350.96,354.51,165239
58,2024-01-01,530.61,538.7,525.3,533.37,515936
58,2024-01-02,516.03,525.66,510.87,520.46,83005
58,2024-01-03,498.24,506.9,493.26,501.88,703221
58,2024-01-04,501.24,506.25,491.39,496.35,425864
58,2024-01-05,502.61,507.64,494.31,499.3,490374
58,2024-01-08,502.48,507.5,495.1,500.1,171728
58,2024-01-09,483.27,491.44,478.44,486.57,454966
58,2024-01-10,483.69,492.16,478.85,487.29,714035
58,2024-01-11,496.41,504.95,491.45,499.95,182783
58,2024-01-12,482.5,487.32,476.88,481.7,985759
58,2024-01-15,483.21,488.04,474.87,479.67,118658
58,2024-01-16,479.44,484.23,471.1,475.86,548071
58,2024-01-17,462.04,468.56,457.42,463.92,340512
58,2024-01-18,461.84,466.46,453.73,458.31,737605
58,2024-01-19,463.37,470.29,458.74,465.63,637140
58,2024-01-22,469.48,474.56,464.79,469.86,793319
58,2024-01-23,480.79,485.6,472.37,477.14,432042
58,2024-01-24,463.24,471.96,458.61,467.29,540248
58,2024-01-25,480.77,485.58,471.71,476.47,511327
58,2024-01-26,467.78,472.78,463.1,468.1,671855
58,2024-01-29,470.07,474.77,461.5,466.16,686445
58,2024-01-30,458.54,467.68,453.95,463.05,244394
58,2024-01-31,473.84,478.58,465.93,470.64,327567
58,2024-02-01,480.08,484.88,471.22,475.98,575299
58,2024-02-02,478.08,486.53,473.3,481.71,964958
58,2024-02-05,489.77,498.42,484.87,493.49,292137
58,2024-02-06,500.16,505.16,491.83,496.8,539949
58,2024-02-07,504.37,510.67,499.33,505.61,925753
58,2024-02-08,506.2,514.98,501.14,509.88,601208
58,2024-02-09,510.48,515.58,501.48,506.55,499862
58,2024-02-12,514.8,519.95,507.26,512.38,929063
58,2024-02-13,516.6,522.32,511.43,517.15,214469
58,2024-02-14,515.3,523.76,510.15,518.57,86987
58,2024-02-15,505.09,514.92,500.04,509.82,839991
58,2024-02-16,500.33,505.33,491.46,496.42,116686
58,2024-02-19,509.68,514.78,499.78,504.83,635477
58,2024-02-20,511.72,516.84,503.95,509.04,457875
58,2024-02-21,505.17,510.22,496.52,501.54,193195
58,2024-02-22,494.98,502.84,490.03,497.86,276792
58,2024-02-23,500.01,505.01,490.91,495.87,124204
58,2024-02-26,508.11,513.19,499.05,504.09,997811
58,2024-02-27,487.82,492.7,480.51,485.36,972251
58,2024-02-28,481.08,486.85,476.27,482.03,664267
58,2024-02-29,482.22,488.5,477.4,483.66,309714
58,2024-03-01,484.2,493.64,479.36,488.75,780769
58,2024-03-04,491.85,496.77,484.77,489.67,965755
58,2024-03-05,479.5,484.3,474.28,479.07,777084
58,2024-03-06,483.59,488.43,474.99,479.79,800226
58,2024-03-07,481.15,487.6,476.34,482.77,58745
58,2024-03-08,470.75,478.33,466.04,473.59,157559
58,2024-03-11,468.14,474.86,463.46,470.16,961939
58,2024-03-12,473.85,479.75,469.11,475.0,59106
58,2024-03-13,466.74,475.18,462.07,470.48,123612
58,2024-03-14,468.81,473.5,463.26,467.94,229880
58,2024-03-15,473.83,479.3,469.09,474.55,919906
58,2024-03-18,471.96,476.7,467.24,471.98,428894
58,2024-03-19,466.88,475.45,462.21,470.74,669375
58,2024-03-20,471.35,476.18,466.64,471.47,800894
58,2024-03-21,470.97,475.68,465.36,470.06,525661
58,2024-03-22,479.89,484.69,470.56,475.31,839530
59,2024-01-01,2305.67,2339.71,2282.61,2316.54,248305
59,2024-01-02,2311.0,2334.11,2267.74,2290.65,68339
59,2024-01-03,2264.22,2293.71,2241.58,2271.0,255919
59,2024-01-04,2302.7,2325.73,2275.78,2298.77,380690
59,2024-01-05,2360.79,2384.4,2319.17,2342.6,282570
59,2024-01-08,2334.58,2357.93,2307.8,2331.11,779946
59,2024-01-09,2307.83,2330.91,2283.65,2306.72,178131
59,2024-01-10,2229.37,2273.22,2207.08,2250.71,195165
59,2024-01-11,2214.76,2250.88,2192.61,2228.59,370961
59,2024-01-12,2216.24,2257.46,2194.08,2235.11,232114
59,2024-01-15,2203.23,2225.26,2173.69,2195.65,609257
59,2024-01-16,2234.68,2269.58,2212.33,2247.11,854849
59,2024-01-17,2287.41,2314.64,2264.54,2291.72,985451
59,2024-01-18,2302.97,2326.0,2267.67,2290.58,967652
59,2024-01-19,2200.52,2222.53,2167.44,2189.33,886276
59,2024-01-22,2262.84,2285.47,2219.61,2242.03,358324
59,2024-01-23,2223.97,2246.21,2199.72,2221.94,220855
59,2024-01-24,2235.65,2264.91,2213.29,2242.49,934790
59,2024-01-25,2259.16,2281.75,2232.42,2254.97,164701
59,2024-01-26,2213.71,2243.65,2191.57,2221.44,584832
59,2024-01-29,2259.97,2282.57,2216.44,2238.83,254021
59,2024-01-30,2206.69,2242.8,2184.62,2220.59,482188
59,2024-01-31,2171.17,2214.14,2149.46,2192.22,564159
59,2024-02-01,2244.3,2266.74,2201.75,2223.99,421713
59,2024-02-02,2247.39,2269.86,2216.29,2238.68,733213
59,2024-02-05,2238.96,2261.35,2213.8,2236.16,975878
59,2024-02-06,2267.21,2289.88,2235.63,2258.21,748360
59,2024-02-07,2259.35,2291.55,2236.76,2268.86,338304
59,2024-02-08,2247.81,2270.29,2222.54,2244.99,286884
59,2024-02-09,2292.3,2315.22,2255.08,2277.86,154976
59,2024-02-12,2275.91,2313.15,2253.15,2290.25,564933
59,2024-02-13,2320.05,2353.49,2296.85,2330.19,357293
59,2024-02-14,2333.85,2357.19,2288.28,2311.39,79957
59,2024-02-15,2312.54,2335.67,2282.0,2305.05,402666
59,2024-02-16,2267.08,2289.75,2236.64,2259.23,742773
59,2024-02-19,2313.63,2336.77,2281.8,2304.85,158263
59,2024-02-20,2239.39,2283.3,2217.0,2260.69,444089
59,2024-02-21,2288.53,2314.5,2265.64,2291.58,493815
59,2024-02-22,2247.55,2278.44,2225.07,2255.88,107524
59,2024-02-23,2302.11,2325.13,2270.6,2293.54,589434
59,2024-02-26,2340.87,2364.28,2315.73,2339.12,495782
59,2024-02-27,2305.52,2328.58,2281.95,2305.0,654530
59,2024-02-28,2244.82,2283.68,2222.37,2261.07,198802
59,2024-02-29,2300.13,2323.13,2270.8,2293.74,879229
59,2024-03-01,2264.5,2287.14,2230.41,2252.94,840865
59,2024-03-04,2259.04,2281.63,2219.55,2241.97,626489
59,2024-03-05,2229.65,2252.11,2207.35,2229.81,499071
59,2024-03-06,2227.33,2258.15,2205.06,2235.79,876884
59,2024-03-07,2232.32,2254.64,2197.95,2220.15,78901
59,2024-03-08,2193.03,2214.96,2163.62,2185.47,825577
59,2024-03-11,2193.82,2234.66,2171.88,2212.53,294976
59,2024-03-12,2137.75,2176.79,2116.37,2155.24,349427
59,2024-03-13,2146.7,2168.17,2122.61,2144.05,461711
59,2024-03-14,2169.6,2193.09,2147.9,2171.38,971093
59,2024-03-15,2197.4,2222.93,2175.43,2200.92,108088
59,2024-03-18,2152.53,2174.52,2131.0,2152.99,822676
59,2024-03-19,2177.23,2199.0,2145.84,2167.52,586766
59,2024-03-20,2146.98,2169.83,2125.51,2148.35,893909
59,2024-03-21,2183.72,2205.56,2148.42,2170.12,660581
59,2024-03-22,2187.08,2210.81,2165.21,2188.92,871443
60,2024-01-01,2294.86,2335.6,2271.91,2312.48,126421
60,2024-01-02,2329.58,2369.15,2306.28,2345.69,287398
60,2024-01-03,2436.08,2460.44,2388.48,2412.61,469431
60,2024-01-04,2409.57,2433.67,2384.6,2408.69,545724
60,2024-01-05,2430.95,2479.62,2406.64,2455.07,51638
60,2024-01-08,2539.56,2585.76,2514.16,2560.16,146478
60,2024-01-09,2543.81,2569.25,2498.65,2523.89,932176
60,2024-01-10,2572.98,2598.71,2523.23,2548.72,942127
60,2024-01-11,2535.06,2577.14,2509.71,2551.62,815899
60,2024-01-12,2503.21,2528.24,2459.07,2483.91,858724
60,2024-01-15,2520.6,2566.46,2495.39,2541.05,88232
60,2024-01-16,2538.78,2564.17,2500.73,2525.99,454087
60,2024-01-17,2540.02,2565.42,2498.27,2523.51,826270
60,2024-01-18,2588.89,2614.78,2541.85,2567.53,332957
60,2024-01-19,2579.3,2605.09,2536.85,2562.47,499750
60,2024-01-22,2548.24,2573.72,2506.25,2531.57,743202
60,2024-01-23,2527.7,2556.95,2502.42,2531.63,213242
60,2024-01-24,2451.07,2482.62,2426.56,2458.04,233287
60,2024-01-25,2436.83,2461.74,2412.46,2437.37,808034
60,2024-01-26,2421.32,2445.53,2393.8,2417.98,898546
60,2024-01-29,2477.61,2502.39,2444.64,2469.33,476986
60,2024-01-30,2516.64,2541.81,2482.08,2507.15,116222
60,2024-01-31,2508.48,2546.54,2483.4,2521.33,779630
60,2024-02-01,2515.04,2565.2,2489.89,2539.8,256384
60,2024-02-02,2541.5,2592.61,2516.09,2566.94,526171
60,2024-02-05,2599.93,2625.93,2563.43,2589.32,197631
60,2024-02-06,2547.33,2589.31,2521.86,2563.67,502006
60,2024-02-07,2580.72,2606.53,2547.09,2572.82,188575
60,2024-02-08,2539.25,2578.12,2513.86,2552.59,265226
60,2024-02-09,2525.9,2556.52,2500.64,2531.21,671100
60,2024-02-12,2598.48,2624.46,2561.26,2587.13,170200
60,2024-02-13,2551.07,2600.04,2525.56,2574.3,884044
60,2024-02-14,2580.59,2606.4,2550.59,2576.35,987558
60,2024-02-15,2588.6,2614.49,2543.03,2568.72,440301
60,2024-02-16,2495.5,2538.1,2470.55,2512.97,181179
60,2024-02-19,2460.26,2503.27,2435.66,2478.49,158409
60,2024-02-20,2471.8,2496.52,2424.7,2449.19,599549
60,2024-02-21,2433.83,2458.17,2386.22,2410.32,403843
60,2024-02-22,2324.53,2362.76,2301.28,2339.37,186006
60,2024-02-23,2343.42,2366.85,2299.51,2322.74,987470
60,2024-02-26,2271.77,2300.75,2249.05,2277.97,172641
60,2024-02-27,2265.29,2289.93,2242.64,2267.26,308109
60,2024-02-28,2239.59,2265.24,2217.19,2242.81,984094
60,2024-02-29,2226.33,2256.32,2204.07,2233.98,882607
60,2024-03-01,2270.8,2293.51,2232.17,2254.72,121862
60,2024-03-04,2291.07,2315.7,2268.16,2292.77,989793
60,2024-03-05,2316.55,2339.72,2283.95,2307.02,772476
60,2024-03-06,2318.79,2341.98,2294.54,2317.72,928025
60,2024-03-07,2337.64,2361.02,2306.28,2329.58,339350
60,2024-03-08,2319.11,2364.26,2295.92,2340.85,938872
60,2024-03-11,2266.22,2305.06,2243.56,2282.24,838047
60,2024-03-12,2322.14,2345.36,2283.55,2306.62,823782
60,2024-03-13,2252.51,2283.98,2229.98,2261.37,58127
60,2024-03-14,2324.82,2348.07,2286.32,2309.41,133061
60,2024-03-15,2313.14,2336.27,2288.79,2311.91,930377
60,2024-03-18,2369.77,2416.1,2346.07,2392.18,784722
60,2024-03-19,2381.11,2404.92,2343.75,2367.42,553084
60,2024-03-20,2341.22,2387.11,2317.81,2363.48,88475
60,2024-03-21,2403.98,2431.04,2379.94,2406.97,576851
60,2024-03-22,2437.8,2462.18,2399.04,2423.27,629980
61,2024-01-01,657.39,663.96,647.79,654.33,639830
61,2024-01-02,674.04,680.78,661.09,667.77,237423
61,2024-01-03,670.6,677.31,661.62,668.3,144488
61,2024-01-04,672.99,681.35,666.26,674.6,780910
61,2024-01-05,672.48,679.2,659.22,665.88,902431
61,2024-01-08,660.46,673.52,653.86,666.85,865717
61,2024-01-09,667.5,674.17,657.93,664.58,469998
61,2024-01-10,673.13,679.86,664.34,671.05,373301
61,2024-01-11,658.65,669.98,652.06,663.35,839582
61,2024-01-12,643.53,651.93,637.09,645.48,430142
61,2024-01-15,645.97,652.43,638.95,645.4,958673
61,2024-01-16,659.91,666.51,648.3,654.85,210993
61,2024-01-17,657.87,666.15,651.29,659.55,402994
61,2024-01-18,655.26,665.87,648.71,659.28,158606
61,2024-01-19,673.96,680.7,661.02,667.7,784747
61,2024-01-22,671.81,682.03,665.09,675.28,88110
61,2024-01-23,682.57,689.4,674.6,681.41,254127
61,2024-01-24,683.83,690.67,671.76,678.55,993692
61,2024-01-25,689.57,696.47,677.06,683.9,974710
61,2024-01-26,656.26,665.99,649.7,659.4,252208
61,2024-01-29,654.14,667.18,647.6,660.57,441303
61,2024-01-30,647.04,659.14,640.57,652.61,434964
61,2024-01-31,651.13,657.64,639.89,646.35,758952
61,2024-02-01,632.31,642.24,625.99,635.88,118304
61,2024-02-02,631.87,638.19,622.24,628.53,473030
61,2024-02-05,640.89,649.3,634.48,642.87,478645
61,2024-02-06,640.93,653.22,634.52,646.75,547905
61,2024-02-07,643.09,655.65,636.66,649.16,494989
61,2024-02-08,651.81,658.33,639.76,646.22,649078
61,2024-02-09,660.06,666.66,647.84,654.38,769308
61,2024-02-12,650.72,658.62,644.21,652.1,211601
61,2024-02-13,648.68,655.24,642.19,648.75,497799
61,2024-02-14,651.65,658.17,641.47,647.95,944815
61,2024-02-15,658.36,664.94,646.9,653.43,248234
61,2024-02-16,630.79,638.38,624.48,632.06,392766
61,2024-02-19,635.64,642.0,625.2,631.52,479532
61,2024-02-20,629.45,641.39,623.16,635.04,513559
61,2024-02-21,638.69,645.08,628.86,635.21,193603
61,2024-02-22,626.58,632.85,615.79,622.01,360744
61,2024-02-23,625.39,633.82,619.14,627.54,618284
61,2024-02-26,621.03,628.29,614.82,622.07,385955
61,2024-02-27,614.4,620.54,607.95,614.09,619658
61,2024-02-28,629.32,638.07,623.03,631.75,170104
61,2024-02-29,642.95,649.38,633.21,639.61,858241
61,2024-03-01,634.05,640.41,627.71,634.07,556660
61,2024-03-04,621.69,627.91,613.51,619.71,89523
61,2024-03-05,617.06,623.62,610.89,617.45,836287
61,2024-03-06,617.99,624.78,611.81,618.59,191635
61,2024-03-07,610.4,620.42,604.3,614.28,944340
61,2024-03-08,627.81,634.09,621.13,627.4,859737
61,2024-03-11,621.35,627.56,609.22,615.37,545741
61,2024-03-12,599.71,610.09,593.71,604.05,258690
61,2024-03-13,598.23,604.67,592.25,598.68,447993
61,2024-03-14,601.81,607.83,592.49,598.47,387194
61,2024-03-15,593.93,599.87,585.25,591.16,995016
61,2024-03-18,596.54,602.51,586.83,592.76,577918
61,2024-03-19,609.26,615.35,597.95,603.99,989746
61,2024-03-20,602.22,609.5,596.2,603.47,991371
61,2024-03-21,594.25,605.16,588.31,599.17,308151
61,2024-03-22,596.38,602.34,587.27,593.2,860278
62,2024-01-01,1984.82,2004.67,1956.8,1976.57,421291
62,2024-01-02,2058.61,2079.2,2024.2,2044.65,693330
62,2024-01-03,2070.95,2091.66,2034.57,2055.12,289413
62,2024-01-04,2108.0,2134.15,2086.92,2113.02,788760
62,2024-01-05,2138.14,2166.18,2116.76,2144.73,400863
62,2024-01-08,2160.8,2182.41,2122.69,2144.13,491151
62,2024-01-09,2067.99,2098.04,2047.31,2077.27,673151
62,2024-01-10,2067.68,2104.36,2047.0,2083.52,885309
62,2024-01-11,2071.72,2092.44,2043.07,2063.71,622501
62,2024-01-12,2068.3,2102.24,2047.62,2081.43,309543
62,2024-01-15,2138.95,2160.34,2111.7,2133.03,555623
62,2024-01-16,2120.2,2141.4,2087.79,2108.88,770040
62,2024-01-17,2142.19,2170.8,2120.77,2149.31,887187
62,2024-01-18,2171.21,2192.92,2144.57,2166.23,831245
62,2024-01-19,2120.0,2141.2,2097.02,2118.2,402556
62,2024-01-22,2134.32,2155.66,2104.66,2125.92,502004
62,2024-01-23,2149.43,2170.92,2120.11,2141.53,256297
62,2024-01-24,2192.25,2214.17,2149.51,2171.22,849591
62,2024-01-25,2151.88,2173.4,2128.85,2150.35,180248
62,2024-01-26,2187.2,2209.07,2163.66,2185.52,188594
62,2024-01-29,2246.87,2274.34,2224.4,2251.82,523617
62,2024-01-30,2293.28,2316.21,2253.42,2276.18,153134
62,2024-01-31,2236.97,2280.47,2214.6,2257.89,226295
62,2024-02-01,2286.02,2308.88,2251.23,2273.97,434869
62,2024-02-02,2254.66,2299.17,2232.11,2276.41,730877
62,2024-02-05,2295.21,2336.37,2272.26,2313.24,799910
62,2024-02-06,2308.89,2331.98,2273.92,2296.89,956519
62,2024-02-07,2256.2,2284.64,2233.64,2262.02,837930
62,2024-02-08,2286.92,2309.79,2256.94,2279.74,233106
62,2024-02-09,2252.83,2284.38,2230.3,2261.76,175182
62,2024-02-12,2225.79,2248.05,2197.21,2219.4,994779
62,2024-02-13,2181.48,2225.01,2159.67,2202.98,563873
62,2024-02-14,2230.29,2252.59,2207.72,2230.02,566516
62,2024-02-15,2233.62,2257.24,2211.28,2234.89,305459
62,2024-02-16,2210.7,2252.97,2188.59,2230.66,572967
62,2024-02-19,2201.61,2232.23,2179.59,2210.13,556922
62,2024-02-20,2229.88,2270.54,2207.58,2248.06,386839
62,2024-02-21,2183.91,2216.79,2162.07,2194.84,919740
62,2024-02-22,2204.02,2226.06,2181.09,2203.12,934189
62,2024-02-23,2259.21,2281.8,2217.44,2239.84,970863
62,2024-02-26,2233.56,2277.83,2211.22,2255.28,108876
62,2024-02-27,2339.61,2363.01,2298.37,2321.59,875427
62,2024-02-28,2354.0,2377.54,2326.1,2349.6,815610
62,2024-02-29,2335.85,2362.64,2312.49,2339.25,157728
62,2024-03-01,2289.92,2312.82,2264.71,2287.59,150303
62,2024-03-04,2230.89,2253.2,2187.09,2209.18,281929
62,2024-03-05,2214.99,2237.14,2191.21,2213.34,467829
62,2024-03-06,2178.26,2200.04,2144.82,2166.48,540821
62,2024-03-07,2194.14,2237.33,2172.2,2215.18,592111
62,2024-03-08,2256.8,2279.37,2217.19,2239.59,66519
62,2024-03-11,2257.08,2286.37,2234.51,2263.73,485792
62,2024-03-12,2280.05,2302.85,2235.72,2258.3,239357
62,2024-03-13,2256.12,2278.68,2232.93,2255.48,844016
62,2024-03-14,2303.52,2326.56,2269.65,2292.58,301891
62,2024-03-15,2308.5,2331.59,2269.13,2292.05,901042
62,2024-03-18,2300.28,2323.28,2256.69,2279.48,885585
62,2024-03-19,2241.96,2264.38,2207.4,2229.7,752830
62,2024-03-20,2301.81,2324.83,2277.06,2300.06,132961
62,2024-03-21,2290.97,2320.22,2268.06,2297.25,648089
62,2024-03-22,2332.28,2355.6,2300.96,2324.2,250153
63,2024-01-01,2076.86,2101.57,2056.09,2080.76,744032
63,2024-01-02,2081.51,2102.33,2041.69,2062.31,818817
63,2024-01-03,2056.79,2086.1,2036.22,2065.45,836652
63,2024-01-04,2049.12,2069.61,2021.68,2042.1,972191
63,2024-01-05,2039.16,2059.55,2018.72,2039.11,277217
63,2024-01-08,1991.2,2011.11,1967.74,1987.62,471121
63,2024-01-09,1907.55,1945.42,1888.47,1926.16,545990
63,2024-01-10,1896.77,1922.07,1877.8,1903.04,51253
63,2024-01-11,1867.53,1890.24,1848.85,1871.52,175259
63,2024-01-12,1844.91,1863.36,1826.18,1844.63,707818
63,2024-01-15,1875.56,1896.13,1856.8,1877.36,543137
63,2024-01-16,1903.38,1922.41,1872.72,1891.64,456316
63,2024-01-17,1872.33,1894.17,1853.61,1875.42,772195
63,2024-01-18,1912.48,1944.25,1893.36,1925.0,371656
63,2024-01-19,1896.54,1925.89,1877.57,1906.82,600435
63,2024-01-22,1882.73,1901.56,1852.85,1871.57,797282
63,2024-01-23,1837.18,1855.55,1806.68,1824.93,743380
63,2024-01-24,1876.66,1895.43,1848.68,1867.35,236332
63,2024-01-25,1899.05,1918.04,1879.91,1898.9,699280
63,2024-01-26,1899.42,1918.41,1877.13,1896.09,850238
63,2024-01-29,1898.33,1931.87,1879.35,1912.74,705700
63,2024-01-30,1873.44,1892.17,1846.14,1864.79,90695
63,2024-01-31,1827.27,1859.52,1809.0,1841.11,448912
63,2024-02-01,1877.73,1908.17,1858.95,1889.28,444781
63,2024-02-02,1940.5,1959.9,1910.62,1929.92,626677
63,2024-02-05,1891.55,1928.88,1872.63,1909.78,934471
63,2024-02-06,1898.45,1917.43,1876.5,1895.45,493302
63,2024-02-07,1907.52,1929.69,1888.44,1910.58,895228
63,2024-02-08,1905.3,1924.35,1869.55,1888.43,924508
63,2024-02-09,1892.15,1911.07,1866.35,1885.2,494497
63,2024-02-12,1832.32,1869.05,1814.0,1850.54,451957
63,2024-02-13,1840.83,1872.82,1822.42,1854.28,202489
63,2024-02-14,1876.78,1897.35,1858.01,1878.56,531226
63,2024-02-15,1878.0,1914.68,1859.22,1895.72,115850
63,2024-02-16,1913.36,1932.49,1885.2,1904.24,624752
63,2024-02-19,1852.94,1875.52,1834.41,1856.95,162407
63,2024-02-20,1848.95,1867.44,1821.86,1840.26,537329
63,2024-02-21,1883.31,1902.14,1855.62,1874.36,911925
63,2024-02-22,1876.71,1895.48,1857.52,1876.28,302394
63,2024-02-23,1915.85,1935.01,1880.31,1899.3,485023
63,2024-02-26,1879.82,1912.89,1861.02,1893.95,527405
63,2024-02-27,1866.72,1885.39,1845.8,1864.44,370867
63,2024-02-28,1875.62,1899.44,1856.86,1880.63,772789
63,2024-02-29,1893.26,1912.75,1874.33,1893.81,241029
63,2024-03-01,1870.28,1902.78,1851.58,1883.94,998355
63,2024-03-04,1843.37,1878.74,1824.94,1860.14,469086
63,2024-03-05,1811.49,1829.6,1790.82,1808.91,192478
63,2024-03-06,1807.14,1825.21,1778.97,1796.94,365825
63,2024-03-07,1854.49,1873.03,1821.77,1840.17,843998
63,2024-03-08,1862.95,1881.58,1840.33,1858.92,418973
63,2024-03-11,1917.23,1936.4,1883.83,1902.86,148592
63,2024-03-12,1899.02,1922.43,1880.03,1903.4,787310
63,2024-03-13,1846.84,1868.62,1828.37,1850.12,622702
63,2024-03-14,1847.3,1865.77,1810.73,1829.02,518342
63,2024-03-15,1798.34,1833.1,1780.36,1814.95,580876
63,2024-03-18,1804.49,1822.53,1784.85,1802.88,244972
63,2024-03-19,1823.08,1850.23,1804.85,1831.91,376894
63,2024-03-20,1874.0,1892.74,1837.24,1855.8,405551
63,2024-03-21,1858.73,1877.32,1829.41,1847.89,780572
63,2024-03-22,1897.7,1916.68,1872.44,1891.35,862039
64,2024-01-01,2297.13,2324.82,2274.16,2301.8,770390
64,2024-01-02,2324.38,2347.62,2294.22,2317.39,218908
64,2024-01-03,2310.47,2345.25,2287.37,2322.03,524686
64,2024-01-04,2322.03,2345.25,2287.52,2310.63,584533
64,2024-01-05,2288.85,2311.74,2263.0,2285.86,528767
64,2024-01-08,2244.06,2280.03,2221.62,2257.46,114177
64,2024-01-09,2310.71,2333.82,2271.75,2294.7,535943
64,2024-01-10,2300.93,2323.94,2268.55,2291.46,233114
64,2024-01-11,2268.01,2290.69,2230.52,2253.05,129537
64,2024-01-12,2296.79,2319.76,2261.47,2284.31,144940
64,2024-01-15,2279.03,2301.82,2249.29,2272.01,513127
64,2024-01-16,2289.68,2318.78,2266.78,2295.82,663169
64,2024-01-17,2316.56,2339.73,2279.39,2302.41,414681
64,2024-01-18,2326.49,2351.08,2303.23,2327.8,875408
64,2024-01-19,2339.39,2385.68,2316.0,2362.06,200668
64,2024-01-22,2283.1,2305.93,2253.88,2276.65,731128
64,2024-01-23,2237.06,2261.91,2214.69,2239.51,387340
64,2024-01-24,2247.77,2270.45,2225.29,2247.97,876812
64,2024-01-25,2263.2,2285.83,2223.21,2245.67,498178
64,2024-01-26,2258.15,2280.73,2224.72,2247.19,183037
64,2024-01-29,2205.89,2230.7,2183.83,2208.61,66019
64,2024-01-30,2217.6,2255.49,2195.42,2233.16,137476
64,2024-01-31,2229.55,2251.85,2198.82,2221.03,77587
64,2024-02-01,2218.39,2240.57,2191.05,2213.18,183672
64,2024-02-02,2210.52,2253.91,2188.41,2231.59,935199
64,2024-02-05,2188.06,2209.94,2165.18,2187.05,91061
64,2024-02-06,2162.77,2189.08,2141.14,2167.41,686430
64,2024-02-07,2158.87,2181.77,2137.28,2160.17,414536
64,2024-02-08,2132.35,2171.04,2111.03,2149.54,817123
64,2024-02-09,2118.17,2155.08,2096.99,2133.74,615604
64,2024-02-12,2101.97,2122.99,2075.16,2096.12,484152
64,2024-02-13,2070.77,2095.66,2050.06,2074.91,613209
64,2024-02-14,2017.23,2037.4,1994.7,2014.85,686023
64,2024-02-15,1993.21,2032.38,1973.28,2012.26,492578
64,2024-02-16,2060.42,2081.02,2024.32,2044.77,116446
64,2024-02-19,2046.91,2070.73,2026.44,2050.23,603856
64,2024-02-20,2073.34,2094.07,2042.63,2063.26,908173
64,2024-02-21,2025.72,2066.29,2005.46,2045.83,255850
64,2024-02-22,2077.73,2098.51,2040.86,2061.47,104320
64,2024-02-23,2095.76,2116.72,2070.78,2091.7,590594
64,2024-02-26,2096.78,2117.75,2071.28,2092.2,231728
64,2024-02-27,2065.77,2095.93,2045.11,2075.18,658329
64,2024-02-28,2104.16,2131.92,2083.12,2110.81,303326
64,2024-02-29,2128.04,2149.32,2086.52,2107.6,915578
64,2024-03-01,2091.05,2111.96,2057.0,2077.78,725133
64,2024-03-04,2068.68,2089.37,2028.45,2048.94,725937
64,2024-03-05,2122.15,2143.37,2080.15,2101.16,724634
64,2024-03-06,2090.03,2110.93,2058.36,2079.15,941446
64,2024-03-07,2104.51,2125.56,2068.95,2089.85,956659
64,2024-03-08,2057.61,2090.27,2037.03,2069.57,528732
64,2024-03-11,2038.79,2059.18,2014.35,2034.7,294699
64,2024-03-12,2052.35,2079.8,2031.83,2059.21,469442
64,2024-03-13,1980.53,2000.61,1960.72,1980.8,333659
64,2024-03-14,2010.47,2044.52,1990.37,2024.28,94982
64,2024-03-15,2046.68,2067.15,2014.68,2035.03,210785
64,2024-03-18,1979.32,2014.89,1959.53,1994.94,761825
64,2024-03-19,2010.61,2030.72,1982.01,2002.03,360418
64,2024-03-20,1990.55,2018.95,1970.64,1998.96,547513
64,2024-03-21,2015.16,2035.31,1994.45,2014.6,60038
64,2024-03-22,2002.93,2022.96,1976.04,1996.0,452505
65,2024-01-01,1344.03,1357.47,1317.96,1331.27,119772
65,2024-01-02,1296.68,1315.33,1283.71,1302.31,280847
65,2024-01-03,1297.55,1310.53,1276.46,1289.35,917215
65,2024-01-04,1255.23,1275.38,1242.68,1262.75,565802
65,2024-01-05,1267.84,1282.21,1255.16,1269.51,232376
65,2024-01-08,1311.8,1325.23,1298.68,1312.11,431154
65,2024-01-09,1315.06,1338.01,1301.91,1324.76,134093
65,2024-01-10,1350.01,1363.51,1325.69,1339.08,558732
65,2024-01-11,1400.25,1414.25,1376.32,1390.22,142729
65,2024-01-12,1418.53,1440.19,1404.34,1425.93,436211
65,2024-01-15,1426.59,1440.86,1403.07,1417.24,898023
65,2024-01-16,1388.36,1411.08,1374.48,1397.11,638680
65,2024-01-17,1384.51,1409.54,1370.66,1395.58,484922
65,2024-01-18,1409.61,1427.25,1395.51,1413.12,598775
65,2024-01-19,1420.06,1434.26,1392.11,1406.17,566363
65,2024-01-22,1404.55,1419.34,1390.5,1405.29,956886
65,2024-01-23,1406.14,1420.2,1383.55,1397.53,297789
65,2024-01-24,1397.3,1411.27,1375.1,1388.99,307956
65,2024-01-25,1380.96,1403.28,1367.15,1389.39,769953
65,2024-01-26,1382.42,1396.24,1364.74,1378.53,927422
65,2024-01-29,1374.4,1388.14,1352.54,1366.2,659650
65,2024-01-30,1381.68,1395.5,1363.26,1377.03,840649
65,2024-01-31,1357.44,1371.01,1340.2,1353.74,333059
65,2024-02-01,1394.55,1417.49,1380.6,1403.46,635758
65,2024-02-02,1386.85,1414.85,1372.98,1400.84,627903
65,2024-02-05,1395.33,1413.18,1381.38,1399.19,764695
65,2024-02-06,1391.1,1407.63,1377.19,1393.69,668046
65,2024-02-07,1340.98,1358.3,1327.57,1344.85,965579
65,2024-02-08,1343.85,1357.29,1329.44,1342.87,754987
65,2024-02-09,1364.51,1378.16,1345.59,1359.18,896144
65,2024-02-12,1385.38,1399.23,1366.13,1379.93,706817
65,2024-02-13,1365.58,1384.05,1351.92,1370.35,796321
65,2024-02-14,1370.32,1384.02,1353.22,1366.89,422528
65,2024-02-15,1385.23,1399.08,1358.08,1371.8,504891
65,2024-02-16,1364.11,1377.75,1346.33,1359.93,122284
65,2024-02-19,1335.62,1348.98,1319.53,1332.86,934663
65,2024-02-20,1326.97,1353.19,1313.7,1339.79,271489
65,2024-02-21,1339.88,1353.28,1319.69,1333.02,606805
65,2024-02-22,1335.0,1360.58,1321.65,1347.11,897885
65,2024-02-23,1356.03,1377.1,1342.47,1363.47,575722
65,2024-02-26,1354.88,1368.43,1328.68,1342.1,513748
65,2024-02-27,1339.31,1364.77,1325.92,1351.26,940398
65,2024-02-28,1385.94,1399.8,1371.39,1385.24,843001
65,2024-02-29,1387.25,1414.33,1373.38,1400.33,304959
65,2024-03-01,1389.07,1402.96,1369.54,1383.37,423980
65,2024-03-04,1375.89,1395.99,1362.13,1382.17,53209
65,2024-03-05,1395.62,1412.55,1381.66,1398.56,586007
65,2024-03-06,1401.8,1423.57,1387.78,1409.48,641087
65,2024-03-07,1413.39,1427.52,1395.24,1409.33,922282
65,2024-03-08,1399.41,1416.77,1385.42,1402.74,776930
65,2024-03-11,1414.78,1431.84,1400.63,1417.66,353140
65,2024-03-12,1432.11,1446.43,1406.9,1421.11,96782
65,2024-03-13,1403.85,1432.1,1389.81,1417.92,431562
65,2024-03-14,1432.55,1456.0,1418.22,1441.58,643180
65,2024-03-15,1425.33,1452.94,1411.08,1438.55,673322
65,2024-03-18,1492.23,1507.15,1467.27,1482.09,734308
65,2024-03-19,1483.4,1498.23,1457.23,1471.95,356083
65,2024-03-20,1468.62,1497.88,1453.93,1483.05,851222
65,2024-03-21,1478.83,1501.69,1464.04,1486.82,289157
65,2024-03-22,1496.57,1512.55,1481.6,1497.57,902939
66,2024-01-01,458.09,462.67,450.73,455.28,924257
66,2024-01-02,460.43,465.71,455.83,461.1,396798
66,2024-01-03,463.75,468.39,457.43,462.05,641687
66,2024-01-04,468.51,476.51,463.82,471.79,852550
66,2024-01-05,475.7,482.54,470.94,477.76,351896
66,2024-01-08,469.52,476.02,464.82,471.31,760497
66,2024-01-09,476.54,483.16,471.77,478.38,707392
66,2024-01-10,481.88,486.7,474.66,479.45,193908
66,2024-01-11,474.98,481.11,470.23,476.35,356006
66,2024-01-12,460.24,464.84,453.94,458.53,255073
66,2024-01-15,461.45,466.06,456.24,460.85,630862
66,2024-01-16,457.99,466.59,453.41,461.97,871253
66,2024-01-17,472.01,476.73,462.85,467.53,615727
66,2024-01-18,459.09,463.68,452.47,457.04,473053
66,2024-01-19,458.28,462.86,452.82,457.39,484668
66,2024-01-22,447.53,453.45,443.05,448.96,494423
66,2024-01-23,443.66,449.37,439.22,444.92,587894
66,2024-01-24,430.46,437.06,426.16,432.73,989223
66,2024-01-25,423.44,427.87,419.21,423.63,873094
66,2024-01-26,419.61,427.9,415.41,423.66,695576
66,2024-01-29,418.31,422.49,411.51,415.67,400440
66,2024-01-30,415.09,420.98,410.94,416.81,836718
66,2024-01-31,422.79,427.02,417.47,421.69,753776
66,2024-02-01,426.26,430.52,419.18,423.41,102002
66,2024-02-02,423.2,431.15,418.97,426.88,533149
66,2024-02-05,431.74,439.73,427.42,435.38,749149
66,2024-02-06,436.55,443.72,432.18,439.33,625731
66,2024-02-07,437.2,444.14,432.83,439.74,633361
66,2024-02-08,448.89,453.38,441.62,446.08,860872
66,2024-02-09,448.7,457.06,444.21,452.53,376103
66,2024-02-12,449.63,456.95,445.13,452.43,575074
66,2024-02-13,465.03,470.55,460.38,465.89,420536
66,2024-02-14,458.86,467.88,454.27,463.25,105160
66,2024-02-15,475.41,480.16,467.33,472.05,962570
66,2024-02-16,468.88,473.57,460.15,464.8,679662
66,2024-02-19,477.98,482.76,469.96,474.71,777559
66,2024-02-20,468.82,476.5,464.13,471.78,327413
66,2024-02-21,457.79,462.37,450.71,455.26,899279
66,2024-02-22,449.65,457.93,445.15,453.4,104100
66,2024-02-23,464.17,469.99,459.53,465.34,490630
66,2024-02-26,462.72,470.83,458.09,466.17,807687
66,2024-02-27,476.48,481.24,469.75,474.49,551064
66,2024-02-28,469.72,474.42,463.58,468.26,915682
66,2024-02-29,464.67,473.16,460.02,468.48,300335
66,2024-03-01,467.92,472.6,461.82,466.48,558077
66,2024-03-04,471.11,475.82,465.5,470.2,444999
66,2024-03-05,471.05,475.76,464.07,468.76,758788
66,2024-03-06,469.72,474.42,463.44,468.12,661452
66,2024-03-07,466.03,472.52,461.37,467.84,146835
66,2024-03-08,473.4,482.36,468.67,477.58,381423
66,2024-03-11,475.33,482.79,470.58,478.01,808144
66,2024-03-12,481.67,489.28,476.85,484.44,303846
66,2024-03-13,483.36,489.94,478.53,485.09,196448
66,2024-03-14,473.15,478.33,468.42,473.59,880211
66,2024-03-15,477.82,485.55,473.04,480.74,208625
66,2024-03-18,482.82,487.65,477.27,482.09,490162
66,2024-03-19,492.58,497.51,485.22,490.12,945148
66,2024-03-20,493.55,499.51,488.61,494.56,246067
66,2024-03-21,485.26,492.19,480.41,487.32,247493
66,2024-03-22,487.24,493.13,482.37,488.25,155655
67,2024-01-01,180.15,181.95,177.61,179.4,677367
67,2024-01-02,182.29,185.55,180.47,183.71,326524
67,2024-01-03,180.98,183.38,179.17,181.56,968284
67,2024-01-04,183.66,185.5,181.48,183.31,811097
67,2024-01-05,182.03,183.85,179.19,181.0,701578
67,2024-01-08,179.8,181.6,177.36,179.15,575002
67,2024-01-09,182.7,185.38,180.87,183.54,385130
67,2024-01-10,186.12,187.98,182.9,184.75,343421
67,2024-01-11,191.71,193.63,187.91,189.81,463526
67,2024-01-12,190.73,192.91,188.82,191.0,850458
67,2024-01-15,192.64,194.71,190.71,192.78,357742
67,2024-01-16,195.58,197.54,193.21,195.16,882412
67,2024-01-17,193.49,195.42,189.74,191.66,694098
67,2024-01-18,184.33,186.52,182.49,184.67,74754
67,2024-01-19,183.44,185.27,180.4,182.22,764892
67,2024-01-22,182.47,184.44,180.65,182.61,457750
67,2024-01-23,180.87,183.6,179.06,181.78,942237
67,2024-01-24,184.47,186.31,181.51,183.34,829594
67,2024-01-25,180.56,184.11,178.75,182.29,275189
67,2024-01-26,182.38,184.2,179.58,181.39,278036
67,2024-01-29,178.52,180.68,176.73,178.89,984004
67,2024-01-30,180.25,182.98,178.45,181.17,407552
67,2024-01-31,179.37,181.2,177.58,179.41,409756
67,2024-02-01,179.22,181.01,176.73,178.52,826714
67,2024-02-02,177.61,179.39,175.42,177.19,102621
67,2024-02-05,177.72,179.5,175.54,177.31,700778
67,2024-02-06,180.17,181.97,176.91,178.7,822432
67,2024-02-07,176.69,179.15,174.92,177.38,607310
67,2024-02-08,177.84,179.62,174.94,176.71,59001
67,2024-02-09,176.49,180.04,174.73,178.26,771726
67,2024-02-12,181.79,183.61,178.44,180.24,162010
67,2024-02-13,181.07,183.87,179.26,182.05,908538
67,2024-02-14,183.63,185.47,181.68,183.52,129033
67,2024-02-15,180.12,182.71,178.32,180.9,544353
67,2024-02-16,182.58,184.41,180.32,182.14,521231
67,2024-02-19,183.51,186.09,181.67,184.25,163282
67,2024-02-20,182.1,184.99,180.28,183.16,460859
67,2024-02-21,182.65,184.78,180.82,182.95,92080
67,2024-02-22,184.75,188.18,182.9,186.32,946004
67,2024-02-23,190.93,194.39,189.02,192.47,862092
67,2024-02-26,195.94,198.29,193.98,196.33,117362
67,2024-02-27,195.09,197.04,192.11,194.05,117690
67,2024-02-28,198.81,201.23,196.82,199.24,256371
67,2024-02-29,199.78,201.78,196.76,198.75,795079
67,2024-03-01,198.17,200.15,196.17,198.15,394972
67,2024-03-04,199.21,202.18,197.22,200.18,763481
67,2024-03-05,197.29,199.65,195.32,197.67,727028
67,2024-03-06,193.75,195.69,190.22,192.14,683418
67,2024-03-07,197.05,199.02,194.53,196.5,107579
67,2024-03-08,194.46,198.01,192.52,196.05,86021
67,2024-03-11,199.08,201.83,197.09,199.83,414952
67,2024-03-12,200.95,202.96,197.33,199.32,845058
67,2024-03-13,194.17,197.63,192.23,195.67,65255
67,2024-03-14,196.65,200.19,194.68,198.21,327966
67,2024-03-15,194.65,198.04,192.7,196.08,222026
67,2024-03-18,196.85,198.82,194.37,196.33,635000
67,2024-03-19,191.1,193.51,189.19,191.59,141855
67,2024-03-20,191.48,194.46,189.57,192.53,902819
67,2024-03-21,191.4,195.13,189.49,193.2,996924
67,2024-03-22,193.58,197.1,191.64,195.15,698509
68,2024-01-01,723.04,731.2,715.81,723.96,288018
68,2024-01-02,708.6,718.06,701.51,710.95,374470
68,2024-01-03,700.33,707.33,689.04,696.0,199323
68,2024-01-04,689.96,700.92,683.06,693.98,397712
68,2024-01-05,690.7,700.74,683.79,693.8,590291
68,2024-01-08,682.12,689.61,675.3,682.78,463211
68,2024-01-09,672.44,685.28,665.72,678.5,627882
68,2024-01-10,678.49,685.27,668.82,675.58,404169
68,2024-01-11,693.42,700.35,680.56,687.43,111629
68,2024-01-12,693.31,704.58,686.38,697.6,115099
68,2024-01-15,701.88,708.9,693.82,700.83,129480
68,2024-01-16,701.71,711.96,694.69,704.91,332833
68,2024-01-17,681.94,694.69,675.12,687.81,744224
68,2024-01-18,689.22,698.92,682.33,692.0,479755
68,2024-01-19,695.57,702.53,687.71,694.66,906506
68,2024-01-22,691.31,698.28,684.4,691.37,944354
68,2024-01-23,699.27,706.26,686.32,693.25,356934
68,2024-01-24,701.04,709.96,694.03,702.93,93204
68,2024-01-25,723.67,730.91,712.53,719.73,192325
68,2024-01-26,725.83,733.91,718.57,726.64,218020
68,2024-01-29,722.04,729.26,709.09,716.25,269102
68,2024-01-30,718.1,728.32,710.92,721.11,858361
68,2024-01-31,716.44,723.69,709.28,716.52,130316
68,2024-02-01,723.07,730.3,708.96,716.12,608705
68,2024-02-02,714.53,727.84,707.38,720.63,809896
68,2024-02-05,709.28,716.37,696.27,703.3,880722
68,2024-02-06,683.33,696.64,676.5,689.74,668830
68,2024-02-07,678.13,684.91,670.88,677.66,486379
68,2024-02-08,653.24,664.01,646.71,657.44,762579
68,2024-02-09,653.85,664.32,647.31,657.74,703224
68,2024-02-12,665.15,671.8,652.84,659.43,85484
68,2024-02-13,637.86,644.24,631.48,637.86,861701
68,2024-02-14,621.33,628.83,615.12,622.6,696252
68,2024-02-15,633.38,639.71,622.19,628.47,89013
68,2024-02-16,623.14,632.75,616.91,626.49,301684
68,2024-02-19,618.18,627.87,612.0,621.65,236033
68,2024-02-20,615.19,624.51,609.04,618.33,936364
68,2024-02-21,617.49,623.66,608.21,614.35,800214
68,2024-02-22,601.13,607.14,594.22,600.22,831073
68,2024-02-23,598.2,604.18,588.93,594.88,895497
68,2024-02-26,597.05,603.02,586.62,592.55,196843
68,2024-02-27,596.47,602.43,586.27,592.19,362917
68,2024-02-28,586.64,594.57,580.77,588.68,893945
68,2024-02-29,582.1,593.56,576.28,587.68,436011
68,2024-03-01,583.05,592.76,577.22,586.89,289607
68,2024-03-04,588.44,594.32,578.19,584.03,464246
68,2024-03-05,585.27,595.38,579.42,589.49,296422
68,2024-03-06,576.06,581.82,569.77,575.53,275646
68,2024-03-07,577.83,583.61,568.95,574.7,950832
68,2024-03-08,587.59,598.06,581.71,592.14,367931
68,2024-03-11,588.02,593.9,578.55,584.39,771884
68,2024-03-12,580.25,586.23,574.45,580.43,560882
68,2024-03-13,584.57,590.42,575.37,581.18,595136
68,2024-03-14,572.51,580.96,566.78,575.21,684170
68,2024-03-15,580.98,586.93,575.17,581.12,412116
68,2024-03-18,565.16,570.81,557.07,562.7,889682
68,2024-03-19,582.91,588.74,573.0,578.79,493748
68,2024-03-20,583.62,589.46,573.94,579.74,218738
68,2024-03-21,587.96,593.84,577.8,583.64,897804
68,2024-03-22,576.78,582.55,569.38,575.13,549214
69,2024-01-01,900.23,909.23,889.3,898.28,423806
69,2024-01-02,929.33,938.62,911.56,920.77,593098
69,2024-01-03,948.55,958.04,934.48,943.92,909728
69,2024-01-04,942.43,961.38,933.01,951.86,50313
69,2024-01-05,953.93,963.47,935.51,944.96,260961
69,2024-01-08,944.04,954.01,934.6,944.56,108080
69,2024-01-09,903.16,920.57,894.13,911.46,368368
69,2024-01-10,915.34,926.5,906.19,917.33,990425
69,2024-01-11,929.32,938.61,911.15,920.35,802418
69,2024-01-12,909.45,918.54,891.55,900.56,969883
69,2024-01-15,919.4,935.89,910.21,926.62,469091
69,2024-01-16,930.91,940.22,915.94,925.19,530068
69,2024-01-17,934.94,948.97,925.59,939.57,881914
69,2024-01-18,950.85,961.13,941.34,951.61,249675
69,2024-01-19,952.99,962.52,938.76,948.24,570631
69,2024-01-22,960.88,972.79,951.27,963.16,819382
69,2024-01-23,929.91,946.6,920.61,937.23,900673
69,2024-01-24,947.82,966.28,938.34,956.71,870027
69,2024-01-25,984.46,994.3,966.46,976.22,194121
69,2024-01-26,957.49,967.06,946.65,956.21,776211
69,2024-01-29,960.9,970.51,948.92,958.51,769650
69,2024-01-30,988.43,998.31,971.91,981.73,773722
69,2024-01-31,973.16,985.6,963.43,975.84,171393
69,2024-02-01,967.65,984.78,957.97,975.03,317458
69,2024-02-02,968.71,986.8,959.02,977.03,243125
69,2024-02-05,964.36,982.0,954.72,972.28,110009
69,2024-02-06,988.7,998.59,969.8,979.6,881778
69,2024-02-07,962.95,972.58,946.2,955.76,217263
69,2024-02-08,956.61,966.18,941.8,951.31,116325
69,2024-02-09,949.93,959.43,939.36,948.85,285481
69,2024-02-12,959.45,969.04,948.49,958.07,877463
69,2024-02-13,967.97,977.65,955.51,965.16,948865
69,2024-02-14,978.82,988.61,965.36,975.11,423290
69,2024-02-15,959.27,968.86,942.52,952.04,980813
69,2024-02-16,916.39,926.07,907.23,916.9,860099
69,2024-02-19,917.63,926.81,905.82,914.97,92533
69,2024-02-20,915.19,924.34,901.02,910.12,361896
69,2024-02-21,910.03,919.65,900.93,910.54,808744
69,2024-02-22,888.71,900.52,879.82,891.6,998266
69,2024-02-23,890.35,899.25,875.74,884.59,889706
69,2024-02-26,878.57,890.97,869.78,882.15,272359
69,2024-02-27,894.71,903.66,879.95,888.84,695574
69,2024-02-28,880.67,889.48,871.74,880.55,551733
69,2024-02-29,869.65,878.35,854.31,862.94,411537
69,2024-03-01,865.57,874.23,852.72,861.33,933741
69,2024-03-04,879.64,888.44,863.8,872.53,104105
69,2024-03-05,869.85,879.75,861.15,871.04,658847
69,2024-03-06,859.71,868.31,843.61,852.13,156784
69,2024-03-07,841.33,849.74,826.4,834.75,966351
69,2024-03-08,831.73,840.4,823.41,832.08,148809
69,2024-03-11,838.22,849.07,829.84,840.66,893037
69,2024-03-12,861.33,869.94,844.68,853.21,579961
69,2024-03-13,832.11,840.43,822.4,830.71,467660
69,2024-03-14,834.51,846.2,826.16,837.82,113825
69,2024-03-15,828.85,837.14,819.87,828.15,621586
69,2024-03-18,822.1,830.32,812.12,820.32,418771
69,2024-03-19,834.6,843.35,826.25,835.0,988384
69,2024-03-20,830.48,839.79,822.18,831.48,667101
69,2024-03-21,839.16,847.55,824.97,833.3,945334
69,2024-03-22,836.19,844.55,819.67,827.95,318069
70,2024-01-01,1517.92,1543.67,1502.74,1528.39,863342
70,2024-01-02,1502.74,1517.77,1475.62,1490.53,477178
70,2024-01-03,1480.12,1494.92,1459.95,1474.7,346620
70,2024-01-04,1477.13,1491.9,1450.48,1465.13,687461
70,2024-01-05,1469.5,1497.8,1454.81,1482.97,935326
70,2024-01-08,1531.18,1546.49,1512.0,1527.27,994358
70,2024-01-09,1554.96,1584.58,1539.41,1568.89,650149
70,2024-01-10,1584.83,1600.68,1560.73,1576.49,789588
70,2024-01-11,1574.07,1589.81,1543.65,1559.24,995423
70,2024-01-12,1562.69,1591.83,1547.06,1576.07,939624
70,2024-01-15,1594.73,1615.91,1578.78,1599.91,969366
70,2024-01-16,1560.45,1588.72,1544.85,1572.99,522859
70,2024-01-17,1534.34,1549.68,1514.59,1529.89,174502
70,2024-01-18,1519.1,1534.29,1497.42,1512.55,981562
70,2024-01-19,1516.66,1536.14,1501.49,1520.93,358642
70,2024-01-22,1528.58,1543.87,1512.78,1528.06,93440
70,2024-01-23,1506.34,1535.58,1491.28,1520.38,733514
70,2024-01-24,1520.75,1542.73,1505.54,1527.46,728771
70,2024-01-25,1518.45,1533.63,1490.39,1505.44,479698
70,2024-01-26,1515.57,1530.73,1493.41,1508.5,525969
70,2024-01-29,1463.75,1487.3,1449.11,1472.57,565441
70,2024-01-30,1489.35,1506.04,1474.46,1491.13,420607
70,2024-01-31,1504.38,1533.35,1489.34,1518.17,371807
70,2024-02-01,1540.39,1558.54,1524.99,1543.11,142047
70,2024-02-02,1540.92,1556.33,1516.81,1532.13,927302
70,2024-02-05,1574.55,1590.3,1555.72,1571.43,227753
70,2024-02-06,1607.61,1628.98,1591.53,1612.85,412451
70,2024-02-07,1639.25,1655.64,1615.27,1631.59,931382
70,2024-02-08,1650.84,1678.37,1634.33,1661.75,251361
70,2024-02-09,1676.49,1693.25,1658.67,1675.42,217726
70,2024-02-12,1649.68,1666.18,1623.72,1640.12,817704
70,2024-02-13,1661.31,1679.14,1644.7,1662.51,221770
70,2024-02-14,1636.84,1669.33,1620.47,1652.8,354343
70,2024-02-15,1645.28,1671.9,1628.83,1655.35,822398
70,2024-02-16,1637.8,1659.97,1621.42,1643.53,274434
70,2024-02-19,1673.85,1690.59,1643.69,1660.29,527516
70,2024-02-20,1640.45,1656.85,1619.8,1636.16,416562
70,2024-02-21,1674.69,1696.88,1657.94,1680.08,652756
70,2024-02-22,1627.46,1655.34,1611.19,1638.95,400147
70,2024-02-23,1653.84,1673.22,1637.3,1656.65,647250
70,2024-02-26,1638.67,1655.06,1622.2,1638.59,458215
70,2024-02-27,1631.08,1647.39,1607.4,1623.64,280295
70,2024-02-28,1660.08,1676.68,1630.09,1646.56,960845
70,2024-02-29,1661.31,1677.92,1635.76,1652.28,910688
70,2024-03-01,1618.78,1651.27,1602.59,1634.92,721502
70,2024-03-04,1634.01,1650.35,1603.64,1619.84,227588
70,2024-03-05,1666.12,1682.78,1635.47,1651.99,664517
70,2024-03-06,1685.92,1702.78,1653.51,1670.21,377439
70,2024-03-07,1681.17,1701.95,1664.36,1685.1,51354
70,2024-03-08,1640.24,1656.64,1616.34,1632.67,764131
70,2024-03-11,1614.27,1630.41,1597.41,1613.55,391974
70,2024-03-12,1627.75,1660.1,1611.47,1643.66,584326
70,2024-03-13,1660.02,1676.62,1627.7,1644.14,105097
70,2024-03-14,1661.28,1677.89,1641.92,1658.51,381860
70,2024-03-15,1640.4,1664.78,1624.0,1648.3,864675
70,2024-03-18,1669.21,1690.14,1652.52,1673.41,65991
70,2024-03-19,1705.31,1730.87,1688.26,1713.73,460388
70,2024-03-20,1669.48,1701.25,1652.79,1684.41,608688
70,2024-03-21,1669.05,1688.44,1652.36,1671.72,133868
70,2024-03-22,1698.76,1726.04,1681.77,1708.95,196941
71,2024-01-01,1257.44,1280.95,1244.87,1268.27,619874
71,2024-01-02,1269.74,1282.44,1256.38,1269.07,540421
71,2024-01-03,1252.16,1276.41,1239.64,1263.77,688657
71,2024-01-04,1266.53,1283.16,1253.86,1270.46,66710
71,2024-01-05,1257.53,1270.11,1242.05,1254.6,213956
71,2024-01-08,1232.03,1246.52,1219.71,1234.18,508351
71,2024-01-09,1231.13,1254.84,1218.82,1242.42,953419
71,2024-01-10,1243.74,1256.18,1229.29,1241.71,805941
71,2024-01-11,1223.38,1235.61,1202.03,1214.17,901137
71,2024-01-12,1167.43,1185.3,1155.76,1173.56,239279
71,2024-01-15,1185.93,1202.06,1174.07,1190.16,669413
71,2024-01-16,1194.95,1206.9,1178.1,1190.0,789740
71,2024-01-17,1164.75,1176.4,1142.43,1153.97,630764
71,2024-01-18,1182.24,1194.06,1165.09,1176.86,377733
71,2024-01-19,1150.04,1167.49,1138.54,1155.93,728986
71,2024-01-22,1170.86,1182.57,1158.66,1170.36,699112
71,2024-01-23,1180.51,1193.66,1168.7,1181.84,617112
71,2024-01-24,1149.94,1166.32,1138.44,1154.77,729678
71,2024-01-25,1139.49,1155.49,1128.1,1144.05,678096
71,2024-01-26,1162.12,1173.74,1146.01,1157.59,718894
71,2024-01-29,1138.9,1152.71,1127.51,1141.3,292076
71,2024-01-30,1160.65,1180.36,1149.04,1168.67,707948
71,2024-01-31,1182.83,1194.66,1161.56,1173.29,438174
71,2024-02-01,1185.7,1197.56,1165.75,1177.53,200158
71,2024-02-02,1191.69,1209.76,1179.77,1197.78,690172
71,2024-02-05,1200.92,1224.11,1188.91,1211.99,845934
71,2024-02-06,1214.8,1233.75,1202.65,1221.53,115030
71,2024-02-07,1204.98,1217.48,1192.93,1205.43,210821
71,2024-02-08,1185.33,1200.97,1173.48,1189.08,589067
71,2024-02-09,1198.01,1215.21,1186.03,1203.18,409088
71,2024-02-12,1184.85,1206.78,1173.0,1194.83,361939
71,2024-02-13,1201.17,1215.02,1189.16,1202.99,565526
71,2024-02-14,1214.02,1237.56,1201.88,1225.31,460179
71,2024-02-15,1212.45,1227.46,1200.33,1215.31,665199
71,2024-02-16,1227.36,1239.63,1203.36,1215.52,337136
71,2024-02-19,1213.64,1237.39,1201.5,1225.14,207380
71,2024-02-20,1185.9,1207.49,1174.04,1195.53,461027
71,2024-02-21,1175.21,1190.82,1163.46,1179.03,166488
71,2024-02-22,1185.81,1202.43,1173.95,1190.52,728257
71,2024-02-23,1187.05,1198.92,1172.56,1184.4,455822
71,2024-02-26,1174.87,1186.62,1160.98,1172.71,383215
71,2024-02-27,1143.09,1161.15,1131.66,1149.65,160639
71,2024-02-28,1149.77,1161.27,1135.43,1146.9,515889
71,2024-02-29,1173.01,1184.74,1152.69,1164.33,569588
71,2024-03-01,1183.57,1195.41,1166.61,1178.39,155972
71,2024-03-04,1170.16,1189.53,1158.46,1177.75,797766
71,2024-03-05,1181.98,1193.8,1168.88,1180.69,650336
71,2024-03-06,1201.12,1214.61,1189.11,1202.58,696189
71,2024-03-07,1210.78,1227.39,1198.67,1215.24,202907
71,2024-03-08,1237.39,1252.04,1225.02,1239.64,678497
71,2024-03-11,1217.45,1229.62,1202.55,1214.7,823060
71,2024-03-12,1230.77,1254.97,1218.46,1242.54,478089
71,2024-03-13,1251.57,1264.09,1235.31,1247.79,540842
71,2024-03-14,1289.93,1302.83,1264.59,1277.36,101890
71,2024-03-15,1251.59,1272.76,1239.07,1260.16,413886
71,2024-03-18,1251.11,1272.39,1238.6,1259.79,965502
71,2024-03-19,1260.41,1273.01,1244.33,1256.9,557065
71,2024-03-20,1272.75,1285.48,1252.12,1264.77,646073
71,2024-03-21,1276.22,1288.98,1253.36,1266.02,913023
71,2024-03-22,1298.51,1311.5,1284.91,1297.89,627588
72,2024-01-01,2437.17,2477.26,2412.8,2452.73,901073
72,2024-01-02,2420.56,2444.77,2384.69,2408.78,150360
72,2024-01-03,2480.31,2505.11,2453.4,2478.18,683315
72,2024-01-04,2495.73,2520.69,2455.16,2479.96,405620
72,2024-01-05,2459.61,2495.64,2435.01,2470.93,91178
72,2024-01-08,2473.51,2505.04,2448.77,2480.24,410914
72,2024-01-09,2497.68,2525.85,2472.7,2500.84,669508
72,2024-01-10,2519.5,2567.66,2494.3,2542.24,221257
72,2024-01-11,2612.3,2638.42,2572.08,2598.06,432849
72,2024-01-12,2661.08,2687.69,2622.8,2649.29,699781
72,2024-01-15,2762.7,2790.33,2708.07,2735.42,241124
72,2024-01-16,2781.87,2809.69,2752.77,2780.58,378876
72,2024-01-17,2690.66,2742.38,2663.75,2715.23,593937
72,2024-01-18,2712.47,2748.61,2685.35,2721.4,222844
72,2024-01-19,2732.03,2759.35,2680.56,2707.64,602090
72,2024-01-22,2719.3,2746.49,2675.27,2702.29,451962
72,2024-01-23,2704.73,2731.78,2673.73,2700.74,517204
72,2024-01-24,2750.97,2778.48,2710.81,2738.19,588323
72,2024-01-25,2715.44,2742.59,2682.59,2709.69,514720
72,2024-01-26,2669.77,2718.44,2643.07,2691.52,425836
72,2024-01-29,2720.78,2771.48,2693.57,2744.04,381070
72,2024-01-30,2764.18,2791.82,2719.0,2746.46,666002
72,2024-01-31,2778.56,2806.72,2750.77,2778.93,523434
72,2024-02-01,2785.25,2813.1,2731.36,2758.95,949760
72,2024-02-02,2710.34,2747.02,2683.24,2719.82,78959
72,2024-02-05,2678.72,2731.69,2651.93,2704.64,425746
72,2024-02-06,2790.42,2846.45,2762.52,2818.27,254726
72,2024-02-07,2812.06,2867.43,2783.94,2839.04,766812
72,2024-02-08,2767.26,2814.19,2739.59,2786.33,646243
72,2024-02-09,2836.29,2864.65,2785.59,2813.73,732442
72,2024-02-12,2846.16,2885.54,2817.7,2856.97,999192
72,2024-02-13,2794.71,2822.66,2753.06,2780.87,633662
72,2024-02-14,2850.55,2888.21,2822.04,2859.61,77421
72,2024-02-15,2801.13,2835.09,2773.12,2807.02,933956
72,2024-02-16,2798.28,2826.26,2749.13,2776.9,305431
72,2024-02-19,2771.67,2813.81,2743.95,2785.95,332236
72,2024-02-20,2840.43,2869.33,2812.03,2840.92,731660
72,2024-02-21,2926.98,2967.14,2897.71,2937.76,792961
72,2024-02-22,2969.85,2999.55,2930.55,2960.15,699047
72,2024-02-23,2933.15,2963.57,2903.82,2934.23,683651
72,2024-02-26,2978.27,3033.77,2948.49,3003.73,924726
72,2024-02-27,3055.22,3085.77,2996.28,3026.55,625652
72,2024-02-28,3092.99,3134.68,3062.06,3103.64,518601
72,2024-02-29,3123.28,3154.51,3066.53,3097.5,957872
72,2024-03-01,3074.13,3121.58,3043.39,3090.67,332781
72,2024-03-04,3099.29,3133.96,3068.3,3102.93,348459
72,2024-03-05,3185.72,3217.58,3137.39,3169.08,748780
72,2024-03-06,3118.13,3149.31,3067.65,3098.64,80575
72,2024-03-07,3183.9,3244.78,3152.06,3212.65,292548
72,2024-03-08,3271.72,3304.44,3230.06,3262.69,866222
72,2024-03-11,3265.7,3298.36,3230.1,3262.73,841397
72,2024-03-12,3306.93,3340.0,3271.4,3304.44,541015
72,2024-03-13,3335.01,3368.36,3274.87,3307.95,257334
72,2024-03-14,3314.48,3347.62,3279.73,3312.86,850348
72,2024-03-15,3301.2,3355.48,3268.19,3322.26,817712
72,2024-03-18,3317.23,3350.4,3276.72,3309.82,233574
72,2024-03-19,3417.21,3451.38,3374.01,3408.09,455884
72,2024-03-20,3420.37,3454.57,3359.34,3393.27,543300
72,2024-03-21,3384.5,3418.35,3322.61,3356.17,218260
72,2024-03-22,3358.56,3392.15,3323.09,3356.66,813389
73,2024-01-01,605.36,611.41,596.21,602.23,586124
73,2024-01-02,608.06,614.14,597.72,603.76,899830
73,2024-01-03,616.24,622.4,609.47,615.63,415207
73,2024-01-04,625.46,631.71,617.37,623.61,912874
73,2024-01-05,606.07,613.5,600.01,607.43,463627
73,2024-01-08,595.23,606.35,589.28,600.35,523519
73,2024-01-09,622.28,630.23,616.06,623.99,632452
73,2024-01-10,627.12,633.39,616.19,622.41,957697
73,2024-01-11,623.25,629.48,611.29,617.46,720568
73,2024-01-12,616.33,624.54,610.17,618.36,189799
73,2024-01-15,610.74,622.5,604.63,616.34,907046
73,2024-01-16,614.68,620.83,608.04,614.18,714961
73,2024-01-17,623.33,629.56,612.41,618.6,968891
73,2024-01-18,622.85,629.85,616.62,623.61,952818
73,2024-01-19,622.87,629.1,614.4,620.61,702380
73,2024-01-22,627.21,633.48,615.94,622.16,404285
73,2024-01-23,618.26,626.54,612.08,620.34,109131
73,2024-01-24,620.93,627.14,614.45,620.66,826575
73,2024-01-25,618.24,628.14,612.06,621.92,164654
73,2024-01-26,608.55,614.64,602.34,608.42,125191
73,2024-01-29,599.75,610.54,593.75,604.5,572497
73,2024-01-30,606.34,612.4,599.18,605.23,77537
73,2024-01-31,618.72,624.91,609.82,615.98,174625
73,2024-02-01,619.49,625.68,612.17,618.35,688639
73,2024-02-02,625.09,631.34,617.2,623.43,694695
73,2024-02-05,634.08,640.42,623.92,630.22,679373
73,2024-02-06,624.91,631.16,613.79,619.99,66265
73,2024-02-07,608.43,614.51,599.96,606.02,957038
73,2024-02-08,600.43,607.09,594.43,601.08,346487
73,2024-02-09,605.71,614.62,599.65,608.53,459835
73,2024-02-12,626.07,632.33,615.95,622.17,332234
73,2024-02-13,606.0,615.58,599.94,609.49,683550
73,2024-02-14,609.77,621.89,603.67,615.73,860388
73,2024-02-15,618.67,624.86,612.23,618.41,640236
73,2024-02-16,613.73,623.27,607.59,617.1,291513
73,2024-02-19,609.22,615.31,603.08,609.17,821833
73,2024-02-20,614.81,620.96,608.19,614.33,455940
73,2024-02-21,634.22,640.56,622.0,628.28,582182
73,2024-02-22,621.85,628.07,614.27,620.47,546686
73,2024-02-23,607.4,619.57,601.33,613.44,838562
73,2024-02-26,617.3,628.9,611.13,622.67,393953
73,2024-02-27,640.01,646.41,628.15,634.49,869459
73,2024-02-28,626.42,633.33,620.16,627.06,388038
73,2024-02-29,624.74,630.99,616.25,622.47,968113
73,2024-03-01,622.15,628.37,611.07,617.24,86052
73,2024-03-04,621.19,627.4,609.46,615.62,681350
73,2024-03-05,614.87,621.63,608.72,615.48,364917
73,2024-03-06,615.69,621.85,604.01,610.11,831454
73,2024-03-07,604.03,610.07,595.2,601.21,740661
73,2024-03-08,604.5,611.46,598.46,605.41,928546
73,2024-03-11,595.42,606.68,589.47,600.67,805678
73,2024-03-12,595.39,601.34,588.0,593.94,349193
73,2024-03-13,589.38,598.3,583.49,592.38,296033
73,2024-03-14,585.68,591.54,575.5,581.31,539380
73,2024-03-15,574.65,584.06,568.9,578.28,164181
73,2024-03-18,562.88,568.51,553.15,558.74,942460
73,2024-03-19,561.95,567.57,551.28,556.85,129003
73,2024-03-20,553.19,558.72,546.09,551.61,973610
73,2024-03-21,547.68,556.91,542.2,551.4,241980
73,2024-03-22,559.13,564.72,549.26,554.81,916098
74,2024-01-01,1582.08,1597.9,1561.21,1576.98,835913
74,2024-01-02,1603.18,1619.21,1581.29,1597.26,557302
74,2024-01-03,1615.17,1632.19,1599.02,1616.03,330052
74,2024-01-04,1605.18,1621.23,1579.58,1595.54,711877
74,2024-01-05,1578.25,1594.03,1549.95,1565.61,144524
74,2024-01-08,1587.68,1603.56,1566.91,1582.74,801531
74,2024-01-09,1603.78,1619.82,1576.68,1592.61,329887
74,2024-01-10,1573.79,1605.33,1558.05,1589.44,331824
74,2024-01-11,1618.33,1634.51,1587.32,1603.35,116917
74,2024-01-12,1594.56,1611.43,1578.61,1595.48,570915
74,2024-01-15,1584.1,1605.82,1568.26,1589.92,559253
74,2024-01-16,1576.59,1592.36,1555.8,1571.52,718310
74,2024-01-17,1583.45,1599.28,1562.04,1577.82,894621
74,2024-01-18,1568.89,1586.18,1553.2,1570.48,899195
74,2024-01-19,1562.48,1581.86,1546.86,1566.2,936171
74,2024-01-22,1598.37,1614.35,1575.6,1591.52,931833
74,2024-01-23,1590.36,1618.7,1574.46,1602.67,326906
74,2024-01-24,1648.5,1664.99,1616.86,1633.19,353450
74,2024-01-25,1647.57,1664.05,1623.5,1639.9,321184
74,2024-01-26,1620.12,1642.97,1603.92,1626.7,495448
74,2024-01-29,1657.35,1673.92,1630.91,1647.38,678331
74,2024-01-30,1630.82,1652.92,1614.51,1636.55,540500
74,2024-01-31,1599.41,1615.4,1572.47,1588.35,509331
74,2024-02-01,1582.79,1598.62,1556.61,1572.33,149957
74,2024-02-02,1579.93,1595.73,1563.41,1579.2,254505
74,2024-02-05,1648.38,1664.86,1624.79,1641.2,130541
74,2024-02-06,1698.27,1715.25,1667.48,1684.32,549873
74,2024-02-07,1717.61,1747.47,1700.43,1730.17,594115
74,2024-02-08,1716.16,1747.85,1699.0,1730.54,495924
74,2024-02-09,1732.3,1749.62,1700.26,1717.43,733773
74,2024-02-12,1719.36,1752.93,1702.17,1735.57,821828
74,2024-02-13,1745.8,1763.26,1726.2,1743.64,568786
74,2024-02-14,1734.94,1752.29,1715.73,1733.06,634635
74,2024-02-15,1752.01,1775.86,1734.49,1758.28,591735
74,2024-02-16,1739.17,1761.0,1721.78,1743.56,752325
74,2024-02-19,1747.2,1764.67,1715.45,1732.78,484828
74,2024-02-20,1726.47,1743.73,1695.49,1712.62,590174
74,2024-02-21,1729.43,1746.72,1702.59,1719.79,804719
74,2024-02-22,1740.86,1758.27,1707.72,1724.97,135152
74,2024-02-23,1687.77,1704.65,1664.79,1681.61,964150
74,2024-02-26,1715.7,1732.86,1683.94,1700.95,759731
74,2024-02-27,1681.08,1707.06,1664.27,1690.16,367300
74,2024-02-28,1694.85,1716.86,1677.9,1699.86,122970
74,2024-02-29,1734.29,1751.63,1708.3,1725.56,740199
74,2024-03-01,1742.93,1760.36,1714.23,1731.55,758656
74,2024-03-04,1746.86,1764.33,1724.89,1742.31,455618
74,2024-03-05,1745.91,1766.96,1728.45,1749.47,129295
74,2024-03-06,1761.22,1786.31,1743.61,1768.62,566540
74,2024-03-07,1745.67,1763.13,1727.26,1744.71,211329
74,2024-03-08,1736.1,1753.46,1708.47,1725.73,510149
74,2024-03-11,1690.77,1713.69,1673.86,1696.72,439585
74,2024-03-12,1713.19,1730.32,1685.66,1702.69,781651
74,2024-03-13,1707.98,1733.96,1690.9,1716.79,988834
74,2024-03-14,1698.11,1715.09,1666.06,1682.89,585101
74,2024-03-15,1714.47,1731.61,1689.86,1706.93,714837
74,2024-03-18,1738.82,1756.21,1705.79,1723.02,616633
74,2024-03-19,1754.8,1772.35,1731.37,1748.86,746285
74,2024-03-20,1749.74,1776.68,1732.24,1759.09,402703
74,2024-03-21,1758.04,1777.2,1740.46,1759.6,997304
74,2024-03-22,1732.27,1749.59,1711.15,1728.43,797122
75,2024-01-01,910.48,919.58,897.84,906.91,329709
75,2024-01-02,923.1,932.33,912.98,922.2,652335
75,2024-01-03,940.56,949.97,923.8,933.13,972434
75,2024-01-04,938.63,948.02,926.14,935.5,973318
75,2024-01-05,926.79,937.42,917.52,928.14,276472
75,2024-01-08,929.43,948.13,920.14,938.74,228646
75,2024-01-09,918.58,927.77,904.66,913.8,840862
75,2024-01-10,912.74,921.87,895.11,904.15,659912
75,2024-01-11,873.69,887.36,864.95,878.57,252279
75,2024-01-12,872.07,882.4,863.35,873.66,992197
75,2024-01-15,878.92,890.34,870.13,881.52,484397
75,2024-01-16,864.03,878.84,855.39,870.14,434747
75,2024-01-17,864.16,879.88,855.52,871.17,800982
75,2024-01-18,859.88,868.48,850.15,858.74,737769
75,2024-01-19,828.33,843.39,820.05,835.04,547662
75,2024-01-22,819.44,827.63,811.01,819.2,494696
75,2024-01-23,832.2,840.52,819.77,828.05,186672
75,2024-01-24,836.56,844.93,826.17,834.52,126306
75,2024-01-25,816.95,831.23,808.78,823.0,868948
75,2024-01-26,843.64,852.08,833.3,841.72,386988
75,2024-01-29,849.34,857.83,833.79,842.21,616560
75,2024-01-30,843.92,852.36,827.67,836.03,179628
75,2024-01-31,853.61,862.15,844.64,853.17,136513
75,2024-02-01,858.6,867.19,848.61,857.18,631151
75,2024-02-02,873.57,882.31,860.17,868.86,680272
75,2024-02-05,874.23,888.02,865.49,879.23,434023
75,2024-02-06,876.84,888.94,868.07,880.14,264124
75,2024-02-07,869.45,878.14,860.66,869.35,625784
75,2024-02-08,872.79,882.81,864.06,874.07,368086
75,2024-02-09,859.17,867.76,849.46,858.04,793263
75,2024-02-12,870.25,878.95,857.08,865.74,419607
75,2024-02-13,879.74,888.54,866.58,875.33,417431
75,2024-02-14,877.95,889.95,869.17,881.14,453025
75,2024-02-15,857.36,866.06,848.79,857.49,863535
75,2024-02-16,824.65,837.12,816.4,828.83,438242
75,2024-02-19,833.76,842.1,825.16,833.5,758809
75,2024-02-20,827.83,838.13,819.55,829.83,392378
75,2024-02-21,823.07,833.11,814.84,824.86,803845
75,2024-02-22,827.17,835.44,816.88,825.13,270569
75,2024-02-23,803.33,811.36,791.83,799.83,569755
75,2024-02-26,811.75,824.1,803.63,815.94,889017
75,2024-02-27,814.11,822.25,804.99,813.12,628716
75,2024-02-28,816.85,825.02,807.04,815.19,765528
75,2024-02-29,816.55,825.82,808.38,817.64,570008
75,2024-03-01,815.09,831.53,806.94,823.3,318284
75,2024-03-04,818.3,826.48,808.76,816.93,615677
75,2024-03-05,817.48,825.65,809.16,817.33,739045
75,2024-03-06,836.14,844.52,827.78,836.16,628066
75,2024-03-07,831.56,841.8,823.24,833.47,53371
75,2024-03-08,846.22,854.68,835.86,844.3,78283
75,2024-03-11,863.01,871.64,853.53,862.15,306154
75,2024-03-12,867.34,876.01,853.78,862.4,306231
75,2024-03-13,865.66,880.12,857.0,871.41,909877
75,2024-03-14,885.31,899.55,876.46,890.64,990107
75,2024-03-15,908.04,917.12,893.73,902.76,293863
75,2024-03-18,916.5,926.7,907.34,917.52,676157
75,2024-03-19,944.81,954.26,932.87,942.29,158915
75,2024-03-20,939.78,949.18,925.18,934.53,734642
75,2024-03-21,916.78,930.26,907.61,921.05,423518
75,2024-03-22,922.97,936.32,913.74,927.05,266419
76,2024-01-01,2049.97,2081.88,2029.47,2061.27,922172
76,2024-01-02,2108.98,2143.31,2087.89,2122.09,805203
76,2024-01-03,2094.11,2122.49,2073.17,2101.48,56773
76,2024-01-04,2089.58,2110.48,2061.19,2082.01,305234
76,2024-01-05,2065.67,2087.16,2045.01,2066.5,967404
76,2024-01-08,2090.12,2121.96,2069.22,2100.95,735191
76,2024-01-09,2076.4,2097.16,2055.6,2076.36,382691
76,2024-01-10,2110.0,2131.1,2077.6,2098.59,641359
76,2024-01-11,2134.93,2167.76,2113.58,2146.3,765940
76,2024-01-12,2157.76,2179.34,2120.69,2142.11,884690
76,2024-01-15,2148.36,2169.84,2106.58,2127.86,410613
76,2024-01-16,2177.53,2199.31,2149.79,2171.51,203020
76,2024-01-17,2203.61,2225.65,2174.11,2196.07,327314
76,2024-01-18,2219.43,2242.09,2197.24,2219.89,154912
76,2024-01-19,2159.47,2187.67,2137.88,2166.01,204470
76,2024-01-22,2148.52,2181.78,2127.03,2160.18,122740
76,2024-01-23,2157.65,2183.74,2136.07,2162.12,558277
76,2024-01-24,2194.57,2216.52,2167.06,2188.95,925784
76,2024-01-25,2191.21,2213.12,2148.85,2170.56,402633
76,2024-01-26,2121.45,2163.32,2100.24,2141.9,190261
76,2024-01-29,2175.4,2197.15,2132.5,2154.04,619849
76,2024-01-30,2127.62,2169.15,2106.34,2147.67,127512
76,2024-01-31,2070.74,2091.45,2045.69,2066.35,466905
76,2024-02-01,2068.81,2089.5,2030.49,2051.0,558002
76,2024-02-02,2055.92,2091.25,2035.36,2070.54,268247
76,2024-02-05,2063.84,2100.98,2043.2,2080.18,182656
76,2024-02-06,2014.03,2037.3,1993.89,2017.13,983365
76,2024-02-07,2007.55,2041.64,1987.47,2021.43,563771
76,2024-02-08,2013.62,2033.76,1992.38,2012.51,949300
76,2024-02-09,1988.55,2012.82,1968.66,1992.89,111661
76,2024-02-12,1951.23,1981.44,1931.72,1961.82,637186
76,2024-02-13,1935.27,1971.68,1915.92,1952.16,491487
76,2024-02-14,1894.77,1932.3,1875.82,1913.17,986243
76,2024-02-15,1961.47,1986.37,1941.86,1966.7,789648
76,2024-02-16,1953.78,1977.73,1934.24,1958.15,375412
76,2024-02-19,1880.59,1917.74,1861.78,1898.75,392019
76,2024-02-20,1894.67,1927.28,1875.72,1908.2,611597
76,2024-02-21,1942.74,1962.17,1908.34,1927.62,715032
76,2024-02-22,1916.27,1935.43,1896.12,1915.27,857981
76,2024-02-23,1878.29,1897.07,1843.6,1862.22,933170
76,2024-02-26,1788.51,1806.4,1766.92,1784.77,505473
76,2024-02-27,1856.18,1874.74,1821.79,1840.19,278521
76,2024-02-28,1834.94,1869.12,1816.59,1850.61,629082
76,2024-02-29,1851.69,1870.21,1826.53,1844.98,530264
76,2024-03-01,1832.95,1851.28,1801.91,1820.11,183024
76,2024-03-04,1831.03,1853.02,1812.72,1834.67,121494
76,2024-03-05,1905.74,1924.8,1870.18,1889.07,752369
76,2024-03-06,1905.56,1924.62,1884.95,1903.99,935986
76,2024-03-07,1984.78,2004.63,1961.16,1980.97,439480
76,2024-03-08,1965.97,1985.63,1933.22,1952.75,225917
76,2024-03-11,2019.2,2039.39,1982.99,2003.02,889722
76,2024-03-12,2016.1,2036.26,1995.59,2015.75,661003
76,2024-03-13,2010.54,2030.65,1974.4,1994.34,934168
76,2024-03-14,1939.16,1958.55,1904.7,1923.94,181452
76,2024-03-15,1943.4,1962.83,1913.28,1932.61,583974
76,2024-03-18,1886.21,1905.07,1849.1,1867.78,482927
76,2024-03-19,1893.21,1912.36,1874.28,1893.43,864134
76,2024-03-20,1914.22,1933.36,1893.33,1912.45,441068
76,2024-03-21,1914.52,1933.67,1886.54,1905.6,925222
76,2024-03-22,1871.14,1899.28,1852.43,1880.48,387473
77,2024-01-01,471.63,476.35,465.6,470.3,636222
77,2024-01-02,471.13,475.84,465.92,470.63,134032
77,2024-01-03,476.93,481.7,470.64,475.39,903870
77,2024-01-04,488.96,493.85,481.34,486.2,791869
77,2024-01-05,479.04,484.22,474.25,479.43,798221
77,2024-01-08,476.28,485.63,471.52,480.82,104043
77,2024-01-09,481.76,486.58,476.93,481.75,400453
77,2024-01-10,476.21,484.8,471.45,480.0,745628
77,2024-01-11,473.13,477.86,466.97,471.69,581060
77,2024-01-12,464.18,470.11,459.54,465.46,659413
77,2024-01-15,468.88,476.14,464.19,471.43,200895
77,2024-01-16,469.38,474.07,462.07,466.74,722497
77,2024-01-17,469.2,473.89,461.39,466.05,787768
77,2024-01-18,463.87,470.13,459.23,465.48,675287
77,2024-01-19,461.14,470.28,456.53,465.62,422021
77,2024-01-22,454.26,462.74,449.72,458.16,501389
77,2024-01-23,443.87,452.42,439.43,447.94,393535
77,2024-01-24,436.1,440.46,429.53,433.87,400468
77,2024-01-25,427.62,432.56,423.34,428.28,585697
77,2024-01-26,441.32,445.73,433.01,437.38,153417
77,2024-01-29,441.92,446.34,433.61,437.99,990236
77,2024-01-30,435.22,439.71,430.87,435.36,494677
77,2024-01-31,441.6,446.02,436.02,440.42,880299
77,2024-02-01,456.0,460.56,449.22,453.76,522033
77,2024-02-02,467.97,473.06,463.29,468.38,484890
77,2024-02-05,459.77,468.9,455.17,464.26,215360
77,2024-02-06,471.37,478.2,466.66,473.47,546511
77,2024-02-07,471.67,477.87,466.95,473.14,149563
77,2024-02-08,473.17,479.37,468.44,474.62,995107
77,2024-02-09,469.92,476.5,465.22,471.78,276801
77,2024-02-12,477.38,485.13,472.61,480.33,723932
77,2024-02-13,477.86,486.91,473.08,482.09,922988
77,2024-02-14,465.09,469.74,456.12,460.73,990864
77,2024-02-15,458.48,463.06,452.54,457.11,170763
77,2024-02-16,479.78,484.58,474.84,479.64,591017
77,2024-02-19,479.98,489.49,475.18,484.64,725665
77,2024-02-20,480.73,485.54,475.26,480.06,589943
77,2024-02-21,484.33,489.17,477.74,482.57,131127
77,2024-02-22,472.29,477.01,467.5,472.22,784657
77,2024-02-23,480.03,484.83,473.28,478.06,162957
77,2024-02-26,477.75,485.86,472.97,481.05,860261
77,2024-02-27,483.59,488.43,476.82,481.64,785303
77,2024-02-28,478.39,483.17,469.79,474.54,391840
77,2024-02-29,463.27,472.02,458.64,467.35,620566
77,2024-03-01,470.51,475.22,464.49,469.18,880990
77,2024-03-04,469.51,474.21,462.18,466.85,156507
77,2024-03-05,475.27,480.82,470.52,476.06,973747
77,2024-03-06,474.22,478.96,467.27,471.99,64724
77,2024-03-07,478.48,483.26,470.26,475.01,559532
77,2024-03-08,468.37,475.05,463.69,470.35,383749
77,2024-03-11,458.87,465.85,454.28,461.24,628423
77,2024-03-12,456.77,461.34,448.61,453.14,341728
77,2024-03-13,458.17,462.75,451.41,455.97,934295
77,2024-03-14,450.3,457.86,445.8,453.33,187038
77,2024-03-15,468.34,473.22,463.66,468.53,619018
77,2024-03-18,471.19,478.96,466.48,474.22,505633
77,2024-03-19,470.14,474.84,463.78,468.46,478631
77,2024-03-20,480.22,486.64,475.42,481.82,338424
77,2024-03-21,480.97,485.78,474.56,479.35,852850
77,2024-03-22,477.5,483.68,472.73,478.89,93731
78,2024-01-01,2439.89,2470.72,2415.49,2446.26,751629
78,2024-01-02,2422.43,2456.78,2398.21,2432.46,595968
78,2024-01-03,2389.07,2421.18,2365.18,2397.21,738626
78,2024-01-04,2394.89,2418.84,2365.64,2389.54,163789
78,2024-01-05,2420.14,2444.34,2381.01,2405.06,382000
78,2024-01-08,2372.21,2395.93,2344.02,2367.7,212111
78,2024-01-09,2364.17,2387.81,2325.83,2349.32,722954
78,2024-01-10,2414.52,2438.67,2374.76,2398.75,321375
78,2024-01-11,2403.84,2451.75,2379.8,2427.48,386738
78,2024-01-12,2458.28,2482.86,2421.94,2446.4,124083
78,2024-01-15,2355.46,2402.19,2331.91,2378.41,274176
78,2024-01-16,2430.65,2465.57,2406.34,2441.16,156266
78,2024-01-17,2382.27,2416.84,2358.45,2392.91,903326
78,2024-01-18,2415.47,2441.23,2391.32,2417.06,422521
78,2024-01-19,2410.62,2458.08,2386.51,2433.74,475826
78,2024-01-22,2448.33,2472.81,2418.49,2442.92,352634
78,2024-01-23,2400.05,2424.05,2366.25,2390.15,320199
78,2024-01-24,2371.74,2406.66,2348.02,2382.83,885286
78,2024-01-25,2389.38,2431.61,2365.49,2407.53,498014
78,2024-01-26,2359.65,2383.25,2330.12,2353.66,856300
78,2024-01-29,2364.01,2400.38,2340.37,2376.61,692928
78,2024-01-30,2353.62,2380.46,2330.08,2356.89,158947
78,2024-01-31,2308.81,2347.08,2285.72,2323.84,390406
78,2024-02-01,2355.78,2379.34,2325.09,2348.58,272296
78,2024-02-02,2246.94,2281.55,2224.47,2258.96,100969
78,2024-02-05,2221.55,2246.95,2199.33,2224.7,798794
78,2024-02-06,2226.55,2271.1,2204.28,2248.61,968098
78,2024-02-07,2255.85,2285.66,2233.29,2263.03,990877
78,2024-02-08,2249.96,2279.12,2227.46,2256.55,387972
78,2024-02-09,2215.46,2237.61,2178.4,2200.4,759097
78,2024-02-12,2192.95,2214.88,2149.68,2171.39,573954
78,2024-02-13,2177.52,2199.3,2147.13,2168.82,436405
78,2024-02-14,2176.25,2212.78,2154.49,2190.87,327753
78,2024-02-15,2178.01,2215.2,2156.23,2193.27,802605
78,2024-02-16,2193.55,2219.65,2171.61,2197.67,92575
78,2024-02-19,2154.6,2176.15,2113.71,2135.06,955226
78,2024-02-20,2169.46,2191.15,2144.4,2166.06,275602
78,2024-02-21,2125.93,2157.45,2104.67,2136.09,516595
78,2024-02-22,2095.32,2116.27,2061.68,2082.51,507389
78,2024-02-23,2068.69,2089.38,2041.68,2062.3,229809
78,2024-02-26,2002.7,2022.73,1981.62,2001.64,791784
78,2024-02-27,2023.3,2043.53,1992.36,2012.48,386509
78,2024-02-28,2028.09,2048.37,2002.78,2023.01,190989
78,2024-02-29,2034.96,2055.31,2007.39,2027.67,149659
78,2024-03-01,2024.49,2049.44,2004.25,2029.15,104156
78,2024-03-04,2057.23,2082.77,2036.66,2062.15,908046
78,2024-03-05,2079.26,2100.05,2040.87,2061.48,425098
78,2024-03-06,2045.96,2069.39,2025.5,2048.9,599632
78,2024-03-07,1990.67,2030.12,1970.76,2010.02,629321
78,2024-03-08,2022.63,2042.86,1985.69,2005.75,151045
78,2024-03-11,2001.38,2021.39,1969.21,1989.1,305797
78,2024-03-12,1967.25,1986.92,1932.81,1952.33,102209
78,2024-03-13,1961.27,1980.88,1935.51,1955.06,399305
78,2024-03-14,1986.01,2005.87,1955.12,1974.87,208237
78,2024-03-15,1985.1,2004.95,1951.45,1971.16,767180
78,2024-03-18,1955.86,1975.42,1935.64,1955.19,593530
78,2024-03-19,1972.17,1993.24,1952.45,1973.5,966236
78,2024-03-20,2022.61,2042.84,1987.32,2007.39,662208
78,2024-03-21,2052.36,2072.88,2028.78,2049.27,424529
78,2024-03-22,1995.09,2022.86,1975.14,2002.83,436660
79,2024-01-01,1449.32,1463.81,1427.37,1441.79,554894
79,2024-01-02,1418.85,1445.54,1404.66,1431.23,399900
79,2024-01-03,1432.84,1452.3,1418.51,1437.92,941273
79,2024-01-04,1435.79,1462.53,1421.43,1448.05,963172
79,2024-01-05,1406.68,1420.75,1391.52,1405.58,806934
79,2024-01-08,1395.72,1409.68,1372.37,1386.23,431168
79,2024-01-09,1350.4,1376.36,1336.9,1362.73,659154
79,2024-01-10,1346.29,1371.7,1332.83,1358.12,747138
79,2024-01-11,1330.66,1343.97,1316.31,1329.61,223847
79,2024-01-12,1331.6,1346.56,1318.28,1333.23,809582
79,2024-01-15,1315.66,1328.82,1296.7,1309.8,227429
79,2024-01-16,1313.55,1326.69,1294.24,1307.31,505384
79,2024-01-17,1335.67,1349.03,1316.82,1330.12,81265
79,2024-01-18,1321.66,1340.34,1308.44,1327.07,877374
79,2024-01-19,1333.8,1347.14,1314.47,1327.75,640763
79,2024-01-22,1327.43,1340.7,1307.34,1320.55,739407
79,2024-01-23,1342.73,1356.16,1325.44,1338.83,432297
79,2024-01-24,1349.14,1363.4,1335.65,1349.9,730888
79,2024-01-25,1338.15,1355.81,1324.77,1342.39,934202
79,2024-01-26,1356.85,1370.42,1341.17,1354.72,220013
79,2024-01-29,1357.95,1379.59,1344.37,1365.93,882332
79,2024-01-30,1381.51,1395.33,1366.99,1380.8,894825
79,2024-01-31,1370.51,1384.88,1356.8,1371.17,306345
79,2024-02-01,1373.34,1387.07,1353.78,1367.45,959251
79,2024-02-02,1380.27,1395.39,1366.47,1381.57,783058
79,2024-02-05,1398.14,1412.12,1374.72,1388.61,725331
79,2024-02-06,1443.17,1457.6,1423.04,1437.41,290430
79,2024-02-07,1449.45,1463.94,1426.12,1440.53,952808
79,2024-02-08,1487.86,1502.74,1466.03,1480.84,679135
79,2024-02-09,1475.07,1489.82,1458.94,1473.68,887565
79,2024-02-12,1468.29,1482.97,1443.66,1458.24,690282
79,2024-02-13,1466.63,1481.3,1441.9,1456.46,181620
79,2024-02-14,1473.22,1487.95,1449.12,1463.76,723269
79,2024-02-15,1444.69,1469.97,1430.24,1455.42,684028
79,2024-02-16,1448.95,1465.97,1434.46,1451.46,470715
79,2024-02-19,1459.8,1486.82,1445.2,1472.1,897424
79,2024-02-20,1496.45,1520.45,1481.49,1505.4,684152
79,2024-02-21,1521.49,1536.7,1501.78,1516.95,906148
79,2024-02-22,1467.76,1495.71,1453.08,1480.9,693790
79,2024-02-23,1507.34,1527.67,1492.27,1512.54,494387
79,2024-02-26,1535.93,1551.29,1510.74,1526.0,478067
79,2024-02-27,1528.55,1547.31,1513.26,1531.99,277790
79,2024-02-28,1526.71,1541.98,1497.34,1512.46,595221
79,2024-02-29,1494.93,1521.2,1479.98,1506.14,385165
79,2024-03-01,1529.88,1559.67,1514.58,1544.23,953298
79,2024-03-04,1592.9,1616.09,1576.97,1600.09,65375
79,2024-03-05,1591.91,1619.57,1575.99,1603.53,89638
79,2024-03-06,1581.51,1601.18,1565.69,1585.33,641623
79,2024-03-07,1574.78,1593.14,1559.03,1577.37,201487
79,2024-03-08,1561.09,1576.7,1545.29,1560.9,130953
79,2024-03-11,1553.67,1577.16,1538.13,1561.54,140605
79,2024-03-12,1544.64,1562.46,1529.19,1546.99,919383
79,2024-03-13,1577.78,1593.56,1550.47,1566.13,973996
79,2024-03-14,1588.21,1604.09,1564.09,1579.89,627987
79,2024-03-15,1559.16,1574.75,1537.83,1553.36,995202
79,2024-03-18,1541.32,1557.75,1525.91,1542.33,737495
79,2024-03-19,1474.55,1491.97,1459.8,1477.2,529393
79,2024-03-20,1468.78,1487.43,1454.09,1472.7,761334
79,2024-03-21,1475.27,1494.76,1460.52,1479.96,343842
79,2024-03-22,1481.63,1496.45,1460.19,1474.94,339461
80,2024-01-01,231.18,234.3,228.87,231.98,648081
80,2024-01-02,229.88,232.18,226.86,229.15,747049
80,2024-01-03,227.08,230.9,224.81,228.61,352979
80,2024-01-04,231.44,234.07,229.13,231.75,728196
80,2024-01-05,235.19,237.54,231.76,234.1,821220
80,2024-01-08,239.34,241.73,235.61,237.99,698074
80,2024-01-09,239.45,241.84,236.73,239.12,242630
80,2024-01-10,237.99,241.37,235.61,238.98,708884
80,2024-01-11,237.58,240.54,235.2,238.16,677178
80,2024-01-12,238.86,242.08,236.47,239.68,883300
80,2024-01-15,235.42,239.63,233.07,237.26,112405
80,2024-01-16,235.19,237.54,231.65,233.99,206062
80,2024-01-17,233.99,236.33,230.86,233.19,264132
80,2024-01-18,234.47,238.05,232.13,235.69,595973
80,2024-01-19,242.26,244.68,238.61,241.02,687153
80,2024-01-22,242.0,244.67,239.58,242.25,896108
80,2024-01-23,245.97,248.43,242.44,244.89,572819
80,2024-01-24,239.6,242.0,235.86,238.24,318522
80,2024-01-25,243.73,247.03,241.29,244.58,632904
80,2024-01-26,244.9,249.58,242.45,247.11,144328
80,2024-01-29,244.47,246.91,241.2,243.64,840135
80,2024-01-30,250.63,253.14,246.38,248.87,213559
80,2024-01-31,256.76,259.33,252.81,255.36,795442
80,2024-02-01,253.58,257.52,251.04,254.97,232908
80,2024-02-02,259.87,263.42,257.27,260.81,149469
80,2024-02-05,264.18,266.82,260.41,263.04,334712
80,2024-02-06,261.08,264.67,258.47,262.05,613044
80,2024-02-07,260.37,263.72,257.77,261.11,69628
80,2024-02-08,260.82,263.43,257.39,259.99,143589
80,2024-02-09,258.16,260.74,255.27,257.85,163891
80,2024-02-12,253.5,258.27,250.97,255.71,687763
80,2024-02-13,253.65,256.38,251.11,253.84,839500
80,2024-02-14,256.83,260.41,254.26,257.83,437997
80,2024-02-15,253.87,257.43,251.33,254.88,126213
80,2024-02-16,256.64,259.21,252.62,255.17,675439
80,2024-02-19,257.91,260.49,255.26,257.84,135194
80,2024-02-20,253.54,256.51,251.0,253.97,647657
80,2024-02-21,256.99,259.56,252.99,255.55,700792
80,2024-02-22,251.35,254.65,248.84,252.13,90766
80,2024-02-23,254.89,257.44,251.24,253.78,954956
80,2024-02-26,252.16,254.8,249.64,252.28,863863
80,2024-02-27,251.69,254.21,248.92,251.43,94438
80,2024-02-28,243.24,245.86,240.81,243.43,842843
80,2024-02-29,241.22,243.63,238.05,240.45,106286
80,2024-03-01,241.59,245.54,239.17,243.11,212195
80,2024-03-04,249.8,252.3,245.48,247.96,448710
80,2024-03-05,249.3,251.79,245.69,248.17,505280
80,2024-03-06,255.14,258.79,252.59,256.23,395214
80,2024-03-07,254.37,258.4,251.83,255.84,937875
80,2024-03-08,261.75,264.37,257.61,260.21,102882
80,2024-03-11,259.34,261.93,255.77,258.35,790773
80,2024-03-12,254.62,258.52,252.07,255.96,294120
80,2024-03-13,257.44,261.73,254.87,259.14,149031
80,2024-03-14,253.7,256.24,250.27,252.8,790143
80,2024-03-15,243.82,246.59,241.38,244.15,418987
80,2024-03-18,246.46,248.92,241.77,244.21,779685
80,2024-03-19,242.58,245.01,239.95,242.37,632336
80,2024-03-20,237.61,240.14,235.23,237.76,819620
80,2024-03-21,239.56,241.96,235.49,237.87,763535
80,2024-03-22,244.87,247.32,241.07,243.51,958580
81,2024-01-01,749.56,757.06,738.04,745.5,930218
81,2024-01-02,735.42,749.32,728.07,741.9,646369
81,2024-01-03,736.93,749.46,729.56,742.04,171674
81,2024-01-04,721.92,736.32,714.7,729.03,648726
81,2024-01-05,717.83,727.58,710.65,720.38,210496
81,2024-01-08,723.67,730.91,710.16,717.33,354004
81,2024-01-09,729.69,736.99,720.26,727.54,724663
81,2024-01-10,724.45,731.69,715.26,722.48,948886
81,2024-01-11,728.3,735.58,718.68,725.94,666384
81,2024-01-12,732.34,746.26,725.02,738.87,257115
81,2024-01-15,737.53,746.72,730.15,739.33,773936
81,2024-01-16,745.85,753.31,738.03,745.48,62504
81,2024-01-17,750.48,763.1,742.98,755.54,958827
81,2024-01-18,761.68,773.57,754.06,765.91,484861
81,2024-01-19,766.83,776.43,759.16,768.74,385514
81,2024-01-22,763.11,770.74,750.57,758.15,59083
81,2024-01-23,769.27,776.96,754.24,761.86,609971
81,2024-01-24,770.5,785.18,762.79,777.41,98113
81,2024-01-25,791.04,799.11,783.13,791.2,968805
81,2024-01-26,779.83,787.63,765.14,772.87,984647
81,2024-01-29,782.69,790.52,771.64,779.43,964647
81,2024-01-30,774.88,782.63,766.04,773.78,130908
81,2024-01-31,788.48,800.85,780.6,792.92,424407
81,2024-02-01,804.74,812.79,795.13,803.16,405400
81,2024-02-02,798.63,806.62,783.73,791.65,762969
81,2024-02-05,779.92,795.66,772.12,787.78,777332
81,2024-02-06,802.63,811.42,794.6,803.39,789086
81,2024-02-07,782.77,791.78,774.94,783.94,196169
81,2024-02-08,772.79,783.19,765.06,775.44,469926
81,2024-02-09,775.77,788.38,768.01,780.57,477461
81,2024-02-12,785.52,793.38,775.13,782.96,109312
81,2024-02-13,774.73,782.48,761.33,769.02,225883
81,2024-02-14,776.38,784.64,768.62,776.87,524425
81,2024-02-15,757.7,771.01,750.12,763.38,815449
81,2024-02-16,750.22,759.64,742.72,752.12,819889
81,2024-02-19,756.71,764.28,748.12,755.68,153216
81,2024-02-20,740.8,748.21,733.13,740.54,851193
81,2024-02-21,732.27,740.53,724.95,733.2,461674
81,2024-02-22,735.95,743.31,727.63,734.98,298814
81,2024-02-23,746.09,753.55,737.05,744.49,597114
81,2024-02-26,748.75,756.24,740.71,748.19,488956
81,2024-02-27,749.13,761.42,741.64,753.88,340450
81,2024-02-28,756.73,764.3,743.48,750.99,190515
81,2024-02-29,768.15,775.83,760.34,768.02,664617
81,2024-03-01,787.15,795.02,771.72,779.52,160042
81,2024-03-04,774.26,787.83,766.52,780.03,173807
81,2024-03-05,771.47,779.18,760.21,767.89,435197
81,2024-03-06,786.9,794.77,777.05,784.9,781365
81,2024-03-07,799.79,814.49,791.79,806.43,440242
81,2024-03-08,834.19,842.53,825.1,833.43,488881
81,2024-03-11,831.53,839.85,819.65,827.93,425524
81,2024-03-12,837.53,850.45,829.15,842.03,375757
81,2024-03-13,838.74,847.79,830.35,839.4,957706
81,2024-03-14,829.59,841.03,821.29,832.7,907330
81,2024-03-15,824.7,832.95,816.15,824.39,688885
81,2024-03-18,809.72,825.34,801.62,817.17,260012
81,2024-03-19,796.22,804.18,784.92,792.85,535602
81,2024-03-20,781.32,794.53,773.51,786.66,899742
81,2024-03-21,803.27,811.3,790.81,798.8,964999
81,2024-03-22,787.74,795.64,779.86,787.76,635043
82,2024-01-01,897.1,907.2,888.13,898.22,862694
82,2024-01-02,916.44,934.01,907.28,924.76,887864
82,2024-01-03,924.88,934.31,915.63,925.06,393716
82,2024-01-04,950.8,960.31,932.08,941.49,155610
82,2024-01-05,973.91,983.65,955.86,965.52,791193
82,2024-01-08,980.57,990.38,967.98,977.76,160971
82,2024-01-09,970.79,980.5,953.81,963.44,762140
82,2024-01-10,963.45,973.08,948.92,958.51,669643
82,2024-01-11,938.14,950.76,928.76,941.35,180070
82,2024-01-12,945.93,955.39,932.27,941.69,202217
82,2024-01-15,955.78,966.13,946.22,956.56,178467
82,2024-01-16,968.84,982.16,959.15,972.44,354088
82,2024-01-17,969.13,978.82,953.16,962.79,772956
82,2024-01-18,961.68,977.43,952.06,967.75,733206
82,2024-01-19,978.79,994.77,969.0,984.92,199710
82,2024-01-22,991.54,1006.76,981.62,996.79,397578
82,2024-01-23,1015.32,1025.47,996.68,1006.75,105698
82,2024-01-24,1009.2,1029.35,999.11,1019.16,714181
82,2024-01-25,1005.94,1016.0,994.95,1005.0,147292
82,2024-01-26,989.25,999.14,976.57,986.43,358890
82,2024-01-29,995.64,1012.25,985.68,1002.23,934329
82,2024-01-30,1009.23,1019.32,998.52,1008.61,926781
82,2024-01-31,1013.7,1025.81,1003.56,1015.65,785511
82,2024-02-01,997.95,1007.93,985.88,995.84,519789
82,2024-02-02,986.99,1002.48,977.12,992.55,627696
82,2024-02-05,1006.05,1016.11,993.52,1003.56,467139
82,2024-02-06,1016.99,1027.16,1002.16,1012.28,155071
82,2024-02-07,1006.19,1022.14,996.13,1012.02,976797
82,2024-02-08,1014.33,1028.5,1004.19,1018.32,754773
82,2024-02-09,1026.15,1036.41,1011.56,1021.78,329955
82,2024-02-12,1053.76,1064.7,1043.22,1054.16,835819
82,2024-02-13,1074.59,1085.34,1056.81,1067.48,858070
82,2024-02-14,1064.06,1077.26,1053.42,1066.59,839807
82,2024-02-15,1088.96,1100.06,1078.07,1089.17,284052
82,2024-02-16,1074.41,1085.15,1059.61,1070.31,369125
82,2024-02-19,1065.56,1081.4,1054.9,1070.69,958683
82,2024-02-20,1084.36,1095.2,1070.86,1081.68,847214
82,2024-02-21,1098.05,1109.03,1081.47,1092.39,618835
82,2024-02-22,1090.81,1101.72,1079.29,1090.19,166602
82,2024-02-23,1100.97,1111.98,1089.09,1100.09,630646
82,2024-02-26,1109.46,1120.55,1087.68,1098.67,482704
82,2024-02-27,1110.79,1121.9,1092.0,1103.03,255503
82,2024-02-28,1121.74,1132.96,1100.68,1111.8,699548
82,2024-02-29,1118.53,1129.72,1100.79,1111.91,217605
82,2024-03-01,1115.73,1136.17,1104.57,1124.92,157501
82,2024-03-04,1140.64,1161.14,1129.23,1149.64,738139
82,2024-03-05,1144.58,1159.34,1133.13,1147.86,572978
82,2024-03-06,1132.84,1144.17,1116.9,1128.18,700486
82,2024-03-07,1076.39,1089.38,1065.63,1078.59,868814
82,2024-03-08,1095.5,1110.21,1084.55,1099.22,296397
82,2024-03-11,1094.25,1105.19,1075.84,1086.71,361494
82,2024-03-12,1112.64,1123.77,1097.08,1108.16,92853
82,2024-03-13,1088.89,1099.78,1071.22,1082.04,968702
82,2024-03-14,1062.59,1074.05,1051.96,1063.42,833594
82,2024-03-15,1057.89,1078.9,1047.31,1068.22,288747
82,2024-03-18,1106.41,1117.47,1086.19,1097.16,929758
82,2024-03-19,1095.14,1106.09,1084.11,1095.06,855155
82,2024-03-20,1099.94,1110.94,1081.11,1092.03,635391
82,2024-03-21,1100.53,1111.54,1081.11,1092.03,481361
82,2024-03-22,1100.01,1115.98,1089.01,1104.93,920592
83,2024-01-01,1002.28,1012.3,989.04,999.03,995279
83,2024-01-02,990.16,1009.65,980.26,999.65,904855
83,2024-01-03,998.3,1017.42,988.32,1007.35,575810
83,2024-01-04,993.26,1007.32,983.33,997.35,176986
83,2024-01-05,981.27,996.59,971.46,986.72,311322
83,2024-01-08,998.57,1008.56,986.87,996.84,676682
83,2024-01-09,976.46,986.22,959.32,969.01,798323
83,2024-01-10,960.3,969.9,948.31,957.89,371140
83,2024-01-11,971.59,981.31,960.05,969.75,795238
83,2024-01-12,981.63,991.45,966.99,976.76,593150
83,2024-01-15,987.07,1002.82,977.2,992.89,790513
83,2024-01-16,986.33,996.19,970.56,980.36,831037
83,2024-01-17,952.33,969.62,942.81,960.02,756193
83,2024-01-18,965.67,975.33,948.69,958.27,668296
83,2024-01-19,959.65,969.25,948.25,957.83,788367
83,2024-01-22,965.6,975.26,951.45,961.06,969397
83,2024-01-23,967.66,977.34,954.32,963.96,895593
83,2024-01-24,957.22,966.79,940.61,950.11,979099
83,2024-01-25,967.0,978.09,957.33,968.41,451198
83,2024-01-26,964.31,978.78,954.67,969.09,827325
83,2024-01-29,970.61,985.19,960.9,975.44,117476
83,2024-01-30,976.96,986.88,967.19,977.11,131192
83,2024-01-31,963.2,978.23,953.57,968.54,150837
83,2024-02-01,971.87,981.59,953.5,963.13,314634
83,2024-02-02,979.91,989.71,966.69,976.45,637135
83,2024-02-05,978.56,988.35,964.8,974.55,837381
83,2024-02-06,986.97,996.84,969.54,979.33,558627
83,2024-02-07,987.62,1001.96,977.74,992.04,886072
83,2024-02-08,996.12,1015.42,986.16,1005.37,427639
83,2024-02-09,1015.77,1025.93,996.68,1006.75,287167
83,2024-02-12,1012.23,1022.35,999.17,1009.26,876136
83,2024-02-13,1030.0,1040.3,1014.11,1024.35,648589
83,2024-02-14,1019.7,1032.27,1009.5,1022.05,793598
83,2024-02-15,998.13,1015.0,988.15,1004.95,977290
83,2024-02-16,990.06,1004.49,980.16,994.54,600395
83,2024-02-19,959.2,977.42,949.61,967.74,192193
83,2024-02-20,951.79,966.42,942.27,956.85,803333
83,2024-02-21,957.44,974.94,947.87,965.29,465600
83,2024-02-22,964.79,974.44,947.78,957.35,914024
83,2024-02-23,953.58,970.78,944.04,961.17,991195
83,2024-02-26,944.5,963.48,935.05,953.94,438096
83,2024-02-27,952.92,962.45,940.95,950.45,365570
83,2024-02-28,954.85,967.3,945.3,957.72,747594
83,2024-02-29,977.65,987.43,959.42,969.11,138441
83,2024-03-01,963.86,973.54,954.22,963.9,565085
83,2024-03-04,932.77,945.87,923.44,936.5,683896
83,2024-03-05,943.16,960.0,933.73,950.5,503119
83,2024-03-06,974.17,986.75,964.43,976.98,516486
83,2024-03-07,966.93,986.18,957.26,976.42,466894
83,2024-03-08,994.78,1004.73,978.56,988.44,791057
83,2024-03-11,963.16,973.47,953.53,963.83,585517
83,2024-03-12,974.76,984.51,955.46,965.11,661969
83,2024-03-13,961.06,973.51,951.45,963.87,822305
83,2024-03-14,991.84,1001.86,981.92,991.94,994955
83,2024-03-15,984.39,994.23,971.0,980.81,94309
83,2024-03-18,974.83,989.52,965.08,979.72,386051
83,2024-03-19,969.88,988.9,960.18,979.11,636007
83,2024-03-20,1002.52,1014.34,992.49,1004.3,925742
83,2024-03-21,1026.63,1042.76,1016.36,1032.44,772924
83,2024-03-22,1036.94,1047.31,1022.06,1032.38,908877
84,2024-01-01,184.84,188.21,182.99,186.35,440073
84,2024-01-02,186.42,188.28,182.94,184.79,464137
84,2024-01-03,186.48,188.34,184.62,186.48,972305
84,2024-01-04,189.65,192.98,187.75,191.07,901199
84,2024-01-05,189.45,191.34,186.06,187.94,457830
84,2024-01-08,191.58,193.5,188.48,190.38,419394
84,2024-01-09,190.11,193.39,188.21,191.48,667180
84,2024-01-10,193.13,196.27,191.2,194.33,441326
84,2024-01-11,194.8,196.82,192.85,194.87,526422
84,2024-01-12,189.63,192.5,187.73,190.59,700903
84,2024-01-15,189.29,191.18,185.98,187.86,661822
84,2024-01-16,192.55,194.48,189.81,191.73,313472
84,2024-01-17,190.85,193.24,188.94,191.33,678272
84,2024-01-18,192.25,194.17,189.75,191.67,867332
84,2024-01-19,189.52,192.97,187.62,191.06,420115
84,2024-01-22,186.1,189.8,184.24,187.92,903359
84,2024-01-23,189.59,193.18,187.69,191.27,266085
84,2024-01-24,190.61,193.45,188.7,191.53,417356
84,2024-01-25,189.08,192.1,187.19,190.2,111740
84,2024-01-26,192.1,195.67,190.18,193.73,772044
84,2024-01-29,199.39,201.38,196.68,198.67,178594
84,2024-01-30,196.02,199.4,194.06,197.43,767574
84,2024-01-31,193.42,197.02,191.49,195.07,61493
84,2024-02-01,198.46,201.29,196.48,199.3,58761
84,2024-02-02,196.51,199.99,194.54,198.01,149063
84,2024-02-05,195.24,197.19,191.76,193.7,606196
84,2024-02-06,193.83,195.77,191.22,193.15,244457
84,2024-02-07,195.17,197.12,192.76,194.71,173106
84,2024-02-08,196.3,198.92,194.34,196.95,361396
84,2024-02-09,196.85,199.21,194.88,197.24,720738
84,2024-02-12,197.61,201.5,195.63,199.5,722786
84,2024-02-13,199.17,201.85,197.18,199.85,221221
84,2024-02-14,203.46,207.0,201.43,204.95,241801
84,2024-02-15,215.28,217.84,213.13,215.68,438370
84,2024-02-16,210.8,215.04,208.69,212.91,971723
84,2024-02-19,213.37,215.5,209.38,211.49,509467
84,2024-02-20,213.65,215.79,210.07,212.19,903356
84,2024-02-21,214.22,216.58,212.08,214.44,96099
84,2024-02-22,211.64,215.4,209.52,213.27,208396
84,2024-02-23,208.99,211.31,206.9,209.22,373162
84,2024-02-26,202.01,204.03,199.42,201.43,940330
84,2024-02-27,196.46,199.99,194.5,198.01,144297
84,2024-02-28,199.13,201.12,196.09,198.07,254650
84,2024-02-29,202.91,204.94,199.56,201.58,927654
84,2024-03-01,200.71,202.72,197.15,199.14,802863
84,2024-03-04,200.97,202.98,197.97,199.97,84891
84,2024-03-05,197.71,200.8,195.73,198.81,598278
84,2024-03-06,198.82,201.76,196.83,199.76,678280
84,2024-03-07,197.75,199.73,195.16,197.13,927757
84,2024-03-08,196.51,199.83,194.54,197.85,617208
84,2024-03-11,195.46,198.26,193.51,196.3,386424
84,2024-03-12,188.47,192.16,186.59,190.26,982474
84,2024-03-13,189.86,192.2,187.96,190.3,562405
84,2024-03-14,196.56,199.0,194.59,197.03,391912
84,2024-03-15,190.61,193.76,188.7,191.84,578775
84,2024-03-18,192.34,194.26,189.12,191.03,195186
84,2024-03-19,192.82,194.96,190.89,193.03,984116
84,2024-03-20,192.69,195.41,190.76,193.48,278290
84,2024-03-21,190.12,192.02,187.74,189.64,339745
84,2024-03-22,194.36,196.3,191.96,193.9,311958
85,2024-01-01,222.66,226.58,220.43,224.34,229773
85,2024-01-02,229.64,232.92,227.34,230.61,895648
85,2024-01-03,235.05,239.27,232.7,236.9,305581
85,2024-01-04,239.76,242.16,235.2,237.58,302842
85,2024-01-05,232.52,236.6,230.19,234.26,271594
85,2024-01-08,232.71,235.04,229.73,232.05,482599
85,2024-01-09,229.84,232.14,226.18,228.46,794889
85,2024-01-10,226.77,231.25,224.5,228.96,414339
85,2024-01-11,229.29,232.82,227.0,230.51,483481
85,2024-01-12,229.97,233.74,227.67,231.43,402673
85,2024-01-15,230.09,232.39,226.82,229.11,566128
85,2024-01-16,230.73,233.04,226.93,229.22,308191
85,2024-01-17,228.84,232.57,226.55,230.27,693188
85,2024-01-18,235.75,238.11,232.4,234.75,986115
85,2024-01-19,229.52,231.82,226.39,228.68,980407
85,2024-01-22,228.27,232.05,225.99,229.75,359698
85,2024-01-23,223.23,227.63,221.0,225.38,370133
85,2024-01-24,227.57,229.85,223.66,225.92,91294
85,2024-01-25,233.12,235.45,228.72,231.03,986201
85,2024-01-26,229.25,231.91,226.96,229.61,952865
85,2024-01-29,225.2,227.45,222.92,225.17,173076
85,2024-01-30,229.34,231.63,225.37,227.65,390003
85,2024-01-31,222.72,226.28,220.49,224.04,992358
85,2024-02-01,226.49,228.75,223.1,225.35,963873
85,2024-02-02,222.52,224.75,220.28,222.51,519934
85,2024-02-05,219.36,223.01,217.17,220.8,746558
85,2024-02-06,216.35,219.25,214.19,217.08,585475
85,2024-02-07,216.45,218.61,213.32,215.47,507796
85,2024-02-08,213.57,215.71,209.69,211.81,932287
85,2024-02-09,212.85,214.98,209.95,212.07,66749
85,2024-02-12,221.25,223.46,216.89,219.08,996263
85,2024-02-13,222.74,224.97,218.95,221.16,110639
85,2024-02-14,222.91,225.14,219.36,221.58,436833
85,2024-02-15,222.45,225.49,220.23,223.26,490081
85,2024-02-16,223.54,225.78,219.73,221.95,86052
85,2024-02-19,217.2,220.92,215.03,218.73,168860
85,2024-02-20,219.62,221.82,215.63,217.81,887947
85,2024-02-21,214.93,219.13,212.78,216.96,764120
85,2024-02-22,220.84,223.07,218.63,220.86,991810
85,2024-02-23,221.12,225.39,218.91,223.16,272653
85,2024-02-26,221.47,223.68,217.42,219.62,582004
85,2024-02-27,210.5,214.55,208.4,212.43,437469
85,2024-02-28,214.33,216.47,211.77,213.91,653868
85,2024-02-29,214.55,216.7,211.5,213.64,781537
85,2024-03-01,211.08,213.19,207.41,209.51,745513
85,2024-03-04,212.61,214.74,209.47,211.59,996728
85,2024-03-05,215.07,217.22,211.02,213.15,193577
85,2024-03-06,214.59,216.75,212.44,214.6,601538
85,2024-03-07,218.75,220.94,215.43,217.61,734838
85,2024-03-08,218.22,220.4,213.91,216.07,296412
85,2024-03-11,216.44,219.42,214.28,217.25,202557
85,2024-03-12,224.45,226.69,220.46,222.69,615682
85,2024-03-13,222.04,225.52,219.82,223.29,370671
85,2024-03-14,227.06,229.88,224.79,227.6,974288
85,2024-03-15,228.97,231.74,226.68,229.45,74979
85,2024-03-18,228.1,231.65,225.82,229.36,948031
85,2024-03-19,227.51,231.75,225.23,229.46,322076
85,2024-03-20,226.53,230.69,224.26,228.41,866552
85,2024-03-21,232.22,234.54,229.04,231.35,972477
85,2024-03-22,232.07,234.39,229.7,232.02,656775
86,2024-01-01,1514.44,1529.58,1494.98,1510.08,811246
86,2024-01-02,1517.47,1532.64,1493.74,1508.83,231492
86,2024-01-03,1485.75,1500.61,1468.45,1483.28,693562
86,2024-01-04,1510.72,1525.83,1480.88,1495.84,79014
86,2024-01-05,1533.17,1548.5,1507.46,1522.69,750130
86,2024-01-08,1526.07,1541.33,1498.91,1514.05,356716
86,2024-01-09,1530.44,1545.74,1509.14,1524.38,372692
86,2024-01-10,1536.57,1555.67,1521.2,1540.27,960207
86,2024-01-11,1545.56,1561.02,1522.72,1538.1,364366
86,2024-01-12,1544.03,1559.47,1521.83,1537.2,722271
86,2024-01-15,1574.64,1590.39,1556.37,1572.09,322305
86,2024-01-16,1583.95,1599.79,1560.8,1576.57,609682
86,2024-01-17,1614.42,1630.56,1586.14,1602.16,472718
86,2024-01-18,1605.63,1621.69,1589.33,1605.38,444966
86,2024-01-19,1637.53,1653.91,1611.87,1628.15,170199
86,2024-01-22,1628.78,1645.07,1608.94,1625.19,996111
86,2024-01-23,1667.01,1683.68,1641.51,1658.09,382801
86,2024-01-24,1665.03,1686.0,1648.38,1669.31,737872
86,2024-01-25,1746.8,1764.27,1722.0,1739.39,788696
86,2024-01-26,1731.42,1756.76,1714.11,1739.37,189454
86,2024-01-29,1735.64,1758.55,1718.28,1741.14,589944
86,2024-01-30,1677.19,1709.22,1660.42,1692.3,534262
86,2024-01-31,1704.35,1724.06,1687.31,1706.99,320014
86,2024-02-01,1663.89,1680.53,1634.04,1650.55,225526
86,2024-02-02,1664.69,1681.34,1646.77,1663.4,882588
86,2024-02-05,1656.41,1685.62,1639.85,1668.93,519099
86,2024-02-06,1661.45,1679.97,1644.84,1663.34,400578
86,2024-02-07,1668.5,1685.18,1646.22,1662.85,941413
86,2024-02-08,1654.69,1673.11,1638.14,1656.54,482426
86,2024-02-09,1650.47,1666.97,1625.04,1641.45,471225
86,2024-02-12,1645.02,1661.47,1625.94,1642.36,204789
86,2024-02-13,1658.2,1684.2,1641.62,1667.52,273411
86,2024-02-14,1686.87,1703.74,1669.28,1686.14,232492
86,2024-02-15,1675.22,1699.92,1658.47,1683.09,414814
86,2024-02-16,1654.39,1674.54,1637.85,1657.96,586492
86,2024-02-19,1700.02,1725.93,1683.02,1708.84,124958
86,2024-02-20,1711.31,1728.42,1685.0,1702.02,730479
86,2024-02-21,1688.81,1705.7,1668.22,1685.07,859875
86,2024-02-22,1697.02,1717.45,1680.05,1700.45,430848
86,2024-02-23,1688.46,1708.58,1671.58,1691.66,143189
86,2024-02-26,1644.99,1675.69,1628.54,1659.1,194647
86,2024-02-27,1616.13,1647.29,1599.97,1630.98,327784
86,2024-02-28,1609.51,1637.94,1593.41,1621.72,663409
86,2024-02-29,1659.06,1675.65,1626.31,1642.74,270707
86,2024-03-01,1635.32,1660.32,1618.97,1643.88,935734
86,2024-03-04,1626.64,1642.91,1595.01,1611.12,823962
86,2024-03-05,1582.05,1606.15,1566.23,1590.25,896220
86,2024-03-06,1563.58,1579.22,1535.21,1550.72,447927
86,2024-03-07,1525.53,1542.8,1510.27,1527.52,649924
86,2024-03-08,1534.68,1553.59,1519.33,1538.21,389719
86,2024-03-11,1540.04,1562.65,1524.64,1547.18,999334
86,2024-03-12,1590.56,1606.47,1571.83,1587.71,697096
86,2024-03-13,1592.87,1624.74,1576.94,1608.65,259234
86,2024-03-14,1625.22,1641.47,1603.66,1619.86,900388
86,2024-03-15,1596.0,1616.43,1580.04,1600.43,751050
86,2024-03-18,1649.48,1665.97,1625.14,1641.56,626705
86,2024-03-19,1653.58,1670.12,1635.35,1651.87,800967
86,2024-03-20,1637.37,1663.25,1621.0,1646.78,376838
86,2024-03-21,1582.29,1598.11,1558.64,1574.38,317799
86,2024-03-22,1611.87,1637.19,1595.75,1620.98,929826
87,2024-01-01,1453.74,1468.28,1428.18,1442.61,767410
87,2024-01-02,1485.46,1500.31,1467.76,1482.59,60202
87,2024-01-03,1492.06,1506.98,1464.5,1479.29,520762
87,2024-01-04,1507.7,1522.78,1486.85,1501.87,115828
87,2024-01-05,1479.35,1498.6,1464.56,1483.76,162723
87,2024-01-08,1500.17,1525.95,1485.17,1510.84,226471
87,2024-01-09,1523.19,1542.48,1507.96,1527.21,738144
87,2024-01-10,1507.28,1535.16,1492.21,1519.96,611543
87,2024-01-11,1540.15,1555.55,1514.26,1529.56,482088
87,2024-01-12,1537.6,1552.98,1513.9,1529.19,233386
87,2024-01-15,1506.96,1526.67,1491.89,1511.55,264569
87,2024-01-16,1520.73,1535.94,1498.96,1514.1,515586
87,2024-01-17,1503.85,1531.55,1488.81,1516.39,748599
87,2024-01-18,1564.39,1580.03,1538.49,1554.03,908354
87,2024-01-19,1597.92,1613.9,1574.01,1589.91,197962
87,2024-01-22,1589.58,1616.33,1573.68,1600.33,117341
87,2024-01-23,1609.18,1625.27,1577.38,1593.31,459443
87,2024-01-24,1552.76,1568.29,1530.31,1545.77,708727
87,2024-01-25,1604.22,1620.26,1572.51,1588.39,390680
87,2024-01-26,1611.12,1627.23,1582.47,1598.45,412835
87,2024-01-29,1604.36,1635.02,1588.32,1618.83,124469
87,2024-01-30,1642.71,1675.2,1626.28,1658.61,402292
87,2024-01-31,1644.28,1660.72,1624.4,1640.81,324386
87,2024-02-01,1663.86,1680.5,1637.5,1654.04,808476
87,2024-02-02,1650.33,1674.04,1633.83,1657.47,818971
87,2024-02-05,1684.94,1712.54,1668.09,1695.58,325271
87,2024-02-06,1715.97,1733.13,1692.5,1709.6,669884
87,2024-02-07,1681.11,1700.79,1664.3,1683.95,145162
87,2024-02-08,1681.24,1701.21,1664.43,1684.37,609383
87,2024-02-09,1696.21,1723.77,1679.25,1706.7,175921
87,2024-02-12,1662.29,1687.55,1645.67,1670.84,897885
87,2024-02-13,1659.7,1676.3,1642.09,1658.68,509295
87,2024-02-14,1652.38,1681.95,1635.86,1665.3,841857
87,2024-02-15,1670.89,1687.6,1651.41,1668.09,188857
87,2024-02-16,1670.34,1687.04,1647.34,1663.98,280476
87,2024-02-19,1617.97,1634.15,1600.67,1616.84,700438
87,2024-02-20,1655.73,1672.29,1627.15,1643.59,497156
87,2024-02-21,1655.26,1671.81,1623.35,1639.75,121805
87,2024-02-22,1679.86,1697.46,1663.06,1680.65,168639
87,2024-02-23,1702.16,1730.58,1685.14,1713.45,859540
87,2024-02-26,1729.08,1746.37,1706.19,1723.42,617798
87,2024-02-27,1734.26,1762.08,1716.92,1744.63,456838
87,2024-02-28,1737.11,1771.54,1719.74,1754.0,955878
87,2024-02-29,1816.0,1834.16,1785.52,1803.56,297517
87,2024-03-01,1807.66,1840.6,1789.58,1822.38,527878
87,2024-03-04,1826.01,1845.89,1807.75,1827.61,439694
87,2024-03-05,1801.05,1835.08,1783.04,1816.91,112545
87,2024-03-06,1829.93,1865.29,1811.63,1846.82,438688
87,2024-03-07,1827.48,1845.75,1803.92,1822.14,702734
87,2024-03-08,1831.08,1858.49,1812.77,1840.09,620529
87,2024-03-11,1824.4,1848.68,1806.16,1830.38,638193
87,2024-03-12,1901.84,1920.86,1865.0,1883.84,455499
87,2024-03-13,1846.52,1880.92,1828.05,1862.3,575505
87,2024-03-14,1791.63,1815.77,1773.71,1797.79,165351
87,2024-03-15,1790.67,1812.13,1772.76,1794.19,150448
87,2024-03-18,1776.88,1811.89,1759.11,1793.95,833251
87,2024-03-19,1746.44,1764.13,1728.98,1746.66,464799
87,2024-03-20,1746.7,1772.36,1729.23,1754.81,715373
87,2024-03-21,1773.62,1791.41,1755.88,1773.67,494400
87,2024-03-22,1804.33,1822.46,1786.29,1804.42,465172
88,2024-01-01,1100.1,1111.1,1084.93,1095.89,725646
88,2024-01-02,1092.61,1106.24,1081.68,1095.29,442863
88,2024-01-03,1104.81,1116.9,1093.76,1105.84,895116
88,2024-01-04,1073.21,1083.94,1058.32,1069.01,903723
88,2024-01-05,1067.38,1085.48,1056.71,1074.73,99853
88,2024-01-08,1078.11,1088.89,1065.65,1076.41,984318
88,2024-01-09,1054.64,1065.19,1043.65,1054.19,666358
88,2024-01-10,1044.09,1058.44,1033.65,1047.96,729030
88,2024-01-11,1029.58,1042.55,1019.28,1032.23,424825
88,2024-01-12,1005.5,1023.74,995.44,1013.6,773864
88,2024-01-15,1035.68,1046.04,1016.64,1026.91,73209
88,2024-01-16,1032.12,1042.44,1011.91,1022.13,724521
88,2024-01-17,985.64,995.5,975.43,985.28,358393
88,2024-01-18,994.27,1004.21,981.92,991.84,138331
88,2024-01-19,961.0,980.06,951.39,970.36,575070
88,2024-01-22,983.23,993.06,971.87,981.69,455240
88,2024-01-23,968.55,978.24,958.66,968.34,522391
88,2024-01-24,963.61,981.88,953.97,972.16,626516
88,2024-01-25,975.16,990.8,965.41,980.99,869177
88,2024-01-26,988.91,1001.95,979.02,992.03,949182
88,2024-01-29,993.58,1003.52,981.73,991.65,285267
88,2024-01-30,985.29,995.14,970.17,979.97,645550
88,2024-01-31,980.51,990.49,970.7,980.68,236227
88,2024-02-01,987.2,997.07,967.73,977.51,902304
88,2024-02-02,979.18,992.62,969.39,982.79,786720
88,2024-02-05,964.19,973.83,946.4,955.96,390887
88,2024-02-06,953.88,965.42,944.34,955.86,941500
88,2024-02-07,976.18,985.94,966.22,975.98,494039
88,2024-02-08,955.35,968.3,945.8,958.71,935443
88,2024-02-09,974.43,984.17,961.25,970.96,835305
88,2024-02-12,984.94,994.79,965.98,975.74,352768
88,2024-02-13,944.16,960.13,934.72,950.62,535341
88,2024-02-14,942.26,951.68,925.64,934.99,991187
88,2024-02-15,931.21,940.52,920.63,929.93,785942
88,2024-02-16,927.42,945.31,918.15,935.95,199752
88,2024-02-19,938.65,956.24,929.26,946.77,59385
88,2024-02-20,929.51,943.69,920.21,934.35,111374
88,2024-02-21,912.8,921.93,903.14,912.26,309653
88,2024-02-22,933.79,943.13,916.5,925.76,248617
88,2024-02-23,947.71,957.19,929.05,938.43,784807
88,2024-02-26,927.58,936.86,917.46,926.73,671221
88,2024-02-27,947.85,957.33,936.11,945.57,719735
88,2024-02-28,941.07,951.73,931.66,942.31,297597
88,2024-02-29,926.81,942.25,917.54,932.92,181981
88,2024-03-01,923.2,940.65,913.97,931.34,949135
88,2024-03-04,904.07,913.11,890.31,899.3,744309
88,2024-03-05,904.85,913.9,895.27,904.31,983345
88,2024-03-06,892.85,901.78,879.57,888.45,596973
88,2024-03-07,877.48,894.93,868.71,886.07,705721
88,2024-03-08,881.34,897.36,872.53,888.48,159661
88,2024-03-11,879.22,888.01,868.19,876.96,921536
88,2024-03-12,885.82,897.97,876.96,889.08,256286
88,2024-03-13,868.23,876.91,856.01,864.66,876729
88,2024-03-14,860.51,869.12,847.08,855.64,554105
88,2024-03-15,857.19,868.15,848.62,859.55,131367
88,2024-03-18,857.95,866.53,843.59,852.11,371305
88,2024-03-19,864.4,873.04,848.92,857.5,372022
88,2024-03-20,850.91,861.92,842.4,853.39,600647
88,2024-03-21,852.79,861.32,842.69,851.2,955179
88,2024-03-22,848.31,860.89,839.83,852.37,913385
89,2024-01-01,2400.2,2436.94,2376.2,2412.81,750730
89,2024-01-02,2397.15,2421.12,2359.15,2382.98,284845
89,2024-01-03,2407.03,2438.0,2382.96,2413.86,209317
89,2024-01-04,2415.61,2459.84,2391.45,2435.49,596612
89,2024-01-05,2474.61,2510.43,2449.86,2485.57,204912
89,2024-01-08,2395.16,2419.98,2371.21,2396.02,490326
89,2024-01-09,2423.52,2447.76,2394.31,2418.49,625483
89,2024-01-10,2401.59,2443.79,2377.57,2419.59,996664
89,2024-01-11,2431.14,2459.66,2406.83,2435.31,527021
89,2024-01-12,2447.83,2472.31,2422.28,2446.75,234389
89,2024-01-15,2452.75,2494.05,2428.22,2469.36,132002
89,2024-01-16,2491.91,2516.83,2455.29,2480.09,309541
89,2024-01-17,2526.21,2560.59,2500.95,2535.24,824387
89,2024-01-18,2573.48,2599.21,2545.2,2570.91,875549
89,2024-01-19,2565.78,2616.55,2540.12,2590.64,281330
89,2024-01-22,2583.48,2630.89,2557.65,2604.84,469978
89,2024-01-23,2619.83,2646.03,2575.61,2601.63,360819
89,2024-01-24,2631.67,2666.54,2605.35,2640.14,900783
89,2024-01-25,2680.94,2722.09,2654.13,2695.14,951360
89,2024-01-26,2684.77,2711.62,2653.96,2680.77,771357
89,2024-01-29,2701.63,2728.65,2653.33,2680.13,883186
89,2024-01-30,2620.47,2670.88,2594.27,2644.44,338513
89,2024-01-31,2606.46,2632.52,2568.58,2594.53,225286
89,2024-02-01,2578.13,2611.92,2552.35,2586.06,680116
89,2024-02-02,2676.95,2703.72,2625.96,2652.48,160719
89,2024-02-05,2658.47,2685.05,2620.9,2647.37,268826
89,2024-02-06,2610.49,2655.94,2584.39,2629.64,353788
89,2024-02-07,2618.12,2652.68,2591.94,2626.42,904605
89,2024-02-08,2560.96,2595.52,2535.35,2569.82,353844
89,2024-02-09,2582.07,2616.97,2556.25,2591.06,689315
89,2024-02-12,2483.48,2526.04,2458.65,2501.03,71032
89,2024-02-13,2510.2,2549.64,2485.1,2524.4,152097
89,2024-02-14,2523.76,2549.0,2487.37,2512.49,416375
89,2024-02-15,2499.71,2546.43,2474.71,2521.22,822093
89,2024-02-16,2484.85,2509.7,2440.74,2465.39,92995
89,2024-02-19,2467.04,2506.66,2442.37,2481.84,764444
89,2024-02-20,2422.32,2468.17,2398.1,2443.73,865174
89,2024-02-21,2471.78,2505.83,2447.06,2481.02,235927
89,2024-02-22,2491.09,2539.18,2466.18,2514.04,777513
89,2024-02-23,2519.0,2544.19,2490.2,2515.35,454176
89,2024-02-26,2515.96,2541.12,2470.4,2495.35,685505
89,2024-02-27,2477.19,2505.07,2452.42,2480.27,594596
89,2024-02-28,2532.09,2557.41,2485.89,2511.0,455500
89,2024-02-29,2528.5,2564.38,2503.22,2538.99,657681
89,2024-03-01,2601.46,2631.69,2575.45,2605.63,195345
89,2024-03-04,2543.15,2570.16,2517.72,2544.71,706371
89,2024-03-05,2526.46,2568.92,2501.2,2543.49,443953
89,2024-03-06,2613.01,2639.14,2572.15,2598.13,442216
89,2024-03-07,2587.43,2626.9,2561.56,2600.89,806342
89,2024-03-08,2653.96,2702.97,2627.42,2676.21,548645
89,2024-03-11,2660.34,2686.94,2622.89,2649.38,757513
89,2024-03-12,2840.26,2868.66,2799.11,2827.38,439080
89,2024-03-13,2869.5,2902.75,2840.8,2874.01,617352
89,2024-03-14,2981.56,3011.38,2925.58,2955.13,233249
89,2024-03-15,2913.27,2942.4,2876.87,2905.93,174663
89,2024-03-18,2884.07,2912.91,2833.56,2862.18,837123
89,2024-03-19,2862.42,2891.04,2809.47,2837.85,839209
89,2024-03-20,2926.04,2955.34,2896.78,2926.08,716779
89,2024-03-21,3001.72,3042.02,2971.7,3011.9,488980
89,2024-03-22,3053.15,3109.92,3022.62,3079.13,389481
90,2024-01-01,1814.68,1844.42,1796.53,1826.16,710542
90,2024-01-02,1840.51,1875.01,1822.1,1856.45,320451
90,2024-01-03,1805.73,1840.35,1787.67,1822.13,840276
90,2024-01-04,1844.99,1870.54,1826.54,1852.02,109949
90,2024-01-05,1836.65,1867.04,1818.28,1848.55,785585
90,2024-01-08,1836.04,1861.04,1817.68,1842.61,814460
90,2024-01-09,1848.75,1867.24,1823.4,1841.82,669391
90,2024-01-10,1809.37,1827.46,1787.66,1805.72,928580
90,2024-01-11,1818.6,1836.79,1786.69,1804.74,123999
90,2024-01-12,1746.8,1780.07,1729.33,1762.45,271637
90,2024-01-15,1715.94,1743.91,1698.78,1726.64,485862
90,2024-01-16,1750.05,1767.55,1728.62,1746.08,286129
90,2024-01-17,1784.74,1802.59,1751.28,1768.97,691004
90,2024-01-18,1738.05,1755.43,1710.99,1728.27,398469
90,2024-01-19,1729.89,1747.19,1702.14,1719.33,483484
90,2024-01-22,1686.67,1703.54,1658.3,1675.05,989333
90,2024-01-23,1654.07,1683.03,1637.53,1666.37,877131
90,2024-01-24,1624.56,1656.6,1608.31,1640.2,350003
90,2024-01-25,1671.3,1688.01,1639.1,1655.66,522243
90,2024-01-26,1653.25,1678.7,1636.72,1662.08,234042
90,2024-01-29,1664.78,1697.02,1648.13,1680.22,98793
90,2024-01-30,1659.44,1676.03,1639.3,1655.86,659954
90,2024-01-31,1637.4,1653.77,1611.17,1627.44,556943
90,2024-02-01,1650.34,1680.1,1633.84,1663.47,807244
90,2024-02-02,1644.74,1673.01,1628.29,1656.45,874323
90,2024-02-05,1588.7,1611.55,1572.81,1595.59,793858
90,2024-02-06,1608.59,1634.75,1592.5,1618.56,259668
90,2024-02-07,1644.18,1675.79,1627.74,1659.2,278676
90,2024-02-08,1679.78,1701.12,1662.98,1684.28,766890
90,2024-02-09,1670.44,1689.19,1653.74,1672.47,795624
90,2024-02-12,1691.42,1708.33,1663.94,1680.75,669006
90,2024-02-13,1702.92,1722.57,1685.89,1705.51,266671
90,2024-02-14,1723.87,1741.11,1690.06,1707.13,751139
90,2024-02-15,1681.7,1704.41,1664.88,1687.53,835844
90,2024-02-16,1652.0,1684.88,1635.48,1668.2,162254
90,2024-02-19,1704.5,1721.55,1674.81,1691.73,844734
90,2024-02-20,1674.95,1691.7,1648.55,1665.2,940850
90,2024-02-21,1649.46,1665.95,1623.9,1640.3,625299
90,2024-02-22,1635.52,1660.72,1619.16,1644.28,817610
90,2024-02-23,1600.8,1620.47,1584.79,1604.43,842012
90,2024-02-26,1626.52,1648.28,1610.25,1631.96,468126
90,2024-02-27,1625.48,1641.73,1605.51,1621.73,116773
90,2024-02-28,1624.42,1640.66,1607.93,1624.17,847424
90,2024-02-29,1651.06,1667.57,1622.68,1639.07,546147
90,2024-03-01,1639.95,1661.2,1623.55,1644.75,491013
90,2024-03-04,1616.39,1638.19,1600.23,1621.97,434489
90,2024-03-05,1646.73,1663.2,1614.2,1630.51,797535
90,2024-03-06,1652.63,1676.74,1636.1,1660.14,301127
90,2024-03-07,1667.71,1700.47,1651.03,1683.63,268672
90,2024-03-08,1685.78,1702.64,1655.52,1672.24,657901
90,2024-03-11,1666.48,1683.14,1637.94,1654.48,899069
90,2024-03-12,1629.4,1653.76,1613.11,1637.39,449484
90,2024-03-13,1659.7,1676.3,1632.85,1649.34,542478
90,2024-03-14,1677.91,1694.69,1647.57,1664.21,359653
90,2024-03-15,1677.66,1694.44,1659.58,1676.34,861856
90,2024-03-18,1642.38,1672.81,1625.96,1656.25,851507
90,2024-03-19,1665.0,1697.26,1648.35,1680.46,629102
90,2024-03-20,1654.83,1671.38,1631.19,1647.67,400312
90,2024-03-21,1663.51,1680.15,1635.97,1652.5,357369
90,2024-03-22,1607.89,1632.05,1591.81,1615.89,314988
91,2024-01-01,2385.16,2427.04,2361.31,2403.01,985659
91,2024-01-02,2444.12,2468.56,2414.46,2438.85,525740
91,2024-01-03,2456.36,2493.69,2431.8,2469.0,321480
91,2024-01-04,2441.4,2484.58,2416.99,2459.98,771163
91,2024-01-05,2507.54,2546.96,2482.46,2521.74,668609
91,2024-01-08,2590.88,2616.79,2551.43,2577.2,389994
91,2024-01-09,2568.62,2594.31,2529.88,2555.43,82043
91,2024-01-10,2601.1,2627.11,2572.46,2598.44,971050
91,2024-01-11,2590.25,2616.15,2545.34,2571.05,590143
91,2024-01-12,2561.52,2593.09,2535.9,2567.42,157132
91,2024-01-15,2558.0,2594.84,2532.42,2569.15,382704
91,2024-01-16,2582.79,2620.64,2556.96,2594.69,621719
91,2024-01-17,2640.63,2671.15,2614.22,2644.7,289691
91,2024-01-18,2664.02,2690.66,2612.12,2638.51,338693
91,2024-01-19,2676.64,2703.41,2626.97,2653.51,536205
91,2024-01-22,2606.12,2658.63,2580.06,2632.31,406305
91,2024-01-23,2639.55,2665.95,2598.09,2624.33,466775
91,2024-01-24,2583.92,2613.31,2558.08,2587.44,578950
91,2024-01-25,2619.7,2656.08,2593.5,2629.78,830587
91,2024-01-26,2643.13,2669.56,2613.25,2639.65,335503
91,2024-01-29,2608.78,2634.87,2576.37,2602.39,269271
91,2024-01-30,2569.62,2595.32,2522.72,2548.2,596166
91,2024-01-31,2549.92,2599.51,2524.42,2573.77,464339
91,2024-02-01,2537.96,2583.1,2512.58,2557.52,445998
91,2024-02-02,2584.68,2610.53,2546.78,2572.5,381648
91,2024-02-05,2637.22,2663.59,2587.85,2613.99,723798
91,2024-02-06,2568.69,2594.38,2521.89,2547.36,597584
91,2024-02-07,2488.53,2513.42,2453.52,2478.3,446183
91,2024-02-08,2511.02,2536.13,2480.56,2505.62,526275
91,2024-02-09,2477.61,2502.39,2446.77,2471.48,247871
91,2024-02-12,2454.9,2484.12,2430.35,2459.52,817982
91,2024-02-13,2490.33,2515.23,2460.74,2485.6,570518
91,2024-02-14,2488.81,2513.7,2463.19,2488.07,89917
91,2024-02-15,2495.68,2542.53,2470.72,2517.36,57049
91,2024-02-16,2509.11,2535.8,2484.02,2510.69,853117
91,2024-02-19,2546.25,2571.71,2515.29,2540.7,629026
91,2024-02-20,2555.77,2598.7,2530.21,2572.97,100492
91,2024-02-21,2537.3,2578.58,2511.93,2553.05,304350
91,2024-02-22,2574.79,2615.29,2549.04,2589.4,692825
91,2024-02-23,2521.54,2567.75,2496.32,2542.33,189842
91,2024-02-26,2592.25,2618.17,2548.0,2573.74,970315
91,2024-02-27,2582.15,2607.97,2548.66,2574.4,692024
91,2024-02-28,2611.26,2656.12,2585.15,2629.82,566552
91,2024-02-29,2681.33,2714.32,2654.52,2687.45,470410
91,2024-03-01,2636.34,2670.21,2609.98,2643.77,110277
91,2024-03-04,2671.89,2698.61,2620.03,2646.5,162601
91,2024-03-05,2665.14,2692.72,2638.49,2666.06,178855
91,2024-03-06,2647.76,2680.44,2621.28,2653.9,160074
91,2024-03-07,2712.0,2739.12,2680.28,2707.35,626028
91,2024-03-08,2680.21,2723.32,2653.41,2696.36,376699
91,2024-03-11,2712.4,2739.52,2667.29,2694.23,352106
91,2024-03-12,2732.01,2768.25,2704.69,2740.84,764024
91,2024-03-13,2738.71,2766.1,2685.92,2713.05,130265
91,2024-03-14,2718.39,2769.47,2691.21,2742.05,615729
91,2024-03-15,2733.17,2760.5,2700.28,2727.56,325211
91,2024-03-18,2721.02,2751.92,2693.81,2724.67,514046
91,2024-03-19,2719.68,2750.93,2692.48,2723.69,726917
91,2024-03-20,2701.24,2728.25,2666.46,2693.39,225954
91,2024-03-21,2649.59,2693.38,2623.09,2666.71,674352
91,2024-03-22,2661.59,2688.21,2609.17,2635.53,669502
92,2024-01-01,1529.1,1544.39,1501.46,1516.63,970551
92,2024-01-02,1498.07,1513.15,1483.09,1498.17,325690
92,2024-01-03,1495.1,1510.05,1472.33,1487.2,828000
92,2024-01-04,1483.99,1510.16,1469.15,1495.21,978018
92,2024-01-05,1460.68,1475.29,1443.71,1458.29,448937
92,2024-01-08,1449.16,1472.31,1434.67,1457.73,452492
92,2024-01-09,1441.01,1460.29,1426.6,1445.83,66905
92,2024-01-10,1457.58,1472.16,1435.84,1450.34,658656
92,2024-01-11,1459.73,1474.33,1437.19,1451.71,798501
92,2024-01-12,1430.99,1458.88,1416.68,1444.44,911094
92,2024-01-15,1446.49,1461.48,1432.03,1447.01,92624
92,2024-01-16,1466.39,1481.05,1449.93,1464.58,438910
92,2024-01-17,1459.12,1473.71,1439.24,1453.78,146337
92,2024-01-18,1473.31,1499.05,1458.58,1484.21,182724
92,2024-01-19,1494.16,1509.1,1470.58,1485.43,629890
92,2024-01-22,1474.23,1488.97,1457.3,1472.02,696592
92,2024-01-23,1439.93,1459.75,1425.53,1445.3,726503
92,2024-01-24,1405.26,1428.98,1391.21,1414.83,62374
92,2024-01-25,1431.02,1445.33,1413.62,1427.9,793775
92,2024-01-26,1435.71,1450.07,1416.46,1430.77,522564
92,2024-01-29,1440.47,1462.92,1426.07,1448.44,369323
92,2024-01-30,1452.42,1475.09,1437.9,1460.49,479564
92,2024-01-31,1449.79,1467.97,1435.29,1453.44,867348
92,2024-02-01,1471.35,1486.06,1456.19,1470.9,558676
92,2024-02-02,1475.58,1490.34,1455.54,1470.24,131362
92,2024-02-05,1485.8,1510.36,1470.94,1495.41,434157
92,2024-02-06,1521.55,1536.77,1492.29,1507.36,858637
92,2024-02-07,1501.67,1522.3,1486.65,1507.23,965826
92,2024-02-08,1492.93,1507.86,1472.06,1486.93,65696
92,2024-02-09,1511.59,1537.58,1496.47,1522.36,838201
92,2024-02-12,1492.48,1507.4,1477.54,1492.46,909885
92,2024-02-13,1527.89,1543.17,1508.64,1523.88,428241
92,2024-02-14,1530.04,1545.34,1500.38,1515.54,465494
92,2024-02-15,1499.43,1515.27,1484.44,1500.27,523668
92,2024-02-16,1511.72,1526.84,1490.83,1505.89,419942
92,2024-02-19,1512.35,1542.0,1497.23,1526.73,934424
92,2024-02-20,1549.88,1565.38,1531.3,1546.77,177651
92,2024-02-21,1554.26,1573.23,1538.72,1557.65,972730
92,2024-02-22,1565.64,1594.26,1549.98,1578.48,367474
92,2024-02-23,1565.26,1585.64,1549.61,1569.94,99022
92,2024-02-26,1576.14,1591.9,1549.9,1565.56,110231
92,2024-02-27,1553.85,1575.73,1538.31,1560.13,59666
92,2024-02-28,1586.35,1602.21,1565.94,1581.76,405663
92,2024-02-29,1607.97,1633.58,1591.89,1617.41,734304
92,2024-03-01,1608.99,1625.5,1592.9,1609.41,286279
92,2024-03-04,1605.54,1632.43,1589.48,1616.27,747609
92,2024-03-05,1574.38,1596.19,1558.64,1580.39,968320
92,2024-03-06,1596.15,1612.11,1569.25,1585.1,885949
92,2024-03-07,1633.56,1653.98,1617.22,1637.6,123826
92,2024-03-08,1616.87,1636.28,1600.7,1620.08,614281
92,2024-03-11,1627.35,1655.18,1611.08,1638.79,398772
92,2024-03-12,1615.0,1643.48,1598.85,1627.21,434590
92,2024-03-13,1615.38,1631.53,1597.83,1613.97,311241
92,2024-03-14,1555.0,1570.55,1538.74,1554.28,533554
92,2024-03-15,1577.28,1593.05,1560.08,1575.84,365656
92,2024-03-18,1577.66,1593.44,1548.03,1563.67,852856
92,2024-03-19,1534.6,1549.95,1514.3,1529.6,981775
92,2024-03-20,1514.91,1530.06,1495.97,1511.08,887534
92,2024-03-21,1502.13,1517.15,1475.12,1490.02,769023
92,2024-03-22,1465.86,1480.52,1437.36,1451.88,786025
